SW2,ElevRaw,waterStage,flowm3s
2023-01-01 00:00:00,145.26278594971703,148.66278594971703,11.027596184786299
2023-01-01 01:00:00,145.27300381598764,148.67300381598764,11.22812776569773
2023-01-01 02:00:00,145.2924937139906,148.69249371399061,11.668551195368549
2023-01-01 03:00:00,145.3023537593226,148.70235375932262,11.871946045381854
2023-01-01 04:00:00,145.31845775478942,148.71845775478943,12.207158177208472
2023-01-01 05:00:00,145.32757185225321,148.72757185225322,12.398523477385744
2023-01-01 06:00:00,145.33269782278742,148.73269782278743,12.506674131816288
2023-01-01 07:00:00,145.33625775478941,148.73625775478942,12.582004530643188
2023-01-01 08:00:00,145.33412790211844,148.73412790211844,12.536913763982277
2023-01-01 09:00:00,145.33187807211345,148.73187807211346,12.48935333073452
2023-01-01 10:00:00,145.32964011517885,148.72964011517885,12.442115652803214
2023-01-01 11:00:00,145.32829205624725,148.72829205624726,12.413696062077452
2023-01-01 12:00:00,145.32299005851382,148.72299005851383,12.302172437255107
2023-01-01 13:00:00,145.31633400864862,148.71633400864863,12.16273785008637
2023-01-01 14:00:00,145.31272401998163,148.71272401998164,12.087379947555764
2023-01-01 15:00:00,145.31107396331663,148.71107396331664,12.052997703847895
2023-01-01 16:00:00,145.30159816277745,148.70159816277746,11.856309742079558
2023-01-01 17:00:00,145.29604821944244,148.69604821944245,11.741712109302696
2023-01-01 18:00:00,145.29997019450985,148.69997019450986,11.822648611013477
2023-01-01 19:00:00,145.29890426930766,148.69890426930766,11.800629459789974
2023-01-01 20:00:00,145.29278040983687,148.69278040983687,11.67444535446819
2023-01-01 21:00:00,145.29551237357126,148.69551237357126,11.730671308613765
2023-01-01 22:00:00,145.29307042116986,148.69307042116986,11.680408887721324
2023-01-01 23:00:00,145.29075643703607,148.69075643703607,11.632860117164443
2023-01-02 00:00:00,145.29027641437006,148.69027641437006,11.623006117126621
2023-01-02 01:00:00,145.29298617637704,148.69298617637705,11.678676427732274
2023-01-02 02:00:00,145.29232812877845,148.69232812877846,11.665147483445026
2023-01-02 03:00:00,145.28989416731065,148.68989416731065,11.615161663217206
2023-01-02 04:00:00,145.29258018317685,148.69258018317686,11.670328783696098
2023-01-02 05:00:00,145.29536808344645,148.69536808344645,11.72769900234495
2023-01-02 06:00:00,145.29767207891325,148.69767207891326,11.775196181105995
2023-01-02 07:00:00,145.29971802678145,148.69971802678145,11.817438020509337
2023-01-02 08:00:00,145.29930227157425,148.69930227157425,11.808849196623687
2023-01-02 09:00:00,145.30062835543845,148.70062835543845,11.83625264556393
2023-01-02 10:00:00,145.30026842343648,148.70026842343648,11.828812158753603
2023-01-02 11:00:00,145.29719062516386,148.69719062516387,11.76526460068394
2023-01-02 12:00:00,145.30088440530366,148.70088440530367,11.841546827949527
2023-01-02 13:00:00,145.29833623304205,148.69833623304206,11.788902063689736
2023-01-02 14:00:00,145.30019616504404,148.70019616504405,11.82731866436748
2023-01-02 15:00:00,145.29604411064565,148.69604411064566,11.741627434065988
2023-01-02 16:00:00,145.30081802678143,148.70081802678143,11.84017426997227
2023-01-02 17:00:00,145.30078195425023,148.70078195425023,11.839428398157876
2023-01-02 18:00:00,145.30210193158422,148.70210193158422,11.866733810208958
2023-01-02 19:00:00,145.30333600638204,148.70333600638205,11.892284971925331
2023-01-02 20:00:00,145.30603789078543,148.70603789078544,11.948303428953096
2023-01-02 21:00:00,145.30279982052082,148.70279982052082,11.881180698122384
2023-01-02 22:00:00,145.303735553062,148.70373555306202,11.900562180541264
2023-01-02 23:00:00,145.30075952586282,148.70075952586282,11.838964655813447
2023-01-03 00:00:00,145.3028013649342,148.7028013649342,11.881212676574739
2023-01-03 01:00:00,145.30334297734555,148.70334297734556,11.892429366142085
2023-01-03 02:00:00,145.30532699547837,148.70532699547837,11.93355415346797
2023-01-03 03:00:00,145.30844708614237,148.70844708614237,11.998342303155047
2023-01-03 04:00:00,145.31271255802454,148.71271255802455,12.087140979559203
2023-01-03 05:00:00,145.30917836989673,148.70917836989673,12.01354757750152
2023-01-03 06:00:00,145.3172361908353,148.7172361908353,12.181600001381504
2023-01-03 07:00:00,145.3305742610999,148.73057426109992,12.461824432521217
2023-01-03 08:00:00,145.3377161001713,148.7377161001713,12.612916262863214
2023-01-03 09:00:00,145.35195028829912,148.75195028829913,12.81811514629327
2023-01-03 10:00:00,145.37264429509892,148.77264429509893,13.27167102320254
2023-01-03 11:00:00,145.40324218403552,148.80324218403553,13.95379988901674
2023-01-03 12:00:00,145.4245101069711,148.8245101069711,14.435956701710511
2023-01-03 13:00:00,145.4453998916441,148.8453998916441,14.915897418610031
2023-01-03 14:00:00,145.47431376244788,148.87431376244788,15.590507892935166
2023-01-03 15:00:00,145.50870742925767,148.90870742925767,16.408438606571018
2023-01-03 16:00:00,145.53025759925268,148.93025759925268,16.929424734843785
2023-01-03 17:00:00,145.53537580551327,148.93537580551327,17.054115687088572
2023-01-03 18:00:00,145.53958579418028,148.9395857941803,17.156954600622996
2023-01-03 19:00:00,145.5388359641753,148.9388359641753,17.138620133485592
2023-01-03 20:00:00,145.5415741477699,148.9415741477699,17.205610782130663
2023-01-03 21:00:00,145.54939812057071,148.94939812057072,17.397602684445154
2023-01-03 22:00:00,145.5555881319037,148.9555881319037,17.550102174301028
2023-01-03 23:00:00,145.5558361908353,148.9558361908353,17.55622454016004
2023-01-04 00:00:00,145.55660822256772,148.95660822256772,17.57528459371561
2023-01-04 01:00:00,145.5601121047045,148.9601121047045,17.66189297963912
2023-01-04 02:00:00,145.57323784857869,148.9732378485787,17.987844737300755
2023-01-04 03:00:00,145.5861880185737,148.9861880185737,18.31176886444614
2023-01-04 04:00:00,145.58883984631208,148.9888398463121,18.378384356543084
2023-01-04 05:00:00,145.58787768991667,148.98787768991667,18.35420323069307
2023-01-04 06:00:00,145.57954161738547,148.97954161738548,18.14523278336373
2023-01-04 07:00:00,145.5708876785837,148.9708876785837,17.929307774677703
2023-01-04 08:00:00,145.55688356978686,148.95688356978687,17.58208441494337
2023-01-04 09:00:00,145.54907158338648,148.94907158338648,17.38957277656185
2023-01-04 10:00:00,145.53402363778486,148.93402363778486,17.021138286178836
2023-01-04 11:00:00,145.51892974431507,148.91892974431508,16.65475606388433
2023-01-04 12:00:00,145.50799566951727,148.90799566951728,16.391342703682074
2023-01-04 13:00:00,145.4995917873805,148.8995917873805,16.190027581780527
2023-01-04 14:00:00,145.48824583951227,148.88824583951228,15.919816319804365
2023-01-04 15:00:00,145.4814279732417,148.8814279732417,15.758320408532867
2023-01-04 16:00:00,145.4790720367065,148.8790720367065,15.702668167023358
2023-01-04 17:00:00,145.47243841522874,148.87243841522874,15.546391295794603
2023-01-04 18:00:00,145.46555273935255,148.86555273935255,15.384838454898345
2023-01-04 19:00:00,145.46435096827918,148.86435096827918,15.356711528837106
2023-01-04 20:00:00,145.46150502041095,148.86150502041096,15.290185498741169
2023-01-04 21:00:00,145.4609413196022,148.8609413196022,15.277022306832741
2023-01-04 22:00:00,145.459455530396,148.85945553039602,15.242348810716058
2023-01-04 23:00:00,145.4589677434564,148.85896774345642,15.230972319587607
2023-01-05 00:00:00,145.46543589305202,148.86543589305202,15.382102814866991
2023-01-05 01:00:00,145.46857396331663,148.86857396331663,15.455639782881837
2023-01-05 02:00:00,145.47849782278743,148.87849782278744,15.68911594953861
2023-01-05 03:00:00,145.48727984318683,148.88727984318683,15.896894567201047
2023-01-05 04:00:00,145.48991580238803,148.88991580238803,15.959473375135056
2023-01-05 05:00:00,145.4996816142602,148.8996816142602,16.192174122434032
2023-01-05 06:00:00,145.50404765279242,148.90404765279243,16.296643970941236
2023-01-05 07:00:00,145.51246974118982,148.91246974118982,16.498924730017094
2023-01-05 08:00:00,145.51759571172403,148.91759571172403,16.622527882034923
2023-01-05 09:00:00,145.5258637479896,148.9258637479896,16.822672860749645
2023-01-05 10:00:00,145.52755387265262,148.92755387265262,16.863703723947012
2023-01-05 11:00:00,145.53951580238802,148.93951580238803,17.155242864631948
2023-01-05 12:00:00,145.54140969585782,148.94140969585783,17.201584456549693
2023-01-05 13:00:00,145.5477733966666,148.9477733966666,17.3576636078493
2023-01-05 14:00:00,145.5540631813396,148.9540631813396,17.512483494608546
2023-01-05 15:00:00,145.55567128560318,148.9556712856032,17.552154403416754
2023-01-05 16:00:00,145.5595213422682,148.9595213422682,17.647278675796176
2023-01-05 17:00:00,145.5624114669312,148.9624114669312,17.718820750501106
2023-01-05 18:00:00,145.5618116935912,148.96181169359122,17.703964456431073
2023-01-05 19:00:00,145.56179205624724,148.96179205624725,17.703478126693753
2023-01-05 20:00:00,145.55991214691124,148.95991214691125,17.65694587432049
2023-01-05 21:00:00,145.56107019450985,148.96107019450986,17.685604528565634
2023-01-05 22:00:00,145.55533235090525,148.95533235090525,17.543790113880938
2023-01-05 23:00:00,145.55216043250286,148.95216043250286,17.465590280273783
2023-01-06 00:00:00,145.54825843476948,148.94825843476949,17.369583003806575
2023-01-06 01:00:00,145.54394245290226,148.94394245290226,17.263636499183995
2023-01-06 02:00:00,145.54508052316686,148.94508052316687,17.291548090117864
2023-01-06 03:00:00,145.54049062516387,148.94049062516387,17.179089512878214
2023-01-06 04:00:00,145.5350747566267,148.9350747566267,17.04677133398862
2023-01-06 05:00:00,145.53276676569308,148.9327667656931,16.990507907492567
2023-01-06 06:00:00,145.53060683369108,148.9306068336911,16.9379212293586
2023-01-06 07:00:00,145.51983103315192,148.91983103315192,16.676543951708098
2023-01-06 08:00:00,145.51351116914793,148.91351116914794,16.52400693508919
2023-01-06 09:00:00,145.51167132780992,148.91167132780993,16.479705716431134
2023-01-06 10:00:00,145.50425346153935,148.90425346153935,16.30157515975977
2023-01-06 11:00:00,145.50595346153935,148.90595346153935,16.342330071445357
2023-01-06 12:00:00,145.49406156580295,148.89406156580296,16.05809444742185
2023-01-06 13:00:00,145.49546544793975,148.89546544793976,16.091545616852816
2023-01-06 14:00:00,145.48679940940752,148.88679940940753,15.885499459672653
2023-01-06 15:00:00,145.48524946607253,148.88524946607254,15.848759610712596
2023-01-06 16:00:00,145.47867554993675,148.87867554993676,15.693310048122187
2023-01-06 17:00:00,145.47616156580295,148.87616156580296,15.634025430201163
2023-01-06 18:00:00,145.46873359753533,148.86873359753534,15.45938437122765
2023-01-06 19:00:00,145.46729375619736,148.86729375619737,15.425622700770427
2023-01-06 20:00:00,145.46138388086035,148.86138388086036,15.287356340492769
2023-01-06 21:00:00,145.45683993072558,148.85683993072558,15.18138580438395
2023-01-06 22:00:00,145.448611962458,148.848611962458,14.990250557373288
2023-01-06 23:00:00,145.44308998739058,148.84308998739058,14.86251911797648
2023-01-07 00:00:00,145.43998199645696,148.83998199645697,14.790819111058433
2023-01-07 01:00:00,145.432311962458,148.832311962458,14.614468787714447
2023-01-07 02:00:00,145.42393205312197,148.82393205312198,14.422765347505129
2023-01-07 03:00:00,145.42084015738558,148.8208401573856,14.352289336432353
2023-01-07 04:00:00,145.41444615058577,148.81444615058578,14.206984134824902
2023-01-07 05:00:00,145.40661418685139,148.8066141868514,14.029807899763114
2023-01-07 06:00:00,145.4035862185838,148.8035862185838,13.961547173815324
2023-01-07 07:00:00,145.3965483749792,148.7965483749792,13.803405138384273
2023-01-07 08:00:00,145.3943044248444,148.7943044248444,13.753134639526936
2023-01-07 09:00:00,145.3888985449742,148.78889854497422,13.63232991992863
2023-01-07 10:00:00,145.38797468550342,148.78797468550343,13.611727185727302
2023-01-07 11:00:00,145.3865146401714,148.78651464017142,13.579192538952844
2023-01-07 12:00:00,145.38026658123982,148.78026658123983,13.440317150520414
2023-01-07 13:00:00,145.374262472443,148.774262472443,13.307402604313772
2023-01-07 14:00:00,145.3689744588434,148.76897445884342,13.190778463196683
2023-01-07 15:00:00,145.3686383863122,148.7686383863122,13.183380456567875
2023-01-07 16:00:00,145.3644964339108,148.7644964339108,13.092339518930475
2023-01-07 17:00:00,145.3598345041754,148.75983450417542,12.990171466206498
2023-01-07 18:00:00,145.3547146401714,148.75471464017141,12.878336792091282
2023-01-07 19:00:00,145.35131863563822,148.75131863563823,12.902700581996106
2023-01-07 20:00:00,145.34580276710102,148.74580276710103,12.784874858865653
2023-01-07 21:00:00,145.34388667190382,148.74388667190382,12.744045949881874
2023-01-07 22:00:00,145.33421886229823,148.73421886229823,12.53883814342797
2023-01-07 23:00:00,145.33009877163423,148.73009877163423,12.451790910480764
2023-01-08 00:00:00,145.33311053137461,148.73311053137462,12.51539803070112
2023-01-08 01:00:00,145.327502427111,148.727502427111,12.397061285620234
2023-01-08 02:00:00,145.31636247244302,148.71636247244302,12.163332771214554
2023-01-08 03:00:00,145.3139144135114,148.71391441351142,12.112208506918641
2023-01-08 04:00:00,145.3099763432468,148.7099763432468,12.030148287865154
2023-01-08 05:00:00,145.30584803498917,148.70584803498917,11.944363689274706
2023-01-08 06:00:00,145.30353604858877,148.70353604858877,11.896428858258721
2023-01-08 07:00:00,145.30276578792976,148.70276578792976,11.880476031799837
2023-01-08 08:00:00,145.29532783099518,148.69532783099518,11.72686987520995
2023-01-08 09:00:00,145.29485768366615,148.69485768366616,11.717187433527075
2023-01-08 10:00:00,145.29292960206854,148.69292960206855,11.677513057722129
2023-01-08 11:00:00,145.28694758166915,148.68694758166916,11.504109370813756
2023-01-08 12:00:00,145.28607732101014,148.68607732101015,11.486806387056163
2023-01-08 13:00:00,145.2901748699567,148.6901748699567,11.620922021423612
2023-01-08 14:00:00,145.28685078382588,148.6868507838259,11.50218426986557
2023-01-08 15:00:00,145.2848107158279,148.6848107158279,11.461641690145102
2023-01-08 16:00:00,145.28425666369608,148.6842566636961,11.450640817756364
2023-01-08 17:00:00,145.2786088314245,148.6786088314245,11.338742641709146
2023-01-08 18:00:00,145.2784049492877,148.6784049492877,11.33471143179646
2023-01-08 19:00:00,145.27823702635212,148.67823702635212,11.331391647054408
2023-01-08 20:00:00,145.27331116914792,148.67331116914792,11.23418213083577
2023-01-08 21:00:00,145.26740728701114,148.66740728701114,11.118113569019018
2023-01-08 22:00:00,145.26935523261272,148.66935523261273,11.156356293045217
2023-01-08 23:00:00,145.26398730967713,148.66398730967714,11.051098553163353
2023-01-09 00:00:00,145.26181539127472,148.66181539127473,11.008623636634496
2023-01-09 01:00:00,145.26008342754034,148.66008342754034,10.974799556850497
2023-01-09 02:00:00,145.25895934140954,148.65895934140954,10.952869200055483
2023-01-09 03:00:00,145.25822138447492,148.65822138447493,10.938481572452536
2023-01-09 04:00:00,145.25397754767013,148.65397754767014,10.85588824121247
2023-01-09 05:00:00,145.24880551593773,148.64880551593774,10.755569264391461
2023-01-09 06:00:00,145.24491972673155,148.64491972673156,10.680444086910438
2023-01-09 07:00:00,145.24623570859876,148.64623570859877,10.705862786556109
2023-01-09 08:00:00,145.24548776299716,148.64548776299716,10.691412962759369
2023-01-09 09:00:00,145.23621595792477,148.63621595792478,10.773536811227423
2023-01-09 10:00:00,145.23996201912297,148.63996201912298,10.584901228316946
2023-01-09 11:00:00,145.2318662412498,148.6318662412498,10.89541271437509
2023-01-09 12:00:00,145.23198998739056,148.63198998739057,10.897760900175665
2023-01-09 13:00:00,145.23200163380096,148.63200163380097,10.897981910907506
2023-01-09 14:00:00,145.22670140714092,148.62670140714093,10.797586331829077
2023-01-09 15:00:00,145.22761927341153,148.62761927341154,10.814945713337671
2023-01-09 16:00:00,145.22355723034613,148.62355723034614,10.738205866888402
2023-01-09 17:00:00,145.22535312154932,148.62535312154932,10.772106765831817
2023-01-09 18:00:00,145.2211071736811,148.6211071736811,10.692025297222138
2023-01-09 19:00:00,145.2195871963471,148.6195871963471,10.663415613353111
2023-01-09 20:00:00,145.21631116914793,148.61631116914793,10.60185709691601
2023-01-09 21:00:00,145.2185849719537,148.6185849719537,10.644568081648945
2023-01-09 22:00:00,145.2122309198219,148.6122309198219,10.779388746508985
2023-01-09 23:00:00,145.2117829742203,148.61178297422032,10.771031445837252
2023-01-10 00:00:00,145.2098229288883,148.6098229288883,10.734493470570701
2023-01-10 01:00:00,145.2125727588933,148.6125727588933,10.785768166648838
2023-01-10 02:00:00,145.20694279289228,148.60694279289228,10.680893867411058
2023-01-10 03:00:00,145.2046967316941,148.6046967316941,10.639168969593225
2023-01-10 04:00:00,145.19850660703108,148.59850660703108,10.524513926048664
2023-01-10 05:00:00,145.19889827610746,148.59889827610746,10.531753788182808
2023-01-10 06:00:00,145.19940215824425,148.59940215824426,10.541070797180597
2023-01-10 07:00:00,145.19284422397564,148.59284422397565,10.420069471091669
2023-01-10 08:00:00,145.19270004718084,148.59270004718084,10.41741552592566
2023-01-10 09:00:00,145.19391391798462,148.59391391798462,10.439768388453448
2023-01-10 10:00:00,145.18919993385083,148.58919993385084,10.353069928715115
2023-01-10 11:00:00,145.18781991118482,148.58781991118482,10.327743633430101
2023-01-10 12:00:00,145.19195963919282,148.59195963919282,10.403790670837639
2023-01-10 13:00:00,145.1931674034664,148.5931674034664,10.426019404191422
2023-01-10 14:00:00,145.19540924253778,148.59540924253778,10.467330428692414
2023-01-10 15:00:00,145.1891832720036,148.5891832720036,10.352764001087655
2023-01-10 16:00:00,145.1874374374654,148.5874374374654,10.320728834521278
2023-01-10 17:00:00,145.1893815009302,148.58938150093022,10.35640391026646
2023-01-10 18:00:00,145.1882035893276,148.5882035893276,10.334782437556235
2023-01-10 19:00:00,145.1891176867914,148.5891176867914,10.351559828301482
2023-01-10 20:00:00,145.18646985451983,148.58646985451983,10.302991292504961
2023-01-10 21:00:00,145.18398594971703,148.58398594971703,10.257512731853993
2023-01-10 22:00:00,145.18540592705102,148.58540592705103,10.283501671569692
2023-01-10 23:00:00,145.18190592705102,148.58190592705103,10.219490907576388
2023-01-11 00:00:00,145.18308983185383,148.58308983185384,10.241125199196638
2023-01-11 01:00:00,145.18501979785484,148.58501979785484,10.276431991195986
2023-01-11 02:00:00,145.17512190891824,148.57512190891825,10.292899444136244
2023-01-11 03:00:00,145.17876386131962,148.57876386131963,10.16216259342117
2023-01-11 04:00:00,145.17368383865363,148.57368383865364,10.266984272344894
2023-01-11 05:00:00,145.17242567772502,148.57242567772502,10.244332647960048
2023-01-11 06:00:00,145.1716576414594,148.5716576414594,10.230514947668802
2023-01-11 07:00:00,145.1675576414594,148.56755764145942,10.156878335961892
2023-01-11 08:00:00,145.1704174601314,148.5704174601314,10.208218661901224
2023-01-11 09:00:00,145.1660674034664,148.5660674034664,10.13016618486928
2023-01-11 10:00:00,145.1667732833366,148.5667732833366,10.14281540120664
2023-01-11 11:00:00,145.16824120627217,148.56824120627218,10.169140479680141
2023-01-11 12:00:00,145.17373886854875,148.57373886854876,10.267975473994035
2023-01-11 13:00:00,145.16474086628216,148.56474086628216,10.106412007623721
2023-01-11 14:00:00,145.16890468042095,148.56890468042096,10.181047885467509
2023-01-11 15:00:00,145.16705062828913,148.56705062828914,10.147787091074786
2023-01-11 16:00:00,145.16657659882333,148.56657659882333,10.139290222251761
2023-01-11 17:00:00,145.16600079828416,148.56600079828416,10.128972960253074
2023-01-11 18:00:00,145.16506084361615,148.56506084361615,10.11213977034723
2023-01-11 19:00:00,145.16759480508395,148.56759480508396,10.157544844397528
2023-01-11 20:00:00,145.16278903854376,148.56278903854377,10.071501380185982
2023-01-11 21:00:00,145.16367094561315,148.56367094561315,10.087269292836796
2023-01-11 22:00:00,145.16121500907798,148.56121500907798,10.04338330510109
2023-01-11 23:00:00,145.16253099094516,148.56253099094516,10.066889526559219
2023-01-12 00:00:00,145.16092699547838,148.56092699547838,10.038241704683534
2023-01-12 01:00:00,145.16041090028116,148.56041090028117,10.029031040701016
2023-01-12 02:00:00,145.16284874388575,148.56284874388575,10.072568560651428
2023-01-12 03:00:00,145.16219668948733,148.56219668948734,10.060916112393883
2023-01-12 04:00:00,145.16056638349633,148.56056638349634,10.031805567453357
2023-01-12 05:00:00,145.1616722633665,148.56167226336652,10.05154834257978
2023-01-12 06:00:00,145.1596341931019,148.5596341931019,10.015175654437476
2023-01-12 07:00:00,145.1614722633665,148.5614722633665,10.04797668265544
2023-01-12 08:00:00,145.16808191204348,148.56808191204348,10.166282447510834
2023-01-12 09:00:00,145.17294361511887,148.57294361511887,10.25365504377686
2023-01-12 10:00:00,145.17994316179883,148.57994316179884,10.183664304775762
2023-01-12 11:00:00,145.18273317313185,148.58273317313186,10.234605807563764
2023-01-12 12:00:00,145.21264704393562,148.61264704393562,10.787154678004141
2023-01-12 13:00:00,145.259538939672,148.65953893967202,10.96417468038506
2023-01-12 14:00:00,145.28427501220324,148.68427501220324,11.451005065254407
2023-01-12 15:00:00,145.32090720259765,148.72090720259766,12.25847129265519
2023-01-12 16:00:00,145.34506559018627,148.74506559018627,12.769160621009556
2023-01-12 17:00:00,145.3511599369761,148.7511599369761,12.899304544617815
2023-01-12 18:00:00,145.3429300843051,148.7429300843051,12.723682159577102
2023-01-12 19:00:00,145.3366184378947,148.73661843789472,12.589646904761599
2023-01-12 20:00:00,145.34548681415035,148.74548681415035,12.778138812813719
2023-01-12 21:00:00,145.37716695014637,148.77716695014638,13.371633817172675
2023-01-12 22:00:00,145.40420324933757,148.80420324933758,13.975446345585448
2023-01-12 23:00:00,145.4256234533316,148.82562345333162,14.46137717472782
2023-01-13 00:00:00,145.4334115802612,148.8334115802612,14.639699359257184
2023-01-13 01:00:00,145.4411115802612,148.8411115802612,14.81686207674057
2023-01-13 02:00:00,145.45357173892322,148.85357173892322,15.105349933780088
2023-01-13 03:00:00,145.48072367999163,148.88072367999163,15.74167524879782
2023-01-13 04:00:00,145.5015018182542,148.90150181825422,16.23569499653326
2023-01-13 05:00:00,145.52979382732062,148.92979382732062,16.918144303552992
2023-01-13 06:00:00,145.55236597238303,148.95236597238303,17.470653384133026
2023-01-13 07:00:00,145.56476009251284,148.96476009251285,17.77704381177459
2023-01-13 08:00:00,145.56411014917785,148.96411014917786,17.760923895701097
2023-01-13 09:00:00,145.56874821944245,148.96874821944246,17.876085486599273
2023-01-13 10:00:00,145.56657042116987,148.96657042116988,17.821974474569
2023-01-13 11:00:00,145.55792658436508,148.95792658436508,17.607851660894067
2023-01-13 12:00:00,145.55923257756527,148.95923257756527,17.640136964323066
2023-01-13 13:00:00,145.55261048916788,148.95261048916788,17.476677378185375
2023-01-13 14:00:00,145.55371237357127,148.95371237357128,17.50383406152575
2023-01-13 15:00:00,145.55062247556828,148.95062247556828,17.427724119790504
2023-01-13 16:00:00,145.55840249823427,148.95840249823428,17.619613931626763
2023-01-13 17:00:00,145.55249673169408,148.95249673169408,17.47387470918542
2023-01-13 18:00:00,145.5612148246247,148.9612148246247,17.68918505209114
2023-01-13 19:00:00,145.5657230422183,148.96572304221831,17.800937674437122
2023-01-13 20:00:00,145.56738919408053,148.96738919408054,17.842310548679123
2023-01-13 21:00:00,145.58282326887831,148.98282326887832,18.227383682849666
2023-01-13 22:00:00,145.59150140714092,148.99150140714093,18.445341606630873
2023-01-13 23:00:00,145.60894335954234,149.00894335954234,18.886537672518624
2023-01-14 00:00:00,145.63279729834412,149.03279729834412,19.543632129623028
2023-01-14 01:00:00,145.66388730967714,149.06388730967714,20.371559609703546
2023-01-14 02:00:00,145.69909741167413,149.09909741167414,21.325722949601506
2023-01-14 03:00:00,145.75209141847392,149.15209141847393,22.794549999765994
2023-01-14 04:00:00,145.80874746833913,149.20874746833914,24.40786126320113
2023-01-14 05:00:00,145.85314758166913,149.25314758166914,25.7028403867911
2023-01-14 06:00:00,145.89527965873356,149.29527965873356,27.671168561605906
2023-01-14 07:00:00,145.92913781966217,149.32913781966218,28.74698323191003
2023-01-14 08:00:00,145.93975591259277,149.33975591259278,29.08773794335827
2023-01-14 09:00:00,145.93589409618738,149.3358940961874,28.963619110105757
2023-01-14 10:00:00,145.955282223117,149.355282223117,29.232347382884146
2023-01-14 11:00:00,145.9533103047146,149.3533103047146,29.16785498572896
2023-01-14 12:00:00,145.951392211784,149.351392211784,29.105177648993152
2023-01-14 13:00:00,145.94201806898818,149.34201806898818,29.16054225539016
2023-01-14 14:00:00,145.93622394885838,149.3362239488584,28.974212286254566
2023-01-14 15:00:00,145.94619986272755,149.34619986272756,28.935778491232792
2023-01-14 16:00:00,145.93110574259777,149.33110574259777,28.810016321264758
2023-01-14 17:00:00,145.91380197379098,149.313801973791,28.257666398358854
2023-01-14 18:00:00,145.92280008938758,149.32280008938758,28.544359578428566
2023-01-14 19:00:00,145.9137201800516,149.3137201800516,28.255065640733072
2023-01-14 20:00:00,145.90348821631719,149.3034882163172,27.930480392796532
2023-01-14 21:00:00,145.889182336447,149.289182336447,27.479178275800308
2023-01-14 22:00:00,145.8788601347196,149.2788601347196,27.155376536028285
2023-01-14 23:00:00,145.8954702367166,149.2954702367166,27.677178027607948
2023-01-15 00:00:00,145.86202817098518,149.2620281709852,25.96505846746441
2023-01-15 01:00:00,145.85909021405058,149.2590902140506,25.878191278094963
2023-01-15 02:00:00,145.8477282843152,149.2477282843152,25.54334769549541
2023-01-15 03:00:00,145.8514542548494,149.2514542548494,25.652962260710158
2023-01-15 04:00:00,145.8482462639158,149.2482462639158,25.558574932952347
2023-01-15 05:00:00,145.8317403840456,149.2317403840456,25.075132854370313
2023-01-15 06:00:00,145.8161985449742,149.21619854497422,24.62330839680067
2023-01-15 07:00:00,145.81711064470463,149.21711064470463,24.649733679222507
2023-01-15 08:00:00,145.80240076936764,149.20240076936764,24.22494486984804
2023-01-15 09:00:00,145.80672673990182,149.20672673990182,24.349562711256862
2023-01-15 10:00:00,145.79420453817443,149.19420453817443,23.989538715262334
2023-01-15 11:00:00,145.79051053137462,149.19051053137463,23.883742935580273
2023-01-15 12:00:00,145.7806882163172,149.1806882163172,23.60334408417034
2023-01-15 13:00:00,145.77911984006155,149.17911984006156,23.558694150280104
2023-01-15 14:00:00,145.77150962473456,149.17150962473457,23.34252023398406
2023-01-15 15:00:00,145.76138553860375,149.16138553860375,23.056174863786048
2023-01-15 16:00:00,145.75500340487434,149.15500340487435,22.876392478310272
2023-01-15 17:00:00,145.74892127114492,149.14892127114493,22.705585254914965
2023-01-15 18:00:00,145.73855523261273,149.13855523261273,22.41565260901572
2023-01-15 19:00:00,145.72659929607752,149.12659929607753,22.083104821886995
2023-01-15 20:00:00,145.71767931874354,149.11767931874354,21.83629717610898
2023-01-15 21:00:00,145.7158331442153,149.11583314421532,21.785353871849555
2023-01-15 22:00:00,145.7050511238159,149.1050511238159,21.48878661707786
2023-01-15 23:00:00,145.7003770943501,149.1003770943501,21.360729705071925
2023-01-16 00:00:00,145.6938069470211,149.0938069470211,21.18124187654518
2023-01-16 01:00:00,145.68502292888832,149.08502292888832,20.94222139440759
2023-01-16 02:00:00,145.6755168223581,149.0755168223581,20.68477623335785
2023-01-16 03:00:00,145.66857076115988,149.0685707611599,20.49746865676066
2023-01-16 04:00:00,145.66168474529368,149.0616847452937,20.3124536038138
2023-01-16 05:00:00,145.65677863876348,149.0567786387635,20.181044867617715
2023-01-16 06:00:00,145.64962270222827,149.04962270222828,19.989987261944663
2023-01-16 07:00:00,145.6376447906257,149.0376447906257,19.67181592817014
2023-01-16 08:00:00,145.63365643703605,149.03365643703606,19.56632616759315
2023-01-16 09:00:00,145.62803023984185,149.02803023984185,19.41790237952506
2023-01-16 10:00:00,145.61928018317684,149.01928018317685,19.18796777448711
2023-01-16 11:00:00,145.61638395198364,149.01638395198364,19.076015731902398
2023-01-16 12:00:00,145.610655530396,149.010655530396,18.930071849307957
2023-01-16 13:00:00,145.60403920853878,149.00403920853879,18.762065235752967
2023-01-16 14:00:00,145.59794897054576,148.99794897054576,18.607947319987066
2023-01-16 15:00:00,145.59608281868356,148.99608281868356,18.560824805358052
2023-01-16 16:00:00,145.58341855122472,148.98341855122473,18.242301526712094
2023-01-16 17:00:00,145.5824264288283,148.98242642882832,18.217441537770707
2023-01-16 18:00:00,145.5775783698967,148.97757836989672,18.09615700814544
2023-01-16 19:00:00,145.5706842497669,148.97068424976692,17.92424445202308
2023-01-16 20:00:00,145.5700500616391,148.9700500616391,17.908463245426688
2023-01-16 21:00:00,145.5675958961773,148.9675958961773,17.84744592849628
2023-01-16 22:00:00,145.56327791657668,148.9632779165767,17.740291376706036
2023-01-16 23:00:00,145.56784361511887,148.96784361511888,17.853601123986135
2023-01-17 00:00:00,145.56837957432006,148.96837957432007,17.866921273541113
2023-01-17 01:00:00,145.55736947232305,148.95736947232305,17.594086559173473
2023-01-17 02:00:00,145.55929333179384,148.95929333179384,17.64163943824514
2023-01-17 03:00:00,145.55632130006146,148.95632130006146,17.568200035106145
2023-01-17 04:00:00,145.55511519353124,148.95511519353124,17.538431904600646
2023-01-17 05:00:00,145.55016724792964,148.95016724792964,17.416522229814596
2023-01-17 06:00:00,145.55013117539843,148.95013117539844,17.415634708033863
2023-01-17 07:00:00,145.55347723659665,148.95347723659665,17.498037536880563
2023-01-17 08:00:00,145.55559133406044,148.95559133406044,17.550181201590977
2023-01-17 09:00:00,145.55263551085525,148.95263551085526,17.477293867364892
2023-01-17 10:00:00,145.55320366045086,148.95320366045087,17.491294388128022
2023-01-17 11:00:00,145.55968157205348,148.95968157205348,17.65124196812639
2023-01-17 12:00:00,145.56205149272245,148.96205149272245,17.70990364624318
2023-01-17 13:00:00,145.56575526152923,148.96575526152924,17.801737360551034
2023-01-17 14:00:00,145.56508922299705,148.96508922299705,17.785209147918373
2023-01-17 15:00:00,145.55924727059565,148.95924727059565,17.640500323555884
2023-01-17 16:00:00,145.56389732726063,148.96389732726064,17.7556467508493
2023-01-17 17:00:00,145.55495371711586,148.95495371711587,17.534448009216092
2023-01-17 18:00:00,145.5545799143101,148.9545799143101,17.525227052921466
2023-01-17 19:00:00,145.5517961228373,148.9517961228373,17.456617611764838
2023-01-17 20:00:00,145.5501284265617,148.95012842656172,17.415567076913437
2023-01-17 21:00:00,145.54573675748534,148.94573675748535,17.307650675152612
2023-01-17 22:00:00,145.53954897054575,148.93954897054576,17.15605402450446
2023-01-17 23:00:00,145.53867505440996,148.93867505440997,17.134686670577437
2023-01-18 00:00:00,145.53648515640697,148.93648515640697,17.081190202142174
2023-01-18 01:00:00,145.5299313309352,148.9299313309352,16.921488521906124
2023-01-18 02:00:00,145.5231334419986,148.9231334419986,16.756474187798226
2023-01-18 03:00:00,145.5189916029272,148.9189916029272,16.656251078822105
2023-01-18 04:00:00,145.52168161426022,148.92168161426022,16.72131587606902
2023-01-18 05:00:00,145.51256585905304,148.91256585905305,16.50123903611781
2023-01-18 06:00:00,145.51330992251783,148.91330992251784,16.51915883552338
2023-01-18 07:00:00,145.51227596105002,148.91227596105003,16.494259326517366
2023-01-18 08:00:00,145.50320815144445,148.90320815144446,16.27653565506271
2023-01-18 09:00:00,145.50700426930766,148.90700426930766,16.367541940533677
2023-01-18 10:00:00,145.50249039850385,148.90249039850386,16.25935141683388
2023-01-18 11:00:00,145.49618451863367,148.89618451863367,16.108690141692133
2023-01-18 12:00:00,145.49751226024125,148.89751226024126,16.140366159971215
2023-01-18 13:00:00,145.49184011517883,148.89184011517884,16.005219472780375
2023-01-18 14:00:00,145.49303001318185,148.89303001318186,16.03353275359457
2023-01-18 15:00:00,145.48352202224822,148.88352202224823,15.807852397560623
2023-01-18 16:00:00,145.4858917162572,148.88589171625722,15.863979377035953
2023-01-18 17:00:00,145.48155975252283,148.88155975252283,15.76143564148147
2023-01-18 18:00:00,145.4796515349292,148.8796515349292,15.716349846073351
2023-01-18 19:00:00,145.4821973694674,148.8821973694674,15.776512243399305
2023-01-18 20:00:00,145.47193298867856,148.87193298867857,15.534509947092683
2023-01-18 21:00:00,145.47432288668156,148.87432288668157,15.590722658156865
2023-01-18 22:00:00,145.47897648549332,148.87897648549333,15.700412705809294
2023-01-18 23:00:00,145.4810542837659,148.8810542837659,15.749487811931305
2023-01-19 00:00:00,145.4821899029771,148.8821899029771,15.776335663125549
2023-01-19 01:00:00,145.48507957432005,148.88507957432006,15.844734567017445
2023-01-19 02:00:00,145.48825925699603,148.88825925699604,15.920134791096455
2023-01-19 03:00:00,145.50602096007142,148.90602096007143,16.3439490860896
2023-01-19 04:00:00,145.51749687394062,148.91749687394062,16.6201411063448
2023-01-19 05:00:00,145.5474925384838,148.9474925384838,17.350763254875265
2023-01-19 06:00:00,145.5646867719436,148.9646867719436,17.775225019875155
2023-01-19 07:00:00,145.59951296913783,148.99951296913784,18.647476915662267
2023-01-19 08:00:00,145.66180509153423,149.06180509153424,20.315681331249042
2023-01-19 09:00:00,145.72407324112984,149.12407324112985,22.013098583555628
2023-01-19 10:00:00,145.77647923433005,149.17647923433006,23.483595451837324
2023-01-19 11:00:00,145.81674715726564,149.21674715726564,24.63920139061723
2023-01-19 12:00:00,145.85447689660663,149.25447689660663,25.742023437086
2023-01-19 13:00:00,145.8844404840854,149.2844404840854,27.330238362549014
2023-01-19 14:00:00,145.90672827102497,149.30672827102498,28.03310126547317
2023-01-19 15:00:00,145.95056600129956,149.35056600129957,29.078196270014704
2023-01-19 16:00:00,145.94222472887822,149.34222472887822,29.167196941061654
2023-01-19 17:00:00,145.94560120939744,149.34560120939744,28.916273004493025
2023-01-19 18:00:00,145.95633773524867,149.35633773524867,29.266891746035927
2023-01-19 19:00:00,145.97647414776992,149.37647414776993,28.687093315533037
2023-01-19 20:00:00,146.00965839256273,149.40965839256273,29.792687413552947
2023-01-19 21:00:00,145.98440256935754,149.38440256935755,28.949721814976087
2023-01-19 22:00:00,145.99803276201854,149.39803276201854,29.403455807487802
2023-01-19 23:00:00,146.01373886854876,149.41373886854876,29.929788754869232
2023-01-20 00:00:00,146.0060413196022,149.4060413196022,29.671366722604578
2023-01-20 01:00:00,145.9976433173356,149.3976433173356,29.390452474689805
2023-01-20 02:00:00,145.9973394351988,149.3973394351988,29.380307623942294
2023-01-20 03:00:00,145.9725495371958,149.3725495371958,29.799512512596174
2023-01-20 04:00:00,145.98675375932262,149.38675375932263,29.02778880597003
2023-01-20 05:00:00,146.02637784545342,149.42637784545343,30.356046196979523
2023-01-20 06:00:00,146.01078994518383,149.41078994518384,29.830681614211617
2023-01-20 07:00:00,146.03799416731064,149.43799416731065,30.749937522837243
2023-01-20 08:00:00,146.08182236223826,149.48182236223826,31.673377005678244
2023-01-20 09:00:00,146.12912647103508,149.52912647103508,32.857812681472765
2023-01-20 10:00:00,146.14399473396068,149.5439947339607,33.389647317136394
2023-01-20 11:00:00,146.1480149379547,149.54801493795472,33.534035329891566
2023-01-20 12:00:00,146.1831989560875,149.5831989560875,34.80829684003642
2023-01-20 13:00:00,146.1631968450241,149.5631968450241,34.081547394784636
2023-01-20 14:00:00,146.1825089447545,149.5825089447545,34.783124139753575
2023-01-20 15:00:00,146.1787310331519,149.5787310331519,34.64542913562972
2023-01-20 16:00:00,146.15431716234812,149.55431716234813,33.76088472158373
2023-01-20 17:00:00,146.16170140714092,149.56170140714093,34.02745932590258
2023-01-20 18:00:00,146.14501750233813,149.54501750233814,33.42635701284101
2023-01-20 19:00:00,146.14387965873357,149.54387965873357,33.38551799148575
2023-01-20 20:00:00,146.15889364286735,149.55889364286736,33.92599894615355
2023-01-20 21:00:00,146.15253171313196,149.55253171313197,33.6965551422059
2023-01-20 22:00:00,146.15572571993175,149.55572571993176,33.81166955383804
2023-01-20 23:00:00,146.12628576526376,149.52628576526376,32.7565901640509
2023-01-21 00:00:00,146.11562383552837,149.51562383552837,32.377790256491615
2023-01-21 01:00:00,146.13418388086038,149.53418388086038,33.03833177765838
2023-01-21 02:00:00,146.09462195112496,149.49462195112497,31.636794518396997
2023-01-21 03:00:00,146.10000197379097,149.50000197379097,31.82596031691422
2023-01-21 04:00:00,146.08031595792477,149.48031595792477,31.62106598298797
2023-01-21 05:00:00,146.09304980606257,149.49304980606257,31.581601864165837
2023-01-21 06:00:00,146.0721080803212,149.4721080803212,31.336649289730723
2023-01-21 07:00:00,146.068232053122,149.468232053122,31.202695989777105
2023-01-21 08:00:00,146.07018011205358,149.47018011205358,31.269991109969727
2023-01-21 09:00:00,146.0522481483192,149.4522481483192,30.65272946712641
2023-01-21 10:00:00,146.0276942095174,149.4276942095174,30.40057996313763
2023-01-21 11:00:00,146.0584842208504,149.4584842208504,30.866831806953524
2023-01-21 12:00:00,146.01632206445498,149.416322064455,30.01671256683856
2023-01-21 13:00:00,146.02805979472956,149.42805979472956,30.412952668760543
2023-01-21 14:00:00,145.98021750233815,149.38021750233816,28.810972415010667
2023-01-21 15:00:00,145.99408742300713,149.39408742300714,29.27182965829236
2023-01-21 16:00:00,146.00023525527874,149.40023525527874,29.477039075848225
2023-01-21 17:00:00,145.9975270376851,149.3975270376851,29.38657041042915
2023-01-21 18:00:00,145.97275900141952,149.37275900141952,29.80641935485142
2023-01-21 19:00:00,145.95743114648192,149.35743114648193,29.30269366164851
2023-01-21 20:00:00,145.9519810898169,149.35198108981692,29.12441462209299
2023-01-21 21:00:00,145.9613229288883,149.3613229288883,29.430265554909035
2023-01-21 22:00:00,145.9247846319637,149.3247846319637,28.607745755580922
2023-01-21 23:00:00,145.92002858209847,149.32002858209847,28.455931934406816
2023-01-22 00:00:00,145.91492258889826,149.31492258889827,28.293307719091636
2023-01-22 01:00:00,145.91082835543847,149.31082835543847,28.163177183380736
2023-01-22 02:00:00,145.90070415597765,149.30070415597766,27.842422327840406
2023-01-22 03:00:00,145.89101380465462,149.29101380465463,27.536790699008744
2023-01-22 04:00:00,145.8824994805308,149.28249948053082,27.269365549306592
2023-01-22 05:00:00,145.8769874941304,149.2769874941304,27.09679745699766
2023-01-22 06:00:00,145.8469213422682,149.2469213422682,25.51963295519388
2023-01-22 07:00:00,145.84244109294218,149.2424410929422,25.388125893172994
2023-01-22 08:00:00,145.85771312467458,149.25771312467458,25.837514676936905
2023-01-22 09:00:00,145.85529902721078,149.25529902721078,25.766268607303232
2023-01-22 10:00:00,145.83050302267756,149.23050302267757,25.039040573224394
2023-01-22 11:00:00,145.84172277335153,149.24172277335154,25.367066615679303
2023-01-22 12:00:00,145.82642477108496,149.22642477108496,24.92023035504457
2023-01-22 13:00:00,145.82334452175894,149.22334452175895,24.83064446765623
2023-01-22 14:00:00,145.82802243336153,149.22802243336153,24.966747536821064
2023-01-22 15:00:00,145.80297437442994,149.20297437442994,24.241453948739856
2023-01-22 16:00:00,145.7979303109651,149.19793031096512,24.096433643194306
2023-01-22 17:00:00,145.80180645149431,149.20180645149432,24.207844395789916
2023-01-22 18:00:00,145.79718458975694,149.19718458975694,24.075023184571183
2023-01-22 19:00:00,145.80101466908795,149.20101466908795,24.185069724372095
2023-01-22 20:00:00,145.78257471441995,149.18257471441996,23.657095386860817
2023-01-22 21:00:00,145.78276872121975,149.18276872121976,23.662625925031115
2023-01-22 22:00:00,145.78837083228316,149.18837083228317,23.822547861136677
2023-01-22 23:00:00,145.77190279601754,149.17190279601755,23.35366902911545
2023-01-23 00:00:00,145.76391489574794,149.16391489574795,23.1275816244981
2023-01-23 01:00:00,145.75679303401057,149.15679303401058,22.92674887776947
2023-01-23 02:00:00,145.75133521307197,149.15133521307197,22.77331575528522
2023-01-23 03:00:00,145.7547812742702,149.1547812742702,22.870145280453492
2023-01-23 04:00:00,145.7447735099966,149.1447735099966,22.58939570307991
2023-01-23 05:00:00,145.73854165959222,149.13854165959222,22.41527395622432
2023-01-23 06:00:00,145.74185786811944,149.14185786811944,22.507863781387233
2023-01-23 07:00:00,145.72749616504404,149.12749616504405,22.107981731451243
2023-01-23 08:00:00,145.72586642570306,149.12586642570307,22.06278514304378
2023-01-23 09:00:00,145.73049250956728,149.1304925095673,22.191174074510016
2023-01-23 10:00:00,145.7176988427575,149.1176988427575,21.83683617568271
2023-01-23 11:00:00,145.71666510794972,149.11666510794973,21.808305171604523
2023-01-23 12:00:00,145.7152870830171,149.1152870830171,21.77029499160916
2023-01-23 13:00:00,145.71110506261772,149.11110506261772,21.65510441247555
2023-01-23 14:00:00,145.7033950739507,149.1033950739507,21.44337990476501
2023-01-23 15:00:00,145.7015950739507,149.1015950739507,21.39406985213823
2023-01-23 16:00:00,145.69787121447993,149.09787121447994,21.292200883360735
2023-01-23 17:00:00,145.69326955673654,149.09326955673654,21.16658788824072
2023-01-23 18:00:00,145.69250551593774,149.09250551593775,21.14576039687545
2023-01-23 19:00:00,145.68559963606754,149.08559963606754,20.957880788589627
2023-01-23 20:00:00,145.68756167913295,149.08756167913296,21.011191415419564
2023-01-23 21:00:00,145.68105579926277,149.08105579926277,20.834628406240476
2023-01-23 22:00:00,145.6645360485888,149.0645360485888,20.388981669055863
2023-01-23 23:00:00,145.67375791032617,149.07375791032618,20.637280957835983
2023-01-24 00:00:00,145.66798388086036,149.06798388086037,20.481674070856748
2023-01-24 01:00:00,145.65667577659676,149.05667577659676,20.17829338448922
2023-01-24 02:00:00,145.65949375619735,149.05949375619736,20.253726396638225
2023-01-24 03:00:00,145.65405591259278,149.0540559125928,20.10826465252924
2023-01-24 04:00:00,145.6488540281894,149.0488540281894,19.969507553486242
2023-01-24 05:00:00,145.6450360485888,149.0450360485888,19.867909969054825
2023-01-24 06:00:00,145.6378982049842,149.0378982049842,19.678526263046862
2023-01-24 07:00:00,145.63874426618239,149.0387442661824,19.7009363349698
2023-01-24 08:00:00,145.6296963205808,149.0296963205808,19.46180786374772
2023-01-24 09:00:00,145.63693638857882,149.03693638857882,19.65306251486446
2023-01-24 10:00:00,145.6265764565768,149.0265764565768,19.3796238882875
2023-01-24 11:00:00,145.6249884429772,149.02498844297722,19.337845611047484
2023-01-24 12:00:00,145.6236440395224,149.0236440395224,19.302504550449775
2023-01-24 13:00:00,145.62823970406555,149.02823970406556,19.423420116961754
2023-01-24 14:00:00,145.62214170179897,149.02214170179897,19.263042386245015
2023-01-24 15:00:00,145.61586755900314,149.01586755900314,19.06284112551587
2023-01-24 16:00:00,145.61215734367613,149.01215734367614,18.968290410310956
2023-01-24 17:00:00,145.60690740034113,149.00690740034113,18.834822951124735
2023-01-24 18:00:00,145.59991761566815,148.99991761566815,18.6577096985426
2023-01-24 19:00:00,145.59793559526875,148.99793559526876,18.60760940858362
2023-01-24 20:00:00,145.59084547060573,148.99084547060573,18.428831077863197
2023-01-24 21:00:00,145.58867121447992,148.98867121447992,18.374145343940036
2023-01-24 22:00:00,145.58456311021632,148.98456311021633,18.270998020933565
2023-01-24 23:00:00,145.5827808631569,148.9827808631569,18.226321176877203
2023-01-25 00:00:00,145.5837768676901,148.9837768676901,18.25128333184813
2023-01-25 01:00:00,145.57733434863866,148.97733434863866,18.090060864484826
2023-01-25 02:00:00,145.57958828744046,148.97958828744046,18.14640005295211
2023-01-25 03:00:00,145.57925997918284,148.97925997918284,18.138189338586827
2023-01-25 04:00:00,145.5849595258628,148.98495952586282,18.280941198809725
2023-01-25 05:00:00,145.58150290934756,148.98150290934757,18.19431274629153
2023-01-25 06:00:00,145.58821244469453,148.98821244469454,18.362614916690607
2023-01-25 07:00:00,145.5834701523031,148.9834701523031,18.24359488556727
2023-01-25 08:00:00,145.59830343379085,148.99830343379085,18.616903331582293
2023-01-25 09:00:00,145.61212883767502,149.01212883767502,18.967564694635826
2023-01-25 10:00:00,145.6093606880794,149.0093606880794,18.89714509945551
2023-01-25 11:00:00,145.63431628462456,149.03431628462457,19.58376310866794
2023-01-25 12:00:00,145.64943004209834,149.04943004209835,19.98485344810597
2023-01-25 13:00:00,145.67125378823914,149.07125378823915,20.569738409530096
2023-01-25 14:00:00,145.69980184717073,149.09980184717074,21.344990511236023
2023-01-25 15:00:00,145.73903026875837,149.13903026875838,22.428906522393145
2023-01-25 16:00:00,145.778908860341,149.178908860341,23.552690372204555
2023-01-25 17:00:00,145.82319122073045,149.22319122073046,24.82618923642609
2023-01-25 18:00:00,145.85864161738547,149.25864161738548,25.86493777497295
2023-01-25 19:00:00,145.8993078825777,149.2993078825777,27.798300972814207
2023-01-25 20:00:00,145.9614220933715,149.36142209337152,29.43351904369167
2023-01-25 21:00:00,146.0135182112347,149.4135182112347,29.92236837363537
2023-01-25 22:00:00,146.0458203222981,149.44582032229812,31.01645429886977
2023-01-25 23:00:00,146.13315439709592,149.53315439709593,33.001553336516956
2023-01-26 00:00:00,146.14008847189373,149.54008847189374,33.24959041692065
2023-01-26 01:00:00,146.14282054895813,149.54282054895813,33.34752280032176
2023-01-26 02:00:00,146.14932676881836,149.54932676881836,33.58120442962895
2023-01-26 03:00:00,146.18303087761515,149.58303087761516,34.802164401542896
2023-01-26 04:00:00,146.19547094561315,149.59547094561316,35.25721413159333
2023-01-26 05:00:00,146.19534109294216,149.59534109294216,35.25245199711816
2023-01-26 06:00:00,146.21113521307197,149.61113521307198,35.83356112297325
2023-01-26 07:00:00,146.17853932186878,149.5785393218688,34.638447585667755
2023-01-26 08:00:00,146.18248738080038,149.5824873808004,34.78233757012661
2023-01-26 09:00:00,146.1868215689282,149.5868215689282,34.94057494237921
2023-01-26 10:00:00,146.15139171625722,149.55139171625723,33.655506829624194
2023-01-26 11:00:00,146.13483789078543,149.53483789078544,33.06170487774783
2023-01-26 12:00:00,146.12146397464963,149.52146397464963,32.58506200868545
2023-01-26 13:00:00,146.08371391798462,149.48371391798463,31.254645391200683
2023-01-26 14:00:00,146.08721814011145,149.48721814011145,31.377208815065575
2023-01-26 15:00:00,146.09501414464464,149.49501414464464,31.650569103227813
2023-01-26 16:00:00,146.09327230557327,149.49327230557327,31.589410721701555
2023-01-26 17:00:00,146.12792435997167,149.52792435997168,32.81496276005473
2023-01-26 18:00:00,146.10660050050086,149.50660050050087,32.05858514751236
2023-01-26 19:00:00,146.06666265689628,149.4666626568963,31.1485238475733
2023-01-26 20:00:00,146.05652270222828,149.45652270222828,30.799422964249178
2023-01-26 21:00:00,146.0679587747595,149.4679587747595,31.193260308151537
2023-01-26 22:00:00,146.0890968450241,149.4890968450241,31.442997252874797
2023-01-26 23:00:00,146.0977289220885,149.4977289220885,31.74598301482588
2023-01-27 00:00:00,146.1154390240855,149.5154390240855,32.371239771307636
2023-01-27 01:00:00,146.12332304221832,149.52332304221832,32.651152950358814
2023-01-27 02:00:00,146.12435911474952,149.52435911474953,32.68800917750677
2023-01-27 03:00:00,146.11242315554833,149.51242315554833,32.264419795698494
2023-01-27 04:00:00,146.1132272643451,149.51322726434512,32.2928869641727
2023-01-27 05:00:00,146.13056933007653,149.53056933007653,32.90927372943601
2023-01-27 06:00:00,146.12949729834412,149.52949729834413,32.87103554213526
2023-01-27 07:00:00,146.09851550460473,149.49851550460474,31.773649805068246
2023-01-27 08:00:00,146.11641150913795,149.51641150913795,32.40571462549138
2023-01-27 09:00:00,146.16278542527374,149.56278542527374,34.06666344409957
2023-01-27 10:00:00,146.15403536860873,149.55403536860874,33.75072845625533
2023-01-27 11:00:00,146.11877720768013,149.51877720768013,32.489640540443176
2023-01-27 12:00:00,146.1171128268913,149.5171128268913,32.430585635457156
2023-01-27 13:00:00,146.12514233957225,149.52514233957226,32.71588188614525
2023-01-27 14:00:00,146.13292989985183,149.53292989985184,32.99353531966439
2023-01-27 15:00:00,146.1244815009302,149.5244815009302,32.692363921654504
2023-01-27 16:00:00,146.1126733966666,149.5126733966666,32.27327778931788
2023-01-27 17:00:00,146.1203595258628,149.5203595258628,32.54582357474446
2023-01-27 18:00:00,146.095565632393,149.495565632393,31.669942462643426
2023-01-27 19:00:00,146.06997761879342,149.46997761879342,31.26299333956177
2023-01-27 20:00:00,146.06479982052082,149.46479982052082,31.084271670814502
2023-01-27 21:00:00,146.06408195425024,149.46408195425025,31.05952549403032
2023-01-27 22:00:00,146.06228617637706,149.46228617637706,30.997656244216714
2023-01-27 23:00:00,146.05459627837405,149.45459627837405,30.733277564477575
2023-01-28 00:00:00,146.06681836677146,149.46681836677146,31.15389693094943
2023-01-28 01:00:00,146.00758052316687,149.40758052316687,29.722969135651585
2023-01-28 02:00:00,146.0202768676901,149.4202768676901,30.149985858036498
2023-01-28 03:00:00,145.9952450172857,149.3952450172857,29.31042534359295
2023-01-28 04:00:00,146.01705723034613,149.41705723034613,30.041469120270932
2023-01-28 05:00:00,146.00580129381092,149.40580129381092,29.663322995127405
2023-01-28 06:00:00,145.98795745700613,149.38795745700614,29.067787941114247
2023-01-28 07:00:00,145.99693159980194,149.39693159980195,29.3666945824949
2023-01-28 08:00:00,145.96953382419537,149.36953382419537,29.700143822128638
2023-01-28 09:00:00,145.99234980606258,149.39234980606258,29.213933461436913
2023-01-28 10:00:00,145.95152994205858,149.3515299420586,29.109676450447473
2023-01-28 11:00:00,145.97657577659675,149.37657577659675,28.690453705440987
2023-01-28 12:00:00,145.96914381286237,149.36914381286238,29.68730252266601
2023-01-28 13:00:00,145.94625357486936,149.34625357486937,28.937528812137014
2023-01-28 14:00:00,145.93871527794474,149.33871527794474,29.054271036288633
2023-01-28 15:00:00,145.9096571170161,149.30965711701612,28.125994859159924
2023-01-28 16:00:00,145.91837709435012,149.31837709435013,28.403291800190342
2023-01-28 17:00:00,145.9237530082193,149.3237530082193,28.57478873279417
2023-01-28 18:00:00,145.9116649946197,149.31166499461972,28.189749295497553
2023-01-28 19:00:00,145.8842951872807,149.28429518728072,27.325679754669576
2023-01-28 20:00:00,145.8957990694175,149.2957990694175,27.68754828550928
2023-01-28 21:00:00,145.8939348019587,149.2939348019587,27.628776241450034
2023-01-28 22:00:00,145.88437886542349,149.2843788654235,27.328305073545646
2023-01-28 23:00:00,145.88800871809448,149.2880087180945,27.442285187582836
2023-01-29 00:00:00,145.8741808631569,149.27418086315691,27.009096499689388
2023-01-29 01:00:00,145.86301659569807,149.26301659569808,25.99430960083479
2023-01-29 02:00:00,145.88815266822928,149.2881526682293,27.44680924176825
2023-01-29 03:00:00,145.86645266822927,149.26645266822928,26.76819576592364
2023-01-29 04:00:00,145.87322258889827,149.27322258889828,26.97917861481578
2023-01-29 05:00:00,145.86375655036608,149.26375655036608,26.68435650351837
2023-01-29 06:00:00,145.85867253223327,149.25867253223328,25.865851047354873
2023-01-29 07:00:00,145.87416842343646,149.27416842343646,27.00870803934715
2023-01-29 08:00:00,145.87355655036606,149.27355655036607,26.98960358215299
2023-01-29 09:00:00,145.85839872942748,149.25839872942748,25.857762938093895
2023-01-29 10:00:00,145.87495078382588,149.2749507838259,27.033143483073655
2023-01-29 11:00:00,145.8640929628873,149.2640929628873,26.694811939995965
2023-01-29 12:00:00,145.8687688767565,149.2687688767565,26.840305242689038
2023-01-29 13:00:00,145.8664628835563,149.2664628835563,26.7685136247239
2023-01-29 14:00:00,145.85387475662668,149.2538747566267,25.724271727148476
2023-01-29 15:00:00,145.8478707611599,149.2478707611599,25.547535777963684
2023-01-29 16:00:00,145.86389273622729,149.2638927362273,26.68858885556575
2023-01-29 17:00:00,145.8569089447545,149.2569089447545,25.813772570510114
2023-01-29 18:00:00,145.8516150512847,149.25161505128472,25.657696966805325
2023-01-29 19:00:00,145.85576733234313,149.25576733234314,25.780083313713103
2023-01-29 20:00:00,145.85469940940754,149.25469940940755,25.748584584256434
2023-01-29 21:00:00,145.86400551593775,149.26400551593775,26.69209400002225
2023-01-29 22:00:00,145.85142360886834,149.25142360886835,25.652059918960408
2023-01-29 23:00:00,145.83952149780495,149.23952149780496,25.302574437380464
2023-01-30 00:00:00,145.85057732101012,149.25057732101013,25.62714679487501
2023-01-30 01:00:00,145.87582937540853,149.27582937540853,27.060595048978538
2023-01-30 02:00:00,145.88471750233813,149.28471750233814,27.338930501678686
2023-01-30 03:00:00,145.86893348420534,149.26893348420535,26.845432845194075
2023-01-30 04:00:00,145.88292138447494,149.28292138447495,27.282592478122023
2023-01-30 05:00:00,145.86929952273755,149.26929952273755,26.85683652868089
2023-01-30 06:00:00,145.88444335954233,149.28444335954234,27.33032858150924
2023-01-30 07:00:00,145.87995534594273,149.27995534594274,27.18965987549771
2023-01-30 08:00:00,145.89877366553335,149.29877366553336,27.78142745631122
2023-01-30 09:00:00,145.89616201912298,149.296162019123,27.69899628103797
2023-01-30 10:00:00,145.89180596925777,149.29180596925778,27.561724740583976
2023-01-30 11:00:00,145.93422594659177,149.33422594659177,28.910070435757348
2023-01-30 12:00:00,145.91812183779496,149.31812183779496,28.39515913683215
2023-01-30 13:00:00,145.91882583326176,149.31882583326177,28.417591213365817
2023-01-30 14:00:00,145.93863970406557,149.33863970406557,29.051841173567166
2023-01-30 15:00:00,145.93150973806456,149.33150973806457,28.822963233826073
2023-01-30 16:00:00,145.95077988539356,149.35077988539356,29.085180076868966
2023-01-30 17:00:00,145.96077400552338,149.36077400552338,29.412258523625745
2023-01-30 18:00:00,145.95365602592278,149.3536560259228,29.17915781999383
2023-01-30 19:00:00,145.95429221178398,149.35429221178399,29.199961535784002
2023-01-30 20:00:00,145.9808762299168,149.3808762299168,28.83279382195013
2023-01-30 21:00:00,145.97797223445,149.37797223445,28.73664397772064
2023-01-30 22:00:00,145.99253250644202,149.39253250644202,29.220018754830384
2023-01-30 23:00:00,145.97341652457482,149.37341652457482,29.828104585075913
2023-01-31 00:00:00,145.98222251777503,149.38222251777503,28.877412317609696
2023-01-31 01:00:00,145.9831285109752,149.3831285109752,28.90745415848679
2023-01-31 02:00:00,145.98344860163922,149.38344860163923,28.918071036051117
2023-01-31 03:00:00,145.95620465150444,149.35620465150444,29.26253533741887
2023-01-31 04:00:00,145.98683484416543,149.38683484416543,29.03048258078414
2023-01-31 05:00:00,145.98252086003163,149.38252086003163,28.88730367274146
2023-01-31 06:00:00,146.00682285776503,149.40682285776504,29.697563618853085
2023-01-31 07:00:00,145.96128301642705,149.36128301642705,29.42895610706671
2023-01-31 08:00:00,145.97261121135466,149.37261121135467,29.801546080660312
2023-01-31 09:00:00,145.98017913429027,149.38017913429027,28.809701615597216
2023-01-31 10:00:00,145.97463318642207,149.37463318642207,29.868246942650963
2023-01-31 11:00:00,145.97340310709106,149.37340310709106,29.827662011032814
2023-01-31 12:00:00,145.96829289176404,149.36829289176404,29.659293271610093
2023-01-31 13:00:00,145.96994260843903,149.36994260843903,29.71360561234332
2023-01-31 14:00:00,145.9568744588434,149.3568744588434,29.284463671548327
2023-01-31 15:00:00,145.9696342775154,149.36963427751542,29.70345165284815
2023-01-31 16:00:00,145.9725602480496,149.3725602480496,29.799865675168846
2023-01-31 17:00:00,145.932702313781,149.332702313781,28.861195484524295
2023-01-31 18:00:00,145.954832393112,149.35483239311202,29.217630492772233
2023-01-31 19:00:00,145.9415144135114,149.34151441351142,29.144326515008725
2023-01-31 20:00:00,145.94428866963722,149.34428866963722,29.233691521904653
2023-01-31 21:00:00,145.93437080336662,149.33437080336662,28.914718859716285
2023-01-31 22:00:00,145.91671874896824,149.31671874896824,28.35047232097134
2023-01-31 23:00:00,145.91084683056584,149.31084683056585,28.163763855168227
2023-02-01 00:00:00,145.91373672856884,149.31373672856884,28.255591818540175
2023-02-01 01:00:00,145.91523073536862,149.31523073536863,28.30311151076788
2023-02-01 02:00:00,145.90342673990182,149.30342673990182,27.928534731939262
2023-02-01 03:00:00,145.89068889629723,149.29068889629724,27.52656654807928
2023-02-01 04:00:00,145.87384894162923,149.27384894162924,26.99873221336796
2023-02-01 05:00:00,145.88155704589286,149.28155704589287,27.239828954210562
2023-02-01 06:00:00,145.86475316375606,149.26475316375607,26.715335225716046
2023-02-01 07:00:00,145.85808335641707,149.25808335641707,25.84844810281001
2023-02-01 08:00:00,145.8368875785439,149.2368875785439,25.225493140865186
2023-02-01 09:00:00,145.8415395196123,149.2415395196123,25.361695207935668
2023-02-01 10:00:00,145.83709345841407,149.23709345841408,25.23151479841999
2023-02-01 11:00:00,145.8209556148095,149.2209556148095,24.761254446303905
2023-02-01 12:00:00,145.80997936095028,149.20997936095029,24.44342904785966
2023-02-01 13:00:00,145.81341920228826,149.21341920228826,24.54285542517121
2023-02-01 14:00:00,145.81439688723083,149.21439688723083,24.57114423041384
2023-02-01 15:00:00,145.80323273310202,149.20323273310203,24.248891307386657
2023-02-01 16:00:00,145.8005185223082,149.20051852230822,24.17080302745308
2023-02-01 17:00:00,145.78212862430522,149.18212862430522,23.644380688975833
2023-02-01 18:00:00,145.78224260843902,149.18224260843903,23.64762926536431
2023-02-01 19:00:00,145.77848855630722,149.17848855630723,23.540731747767385
2023-02-01 20:00:00,145.776592551774,149.176592551774,23.486816224620807
2023-02-01 21:00:00,145.77231464017143,149.17231464017144,23.365349597034122
2023-02-01 22:00:00,145.7610844475104,149.1610844475104,23.047680587618608
2023-02-01 23:00:00,145.7570444928424,149.1570444928424,22.933827948788206
2023-02-02 00:00:00,145.7682845608404,149.16828456084042,23.251150468728472
2023-02-02 01:00:00,145.7487942095174,149.1487942095174,22.702022389368256
2023-02-02 02:00:00,145.7383744588434,149.1383744588434,22.41060968997817
2023-02-02 03:00:00,145.7404282843152,149.1404282843152,22.46793052783262
2023-02-02 04:00:00,145.7363980916542,149.1363980916542,22.355505971039364
2023-02-02 05:00:00,145.7330641301864,149.1330641301864,22.262673756341513
2023-02-02 06:00:00,145.7168801120536,149.1168801120536,21.814238039972803
2023-02-02 07:00:00,145.7182882163172,149.1182882163172,21.85310952011339
2023-02-02 08:00:00,145.71114015738559,149.1111401573856,21.656070053992856
2023-02-02 09:00:00,145.70219010072057,149.10219010072058,21.41036527288555
2023-02-02 10:00:00,145.70372594659176,149.10372594659177,21.452448926716563
2023-02-02 11:00:00,145.70255368819934,149.10255368819935,21.420324932980513
2023-02-02 12:00:00,145.70295768366614,149.10295768366615,21.4313936518815
2023-02-02 13:00:00,145.69138142980694,149.09138142980694,21.115133104141567
2023-02-02 14:00:00,145.68558519861372,149.08558519861373,20.957488709664496
2023-02-02 15:00:00,145.67492503995172,149.07492503995172,20.668791668832757
2023-02-02 16:00:00,145.6699189334215,149.06991893342152,20.533770174160605
2023-02-02 17:00:00,145.6663768676901,149.0663768676901,20.43844979381764
2023-02-02 18:00:00,145.6591830875503,149.0591830875503,20.245404749850167
2023-02-02 19:00:00,145.65188896742052,149.05188896742052,20.05041600832347
2023-02-02 20:00:00,145.64408108981692,149.04408108981693,19.842530644503498
2023-02-02 21:00:00,145.6424350286187,149.0424350286187,19.79881480183939
2023-02-02 22:00:00,145.62900728701112,149.02900728701113,19.443645258876927
2023-02-02 23:00:00,145.62698730967713,149.02698730967714,19.390438694395034
2023-02-03 00:00:00,145.62457743434013,149.02457743434013,19.327038460494805
2023-02-03 01:00:00,145.62943148647193,149.02943148647194,19.45482615710326
2023-02-03 02:00:00,145.62262172446495,149.02262172446495,19.275647712520037
2023-02-03 03:00:00,145.61702994205856,149.01702994205857,19.092501842532247
2023-02-03 04:00:00,145.6124703500466,149.0124703500466,18.976259765677597
2023-02-03 05:00:00,145.6101105313746,149.0101105313746,18.916210188726655
2023-02-03 06:00:00,145.60142685323183,149.00142685323183,18.69589540481717
2023-02-03 07:00:00,145.60245904362625,149.00245904362626,18.722029166495986
2023-02-03 08:00:00,145.59557936095027,148.99557936095027,18.548120096744526
2023-02-03 09:00:00,145.5860256488085,148.9860256488085,18.307693183294003
2023-02-03 10:00:00,145.58245384373612,148.98245384373612,18.21812830137457
2023-02-03 11:00:00,145.58386594346652,148.98386594346653,18.253516440527463
2023-02-03 12:00:00,145.57427216332673,148.97427216332673,18.013631158566838
2023-02-03 13:00:00,145.57335207266271,148.97335207266272,17.990691723329547
2023-02-03 14:00:00,145.5704280998619,148.97042809986192,17.917869720479217
2023-02-03 15:00:00,145.56528004093033,148.96528004093034,17.789943800885013
2023-02-03 16:00:00,145.55573609079553,148.95573609079554,17.553753858852424
2023-02-03 17:00:00,145.55187627212354,148.95187627212354,17.458591469158254
2023-02-03 18:00:00,145.54958837185393,148.94958837185393,17.402281856018984
2023-02-03 19:00:00,145.54225652144956,148.94225652144956,17.222321568554246
2023-02-03 20:00:00,145.53896651011655,148.93896651011656,17.141811613591646
2023-02-03 21:00:00,145.53434042625236,148.93434042625236,17.028862005153137
2023-02-03 22:00:00,145.53161456904814,148.93161456904815,16.962447894443116
2023-02-03 23:00:00,145.52893055091536,148.92893055091537,16.897154643599183
2023-02-04 00:00:00,145.52333465971216,148.92333465971217,16.76134932438367
2023-02-04 01:00:00,145.52214864384595,148.92214864384596,16.73262251555262
2023-02-04 02:00:00,145.52469248065074,148.92469248065075,16.794261665664735
2023-02-04 03:00:00,145.51792855318195,148.91792855318195,16.63056648342806
2023-02-04 04:00:00,145.51967039225335,148.91967039225335,16.672659760807687
2023-02-04 05:00:00,145.51189225399074,148.91189225399074,16.48502284596172
2023-02-04 06:00:00,145.51044607946253,148.91044607946253,16.450229570453384
2023-02-04 07:00:00,145.50536805452992,148.90536805452993,16.328291234724425
2023-02-04 08:00:00,145.5072878052039,148.9072878052039,16.374347436754004
2023-02-04 09:00:00,145.5022956828075,148.9022956828075,16.25469084074759
2023-02-04 10:00:00,145.50570144934767,148.90570144934767,16.33628589315551
2023-02-04 11:00:00,145.50045516148947,148.90045516148948,16.210663840802425
2023-02-04 12:00:00,145.49210887363125,148.89210887363126,16.011612752835383
2023-02-04 13:00:00,145.4942944361774,148.8942944361774,16.063641267730254
2023-02-04 14:00:00,145.48367999872357,148.88367999872358,15.811591646387205
2023-02-04 15:00:00,145.48437566326675,148.88437566326675,15.82806199534866
2023-02-04 16:00:00,145.48084158846893,148.88084158846894,15.744461389441158
2023-02-04 17:00:00,145.47026556126974,148.87026556126975,15.495338556588585
2023-02-04 18:00:00,145.46890562926774,148.86890562926774,15.463420178021936
2023-02-04 19:00:00,145.46630962473455,148.86630962473455,15.4025635909052
2023-02-04 20:00:00,145.46487566326675,148.86487566326676,15.36898925329463
2023-02-04 21:00:00,145.46605557260276,148.86605557260276,15.396613155569046
2023-02-04 22:00:00,145.46080762700115,148.86080762700115,15.273901065398244
2023-02-04 23:00:00,145.46733548193873,148.86733548193874,15.426600678360982
2023-02-05 00:00:00,145.46735734367613,148.86735734367613,15.427113088726529
2023-02-05 01:00:00,145.46243114648192,148.86243114648192,15.311821664976373
2023-02-05 02:00:00,145.4614551192827,148.8614551192827,15.289020055576474
2023-02-05 03:00:00,145.4538869696871,148.8538869696871,15.11267725599595
2023-02-05 04:00:00,145.4505588880895,148.8505588880895,15.035390025607406
2023-02-05 05:00:00,145.4429308064919,148.8429308064919,14.858843514165688
2023-02-05 06:00:00,145.43430871809448,148.8343087180945,14.660296950377713
2023-02-05 07:00:00,145.42892258889827,148.82892258889828,14.536809670976028
2023-02-05 08:00:00,145.42433257756528,148.8243325775653,14.431904916643948
2023-02-05 09:00:00,145.43224445063566,148.83224445063567,14.612920305954258
2023-02-05 10:00:00,145.42682236223825,148.82682236223826,14.488771254934244
2023-02-05 11:00:00,145.42544633503906,148.82544633503906,14.457331925981382
2023-02-05 12:00:00,145.42721014917785,148.82721014917786,14.497636304884413
2023-02-05 13:00:00,145.42421991118482,148.82421991118483,14.429333747880579
2023-02-05 14:00:00,145.4258476527924,148.82584765279242,14.46649837115093
2023-02-05 15:00:00,145.4265536459926,148.82655364599262,14.482629507208888
2023-02-05 16:00:00,145.4295175734614,148.8295175734614,14.550430293258492
2023-02-05 17:00:00,145.42447573439003,148.82447573439003,14.435172174690319
2023-02-05 18:00:00,145.42301192025124,148.82301192025125,14.401777603858264
2023-02-05 19:00:00,145.42262213557825,148.82262213557826,14.392890508508366
2023-02-05 20:00:00,145.42256220357626,148.82256220357627,14.391524252762062
2023-02-05 21:00:00,145.42271625570805,148.82271625570806,14.395036247670655
2023-02-05 22:00:00,145.42825632370605,148.82825632370606,14.521563320944633
2023-02-05 23:00:00,145.42565455263266,148.82565455263267,14.462087506121842
2023-02-06 00:00:00,145.4233487860925,148.8233487860925,14.409459916760897
2023-02-06 01:00:00,145.4210150512847,148.82101505128472,14.356272145496222
2023-02-06 02:00:00,145.4282691034165,148.82826910341652,14.52185570276489
2023-02-06 03:00:00,145.4231272643451,148.82312726434512,14.404407871348537
2023-02-06 04:00:00,145.42447943207353,148.82447943207353,14.435256570577545
2023-02-06 05:00:00,145.41998354087033,148.81998354087034,14.332788237267104
2023-02-06 06:00:00,145.41898576526376,148.81898576526376,14.310086988073893
2023-02-06 07:00:00,145.41216801232318,148.81216801232318,14.155355930185086
2023-02-06 08:00:00,145.42227999872358,148.8222799987236,14.385091592456076
2023-02-06 09:00:00,145.419502313781,148.81950231378102,14.321837629775192
2023-02-06 10:00:00,145.4205343908454,148.8205343908454,14.345327263905178
2023-02-06 11:00:00,145.4179584769762,148.8179584769762,14.286729311607116
2023-02-06 12:00:00,145.42117246111002,148.82117246111002,14.359857172665231
2023-02-06 13:00:00,145.42328410752037,148.82328410752038,14.407984778030528
2023-02-06 14:00:00,145.42495779699615,148.82495779699616,14.446176430577697
2023-02-06 15:00:00,145.42205357486935,148.82205357486936,14.379931252401363
2023-02-06 16:00:00,145.42114558393575,148.82114558393576,14.359245016531325
2023-02-06 17:00:00,145.41469940940755,148.81469940940755,14.212728244276272
2023-02-06 18:00:00,145.39468331421034,148.79468331421035,13.76161762864952
2023-02-06 19:00:00,145.38544935274254,148.78544935274255,13.555474060697234
2023-02-06 20:00:00,145.39106533460972,148.79106533460973,13.680699779665634
2023-02-06 21:00:00,145.4169611124829,148.81696111248291,14.264066623582869
2023-02-06 22:00:00,145.44095888808948,148.8409588880895,14.813340632019084
2023-02-06 23:00:00,145.4411988427575,148.8411988427575,14.818874707838004
2023-02-07 00:00:00,145.4324168223581,148.8324168223581,14.616874032051289
2023-02-07 01:00:00,145.41630871809448,148.8163087180945,14.249250330598544
2023-02-07 02:00:00,145.41795655036609,148.8179565503661,14.286685520195144
2023-02-07 03:00:00,145.4065168223581,148.8065168223581,14.027610900311826
2023-02-07 04:00:00,145.40221659569806,148.80221659569807,13.930714960304865
2023-02-07 05:00:00,145.39793035317186,148.79793035317186,13.834401650274861
2023-02-07 06:00:00,145.39744233957225,148.79744233957226,13.823452773504641
2023-02-07 07:00:00,145.39573634637208,148.79573634637208,13.785205050055852
2023-02-07 08:00:00,145.39763845743548,148.79763845743548,13.827852378237806
2023-02-07 09:00:00,145.38806653903308,148.78806653903308,13.613775027813054
2023-02-07 10:00:00,145.39243857076548,148.79243857076548,13.711390388386604
2023-02-07 11:00:00,145.3873506704959,148.7873506704959,13.597818253422036
2023-02-07 12:00:00,145.3921706478299,148.7921706478299,13.70540038879062
2023-02-07 13:00:00,145.38711459796468,148.7871145979647,13.59255781676231
2023-02-07 14:00:00,145.38987042116986,148.78987042116987,13.654016912577081
2023-02-07 15:00:00,145.38649450730068,148.7864945073007,13.578744129593938
2023-02-07 16:00:00,145.38825477929268,148.78825477929269,13.617972163114363
2023-02-07 17:00:00,145.3867928495573,148.78679284955732,13.58538956385947
2023-02-07 18:00:00,145.3890089447545,148.7890089447545,13.634792748529012
2023-02-07 19:00:00,145.3876250399517,148.7876250399517,13.60393308868181
2023-02-07 20:00:00,145.38047732101012,148.78047732101012,13.444991947658488
2023-02-07 21:00:00,145.38356721901312,148.78356721901312,13.513609161053644
2023-02-07 22:00:00,145.38070129381092,148.78070129381092,13.449961003186484
2023-02-07 23:00:00,145.37445135047594,148.77445135047594,13.311575795279072
2023-02-08 00:00:00,145.37653747967215,148.77653747967216,13.357702862460984
2023-02-08 01:00:00,145.37309175846397,148.77309175846398,13.281547785532771
2023-02-08 02:00:00,145.37241584459477,148.77241584459478,13.26662961785106
2023-02-08 03:00:00,145.36887800099018,148.76887800099018,13.188654954558608
2023-02-08 04:00:00,145.36679609392078,148.7667960939208,13.142855344545927
2023-02-08 05:00:00,145.3643063092478,148.76430630924781,13.088166600204328
2023-02-08 06:00:00,145.3650162979148,148.7650162979148,13.10375238173712
2023-02-08 07:00:00,145.3646184089782,148.7646184089782,13.095016948066716
2023-02-08 08:00:00,145.3642005427076,148.7642005427076,13.085845431685856
2023-02-08 09:00:00,145.36290054270762,148.76290054270763,13.057328887988481
2023-02-08 10:00:00,145.35790254044102,148.75790254044102,12.947925586164402
2023-02-08 11:00:00,145.3634204067116,148.76342040671162,13.068729536385952
2023-02-08 12:00:00,145.3656402707156,148.7656402707156,13.117456054644668
2023-02-08 13:00:00,145.36361396019137,148.76361396019138,13.072975192350384
2023-02-08 14:00:00,145.36206379019637,148.76206379019638,13.03898721522131
2023-02-08 15:00:00,145.35949153180394,148.75949153180395,12.982667736902554
2023-02-08 16:00:00,145.36594535727573,148.76594535727574,13.124158442389222
2023-02-08 17:00:00,145.35891938674155,148.75891938674155,12.97015390742737
2023-02-08 18:00:00,145.35951727567812,148.75951727567812,12.9832309146702
2023-02-08 19:00:00,145.36024113514893,148.76024113514893,12.999070198653795
2023-02-08 20:00:00,145.35530106715092,148.75530106715092,12.891126668206836
2023-02-08 21:00:00,145.35818885409049,148.7581888540905,12.954182877158107
2023-02-08 22:00:00,145.35520860476447,148.75520860476448,12.889109741525468
2023-02-08 23:00:00,145.35766631237306,148.75766631237306,12.942763809652657
2023-02-09 00:00:00,145.35751991118482,148.75751991118483,12.93956523716429
2023-02-09 01:00:00,145.3548376641254,148.7548376641254,12.881019503387604
2023-02-09 02:00:00,145.3588674034664,148.7588674034664,12.969017180022286
2023-02-09 03:00:00,145.35950302267756,148.75950302267756,12.982919112178275
2023-02-09 04:00:00,145.35981090028116,148.75981090028117,12.989654992266091
2023-02-09 05:00:00,145.36364651949233,148.76364651949234,13.073689444976052
2023-02-09 06:00:00,145.3742243177649,148.77422431776492,13.306559654220063
2023-02-09 07:00:00,145.3728180979047,148.77281809790472,13.275506985959305
2023-02-09 08:00:00,145.37865982364607,148.77865982364608,13.404696159818386
2023-02-09 09:00:00,145.38450965365107,148.78450965365107,13.534565559898823
2023-02-09 10:00:00,145.38413351312187,148.78413351312187,13.526199973025744
2023-02-09 11:00:00,145.38772940432506,148.78772940432506,13.606259332165026
2023-02-09 12:00:00,145.40678111873342,148.80678111873343,14.033574985915347
2023-02-09 13:00:00,145.38948933632705,148.78948933632705,13.64551152742699
2023-02-09 14:00:00,145.40309122073043,148.80309122073044,13.950400902162235
2023-02-09 15:00:00,145.41024150405545,148.81024150405545,14.111755215695295
2023-02-09 16:00:00,145.4102881319037,148.81028813190372,14.112809861265063
2023-02-09 17:00:00,145.43086860788975,148.83086860788976,14.581377652807385
2023-02-09 18:00:00,145.43998903854376,148.83998903854376,14.7909814121609
2023-02-09 19:00:00,145.4481913762672,148.8481913762672,14.980506398763183
2023-02-09 20:00:00,145.4673018182542,148.86730181825422,15.425811659193176
2023-02-09 21:00:00,145.48611802678144,148.88611802678145,15.869343777927766
2023-02-09 22:00:00,145.49196831010647,148.89196831010648,16.00826887207729
2023-02-09 23:00:00,145.49464644836905,148.89464644836906,16.07202742289661
2023-02-10 00:00:00,145.4917587747595,148.8917587747595,16.003284731876477
2023-02-10 01:00:00,145.4910668790231,148.8910668790231,15.986831272454129
2023-02-10 02:00:00,145.4982688767565,148.8982688767565,16.158427941384144
2023-02-10 03:00:00,145.5026750966167,148.90267509661672,16.263772713073294
2023-02-10 04:00:00,145.51040917141452,148.91040917141453,16.4493419906151
2023-02-10 05:00:00,145.50033337087532,148.90033337087533,16.207752179922707
2023-02-10 06:00:00,145.50898942074053,148.90898942074054,16.41521378919908
2023-02-10 07:00:00,145.51610551593774,148.91610551593774,16.586556568296217
2023-02-10 08:00:00,145.52764957940255,148.92764957940255,16.866028376115676
2023-02-10 09:00:00,145.52860574259776,148.92860574259777,16.889259968937473
2023-02-10 10:00:00,145.53431784232816,148.93431784232817,17.028311333016745
2023-02-10 11:00:00,145.54256978339657,148.94256978339658,17.229995276542308
2023-02-10 12:00:00,145.54668587859376,148.94668587859377,17.330950679805117
2023-02-10 13:00:00,145.54800585592776,148.94800585592776,17.36337568669297
2023-02-10 14:00:00,145.55328787632718,148.95328787632718,17.493370043805896
2023-02-10 15:00:00,145.55047400552337,148.95047400552338,17.42407036706745
2023-02-10 16:00:00,145.5532481483192,148.9532481483192,17.49239086146238
2023-02-10 17:00:00,145.54855025938258,148.94855025938259,17.37675592058552
2023-02-10 18:00:00,145.5539242888484,148.9539242888484,17.50905878991465
2023-02-10 19:00:00,145.54990453817442,148.94990453817442,17.410058982258683
2023-02-10 20:00:00,145.55594272176901,148.95594272176902,17.558854102348885
2023-02-10 21:00:00,145.55702086003163,148.95702086003163,17.585475251268015
2023-02-10 22:00:00,145.57350887363123,148.97350887363123,17.994600213349326
2023-02-10 23:00:00,145.57492308442505,148.97492308442506,18.029866796882892
2023-02-11 00:00:00,145.58899100736065,148.98899100736065,18.38218452667027
2023-02-11 01:00:00,145.60185904362626,149.00185904362627,18.706836144624468
2023-02-11 02:00:00,145.61926503682645,149.01926503682645,19.187570707880894
2023-02-11 03:00:00,145.64479711389086,149.04479711389087,19.861558738246398
2023-02-11 04:00:00,145.67809911162425,149.07809911162425,20.75458397093295
2023-02-11 05:00:00,145.70713318642206,149.10713318642206,21.545928540831692
2023-02-11 06:00:00,145.74105527481947,149.14105527481948,22.48544106370313
2023-02-11 07:00:00,145.77085738588286,149.17085738588287,23.324029995667697
2023-02-11 08:00:00,145.79332542214848,149.1933254221485,23.964344010815573
2023-02-11 09:00:00,145.82187947428028,149.22187947428029,24.788080365137585
2023-02-11 10:00:00,145.80943329975207,149.20943329975208,24.42766035504215
2023-02-11 11:00:00,145.83726726121986,149.23726726121987,25.236598700564926
2023-02-11 12:00:00,145.82515116602266,149.22515116602267,24.883173211909778
2023-02-11 13:00:00,145.84254505949247,149.24254505949247,25.391174503317266
2023-02-11 14:00:00,145.84239677390082,149.24239677390082,25.386826370866004
2023-02-11 15:00:00,145.8350884429772,149.2350884429772,25.17289576494388
2023-02-11 16:00:00,145.84766624124978,149.2476662412498,25.541524036045303
2023-02-11 17:00:00,145.83624814831919,149.2362481483192,25.206794493390177
2023-02-11 18:00:00,145.8134542548494,149.2134542548494,24.543869427493075
2023-02-11 19:00:00,145.81448222311698,149.214482223117,24.573613998390222
2023-02-11 20:00:00,145.811282109787,149.211282109787,24.48106516220096
2023-02-11 21:00:00,145.813801973791,149.213801973791,24.55392916680918
2023-02-11 22:00:00,145.80070785366115,149.20070785366116,24.176246851763914
2023-02-11 23:00:00,145.78838976073055,149.18838976073056,23.823088936572603
2023-02-12 00:00:00,145.79550374486436,149.19550374486437,24.026792241206316
2023-02-12 01:00:00,145.7873372530121,149.18733725301212,23.7930101459982
2023-02-12 02:00:00,145.77781328021132,149.17781328021132,23.521523664237705
2023-02-12 03:00:00,145.7727070603511,149.17270706035112,23.376481443041826
2023-02-12 04:00:00,145.7617808631569,149.1617808631569,23.067329522224412
2023-02-12 05:00:00,145.7513249266217,149.1513249266217,22.773026966378637
2023-02-12 06:00:00,145.7396367996921,149.1396367996921,22.44583380715751
2023-02-12 07:00:00,145.7305348019587,149.1305348019587,22.19234920075057
2023-02-12 08:00:00,145.72773679969208,149.1277367996921,22.114658242875297
2023-02-12 09:00:00,145.72355266822927,149.12355266822928,21.998682652333795
2023-02-12 10:00:00,145.71577452996667,149.11577452996667,21.783737251006666
2023-02-12 11:00:00,145.71306831010645,149.11306831010646,21.70915013324224
2023-02-12 12:00:00,145.70263611971205,149.10263611971206,21.42258321625549
2023-02-12 13:00:00,145.70136186358621,149.10136186358622,21.38768449997851
2023-02-12 14:00:00,145.6984376641254,149.0984376641254,21.307683995012017
2023-02-12 15:00:00,145.6905936006606,149.0905936006606,21.093678186421112
2023-02-12 16:00:00,145.6804876074604,149.0804876074604,20.819236562297903
2023-02-12 17:00:00,145.6763315575952,149.0763315575952,20.70679103659595
2023-02-12 18:00:00,145.6644014782642,149.06440147826422,20.385367256809726
2023-02-12 19:00:00,145.6661594125328,149.0661594125328,20.4326036483793
2023-02-12 20:00:00,145.6571994805308,149.0571994805308,20.192303621155045
2023-02-12 21:00:00,145.6471595258628,149.0471595258628,19.92439075445189
2023-02-12 22:00:00,145.6422095825278,149.04220958252782,19.79283044200308
2023-02-12 23:00:00,145.6362475394624,149.0362475394624,19.63483358485704
2023-02-13 00:00:00,145.6219215689282,149.0219215689282,19.257262831848216
2023-02-13 01:00:00,145.6271334419986,149.02713344199861,19.394285888860882
2023-02-13 02:00:00,145.61550735813438,149.01550735813439,19.053653565473084
2023-02-13 03:00:00,145.61425530373597,149.01425530373598,19.021731488081986
2023-02-13 04:00:00,145.6056213422682,149.0056213422682,18.80218545429193
2023-02-13 05:00:00,145.5958592992028,148.9958592992028,18.555183882756538
2023-02-13 06:00:00,145.59988116094019,148.9998811609402,18.656787732012624
2023-02-13 07:00:00,145.59873110427517,148.99873110427518,18.627711321328185
2023-02-13 08:00:00,145.59174708614236,148.99174708614237,18.451527096447656
2023-02-13 09:00:00,145.58884897054577,148.98884897054577,18.37861372974059
2023-02-13 10:00:00,145.59040490708097,148.99040490708097,18.417745007151034
2023-02-13 11:00:00,145.58780490708097,148.98780490708097,18.35237455460748
2023-02-13 12:00:00,145.58268082095015,148.98268082095015,18.22381464531312
2023-02-13 13:00:00,145.57775884588276,148.97775884588276,18.100666191135886
2023-02-13 14:00:00,145.57220878921774,148.97220878921775,17.962204003185523
2023-02-13 15:00:00,145.56708281868356,148.96708281868356,17.834699937716103
2023-02-13 16:00:00,145.57146683681634,148.97146683681635,17.94372609685063
2023-02-13 17:00:00,145.56662300001156,148.96662300001157,17.82328011009164
2023-02-13 18:00:00,145.56248915187376,148.96248915187377,17.720745359278702
2023-02-13 19:00:00,145.56453321533857,148.96453321533858,17.771416132036126
2023-02-13 20:00:00,145.55820136493418,148.95820136493418,17.614642513657564
2023-02-13 21:00:00,145.55552756212842,148.95552756212842,17.54860737571996
2023-02-13 22:00:00,145.5492136913246,148.94921369132462,17.39306718454772
2023-02-13 23:00:00,145.544395711724,148.944395711724,17.274750676917847
2023-02-14 00:00:00,145.54057596105002,148.94057596105003,17.181177676714967
2023-02-14 01:00:00,145.54177196558322,148.94177196558323,17.21045451448481
2023-02-14 02:00:00,145.53715986585283,148.93715986585283,17.097665377373694
2023-02-14 03:00:00,145.53132601771503,148.93132601771504,16.955423566580727
2023-02-14 04:00:00,145.53266996784984,148.93266996784985,16.988149828099566
2023-02-14 05:00:00,145.52700204491424,148.92700204491425,16.85030270190194
2023-02-14 06:00:00,145.52605210157924,148.92605210157924,16.82724350848602
2023-02-14 07:00:00,145.51400415597766,148.91400415597766,16.535885559250907
2023-02-14 08:00:00,145.51806608571303,148.91806608571304,16.633888546358865
2023-02-14 09:00:00,145.51928206758024,148.91928206758024,16.663271821453915
2023-02-14 10:00:00,145.51818994518382,148.91818994518383,16.6368805671756
2023-02-14 11:00:00,145.51915587038602,148.91915587038602,16.660221397784387
2023-02-14 12:00:00,145.5155196845248,148.9155196845248,16.57242392588314
2023-02-14 13:00:00,145.5127815009302,148.9127815009302,16.506431689202383
2023-02-14 14:00:00,145.51313321533857,148.91313321533858,16.51490236886165
2023-02-14 15:00:00,145.50574120627218,148.90574120627218,16.33723935086265
2023-02-14 16:00:00,145.50194297734555,148.90194297734556,16.246250095148202
2023-02-14 17:00:00,145.49998492974697,148.89998492974698,16.19942311715539
2023-02-14 18:00:00,145.49080468042095,148.89080468042096,15.98059789092289
2023-02-14 19:00:00,145.4937583925627,148.89375839256272,16.05087420697408
2023-02-14 20:00:00,145.4874998916441,148.8874998916441,15.902114849851658
2023-02-14 21:00:00,145.4785523993625,148.87855239936252,15.690403828504683
2023-02-14 22:00:00,145.48671444242794,148.88671444242794,15.883484521311933
2023-02-14 23:00:00,145.48338213870352,148.88338213870352,15.8045416974882
2023-02-15 00:00:00,145.48083396644188,148.88083396644188,15.74428127734991
2023-02-15 01:00:00,145.4731158735113,148.8731158735113,15.562322390615442
2023-02-15 02:00:00,145.4711118780445,148.8711118780445,15.515215380798868
2023-02-15 03:00:00,145.4703138757779,148.8703138757779,15.49647300983589
2023-02-15 04:00:00,145.47009578284727,148.87009578284727,15.491352322231657
2023-02-15 05:00:00,145.46575793924268,148.86575793924268,15.389643126134132
2023-02-15 06:00:00,145.4634320820385,148.8634320820385,15.33521928952706
2023-02-15 07:00:00,145.4558344197619,148.85583441976192,15.157975901238997
2023-02-15 08:00:00,145.45562254669153,148.85562254669154,15.153045000732387
2023-02-15 09:00:00,145.45842676881836,148.85842676881836,15.218359323569105
2023-02-15 10:00:00,145.44577305667656,148.84577305667656,14.924527863746038
2023-02-15 11:00:00,145.45805895921276,148.85805895921277,15.209786112581474
2023-02-15 12:00:00,145.44936917453978,148.8493691745398,15.007800067138406
2023-02-15 13:00:00,145.45344908387577,148.85344908387577,15.1024992857303
2023-02-15 14:00:00,145.44434708614236,148.84434708614236,14.891559224978549
2023-02-15 15:00:00,145.44678304534358,148.84678304534359,14.947896583436398
2023-02-15 16:00:00,145.43965519040597,148.83965519040598,14.783287896901982
2023-02-15 17:00:00,145.4368033626676,148.8368033626676,14.717632932263076
2023-02-15 18:00:00,145.439145428399,148.839145428399,14.771543543611145
2023-02-15 19:00:00,145.43303566639202,148.83303566639202,14.631072111544617
2023-02-15 20:00:00,145.4377975961274,148.83779759612742,14.740508966879077
2023-02-15 21:00:00,145.4403576414594,148.8403576414594,14.799477709429512
2023-02-15 22:00:00,145.43980570039102,148.83980570039103,14.786756194504571
2023-02-15 23:00:00,145.43806585905304,148.83806585905305,14.74668378658051
2023-02-16 00:00:00,145.43454576838903,148.83454576838903,14.66574137653488
2023-02-16 01:00:00,145.43271979785482,148.83271979785482,14.623824480969594
2023-02-16 02:00:00,145.4281195711948,148.8281195711948,14.518434763036737
2023-02-16 03:00:00,145.4252215689282,148.8252215689282,14.452199088624337
2023-02-16 04:00:00,145.4198594125328,148.8198594125328,14.3299633030116
2023-02-16 05:00:00,145.42490102494418,148.82490102494418,14.444880295640187
2023-02-16 06:00:00,145.43163509974198,148.831635099742,14.598946927384615
2023-02-16 07:00:00,145.44243532640198,148.84243532640198,14.84740484288568
2023-02-16 08:00:00,145.46944542839898,148.869445428399,15.476086420061982
2023-02-16 09:00:00,145.71385884588275,149.11385884588276,21.730927799028116
2023-02-16 10:00:00,145.76917283001654,149.16917283001655,23.27630185114654
2023-02-16 11:00:00,145.71773886854876,149.11773886854877,21.837941184586622
2023-02-16 12:00:00,145.72968470308695,149.12968470308695,22.168733335943223
2023-02-16 13:00:00,145.76296638349632,149.16296638349633,23.100793645193104
2023-02-16 14:00:00,145.7924021160375,149.1924021160375,23.93789425958422
2023-02-16 15:00:00,145.81201176471447,149.21201176471448,24.502154843455532
2023-02-16 16:00:00,145.8146558281793,149.2146558281793,24.578638735293087
2023-02-16 17:00:00,145.8288779165767,149.2288779165767,24.99166985998596
2023-02-16 18:00:00,145.88103773524867,149.28103773524867,27.223558848388233
2023-02-16 19:00:00,145.93696981231307,149.33696981231307,28.998171307925016
2023-02-16 20:00:00,145.9583857941803,149.3583857941803,29.33396631252403
2023-02-16 21:00:00,145.98478779191367,149.38478779191368,28.9625066693676
2023-02-16 22:00:00,145.9753761455033,149.3753761455033,28.650797557208175
2023-02-16 23:00:00,145.97873053762513,149.37873053762513,28.761738624476152
2023-02-17 00:00:00,145.98143664415534,149.38143664415534,28.85136364420752
2023-02-17 01:00:00,145.99404697281236,149.39404697281236,29.27048136451291
2023-02-17 02:00:00,145.97899914054076,149.37899914054077,28.7706296445527
2023-02-17 03:00:00,145.944355303736,149.344355303736,29.235839301280606
2023-02-17 04:00:00,145.9695813876002,149.3695813876002,29.701710020701633
2023-02-17 05:00:00,145.948165632393,149.348165632393,28.99986473259166
2023-02-17 06:00:00,145.95810992251782,149.35810992251783,29.32492785069862
2023-02-17 07:00:00,145.96954233957226,149.36954233957226,29.700424219541567
2023-02-17 08:00:00,145.9579245866317,149.3579245866317,29.318856263993037
2023-02-17 09:00:00,146.00776676569308,149.40776676569308,29.72921542285186
2023-02-17 10:00:00,145.98116721901312,149.38116721901312,28.842435406521506
2023-02-17 11:00:00,146.00747543660674,149.40747543660675,29.719444926130816
2023-02-17 12:00:00,146.00130363153434,149.40130363153435,29.512759034300654
2023-02-17 13:00:00,145.97941573126477,149.37941573126477,28.784421380673276
2023-02-17 14:00:00,145.95308776299717,149.35308776299718,29.160580246110115
2023-02-17 15:00:00,145.92013981739555,149.32013981739556,28.45947889092779
2023-02-17 16:00:00,145.90330796699118,149.30330796699118,27.924775853654086
2023-02-17 17:00:00,145.89756823898318,149.2975682389832,27.743368504926472
2023-02-17 18:00:00,145.85539454950742,149.25539454950743,25.769086214417403
2023-02-17 19:00:00,145.84011075803463,149.24011075803463,25.31983193458573
2023-02-17 20:00:00,145.81460687589785,149.21460687589786,24.577221843678696
2023-02-17 21:00:00,145.80176104135964,149.20176104135965,24.206537995946373
2023-02-17 22:00:00,145.78997525215345,149.18997525215346,23.868428140118038
2023-02-17 23:00:00,145.77175116602265,149.17175116602266,23.34936914506298
2023-02-18 00:00:00,145.75329323175407,149.15329323175408,22.828313196768736
2023-02-18 01:00:00,145.73961332241808,149.13961332241809,22.445178499866348
2023-02-18 02:00:00,145.72518335641706,149.12518335641707,22.04385299445198
2023-02-18 03:00:00,145.72088124535367,149.12088124535367,21.924763894289686
2023-02-18 04:00:00,145.70825938361628,149.10825938361629,21.5768621600343
2023-02-18 05:00:00,145.6997715966767,149.0997715966767,21.344162963489772
2023-02-18 06:00:00,145.6923196556083,149.0923196556083,21.1406951480199
2023-02-18 07:00:00,145.68863940628228,149.08863940628228,21.04049736187516
2023-02-18 08:00:00,145.6772335264121,149.0772335264121,20.731173885532826
2023-02-18 09:00:00,145.6709816986737,149.0709816986737,20.562404796451933
2023-02-18 10:00:00,145.6667695989433,149.0667695989433,20.449009822149474
2023-02-18 11:00:00,145.6630235377451,149.0630235377451,20.348372027742577
2023-02-18 12:00:00,145.64881543348147,149.04881543348148,19.968479499790444
2023-02-18 13:00:00,145.64732519548846,149.04732519548847,19.928799973763752
2023-02-18 14:00:00,145.63266292576304,149.03266292576305,19.540083647930444
2023-02-18 15:00:00,145.63203861297222,149.03203861297223,19.523600313274695
2023-02-18 16:00:00,145.63087057670663,149.03087057670663,19.49277633802497
2023-02-18 17:00:00,145.6199184089782,149.0199184089782,19.204702062783
2023-02-18 18:00:00,145.6110643568464,149.01106435684642,18.940472723855212
2023-02-18 19:00:00,145.6056703500466,149.0056703500466,18.803428755470016
2023-02-18 20:00:00,145.60500020271758,149.00500020271758,18.78643032525825
2023-02-18 21:00:00,145.59526024804958,148.9952602480496,18.540069114543332
2023-02-18 22:00:00,145.59430808032118,148.9943080803212,18.516054938370175
2023-02-18 23:00:00,145.58844803498917,148.98844803498918,18.368535731294823
2023-02-19 00:00:00,145.58766578792975,148.98766578792976,18.3488793747026
2023-02-19 01:00:00,145.57881550460473,148.97881550460474,18.127075770359134
2023-02-19 02:00:00,145.57748930741053,148.97748930741054,18.093931952229916
2023-02-19 03:00:00,145.56930129381092,148.96930129381093,17.889837983574854
2023-02-19 04:00:00,145.57069918274752,148.97069918274752,17.92461611294378
2023-02-19 05:00:00,145.56287509661672,148.96287509661673,17.730308202595953
2023-02-19 06:00:00,145.5644449039557,148.9644449039557,17.769225764232598
2023-02-19 07:00:00,145.5580747566267,148.9580747566267,17.611513420024405
2023-02-19 08:00:00,145.5592706478299,148.9592706478299,17.641078449670783
2023-02-19 09:00:00,145.5490846319637,148.9490846319637,17.389893626958514
2023-02-19 10:00:00,145.55010638037106,148.95010638037107,17.415024666330122
2023-02-19 11:00:00,145.54474833277246,148.94474833277246,17.283399134862144
2023-02-19 12:00:00,145.54130626704105,148.94130626704106,17.19905237083013
2023-02-19 13:00:00,145.53745198824925,148.93745198824925,17.104800444689094
2023-02-19 14:00:00,145.53154765279243,148.93154765279243,16.960818819913328
2023-02-19 15:00:00,145.5294394351988,148.92943943519882,16.90952636985271
2023-02-19 16:00:00,145.5244813876002,148.9244813876002,16.789143267343373
2023-02-19 17:00:00,145.520935326402,148.920935326402,16.703254827767285
2023-02-19 18:00:00,145.52975507707598,148.92975507707598,16.9172019085962
2023-02-19 19:00:00,145.52670313600757,148.92670313600757,16.843045540580373
2023-02-19 20:00:00,145.52492910654178,148.92492910654178,16.799999903646082
2023-02-19 21:00:00,145.52561101361115,148.92561101361116,16.816540708790914
2023-02-19 22:00:00,145.52220302267756,148.92220302267756,16.733939208669575
2023-02-19 23:00:00,145.52476695014636,148.92476695014636,16.79606748529972
2023-02-20 00:00:00,145.52185684814935,148.92185684814936,16.72555787511315
2023-02-20 01:00:00,145.52234286401554,148.92234286401555,16.73732542479541
2023-02-20 02:00:00,145.51265696147937,148.91265696147937,16.503432701417054
2023-02-20 03:00:00,145.51493487308196,148.91493487308196,16.55832069590253
2023-02-20 04:00:00,145.51265262602254,148.91265262602255,16.503328304834156
2023-02-20 05:00:00,145.51264052629213,148.91264052629214,16.503036948120773
2023-02-20 06:00:00,145.51501666682134,148.91501666682134,16.560292933244988
2023-02-20 07:00:00,145.50839046962713,148.90839046962714,16.400824607917357
2023-02-20 08:00:00,145.50665451042593,148.90665451042594,16.359148503450953
2023-02-20 09:00:00,145.50282654215835,148.90282654215835,16.267398369323928
2023-02-20 10:00:00,145.50183253535855,148.90183253535855,16.24360742116679
2023-02-20 11:00:00,145.50302443109493,148.90302443109493,16.272136382938392
2023-02-20 12:00:00,145.49884629283233,148.89884629283233,16.17221732543372
2023-02-20 13:00:00,145.4973759188433,148.8973759188433,16.137112307658334
2023-02-20 14:00:00,145.49378556752026,148.89378556752027,16.05152134080694
2023-02-20 15:00:00,145.48874938165906,148.88874938165907,15.931769913840972
2023-02-20 16:00:00,145.48903328646185,148.88903328646185,15.93851111597719
2023-02-20 17:00:00,145.49159122073044,148.89159122073045,15.999299632552976
2023-02-20 18:00:00,145.48929532952724,148.88929532952724,15.94473423250082
2023-02-20 19:00:00,145.49028733859365,148.89028733859365,15.968301711168227
2023-02-20 20:00:00,145.48353351312187,148.88353351312188,15.808124370656884
2023-02-20 21:00:00,145.48298756525367,148.88298756525367,15.795204607409191
2023-02-20 22:00:00,145.47419367178387,148.87419367178387,15.587681322214245
2023-02-20 23:00:00,145.4760397329821,148.8760397329821,15.631154656704599
2023-02-21 00:00:00,145.47360754258767,148.87360754258768,15.573888557324619
2023-02-21 01:00:00,145.47078556752027,148.87078556752027,15.507550356452168
2023-02-21 02:00:00,145.46791142472446,148.86791142472447,15.440102292333878
2023-02-21 03:00:00,145.46508534086024,148.86508534086025,15.37389675129321
2023-02-21 04:00:00,145.46376924566303,148.86376924566304,15.343103961203502
2023-02-21 05:00:00,145.46730897367104,148.86730897367104,15.42597936856994
2023-02-21 06:00:00,145.46505326379585,148.86505326379586,15.373145947927004
2023-02-21 07:00:00,145.46057147005646,148.86057147005647,15.268388273359125
2023-02-21 08:00:00,145.45451176471448,148.8545117647145,15.127204386723689
2023-02-21 09:00:00,145.4473259755083,148.8473259755083,14.960464730864103
2023-02-21 10:00:00,145.44787825656672,148.84787825656673,14.973253674208628
2023-02-21 11:00:00,145.44849646282734,148.84849646282734,14.987574404628422
2023-02-21 12:00:00,145.44790068495413,148.84790068495414,14.973773131430464
2023-02-21 13:00:00,145.44608270535355,148.84608270535355,14.931690838205204
2023-02-21 14:00:00,145.44752865322175,148.84752865322176,14.965157546858835
2023-02-21 15:00:00,145.44541078695116,148.84541078695116,14.916149373592042
2023-02-21 16:00:00,145.44349480508396,148.84349480508396,14.871868293965443
2023-02-21 17:00:00,145.44028093428017,148.84028093428017,14.797709448126557
2023-02-21 18:00:00,145.43615696147936,148.83615696147936,14.702767695746434
2023-02-21 19:00:00,145.43280102494415,148.83280102494416,14.625688106276153
2023-02-21 20:00:00,145.43238104761016,148.83238104761017,14.616053424024186
2023-02-21 21:00:00,145.43132699547837,148.83132699547838,14.59188364545215
2023-02-21 22:00:00,145.42326706347637,148.82326706347638,14.407596060745512
2023-02-21 23:00:00,145.42017693881337,148.82017693881338,14.337190065080552
2023-02-22 00:00:00,145.41770479375094,148.81770479375095,14.280963611211593
2023-02-22 01:00:00,145.41378447642694,148.81378447642695,14.191981227566135
2023-02-22 02:00:00,145.41776250135953,148.81776250135954,14.282275105223503
2023-02-22 03:00:00,145.41447637216334,148.81447637216334,14.20766953519137
2023-02-22 04:00:00,145.4127121047045,148.8127121047045,14.16767956471864
2023-02-22 05:00:00,145.4088240911049,148.8088240911049,14.079710703662748
2023-02-22 06:00:00,145.4084238644449,148.8084238644449,14.070667757184502
2023-02-22 07:00:00,145.40602763325168,148.8060276332517,14.016574583519391
2023-02-22 08:00:00,145.41202164005148,148.81202164005148,14.152041346079852
2023-02-22 09:00:00,145.41014161738548,148.81014161738548,14.109496048903559
2023-02-22 10:00:00,145.4143457261823,148.8143457261823,14.204706687466809
2023-02-22 11:00:00,145.40736370578287,148.80736370578288,14.046725168126347
2023-02-22 12:00:00,145.40836347912287,148.80836347912287,14.069303578995088
2023-02-22 13:00:00,145.40119721393063,148.80119721393064,13.907784888206159
2023-02-22 14:00:00,145.39196713459964,148.79196713459964,13.700851107856659
2023-02-22 15:00:00,145.39860286714082,148.79860286714083,13.849495584174095
2023-02-22 16:00:00,145.3987448195422,148.7987448195422,13.852682411733506
2023-02-22 17:00:00,145.404088656347,148.804088656347,13.972864617289622
2023-02-22 18:00:00,145.4067967606106,148.8067967606106,14.033927990736956
2023-02-22 19:00:00,145.4017447062122,148.80174470621222,13.92009835424362
2023-02-22 20:00:00,145.39405292380582,148.79405292380582,13.74750491488359
2023-02-22 21:00:00,145.40188322979685,148.80188322979686,13.923214532830062
2023-02-22 22:00:00,145.41756924566303,148.81756924566304,14.277883262262728
2023-02-22 23:00:00,145.41959744059065,148.81959744059066,14.324002031188845
2023-02-23 00:00:00,145.43363762191868,148.83363762191868,14.644888009304006
2023-02-23 01:00:00,145.43762175338148,148.83762175338148,14.736462016749442
2023-02-23 02:00:00,145.4526220933715,148.8526220933715,15.083284668162365
2023-02-23 03:00:00,145.4777941251039,148.87779412510392,15.672514125137699
2023-02-23 04:00:00,145.4892643857629,148.8892643857629,15.943999315475887
2023-02-23 05:00:00,145.49492054895813,148.89492054895814,16.07855866495578
2023-02-23 06:00:00,145.49985861922275,148.89985861922275,16.19640424012931
2023-02-23 07:00:00,145.50155074161916,148.90155074161916,16.23686539350151
2023-02-23 08:00:00,145.50405884588275,148.90405884588276,16.29691214265174
2023-02-23 09:00:00,145.49455907254276,148.89455907254276,16.069945663355906
2023-02-23 10:00:00,145.49529303401056,148.89529303401056,16.087435903597612
2023-02-23 11:00:00,145.49193920853878,148.8919392085388,16.007576606670856
2023-02-23 12:00:00,145.50231312467457,148.90231312467458,16.25510829505022
2023-02-23 13:00:00,145.49803532640198,148.89803532640198,16.15285181705794
2023-02-23 14:00:00,145.498015349068,148.898015349068,16.15237488457526
2023-02-23 15:00:00,145.494495485064,148.894495485064,16.068430737306333
2023-02-23 16:00:00,145.5021174601314,148.9021174601314,16.250425498301148
2023-02-23 17:00:00,145.50767961652681,148.90767961652682,16.383753647858626
2023-02-23 18:00:00,145.50730592705102,148.90730592705103,16.37478244012585
2023-02-23 19:00:00,145.51317818544345,148.91317818544346,16.5159855529072
2023-02-23 20:00:00,145.51571670902808,148.9157167090281,16.57717642247432
2023-02-23 21:00:00,145.52064313288233,148.92064313288233,16.696185526196004
2023-02-23 22:00:00,145.52211561793476,148.92211561793476,16.73182286817707
2023-02-23 23:00:00,145.51846213245298,148.918462132453,16.64345643609788
2023-02-24 00:00:00,145.5174063092478,148.9174063092478,16.617954233032336
2023-02-24 01:00:00,145.51524860163923,148.91524860163923,16.565885932225736
2023-02-24 02:00:00,145.50916891896324,148.90916891896325,16.419527031382348
2023-02-24 03:00:00,145.51319722722087,148.91319722722088,16.51644421616064
2023-02-24 04:00:00,145.51326937228328,148.91326937228328,16.51818203550481
2023-02-24 05:00:00,145.5113797009403,148.9113797009403,16.47268805233731
2023-02-24 06:00:00,145.51232598879852,148.91232598879853,16.49546373188004
2023-02-24 07:00:00,145.51630412706112,148.91630412706112,16.591348972146132
2023-02-24 08:00:00,145.51078837185395,148.91078837185395,16.45846207054883
2023-02-24 09:00:00,145.51391046025134,148.91391046025134,16.533627677685534
2023-02-24 10:00:00,145.52013443305214,148.92013443305214,16.68388094827509
2023-02-24 11:00:00,145.51992255998175,148.91992255998176,16.678757171886566
2023-02-24 12:00:00,145.52439059624737,148.92439059624738,16.786942030538132
2023-02-24 13:00:00,145.52933243531874,148.92933243531874,16.906924744495488
2023-02-24 14:00:00,145.54479413839414,148.94479413839414,17.284522700232174
2023-02-24 15:00:00,145.56164385506912,148.96164385506913,17.69980801450093
2023-02-24 16:00:00,145.57368780520392,148.97368780520392,17.999060755441462
2023-02-24 17:00:00,145.5917377485389,148.9917377485389,18.451291987314722
2023-02-24 18:00:00,145.61684785053592,149.01684785053592,19.087854165179966
2023-02-24 19:00:00,145.6447919140007,149.0447919140007,19.861420526655426
2023-02-24 20:00:00,145.67453586413552,149.07453586413553,20.65828238123659
2023-02-24 21:00:00,145.7009558414695,149.1009558414695,21.376569342524082
2023-02-24 22:00:00,145.7118036737411,149.1118036737411,21.674330117210488
2023-02-24 23:00:00,145.7336334130821,149.1336334130821,22.278514166402907
2023-02-25 00:00:00,145.74482919095527,149.14482919095528,22.590953891993948
2023-02-25 01:00:00,145.72888067870363,149.12888067870364,22.14640668250935
2023-02-25 02:00:00,145.75469666057083,149.15469666057083,22.867765785518746
2023-02-25 03:00:00,145.7641743455134,149.1641743455134,23.13491119396189
2023-02-25 04:00:00,145.7627701233866,149.1627701233866,23.095252397922714
2023-02-25 05:00:00,145.738092211784,149.138092211784,22.402736949283163
2023-02-25 06:00:00,145.768702200451,149.168702200451,23.262974598661618
2023-02-25 07:00:00,145.77165391485937,149.17165391485938,23.346611488513737
2023-02-25 08:00:00,145.76590174713095,149.16590174713096,23.18373472553368
2023-02-25 09:00:00,145.77294780832915,149.17294780832916,23.383311829113417
2023-02-25 10:00:00,145.76335779699616,149.16335779699617,23.111846480062482
2023-02-25 11:00:00,145.76427366553335,149.16427366553336,23.137717273890495
2023-02-25 12:00:00,145.76533559526874,149.16533559526874,23.167728391136325
2023-02-25 13:00:00,145.77100951140454,149.17100951140455,23.328342059129156
2023-02-25 14:00:00,145.76476133914292,149.16476133914293,23.1514974493548
2023-02-25 15:00:00,145.76131116914792,149.16131116914792,23.05407666239047
2023-02-25 16:00:00,145.7665190467515,149.16651904675152,23.201192156213963
2023-02-25 17:00:00,145.7456411351489,149.1456411351489,22.613680411274757
2023-02-25 18:00:00,145.75864513061572,149.15864513061572,22.978909605671323
2023-02-25 19:00:00,145.7556810898169,149.1556810898169,22.89545589675564
2023-02-25 20:00:00,145.74522715101511,149.14522715101512,22.602091750607133
2023-02-25 21:00:00,145.74456299688632,149.14456299688632,22.5835050437072
2023-02-25 22:00:00,145.74016899008652,149.14016899008652,22.46069057633484
2023-02-25 23:00:00,145.74310084049088,149.1431008404909,22.542607376683726
2023-02-26 00:00:00,145.7288328042253,149.1288328042253,22.145077557837595
2023-02-26 01:00:00,145.7313507838259,149.1313507838259,22.21502674971371
2023-02-26 02:00:00,145.72087275889328,149.12087275889328,21.92452923097629
2023-02-26 03:00:00,145.7152067203611,149.1152067203611,21.76807916008828
2023-02-26 04:00:00,145.71287064782987,149.11287064782988,21.703706301311186
2023-02-26 05:00:00,145.70666265689627,149.10666265689628,21.533009613826394
2023-02-26 06:00:00,145.70542258889827,149.10542258889828,21.498976976596776
2023-02-26 07:00:00,145.70166265689627,149.10166265689628,21.39592043085409
2023-02-26 08:00:00,145.6962927362273,149.0962927362273,21.249079135699134
2023-02-26 09:00:00,145.69272869542849,149.0927286954285,21.151843345640764
2023-02-26 10:00:00,145.68986254356628,149.08986254356628,21.073777144444193
2023-02-26 11:00:00,145.69006642570307,149.09006642570307,21.079326525789526
2023-02-26 12:00:00,145.68504622170906,149.08504622170906,20.94285377622671
2023-02-26 13:00:00,145.68282002451483,149.08282002451483,20.8824487948886
2023-02-26 14:00:00,145.6731118069212,149.07311180692122,20.619845426604275
2023-02-26 15:00:00,145.66425575705603,149.06425575705603,20.38145363304526
2023-02-26 16:00:00,145.6589076981244,149.05890769812441,20.23802924473646
2023-02-26 17:00:00,145.665045541729,149.065045541729,20.40266842166501
2023-02-26 18:00:00,145.656515575728,149.056515575728,20.174008434444595
2023-02-26 19:00:00,145.6544115802612,149.05441158026122,20.117765904349692
2023-02-26 20:00:00,145.6448975961274,149.0448975961274,19.864229602859467
2023-02-26 21:00:00,145.6472674034664,149.0472674034664,19.927261821904157
2023-02-26 22:00:00,145.6396314442652,149.0396314442652,19.72444644863066
2023-02-26 23:00:00,145.6344274487984,149.0344274487984,19.58670131238728
2023-02-27 00:00:00,145.63691323800458,149.0369132380046,19.652449774171018
2023-02-27 01:00:00,145.63184697281235,149.03184697281236,19.51854167588306
2023-02-27 02:00:00,145.63076284134956,149.03076284134957,19.489934229613613
2023-02-27 03:00:00,145.62606250135954,149.02606250135955,19.366098543321375
2023-02-27 04:00:00,145.61909423843392,149.01909423843392,19.183093398797148
2023-02-27 05:00:00,145.61650776924768,149.01650776924768,19.079175192257807
2023-02-27 06:00:00,145.61054972164908,149.01054972164908,18.927380361735484
2023-02-27 07:00:00,145.61282729326163,149.01282729326164,18.985349417104604
2023-02-27 08:00:00,145.61234904166903,149.01234904166904,18.973171012854685
2023-02-27 09:00:00,145.6098925384838,149.0098925384838,18.910666832608612
2023-02-27 10:00:00,145.60562781770494,149.00562781770495,18.802349730780193
2023-02-27 11:00:00,145.6030335842451,149.00303358424512,18.736582137219916
2023-02-27 12:00:00,145.60259894279727,149.00259894279728,18.72557236103795
2023-02-27 13:00:00,145.59336652574285,148.99336652574286,18.492320675563484
2023-02-27 14:00:00,145.59203765083518,148.9920376508352,18.45884374943246
2023-02-27 15:00:00,145.58810357603738,148.9881035760374,18.35987910634053
2023-02-27 16:00:00,145.5771678434962,148.9771678434962,18.085901701459186
2023-02-27 17:00:00,145.57944831948222,148.97944831948223,18.14289938986136
2023-02-27 18:00:00,145.58844477733547,148.98844477733547,18.368453855298732
2023-02-27 19:00:00,145.60129506066048,149.00129506066048,18.69255963408587
2023-02-27 20:00:00,145.6150413485187,149.0150413485187,19.04176979512192
2023-02-27 21:00:00,145.61165567264254,149.01165567264255,18.955520317194612
2023-02-27 22:00:00,145.61572393556816,149.01572393556816,19.059177543489632
2023-02-27 23:00:00,145.61230629595758,149.0123062959576,18.972082669853304
2023-02-28 00:00:00,145.6095766699466,149.0095766699466,18.902635743102703
2023-02-28 01:00:00,145.60571108473442,149.00571108473443,18.804462197781646
2023-02-28 02:00:00,145.61428123206343,149.01428123206344,19.02239233336182
2023-02-28 03:00:00,145.62721741792467,149.02721741792467,19.396496843285128
2023-02-28 04:00:00,145.64185160605246,149.04185160605246,19.78332961263801
2023-02-28 05:00:00,145.66241387577787,149.06241387577788,20.332012276837858
2023-02-28 06:00:00,145.6820162135013,149.0820162135013,20.860655574523513
2023-02-28 07:00:00,145.69805239936252,149.09805239936253,21.29715282992556
2023-02-28 08:00:00,145.70560679148434,149.10560679148435,21.504030902000554
2023-02-28 09:00:00,145.72131689348134,149.12131689348135,21.936811565617145
2023-02-28 10:00:00,145.71705519040597,149.11705519040598,21.81906966560478
2023-02-28 11:00:00,145.7125193445348,149.1125193445348,21.694032378164582
2023-02-28 12:00:00,145.7071674034664,149.1071674034664,21.546868129858435
2023-02-28 13:00:00,145.7014074714644,149.1014074714644,21.38893319395367
2023-02-28 14:00:00,145.699115349068,149.099115349068,21.326213482813575
2023-02-28 15:00:00,145.68896940119978,149.0889694011998,21.049473970127885
2023-02-28 16:00:00,145.68770125160418,149.0877012516042,21.014985799540188
2023-02-28 17:00:00,145.6915811609402,149.0915811609402,21.12057375984526
2023-02-28 18:00:00,145.68889514507399,149.088895145074,21.04745390198629
2023-02-28 19:00:00,145.68572134226818,149.0857213422682,20.96118608885815
2023-02-28 20:00:00,145.69521323800458,149.0952132380046,21.219608939879045
2023-02-28 21:00:00,145.70408715414038,149.1040871541404,21.462351161618926
2023-02-28 22:00:00,145.70127716547339,149.1012771654734,21.385365635363407
2023-02-28 23:00:00,145.7079891518738,149.1079891518738,21.569437999468104
2023-03-01 00:00:00,145.71984297734556,149.11984297734557,21.89606169017378
2023-03-01 01:00:00,145.75074086628214,149.15074086628215,22.756632056192036
2023-03-01 02:00:00,145.80718070762015,149.20718070762015,24.36265494349109
2023-03-01 03:00:00,145.91278247869354,149.31278247869355,28.22525682676292
2023-03-01 04:00:00,146.0183422973655,149.4183422973655,30.084763081240194
2023-03-01 05:00:00,146.0752381885687,149.4752381885687,31.444991516074204
2023-03-01 06:00:00,146.11567226336652,149.51567226336653,32.37950682789117
2023-03-01 07:00:00,146.1434082225677,149.5434082225677,33.3686032474029
2023-03-01 08:00:00,146.17158036763013,149.57158036763013,34.38540453327627
2023-03-01 09:00:00,146.13778647416032,149.53778647416033,33.167163853528514
2023-03-01 10:00:00,146.16954252402553,149.56954252402554,34.31144454467389
2023-03-01 11:00:00,146.19841444242792,149.59841444242792,35.36523107411388
2023-03-01 12:00:00,146.2169843630969,149.61698436309692,36.049730853909956
2023-03-01 13:00:00,146.2250500616391,149.62505006163912,36.34867096488813
2023-03-01 14:00:00,146.1923779165767,149.5923779165767,35.143852290203306
2023-03-01 15:00:00,146.21661165138448,149.6166116513845,36.035940864784244
2023-03-01 16:00:00,146.20110354712085,149.60110354712086,35.464028133024485
2023-03-01 17:00:00,146.21224749725565,149.61224749725565,35.87462827215675
2023-03-01 18:00:00,146.20285725926266,149.60285725926266,35.528518475334174
2023-03-01 19:00:00,146.20240931366104,149.60240931366104,35.51204143786153
2023-03-01 20:00:00,146.18821553352126,149.58821553352126,34.99152840026972
2023-03-01 21:00:00,146.1859359641753,149.5859359641753,34.90821894443258
2023-03-01 22:00:00,146.1797162135013,149.5797162135013,34.6813153260397
2023-03-01 23:00:00,146.1471941251039,149.5471941251039,33.50453510397451
