x,y,id,time_series_id,monitoring_location_id,parameter_code,statistic_id,time,value,unit_of_measure,approval_status,qualifier,last_modified
,,a3fa39ff-3f4f-4c1e-bf87-4b90c430488d,0c49166273014487baa157c538b5a932,USGS-03274615,00065,00011,2023-03-02 04:45:00+00:00,4.46,ft,Approved,,2025-09-01 20:21:53.716170+00:00
,,8d8c5ff1-68d1-4193-b5c4-fd8bd6530a60,0c49166273014487baa157c538b5a932,USGS-03274615,00065,00011,2023-03-02 04:30:00+00:00,4.45,ft,Approved,,2025-09-01 20:21:53.716170+00:00
,,818fab22-fd58-41d9-8506-dc5ebab9102c,0c49166273014487baa157c538b5a932,USGS-03274615,00065,00011,2023-03-02 04:15:00+00:00,4.49,ft,Approved,,2025-09-01 20:21:53.716170+00:00
,,0ef88abd-a3a1-4026-92ed-034e288e4c03,0c49166273014487baa157c538b5a932,USGS-03274615,00065,00011,2023-03-02 04:00:00+00:00,4.50,ft,Approved,,2025-09-01 20:21:53.716170+00:00
,,35c7ae5e-7e60-43c3-93bb-2b6e1d6e204b,0c49166273014487baa157c538b5a932,USGS-03274615,00065,00011,2023-03-02 03:45:00+00:00,4.48,ft,Approved,,2025-09-01 20:21:53.716170+00:00
,,61bd0516-1a61-4088-8119-5a76061b36d6,0c49166273014487baa157c538b5a932,USGS-03274615,00065,00011,2023-03-02 03:30:00+00:00,4.48,ft,Approved,,2025-09-01 20:21:53.716170+00:00
,,eea6a48b-61a8-4d1c-89c1-b48de1b86dea,0c49166273014487baa157c538b5a932,USGS-03274615,00065,00011,2023-03-02 03:15:00+00:00,4.51,ft,Approved,,2025-09-01 20:21:53.716170+00:00
,,453f0bab-9c2e-4047-8bca-b3976f457051,0c49166273014487baa157c538b5a932,USGS-03274615,00065,00011,2023-03-02 03:00:00+00:00,4.52,ft,Approved,,2025-09-01 20:21:53.716170+00:00
,,fed2ef54-1f7f-4682-994b-28e388791bd7,0c49166273014487baa157c538b5a932,USGS-03274615,00065,00011,2023-03-02 02:45:00+00:00,4.49,ft,Approved,,2025-09-01 20:21:53.716170+00:00
,,5cc036ce-7631-4878-a21e-1268d0e27349,0c49166273014487baa157c538b5a932,USGS-03274615,00065,00011,2023-03-02 02:30:00+00:00,4.52,ft,Approved,,2025-09-01 20:21:53.716170+00:00
,,727f015f-b82e-42af-9109-fe32dda93665,0c49166273014487baa157c538b5a932,USGS-03274615,00065,00011,2023-03-02 02:15:00+00:00,4.51,ft,Approved,,2025-09-01 20:21:53.716170+00:00
,,388e3cac-2cda-47d1-b83c-6868d0da7df1,0c49166273014487baa157c538b5a932,USGS-03274615,00065,00011,2023-03-02 02:00:00+00:00,4.52,ft,Approved,,2025-09-01 20:21:53.716170+00:00
,,17e1403f-eb26-4f53-bbf1-c2a79daee584,0c49166273014487baa157c538b5a932,USGS-03274615,00065,00011,2023-03-02 01:45:00+00:00,4.53,ft,Approved,,2025-09-01 20:21:53.716170+00:00
,,99ca762e-57f6-4b82-aa84-cc51731bfa24,0c49166273014487baa157c538b5a932,USGS-03274615,00065,00011,2023-03-02 01:30:00+00:00,4.54,ft,Approved,,2025-09-01 20:21:53.716170+00:00
,,ffabb3ed-5e51-4a7e-8ff8-dd934c3ed13f,0c49166273014487baa157c538b5a932,USGS-03274615,00065,00011,2023-03-02 01:15:00+00:00,4.56,ft,Approved,,2025-09-01 20:21:53.716170+00:00
,,62a817d1-34fe-4aaa-a4a9-246be82dbbee,0c49166273014487baa157c538b5a932,USGS-03274615,00065,00011,2023-03-02 01:00:00+00:00,4.55,ft,Approved,,2025-09-01 20:21:53.716170+00:00
,,fe78fd63-20d0-4e09-a50d-db0533f82bf2,0c49166273014487baa157c538b5a932,USGS-03274615,00065,00011,2023-03-02 00:45:00+00:00,4.52,ft,Approved,,2025-09-01 20:21:53.716170+00:00
,,8d39867a-e813-4f79-9561-ce690c38b075,0c49166273014487baa157c538b5a932,USGS-03274615,00065,00011,2023-03-02 00:30:00+00:00,4.55,ft,Approved,,2025-09-01 20:21:53.716170+00:00
,,c9a78d45-6007-4919-ab11-0967704a3bcb,0c49166273014487baa157c538b5a932,USGS-03274615,00065,00011,2023-03-02 00:15:00+00:00,4.55,ft,Approved,,2025-09-01 20:21:53.716170+00:00
,,8e6b2016-5a5a-4719-a8dd-ac9c5da8206f,0c49166273014487baa157c538b5a932,USGS-03274615,00065,00011,2023-03-02 00:00:00+00:00,4.56,ft,Approved,,2025-09-01 20:21:53.716170+00:00
,,bed814f5-11ee-4801-a41b-c41fbea43f3d,0c49166273014487baa157c538b5a932,USGS-03274615,00065,00011,2023-03-01 23:45:00+00:00,4.55,ft,Approved,,2025-09-01 20:21:53.716170+00:00
,,0916356f-5c83-4fde-b1c7-8aeb975b5c1a,0c49166273014487baa157c538b5a932,USGS-03274615,00065,00011,2023-03-01 23:30:00+00:00,4.59,ft,Approved,,2025-09-01 20:21:53.716170+00:00
,,b7bc38be-0432-4157-a2e5-4567ab79c7e2,0c49166273014487baa157c538b5a932,USGS-03274615,00065,00011,2023-03-01 23:15:00+00:00,4.59,ft,Approved,,2025-09-01 20:21:53.716170+00:00
,,174859b3-484f-480e-98df-a2f9de5ac166,0c49166273014487baa157c538b5a932,USGS-03274615,00065,00011,2023-03-01 23:00:00+00:00,4.53,ft,Approved,,2025-09-01 20:21:53.716170+00:00
,,baf0e3be-c06a-457b-a687-113335eec129,0c49166273014487baa157c538b5a932,USGS-03274615,00065,00011,2023-03-01 22:45:00+00:00,4.55,ft,Approved,,2025-09-01 20:21:53.716170+00:00
,,3fd0ffee-e4cc-4992-b738-07b825398715,0c49166273014487baa157c538b5a932,USGS-03274615,00065,00011,2023-03-01 22:30:00+00:00,4.56,ft,Approved,,2025-09-01 20:21:53.716170+00:00
,,78d9a505-a18c-4640-9fac-dd44dc1614c2,0c49166273014487baa157c538b5a932,USGS-03274615,00065,00011,2023-03-01 22:15:00+00:00,4.58,ft,Approved,,2025-09-01 20:21:53.716170+00:00
,,192f7897-36be-4ee5-8f21-e10e7123d55e,0c49166273014487baa157c538b5a932,USGS-03274615,00065,00011,2023-03-01 22:00:00+00:00,4.47,ft,Approved,,2025-09-01 20:21:53.716170+00:00
,,b2f2c369-631f-4c0b-9350-2bc97a9fed92,0c49166273014487baa157c538b5a932,USGS-03274615,00065,00011,2023-03-01 21:45:00+00:00,4.50,ft,Approved,,2025-09-01 20:21:53.716170+00:00
,,f430be16-54c9-49f5-a303-28a5ccfe43a0,0c49166273014487baa157c538b5a932,USGS-03274615,00065,00011,2023-03-01 21:30:00+00:00,4.59,ft,Approved,,2025-09-01 20:21:53.716170+00:00
,,34fd5a6e-058d-47ed-b04c-8d4c8d96afed,0c49166273014487baa157c538b5a932,USGS-03274615,00065,00011,2023-03-01 21:15:00+00:00,4.59,ft,Approved,,2025-09-01 20:21:53.716170+00:00
,,f386adec-41f7-4375-aeba-233b05a81ef0,0c49166273014487baa157c538b5a932,USGS-03274615,00065,00011,2023-03-01 21:00:00+00:00,4.54,ft,Approved,,2025-09-01 20:21:53.716170+00:00
,,46cbd71f-1ac5-42b1-b286-02f80c3edd05,0c49166273014487baa157c538b5a932,USGS-03274615,00065,00011,2023-03-01 20:45:00+00:00,4.62,ft,Approved,,2025-09-01 20:21:53.716170+00:00
,,8c3e4e9e-4a26-46cd-9f4a-fda41166123e,0c49166273014487baa157c538b5a932,USGS-03274615,00065,00011,2023-03-01 20:30:00+00:00,4.51,ft,Approved,,2025-09-01 20:21:53.716170+00:00
,,f3be1b85-0f92-4d92-9ea7-0bde38dabe7c,0c49166273014487baa157c538b5a932,USGS-03274615,00065,00011,2023-03-01 20:15:00+00:00,4.54,ft,Approved,,2025-09-01 20:21:53.716170+00:00
,,cd24871c-2287-4811-b102-471889e400b2,0c49166273014487baa157c538b5a932,USGS-03274615,00065,00011,2023-03-01 20:00:00+00:00,4.55,ft,Approved,,2025-09-01 20:21:53.716170+00:00
,,f57b53fd-c029-440d-bd3c-969f5551d2b0,0c49166273014487baa157c538b5a932,USGS-03274615,00065,00011,2023-03-01 19:45:00+00:00,4.59,ft,Approved,,2025-09-01 20:21:53.716170+00:00
,,1c3e8ac7-a7ba-4f9d-a57b-75bd67f165f0,0c49166273014487baa157c538b5a932,USGS-03274615,00065,00011,2023-03-01 19:30:00+00:00,4.61,ft,Approved,,2025-09-01 20:21:53.716170+00:00
,,e99b506b-dc4b-45df-b407-dc616f5390a4,0c49166273014487baa157c538b5a932,USGS-03274615,00065,00011,2023-03-01 19:15:00+00:00,4.60,ft,Approved,,2025-09-01 20:21:53.716170+00:00
,,dc1e5c2f-0599-4272-84c6-2c115f7f441a,0c49166273014487baa157c538b5a932,USGS-03274615,00065,00011,2023-03-01 19:00:00+00:00,4.61,ft,Approved,,2025-09-01 20:21:53.716170+00:00
,,40bc02c6-0f5f-45ce-86b6-3c9bfc161a1a,0c49166273014487baa157c538b5a932,USGS-03274615,00065,00011,2023-03-01 18:45:00+00:00,4.61,ft,Approved,,2025-09-01 20:21:53.716170+00:00
,,c35af088-0c86-4563-8a11-91eb450d4dff,0c49166273014487baa157c538b5a932,USGS-03274615,00065,00011,2023-03-01 18:30:00+00:00,4.62,ft,Approved,,2025-09-01 20:21:53.716170+00:00
,,99a0595e-6ca1-4b87-a7f1-efe60944f1c8,0c49166273014487baa157c538b5a932,USGS-03274615,00065,00011,2023-03-01 18:15:00+00:00,4.64,ft,Approved,,2025-09-01 20:21:53.716170+00:00
,,c4e94f71-9821-41db-973b-4dd29d6e875f,0c49166273014487baa157c538b5a932,USGS-03274615,00065,00011,2023-03-01 18:00:00+00:00,4.63,ft,Approved,,2025-09-01 20:21:53.716170+00:00
,,f3d1647c-c110-4bbf-98b5-c59b35dbf78d,0c49166273014487baa157c538b5a932,USGS-03274615,00065,00011,2023-03-01 17:45:00+00:00,4.58,ft,Approved,,2025-09-01 20:21:53.716170+00:00
,,ec967ce8-e159-42f3-a9a6-34de821271ee,0c49166273014487baa157c538b5a932,USGS-03274615,00065,00011,2023-03-01 17:30:00+00:00,4.62,ft,Approved,,2025-09-01 20:21:53.716170+00:00
,,a4131442-cf7a-4be8-8623-da3c4c5bf037,0c49166273014487baa157c538b5a932,USGS-03274615,00065,00011,2023-03-01 17:15:00+00:00,4.63,ft,Approved,,2025-09-01 20:21:53.716170+00:00
,,92bb6712-ba3a-48d2-97b1-7f13930f9e32,0c49166273014487baa157c538b5a932,USGS-03274615,00065,00011,2023-03-01 17:00:00+00:00,4.60,ft,Approved,,2025-09-01 20:21:53.716170+00:00
,,5315967d-48bf-4395-90f4-104dbc429556,0c49166273014487baa157c538b5a932,USGS-03274615,00065,00011,2023-03-01 16:45:00+00:00,4.61,ft,Approved,,2025-09-01 20:21:53.716170+00:00
,,76161a8b-1b2d-48d1-ac1e-807b78945ae5,0c49166273014487baa157c538b5a932,USGS-03274615,00065,00011,2023-03-01 16:30:00+00:00,4.61,ft,Approved,,2025-09-01 20:21:53.716170+00:00
,,1382af6a-96ad-42fd-a91b-955699754db5,0c49166273014487baa157c538b5a932,USGS-03274615,00065,00011,2023-03-01 16:15:00+00:00,4.61,ft,Approved,,2025-09-01 20:21:53.716170+00:00
,,4590da3d-19c7-4c9c-888f-2d48ba08f990,0c49166273014487baa157c538b5a932,USGS-03274615,00065,00011,2023-03-01 16:00:00+00:00,4.55,ft,Approved,,2025-09-01 20:21:53.716170+00:00
,,9337d0a6-e76a-40fd-a19d-c096d10502e0,0c49166273014487baa157c538b5a932,USGS-03274615,00065,00011,2023-03-01 15:45:00+00:00,4.63,ft,Approved,,2025-09-01 20:21:53.716170+00:00
,,0852d872-7840-4e4b-9d96-c8ca9fc52b09,0c49166273014487baa157c538b5a932,USGS-03274615,00065,00011,2023-03-01 15:30:00+00:00,4.60,ft,Approved,,2025-09-01 20:21:53.716170+00:00
,,a1c01d00-c7a7-4a56-9801-4d1618e98087,0c49166273014487baa157c538b5a932,USGS-03274615,00065,00011,2023-03-01 15:15:00+00:00,4.59,ft,Approved,,2025-09-01 20:21:53.716170+00:00
,,00aa4773-1a3b-4b85-93cd-5357b0cbd157,0c49166273014487baa157c538b5a932,USGS-03274615,00065,00011,2023-03-01 15:00:00+00:00,4.63,ft,Approved,,2025-09-01 20:21:53.716170+00:00
,,a9dff936-55b2-4e51-9623-9907decf9bf6,0c49166273014487baa157c538b5a932,USGS-03274615,00065,00011,2023-03-01 14:45:00+00:00,4.60,ft,Approved,,2025-09-01 20:21:53.716170+00:00
,,12e037ad-7c2b-4f7f-9886-a61f9f3724be,0c49166273014487baa157c538b5a932,USGS-03274615,00065,00011,2023-03-01 14:30:00+00:00,4.57,ft,Approved,,2025-09-01 20:21:53.716170+00:00
,,80fa439a-afd6-4f06-817a-3f9f1c18c13b,0c49166273014487baa157c538b5a932,USGS-03274615,00065,00011,2023-03-01 14:15:00+00:00,4.61,ft,Approved,,2025-09-01 20:21:53.716170+00:00
,,a02f2044-1dd1-47e0-a5e4-8302e0144b69,0c49166273014487baa157c538b5a932,USGS-03274615,00065,00011,2023-03-01 14:00:00+00:00,4.56,ft,Approved,,2025-09-01 20:21:53.716170+00:00
,,ae00546b-df84-4a65-bfb3-2023a356b46f,0c49166273014487baa157c538b5a932,USGS-03274615,00065,00011,2023-03-01 13:45:00+00:00,4.53,ft,Approved,,2025-09-01 20:21:53.716170+00:00
,,4ccd937c-b72a-4494-98c9-54de093f9ba1,0c49166273014487baa157c538b5a932,USGS-03274615,00065,00011,2023-03-01 13:30:00+00:00,4.55,ft,Approved,,2025-09-01 20:21:53.716170+00:00
,,20d373a9-0072-4a2d-aea9-b444e1765c70,0c49166273014487baa157c538b5a932,USGS-03274615,00065,00011,2023-03-01 13:15:00+00:00,4.55,ft,Approved,,2025-09-01 20:21:53.716170+00:00
,,febb504f-fb56-48f3-b12e-045ff5f6bc75,0c49166273014487baa157c538b5a932,USGS-03274615,00065,00011,2023-03-01 13:00:00+00:00,4.52,ft,Approved,,2025-09-01 20:21:53.716170+00:00
,,3edb4b56-50b0-465d-9215-9f0da0c55948,0c49166273014487baa157c538b5a932,USGS-03274615,00065,00011,2023-03-01 12:45:00+00:00,4.49,ft,Approved,,2025-09-01 20:21:53.716170+00:00
,,6f385c4a-6140-453b-8bbf-b88447144387,0c49166273014487baa157c538b5a932,USGS-03274615,00065,00011,2023-03-01 12:30:00+00:00,4.46,ft,Approved,,2025-09-01 20:21:53.716170+00:00
,,1f2cccef-cedc-4ae2-a3df-0fa68ba0704c,0c49166273014487baa157c538b5a932,USGS-03274615,00065,00011,2023-03-01 12:15:00+00:00,4.46,ft,Approved,,2025-09-01 20:21:53.716170+00:00
,,a7360aaf-8162-4012-aa47-42afeb76feec,0c49166273014487baa157c538b5a932,USGS-03274615,00065,00011,2023-03-01 12:00:00+00:00,4.42,ft,Approved,,2025-09-01 20:21:53.716170+00:00
,,291dd125-4afc-4191-bbae-587a133a788f,0c49166273014487baa157c538b5a932,USGS-03274615,00065,00011,2023-03-01 11:45:00+00:00,4.37,ft,Approved,,2025-09-01 20:21:53.716170+00:00
,,d5b3f509-fbda-4c36-93e8-ee598ad9cb1d,0c49166273014487baa157c538b5a932,USGS-03274615,00065,00011,2023-03-01 11:30:00+00:00,4.37,ft,Approved,,2025-09-01 20:21:53.716170+00:00
,,f49422b4-14f1-47f5-ae88-bdc863034f85,0c49166273014487baa157c538b5a932,USGS-03274615,00065,00011,2023-03-01 11:15:00+00:00,4.34,ft,Approved,,2025-09-01 20:21:53.716170+00:00
,,fcadf423-58c0-4ae7-a965-51d471bb0770,0c49166273014487baa157c538b5a932,USGS-03274615,00065,00011,2023-03-01 11:00:00+00:00,4.27,ft,Approved,,2025-09-01 20:21:53.716170+00:00
,,1b878c5e-403f-4456-8d07-a907d4f69625,0c49166273014487baa157c538b5a932,USGS-03274615,00065,00011,2023-03-01 10:45:00+00:00,4.23,ft,Approved,,2025-09-01 20:21:53.716170+00:00
,,1bce41f5-506c-4024-959b-7bab56a3c601,0c49166273014487baa157c538b5a932,USGS-03274615,00065,00011,2023-03-01 10:30:00+00:00,4.15,ft,Approved,,2025-09-01 20:21:53.716170+00:00
,,846c5aec-68ea-427d-bd7a-29222370999b,0c49166273014487baa157c538b5a932,USGS-03274615,00065,00011,2023-03-01 10:15:00+00:00,4.11,ft,Approved,,2025-09-01 20:21:53.716170+00:00
,,b53533cd-c5c8-4a53-bdb7-74f414885942,0c49166273014487baa157c538b5a932,USGS-03274615,00065,00011,2023-03-01 10:00:00+00:00,4.07,ft,Approved,,2025-09-01 20:21:53.716170+00:00
,,6601f1ef-0807-431d-a6cb-4f0b68bdbdd0,0c49166273014487baa157c538b5a932,USGS-03274615,00065,00011,2023-03-01 09:45:00+00:00,3.99,ft,Approved,,2025-09-01 20:21:53.716170+00:00
,,4181cc8f-2180-452c-8381-37eac3d38368,0c49166273014487baa157c538b5a932,USGS-03274615,00065,00011,2023-03-01 09:30:00+00:00,3.92,ft,Approved,,2025-09-01 20:21:53.716170+00:00
,,f617403b-1e95-434c-a2b3-216604f3cd55,0c49166273014487baa157c538b5a932,USGS-03274615,00065,00011,2023-03-01 09:15:00+00:00,3.83,ft,Approved,,2025-09-01 20:21:53.716170+00:00
,,a80141ba-4464-47d9-895f-107929a0710d,0c49166273014487baa157c538b5a932,USGS-03274615,00065,00011,2023-03-01 09:00:00+00:00,3.76,ft,Approved,,2025-09-01 20:21:53.716170+00:00
,,15fa146e-9bb8-47c3-8d73-fd6be008c7fa,0c49166273014487baa157c538b5a932,USGS-03274615,00065,00011,2023-03-01 08:45:00+00:00,3.66,ft,Approved,,2025-09-01 20:21:53.716170+00:00
,,d6935a0c-40d9-4a20-8ec6-afe9bec60139,0c49166273014487baa157c538b5a932,USGS-03274615,00065,00011,2023-03-01 08:30:00+00:00,3.58,ft,Approved,,2025-09-01 20:21:53.716170+00:00
,,c1894bc0-8f8e-498b-83a8-45c735ce6f6f,0c49166273014487baa157c538b5a932,USGS-03274615,00065,00011,2023-03-01 08:15:00+00:00,3.50,ft,Approved,,2025-09-01 20:21:53.716170+00:00
,,fb0f6e81-cc51-477c-b16c-da2d37cbd3d2,0c49166273014487baa157c538b5a932,USGS-03274615,00065,00011,2023-03-01 08:00:00+00:00,3.40,ft,Approved,,2025-09-01 20:21:53.716170+00:00
,,25b92b60-ca04-4c5a-866e-b0320a5e89dc,0c49166273014487baa157c538b5a932,USGS-03274615,00065,00011,2023-03-01 07:45:00+00:00,3.32,ft,Approved,,2025-09-01 20:21:53.716170+00:00
,,9face1e0-d9fb-40fc-9440-491ecf1abe75,0c49166273014487baa157c538b5a932,USGS-03274615,00065,00011,2023-03-01 07:30:00+00:00,3.24,ft,Approved,,2025-09-01 20:21:53.716170+00:00
,,57d53fa0-a146-4978-a876-4a885b263629,0c49166273014487baa157c538b5a932,USGS-03274615,00065,00011,2023-03-01 07:15:00+00:00,3.17,ft,Approved,,2025-09-01 20:21:53.716170+00:00
,,2fc19a82-45f5-418c-a858-69f6eb1dfd15,0c49166273014487baa157c538b5a932,USGS-03274615,00065,00011,2023-03-01 07:00:00+00:00,3.10,ft,Approved,,2025-09-01 20:21:53.716170+00:00
,,fea1a000-e772-4e48-baf3-50c860c259ac,0c49166273014487baa157c538b5a932,USGS-03274615,00065,00011,2023-03-01 06:45:00+00:00,3.05,ft,Approved,,2025-09-01 20:21:53.716170+00:00
,,338c6983-ce46-42f3-a437-50c226597b77,0c49166273014487baa157c538b5a932,USGS-03274615,00065,00011,2023-03-01 06:30:00+00:00,3.00,ft,Approved,,2025-09-01 20:21:53.716170+00:00
,,4731536a-abda-402f-b5ff-51787f9a61f7,0c49166273014487baa157c538b5a932,USGS-03274615,00065,00011,2023-03-01 06:15:00+00:00,2.97,ft,Approved,,2025-09-01 20:21:53.716170+00:00
,,0e9fefe5-de56-4126-aab9-ff03ed780dee,0c49166273014487baa157c538b5a932,USGS-03274615,00065,00011,2023-03-01 06:00:00+00:00,2.93,ft,Approved,,2025-09-01 20:21:53.716170+00:00
,,04bec474-06ab-4699-a7da-780fa6a81a85,0c49166273014487baa157c538b5a932,USGS-03274615,00065,00011,2023-03-01 05:45:00+00:00,2.89,ft,Approved,,2025-09-01 20:21:53.716170+00:00
,,8187b6f5-8c79-41a0-b2e3-e3230c52e9d0,0c49166273014487baa157c538b5a932,USGS-03274615,00065,00011,2023-03-01 05:30:00+00:00,2.87,ft,Approved,,2025-09-01 20:21:53.716170+00:00
,,8fbf0858-a623-42f9-baa5-6792744b0f70,0c49166273014487baa157c538b5a932,USGS-03274615,00065,00011,2023-03-01 05:15:00+00:00,2.86,ft,Approved,,2025-09-01 20:21:53.716170+00:00
,,05200894-4f25-4248-a657-048d7180cae3,0c49166273014487baa157c538b5a932,USGS-03274615,00065,00011,2023-03-01 05:00:00+00:00,2.85,ft,Approved,,2025-09-01 20:21:53.716170+00:00
,,1abf1c3b-34b4-4c3f-9fc2-941cdc08ee9a,0c49166273014487baa157c538b5a932,USGS-03274615,00065,00011,2023-03-01 04:45:00+00:00,2.84,ft,Approved,,2025-09-01 20:21:53.716170+00:00
,,08b5f0c9-56ff-4417-844b-1032cec3ccd5,0c49166273014487baa157c538b5a932,USGS-03274615,00065,00011,2023-03-01 04:30:00+00:00,2.83,ft,Approved,,2025-09-01 20:21:53.716170+00:00
,,0b2f92c3-3c61-4c43-a095-9bf574ee6838,0c49166273014487baa157c538b5a932,USGS-03274615,00065,00011,2023-03-01 04:15:00+00:00,2.83,ft,Approved,,2025-09-01 20:21:53.716170+00:00
,,c634c5f8-b7ac-4fe6-a87b-466ef8393224,0c49166273014487baa157c538b5a932,USGS-03274615,00065,00011,2023-03-01 04:00:00+00:00,2.81,ft,Approved,,2025-09-01 20:21:53.716170+00:00
,,2858f7f7-7ef7-4cd5-9b58-c93d497b23e2,0c49166273014487baa157c538b5a932,USGS-03274615,00065,00011,2023-03-01 03:45:00+00:00,2.79,ft,Approved,,2025-09-01 20:21:53.716170+00:00
,,c7a6b402-99f3-47c6-a85d-f671ed5d392a,0c49166273014487baa157c538b5a932,USGS-03274615,00065,00011,2023-03-01 03:30:00+00:00,2.79,ft,Approved,,2025-09-01 20:21:53.716170+00:00
,,0779640b-4b49-45ee-8f0a-be35ff2e2b6f,0c49166273014487baa157c538b5a932,USGS-03274615,00065,00011,2023-03-01 03:15:00+00:00,2.79,ft,Approved,,2025-09-01 20:21:53.716170+00:00
,,74af2b31-886b-49d6-af7a-079626737bef,0c49166273014487baa157c538b5a932,USGS-03274615,00065,00011,2023-03-01 03:00:00+00:00,2.79,ft,Approved,,2025-09-01 20:21:53.716170+00:00
,,a2d7ecde-b5de-48dd-98c0-301711b70ad9,0c49166273014487baa157c538b5a932,USGS-03274615,00065,00011,2023-03-01 02:45:00+00:00,2.78,ft,Approved,,2025-09-01 20:21:53.716170+00:00
,,f37554b2-5fc8-4ac8-8858-15c76751dbc9,0c49166273014487baa157c538b5a932,USGS-03274615,00065,00011,2023-03-01 02:30:00+00:00,2.78,ft,Approved,,2025-09-01 20:21:53.716170+00:00
,,04f39db0-fe20-40ca-8551-c586771524ed,0c49166273014487baa157c538b5a932,USGS-03274615,00065,00011,2023-03-01 02:15:00+00:00,2.78,ft,Approved,,2025-09-01 20:21:53.716170+00:00
,,dac034d8-09e0-4b0a-a80e-1f8718edb8dd,0c49166273014487baa157c538b5a932,USGS-03274615,00065,00011,2023-03-01 02:00:00+00:00,2.78,ft,Approved,,2025-09-01 20:21:53.716170+00:00
,,6f5a1d78-1b4d-437d-83d3-3983cf09000d,0c49166273014487baa157c538b5a932,USGS-03274615,00065,00011,2023-03-01 01:45:00+00:00,2.77,ft,Approved,,2025-09-01 20:21:53.716170+00:00
,,136ac8d1-2ef4-4541-a123-3c3fe9871d54,0c49166273014487baa157c538b5a932,USGS-03274615,00065,00011,2023-03-01 01:30:00+00:00,2.77,ft,Approved,,2025-09-01 20:21:53.716170+00:00
,,32e3b47f-7cbc-46d7-b4ca-d6ab64177428,0c49166273014487baa157c538b5a932,USGS-03274615,00065,00011,2023-03-01 01:15:00+00:00,2.77,ft,Approved,,2025-09-01 20:21:53.716170+00:00
,,111052ac-1dca-492c-b441-d50ecd8c69d4,0c49166273014487baa157c538b5a932,USGS-03274615,00065,00011,2023-03-01 01:00:00+00:00,2.74,ft,Approved,,2025-09-01 20:21:53.716170+00:00
,,37fc95ad-b9cd-431f-ba46-ff7e13629ddd,0c49166273014487baa157c538b5a932,USGS-03274615,00065,00011,2023-03-01 00:45:00+00:00,2.75,ft,Approved,,2025-09-01 20:21:53.716170+00:00
,,fc69d480-da21-45d5-b02d-6d1f72e3081d,0c49166273014487baa157c538b5a932,USGS-03274615,00065,00011,2023-03-01 00:30:00+00:00,2.74,ft,Approved,,2025-09-01 20:21:53.716170+00:00
,,ef22bf23-67dc-42f1-9beb-aeee6288d05c,0c49166273014487baa157c538b5a932,USGS-03274615,00065,00011,2023-03-01 00:15:00+00:00,2.76,ft,Approved,,2025-09-01 20:21:53.716170+00:00
,,d7caf194-1c44-49b5-9a07-fc76424ba833,0c49166273014487baa157c538b5a932,USGS-03274615,00065,00011,2023-03-01 00:00:00+00:00,2.76,ft,Approved,,2025-09-01 20:21:53.716170+00:00
,,cfb0454f-36f9-465c-b1e7-f077a31b320b,0c49166273014487baa157c538b5a932,USGS-03274615,00065,00011,2023-02-28 23:45:00+00:00,2.75,ft,Approved,,2025-09-01 20:21:53.716170+00:00
,,503e074b-b161-4dbc-bb39-6776e848601b,0c49166273014487baa157c538b5a932,USGS-03274615,00065,00011,2023-02-28 23:30:00+00:00,2.75,ft,Approved,,2025-09-01 20:21:53.716170+00:00
,,48bcd306-dab4-441a-88f0-003e958a927c,0c49166273014487baa157c538b5a932,USGS-03274615,00065,00011,2023-02-28 23:15:00+00:00,2.74,ft,Approved,,2025-09-01 20:21:53.716170+00:00
,,1f1df119-b257-43a7-950f-f87913f3d300,0c49166273014487baa157c538b5a932,USGS-03274615,00065,00011,2023-02-28 23:00:00+00:00,2.73,ft,Approved,,2025-09-01 20:21:53.716170+00:00
,,2a682e22-c515-4b35-80c5-a0b9660fd48c,0c49166273014487baa157c538b5a932,USGS-03274615,00065,00011,2023-02-28 22:45:00+00:00,2.75,ft,Approved,,2025-09-01 20:21:53.716170+00:00
,,c1398315-8ccf-40bc-934d-73b9b4aa581d,0c49166273014487baa157c538b5a932,USGS-03274615,00065,00011,2023-02-28 22:30:00+00:00,2.73,ft,Approved,,2025-09-01 20:21:53.716170+00:00
,,19b9ee01-5a20-4d1c-a758-7b3e6d0c5057,0c49166273014487baa157c538b5a932,USGS-03274615,00065,00011,2023-02-28 22:15:00+00:00,2.75,ft,Approved,,2025-09-01 20:21:53.716170+00:00
,,de87c251-80bf-4f9b-9db5-95693af9ee1c,0c49166273014487baa157c538b5a932,USGS-03274615,00065,00011,2023-02-28 22:00:00+00:00,2.73,ft,Approved,,2025-09-01 20:21:53.716170+00:00
,,2eb1b791-69b4-44c4-9826-57bcd4ff1cc0,0c49166273014487baa157c538b5a932,USGS-03274615,00065,00011,2023-02-28 21:45:00+00:00,2.74,ft,Approved,,2025-09-01 20:21:53.716170+00:00
,,be2a59c2-3ceb-41d2-9ff0-bdba0ade34dc,0c49166273014487baa157c538b5a932,USGS-03274615,00065,00011,2023-02-28 21:30:00+00:00,2.75,ft,Approved,,2025-09-01 20:21:53.716170+00:00
,,f23d3afd-16a6-4338-8869-1a97b1e2d8fb,0c49166273014487baa157c538b5a932,USGS-03274615,00065,00011,2023-02-28 21:15:00+00:00,2.76,ft,Approved,,2025-09-01 20:21:53.716170+00:00
,,6778a2d0-bfa6-407f-b570-4fd20f8a4a40,0c49166273014487baa157c538b5a932,USGS-03274615,00065,00011,2023-02-28 21:00:00+00:00,2.74,ft,Approved,,2025-09-01 20:21:53.716170+00:00
,,fa9c220d-843f-4347-a6a1-d9e4aa2e5285,0c49166273014487baa157c538b5a932,USGS-03274615,00065,00011,2023-02-28 20:45:00+00:00,2.76,ft,Approved,,2025-09-01 20:21:53.716170+00:00
,,876f1989-129b-4e09-879f-6d595f6c2c88,0c49166273014487baa157c538b5a932,USGS-03274615,00065,00011,2023-02-28 20:30:00+00:00,2.77,ft,Approved,,2025-09-01 20:21:53.716170+00:00
,,8595a5ac-ddb9-4ada-befe-7966f9f643cb,0c49166273014487baa157c538b5a932,USGS-03274615,00065,00011,2023-02-28 20:15:00+00:00,2.77,ft,Approved,,2025-09-01 20:21:53.716170+00:00
,,fcf26750-a846-4fa8-962d-b502b1ef00f7,0c49166273014487baa157c538b5a932,USGS-03274615,00065,00011,2023-02-28 20:00:00+00:00,2.78,ft,Approved,,2025-09-01 20:21:53.716170+00:00
,,439ed4e8-dde1-444c-8700-1672006abf9d,0c49166273014487baa157c538b5a932,USGS-03274615,00065,00011,2023-02-28 19:45:00+00:00,2.78,ft,Approved,,2025-09-01 20:21:53.716170+00:00
,,f2c1f952-22ff-4ad0-9ca5-19aa8b01e156,0c49166273014487baa157c538b5a932,USGS-03274615,00065,00011,2023-02-28 19:30:00+00:00,2.78,ft,Approved,,2025-09-01 20:21:53.716170+00:00
,,a5b711cb-6001-4f5d-be58-dd961afa6cd0,0c49166273014487baa157c538b5a932,USGS-03274615,00065,00011,2023-02-28 19:15:00+00:00,2.79,ft,Approved,,2025-09-01 20:21:53.716170+00:00
,,7efae548-8f38-4740-8ce2-01083773d53b,0c49166273014487baa157c538b5a932,USGS-03274615,00065,00011,2023-02-28 19:00:00+00:00,2.78,ft,Approved,,2025-09-01 20:21:53.716170+00:00
,,39e923ef-c010-454f-9c34-499c7818b81d,0c49166273014487baa157c538b5a932,USGS-03274615,00065,00011,2023-02-28 18:45:00+00:00,2.80,ft,Approved,,2025-09-01 20:21:53.716170+00:00
,,36ca9dc4-f49e-432b-955e-ae125ad0139a,0c49166273014487baa157c538b5a932,USGS-03274615,00065,00011,2023-02-28 18:30:00+00:00,2.81,ft,Approved,,2025-09-01 20:21:53.716170+00:00
,,e36052e5-bdac-47af-9a69-ed2d1c021000,0c49166273014487baa157c538b5a932,USGS-03274615,00065,00011,2023-02-28 18:15:00+00:00,2.81,ft,Approved,,2025-09-01 20:21:53.716170+00:00
,,7faf9487-47ec-4248-b833-3e0d0e008693,0c49166273014487baa157c538b5a932,USGS-03274615,00065,00011,2023-02-28 18:00:00+00:00,2.80,ft,Approved,,2025-09-01 20:21:53.716170+00:00
,,1eebdbd6-ffc2-42a2-bc80-04bedd37412a,0c49166273014487baa157c538b5a932,USGS-03274615,00065,00011,2023-02-28 17:45:00+00:00,2.80,ft,Approved,,2025-09-01 20:21:53.716170+00:00
,,78823228-eb21-4df2-b874-18fe5a6ed30c,0c49166273014487baa157c538b5a932,USGS-03274615,00065,00011,2023-02-28 17:30:00+00:00,2.83,ft,Approved,,2025-09-01 20:21:53.716170+00:00
,,e2e4793b-fe5c-495e-858a-af332cbde4fe,0c49166273014487baa157c538b5a932,USGS-03274615,00065,00011,2023-02-28 17:15:00+00:00,2.85,ft,Approved,,2025-09-01 20:21:53.716170+00:00
,,79865904-d66a-4428-838f-f1f0c619ff69,0c49166273014487baa157c538b5a932,USGS-03274615,00065,00011,2023-02-28 17:00:00+00:00,2.84,ft,Approved,,2025-09-01 20:21:53.716170+00:00
,,6d550b5c-fa98-4f56-a595-2583ee20ca1f,0c49166273014487baa157c538b5a932,USGS-03274615,00065,00011,2023-02-28 16:45:00+00:00,2.84,ft,Approved,,2025-09-01 20:21:53.716170+00:00
,,602ff52f-d738-4de0-841d-18dadb38438e,0c49166273014487baa157c538b5a932,USGS-03274615,00065,00011,2023-02-28 16:30:00+00:00,2.84,ft,Approved,,2025-09-01 20:21:53.716170+00:00
,,e644a944-4f2c-43fa-8d15-7e9f6fb033f2,0c49166273014487baa157c538b5a932,USGS-03274615,00065,00011,2023-02-28 16:15:00+00:00,2.84,ft,Approved,,2025-09-01 20:21:53.716170+00:00
,,c0a0d1ea-0aba-4293-93cc-a9e392bca745,0c49166273014487baa157c538b5a932,USGS-03274615,00065,00011,2023-02-28 16:00:00+00:00,2.84,ft,Approved,,2025-09-01 20:21:53.716170+00:00
,,a93b0e74-0d3f-44f9-975f-a1fd72d9bc84,0c49166273014487baa157c538b5a932,USGS-03274615,00065,00011,2023-02-28 15:45:00+00:00,2.85,ft,Approved,,2025-09-01 20:21:53.716170+00:00
,,f6ed3102-437a-4bd1-9a63-b10fb004b715,0c49166273014487baa157c538b5a932,USGS-03274615,00065,00011,2023-02-28 15:30:00+00:00,2.85,ft,Approved,,2025-09-01 20:21:53.716170+00:00
,,02fe1bee-6116-433b-8c0f-84cc6520d2b4,0c49166273014487baa157c538b5a932,USGS-03274615,00065,00011,2023-02-28 15:15:00+00:00,2.83,ft,Approved,,2025-09-01 20:21:53.716170+00:00
,,f6d3a8e8-6b0b-466f-9a39-e24cfe467535,0c49166273014487baa157c538b5a932,USGS-03274615,00065,00011,2023-02-28 15:00:00+00:00,2.85,ft,Approved,,2025-09-01 20:21:53.716170+00:00
,,1bfba1f0-66cd-4845-bd4d-b4726099c607,0c49166273014487baa157c538b5a932,USGS-03274615,00065,00011,2023-02-28 14:45:00+00:00,2.85,ft,Approved,,2025-09-01 20:21:53.716170+00:00
,,90d54cc3-493d-4659-a678-358607e45623,0c49166273014487baa157c538b5a932,USGS-03274615,00065,00011,2023-02-28 14:30:00+00:00,2.84,ft,Approved,,2025-09-01 20:21:53.716170+00:00
,,3ad1a268-07d8-4604-8325-9c182b22dd4e,0c49166273014487baa157c538b5a932,USGS-03274615,00065,00011,2023-02-28 14:15:00+00:00,2.86,ft,Approved,,2025-09-01 20:21:53.716170+00:00
,,1d6af9ca-4712-4e69-bc92-e3047035252f,0c49166273014487baa157c538b5a932,USGS-03274615,00065,00011,2023-02-28 14:00:00+00:00,2.85,ft,Approved,,2025-09-01 20:21:53.716170+00:00
,,2ce62f04-568a-42a1-a5c8-efa8547c53ed,0c49166273014487baa157c538b5a932,USGS-03274615,00065,00011,2023-02-28 13:45:00+00:00,2.84,ft,Approved,,2025-09-01 20:21:53.716170+00:00
,,ee4defce-0f71-4209-bef3-b4de79fd9540,0c49166273014487baa157c538b5a932,USGS-03274615,00065,00011,2023-02-28 13:30:00+00:00,2.83,ft,Approved,,2025-09-01 20:21:53.716170+00:00
,,39af3843-73a2-450b-9d2a-f660c914b367,0c49166273014487baa157c538b5a932,USGS-03274615,00065,00011,2023-02-28 13:15:00+00:00,2.81,ft,Approved,,2025-09-01 20:21:53.716170+00:00
,,4a4dbbf3-5f22-4403-9a43-1d5d2b667738,0c49166273014487baa157c538b5a932,USGS-03274615,00065,00011,2023-02-28 13:00:00+00:00,2.82,ft,Approved,,2025-09-01 20:21:53.716170+00:00
,,64dfe1cc-bf50-4e23-801f-48d0867b8c41,0c49166273014487baa157c538b5a932,USGS-03274615,00065,00011,2023-02-28 12:45:00+00:00,2.81,ft,Approved,,2025-09-01 20:21:53.716170+00:00
,,6a445f5b-9f1b-45f0-bdf9-8320ac9cb1a5,0c49166273014487baa157c538b5a932,USGS-03274615,00065,00011,2023-02-28 12:30:00+00:00,2.78,ft,Approved,,2025-09-01 20:21:53.716170+00:00
,,f0119cf5-a524-4cca-bb3a-47edb74bdeff,0c49166273014487baa157c538b5a932,USGS-03274615,00065,00011,2023-02-28 12:15:00+00:00,2.78,ft,Approved,,2025-09-01 20:21:53.716170+00:00
,,06f98522-2fa5-4bce-afeb-8ed9c0d60cbc,0c49166273014487baa157c538b5a932,USGS-03274615,00065,00011,2023-02-28 12:00:00+00:00,2.75,ft,Approved,,2025-09-01 20:21:53.716170+00:00
,,03721bca-39dc-4b6e-a084-a09369adbac3,0c49166273014487baa157c538b5a932,USGS-03274615,00065,00011,2023-02-28 11:45:00+00:00,2.73,ft,Approved,,2025-09-01 20:21:53.716170+00:00
,,249c3421-dfb9-46e5-814d-15d93d3a7019,0c49166273014487baa157c538b5a932,USGS-03274615,00065,00011,2023-02-28 11:30:00+00:00,2.72,ft,Approved,,2025-09-01 20:21:53.716170+00:00
,,21a14907-f926-48b0-9f04-743dc5a12afe,0c49166273014487baa157c538b5a932,USGS-03274615,00065,00011,2023-02-28 11:15:00+00:00,2.70,ft,Approved,,2025-09-01 20:21:53.716170+00:00
,,a7023303-4159-4426-af9e-90fc1246ee78,0c49166273014487baa157c538b5a932,USGS-03274615,00065,00011,2023-02-28 11:00:00+00:00,2.67,ft,Approved,,2025-09-01 20:21:53.716170+00:00
,,3f100f65-1aa3-4455-87fb-71e8af29790f,0c49166273014487baa157c538b5a932,USGS-03274615,00065,00011,2023-02-28 10:45:00+00:00,2.66,ft,Approved,,2025-09-01 20:21:53.716170+00:00
,,e1797ce0-b69f-44fb-aafc-c5377090a48d,0c49166273014487baa157c538b5a932,USGS-03274615,00065,00011,2023-02-28 10:30:00+00:00,2.64,ft,Approved,,2025-09-01 20:21:53.716170+00:00
,,7e3c11f9-44e7-4754-a6a5-15df9277cadc,0c49166273014487baa157c538b5a932,USGS-03274615,00065,00011,2023-02-28 10:15:00+00:00,2.64,ft,Approved,,2025-09-01 20:21:53.716170+00:00
,,6f5e19cf-ddbe-46da-9a05-91f67dcd3be4,0c49166273014487baa157c538b5a932,USGS-03274615,00065,00011,2023-02-28 10:00:00+00:00,2.62,ft,Approved,,2025-09-01 20:21:53.716170+00:00
,,19d3f0f0-e064-40f9-9616-da0f923b2c6a,0c49166273014487baa157c538b5a932,USGS-03274615,00065,00011,2023-02-28 09:45:00+00:00,2.61,ft,Approved,,2025-09-01 20:21:53.716170+00:00
,,9e58ca4d-3538-47b4-8c62-30d9771127b1,0c49166273014487baa157c538b5a932,USGS-03274615,00065,00011,2023-02-28 09:30:00+00:00,2.58,ft,Approved,,2025-09-01 20:21:53.716170+00:00
,,f40c9821-1009-4717-8223-6c608b611d25,0c49166273014487baa157c538b5a932,USGS-03274615,00065,00011,2023-02-28 09:15:00+00:00,2.57,ft,Approved,,2025-09-01 20:21:53.716170+00:00
,,cc53ed78-2212-4eeb-ab5c-cb0ce4ac0730,0c49166273014487baa157c538b5a932,USGS-03274615,00065,00011,2023-02-28 09:00:00+00:00,2.56,ft,Approved,,2025-09-01 20:21:53.716170+00:00
,,73f6fe51-ed1d-49be-9cac-515c4c3e97b5,0c49166273014487baa157c538b5a932,USGS-03274615,00065,00011,2023-02-28 08:45:00+00:00,2.53,ft,Approved,,2025-09-01 20:21:53.716170+00:00
,,59cb555e-68e3-4793-a8bb-8147de7209a6,0c49166273014487baa157c538b5a932,USGS-03274615,00065,00011,2023-02-28 08:30:00+00:00,2.53,ft,Approved,,2025-09-01 20:21:53.716170+00:00
,,b0958dc2-4a8e-4b53-b06d-4de848e4be19,0c49166273014487baa157c538b5a932,USGS-03274615,00065,00011,2023-02-28 08:15:00+00:00,2.52,ft,Approved,,2025-09-01 20:21:53.716170+00:00
,,e3101c39-986d-4968-b3b1-decf8bd89ee2,0c49166273014487baa157c538b5a932,USGS-03274615,00065,00011,2023-02-28 08:00:00+00:00,2.52,ft,Approved,,2025-09-01 20:21:53.716170+00:00
,,09167d09-2d33-4dbc-91da-6e73c7f3dccf,0c49166273014487baa157c538b5a932,USGS-03274615,00065,00011,2023-02-28 07:45:00+00:00,2.52,ft,Approved,,2025-09-01 20:21:53.716170+00:00
,,22efb0f4-bf23-47ba-9bb6-43cb955db2e8,0c49166273014487baa157c538b5a932,USGS-03274615,00065,00011,2023-02-28 07:30:00+00:00,2.50,ft,Approved,,2025-09-01 20:21:53.716170+00:00
,,66d5d722-f704-45d3-a9a5-8b88d7f1cf8a,0c49166273014487baa157c538b5a932,USGS-03274615,00065,00011,2023-02-28 07:15:00+00:00,2.50,ft,Approved,,2025-09-01 20:21:53.716170+00:00
,,3b592ca0-93ad-4994-9868-fd0b03bc3d13,0c49166273014487baa157c538b5a932,USGS-03274615,00065,00011,2023-02-28 07:00:00+00:00,2.50,ft,Approved,,2025-09-01 20:21:53.716170+00:00
,,bb05de26-575e-4703-8b0a-16d2aa065317,0c49166273014487baa157c538b5a932,USGS-03274615,00065,00011,2023-02-28 06:45:00+00:00,2.49,ft,Approved,,2025-09-01 20:21:53.716170+00:00
,,fe479d13-b7c4-4154-922f-de01adea23b8,0c49166273014487baa157c538b5a932,USGS-03274615,00065,00011,2023-02-28 06:30:00+00:00,2.48,ft,Approved,,2025-09-01 20:21:53.716170+00:00
,,69fd06b8-9a7c-4a21-a1de-23efdcdbf651,0c49166273014487baa157c538b5a932,USGS-03274615,00065,00011,2023-02-28 06:15:00+00:00,2.47,ft,Approved,,2025-09-01 20:21:53.716170+00:00
,,bdcca339-7c97-4f65-ba29-7c4d9eb0af18,0c49166273014487baa157c538b5a932,USGS-03274615,00065,00011,2023-02-28 06:00:00+00:00,2.49,ft,Approved,,2025-09-01 20:21:53.716170+00:00
,,791fb0a4-258a-4bdc-ab0a-67da6bc4fdff,0c49166273014487baa157c538b5a932,USGS-03274615,00065,00011,2023-02-28 05:45:00+00:00,2.47,ft,Approved,,2025-09-01 20:21:53.716170+00:00
,,3aa51dbd-0064-44a2-8f55-574d721c7792,0c49166273014487baa157c538b5a932,USGS-03274615,00065,00011,2023-02-28 05:30:00+00:00,2.47,ft,Approved,,2025-09-01 20:21:53.716170+00:00
,,5e7376c7-266c-42b2-8af7-b04a818ed5f0,0c49166273014487baa157c538b5a932,USGS-03274615,00065,00011,2023-02-28 05:15:00+00:00,2.49,ft,Approved,,2025-09-01 20:21:53.716170+00:00
,,892ed51e-4bac-4217-bcc9-788a0ca61813,0c49166273014487baa157c538b5a932,USGS-03274615,00065,00011,2023-02-28 05:00:00+00:00,2.47,ft,Approved,,2025-09-01 20:21:53.716170+00:00
,,53171485-599e-4423-b65d-9ae6f90a8ddd,0c49166273014487baa157c538b5a932,USGS-03274615,00065,00011,2023-02-28 04:45:00+00:00,2.47,ft,Approved,,2025-09-01 20:21:53.716170+00:00
,,88ba2edf-1b6c-4af8-a92f-0107561e7cf3,0c49166273014487baa157c538b5a932,USGS-03274615,00065,00011,2023-02-28 04:30:00+00:00,2.45,ft,Approved,,2025-09-01 20:21:53.716170+00:00
,,2ce0b2ea-d5d8-47f6-85d4-c3f55f4d4e88,0c49166273014487baa157c538b5a932,USGS-03274615,00065,00011,2023-02-28 04:15:00+00:00,2.48,ft,Approved,,2025-09-01 20:21:53.716170+00:00
,,e91f4b41-90a7-4547-b398-887f40e4a4af,0c49166273014487baa157c538b5a932,USGS-03274615,00065,00011,2023-02-28 04:00:00+00:00,2.47,ft,Approved,,2025-09-01 20:21:53.716170+00:00
,,e2a8e10d-047d-4d92-ab9e-f8367d1df628,0c49166273014487baa157c538b5a932,USGS-03274615,00065,00011,2023-02-28 03:45:00+00:00,2.48,ft,Approved,,2025-09-01 20:21:53.716170+00:00
,,daab9241-2abc-441e-a109-36c7ef135885,0c49166273014487baa157c538b5a932,USGS-03274615,00065,00011,2023-02-28 03:30:00+00:00,2.47,ft,Approved,,2025-09-01 20:21:53.716170+00:00
,,b4c9e6d6-09a1-4a37-baf2-c7e64a2ba9f6,0c49166273014487baa157c538b5a932,USGS-03274615,00065,00011,2023-02-28 03:15:00+00:00,2.49,ft,Approved,,2025-09-01 20:21:53.716170+00:00
,,def9afb1-1f11-4d02-8485-ccd34ebd4d13,0c49166273014487baa157c538b5a932,USGS-03274615,00065,00011,2023-02-28 03:00:00+00:00,2.49,ft,Approved,,2025-09-01 20:21:53.716170+00:00
,,d48004cc-7955-46af-99e2-0d833376bb23,0c49166273014487baa157c538b5a932,USGS-03274615,00065,00011,2023-02-28 02:45:00+00:00,2.50,ft,Approved,,2025-09-01 20:21:53.716170+00:00
,,96450334-2b4f-4f76-a0aa-ef37ddfb2272,0c49166273014487baa157c538b5a932,USGS-03274615,00065,00011,2023-02-28 02:30:00+00:00,2.49,ft,Approved,,2025-09-01 20:21:53.716170+00:00
,,86f6edf8-4567-49a2-83bb-3d877c3eb43f,0c49166273014487baa157c538b5a932,USGS-03274615,00065,00011,2023-02-28 02:15:00+00:00,2.49,ft,Approved,,2025-09-01 20:21:53.716170+00:00
,,84a60d3e-688e-4267-abaf-42c28ed16df3,0c49166273014487baa157c538b5a932,USGS-03274615,00065,00011,2023-02-28 02:00:00+00:00,2.49,ft,Approved,,2025-09-01 20:21:53.716170+00:00
,,6a10c9ed-9a1a-480e-9bb2-36b98df367b8,0c49166273014487baa157c538b5a932,USGS-03274615,00065,00011,2023-02-28 01:45:00+00:00,2.47,ft,Approved,,2025-09-01 20:21:53.716170+00:00
,,11411f2e-9c41-4f00-9e79-0c832ecee235,0c49166273014487baa157c538b5a932,USGS-03274615,00065,00011,2023-02-28 01:30:00+00:00,2.48,ft,Approved,,2025-09-01 20:21:53.716170+00:00
,,adb6609f-12a7-4e3e-822a-8c0dcbd9de7c,0c49166273014487baa157c538b5a932,USGS-03274615,00065,00011,2023-02-28 01:15:00+00:00,2.46,ft,Approved,,2025-09-01 20:21:53.716170+00:00
,,d4858494-fe05-4182-9761-c941e839e5bd,0c49166273014487baa157c538b5a932,USGS-03274615,00065,00011,2023-02-28 01:00:00+00:00,2.46,ft,Approved,,2025-09-01 20:21:53.716170+00:00
,,032b1148-a65d-4b33-b817-7d0a3d33ca8d,0c49166273014487baa157c538b5a932,USGS-03274615,00065,00011,2023-02-28 00:45:00+00:00,2.47,ft,Approved,,2025-09-01 20:21:53.716170+00:00
,,2c97db8b-8984-4b83-818f-995d5786707b,0c49166273014487baa157c538b5a932,USGS-03274615,00065,00011,2023-02-28 00:30:00+00:00,2.39,ft,Approved,,2025-09-01 20:21:53.716170+00:00
,,457b2ef4-d7f8-4026-8057-491e338fa37a,0c49166273014487baa157c538b5a932,USGS-03274615,00065,00011,2023-02-28 00:15:00+00:00,2.46,ft,Approved,,2025-09-01 20:21:53.716170+00:00
,,945f28ad-70c4-47e0-bd90-6a0913e36cf0,0c49166273014487baa157c538b5a932,USGS-03274615,00065,00011,2023-02-28 00:00:00+00:00,2.40,ft,Approved,,2025-09-01 20:21:53.716170+00:00
,,f7d50898-fcbb-4c58-81b2-2531c4e0134f,0c49166273014487baa157c538b5a932,USGS-03274615,00065,00011,2023-02-27 23:45:00+00:00,2.38,ft,Approved,,2025-09-01 20:21:53.716170+00:00
,,6321bf58-9a3b-4a94-91d5-d197ef2260a0,0c49166273014487baa157c538b5a932,USGS-03274615,00065,00011,2023-02-27 23:30:00+00:00,2.41,ft,Approved,,2025-09-01 20:21:53.716170+00:00
,,514bf896-f34a-4cb7-bacb-b33ab8e6d66f,0c49166273014487baa157c538b5a932,USGS-03274615,00065,00011,2023-02-27 23:15:00+00:00,2.34,ft,Approved,,2025-09-01 20:21:53.716170+00:00
,,60737583-509a-49d0-8c2f-e54ee3b8aa3c,0c49166273014487baa157c538b5a932,USGS-03274615,00065,00011,2023-02-27 23:00:00+00:00,2.33,ft,Approved,,2025-09-01 20:21:53.716170+00:00
,,0b1419a7-4fc9-4f6a-a8ee-1da904f8818f,0c49166273014487baa157c538b5a932,USGS-03274615,00065,00011,2023-02-27 22:45:00+00:00,2.38,ft,Approved,,2025-09-01 20:21:53.716170+00:00
,,09c87d84-4b8f-4ff2-bf12-59a13b00ec56,0c49166273014487baa157c538b5a932,USGS-03274615,00065,00011,2023-02-27 22:30:00+00:00,2.37,ft,Approved,,2025-09-01 20:21:53.716170+00:00
,,4482a33e-2b04-4cd8-aabd-7f7907cf674d,0c49166273014487baa157c538b5a932,USGS-03274615,00065,00011,2023-02-27 22:15:00+00:00,2.36,ft,Approved,,2025-09-01 20:21:53.716170+00:00
,,af80bfb9-1473-4778-a67a-b8d5b28322f4,0c49166273014487baa157c538b5a932,USGS-03274615,00065,00011,2023-02-27 22:00:00+00:00,2.30,ft,Approved,,2025-09-01 20:21:53.716170+00:00
,,0cb9468e-50d4-4e27-add5-8bc82911f70e,0c49166273014487baa157c538b5a932,USGS-03274615,00065,00011,2023-02-27 21:45:00+00:00,2.37,ft,Approved,,2025-09-01 20:21:53.716170+00:00
,,eebc0b58-d310-4123-89c0-1b28a7f3042c,0c49166273014487baa157c538b5a932,USGS-03274615,00065,00011,2023-02-27 21:30:00+00:00,2.38,ft,Approved,,2025-09-01 20:21:53.716170+00:00
,,b13f8915-ef0a-4810-8eae-117b66c39d32,0c49166273014487baa157c538b5a932,USGS-03274615,00065,00011,2023-02-27 21:15:00+00:00,2.31,ft,Approved,,2025-09-01 20:21:53.716170+00:00
,,09695f20-e14c-4c29-954b-d8d6344cb0e1,0c49166273014487baa157c538b5a932,USGS-03274615,00065,00011,2023-02-27 21:00:00+00:00,2.31,ft,Approved,,2025-09-01 20:21:53.716170+00:00
,,3b85ae57-e999-45ef-a36a-80744534b0f6,0c49166273014487baa157c538b5a932,USGS-03274615,00065,00011,2023-02-27 20:45:00+00:00,2.29,ft,Approved,,2025-09-01 20:21:53.716170+00:00
,,40c70d74-1a84-4521-b55e-22fe47110d41,0c49166273014487baa157c538b5a932,USGS-03274615,00065,00011,2023-02-27 20:30:00+00:00,2.30,ft,Approved,,2025-09-01 20:21:53.716170+00:00
,,902d98d4-8286-4634-9fbf-d421da3d73f1,0c49166273014487baa157c538b5a932,USGS-03274615,00065,00011,2023-02-27 20:15:00+00:00,2.30,ft,Approved,,2025-09-01 20:21:53.716170+00:00
,,6485877a-ddc8-4171-89df-d271a793715a,0c49166273014487baa157c538b5a932,USGS-03274615,00065,00011,2023-02-27 20:00:00+00:00,2.26,ft,Approved,,2025-09-01 20:21:53.716170+00:00
,,00525722-ecf4-471a-bc61-4362f211a0e2,0c49166273014487baa157c538b5a932,USGS-03274615,00065,00011,2023-02-27 19:45:00+00:00,2.26,ft,Approved,,2025-09-01 20:21:53.716170+00:00
,,931b3ca7-8a59-4b21-b33d-46bd85baa3ed,0c49166273014487baa157c538b5a932,USGS-03274615,00065,00011,2023-02-27 19:30:00+00:00,2.32,ft,Approved,,2025-09-01 20:21:53.716170+00:00
,,29fb735f-e09c-4b6c-9920-298d3347a7d7,0c49166273014487baa157c538b5a932,USGS-03274615,00065,00011,2023-02-27 19:15:00+00:00,2.29,ft,Approved,,2025-09-01 20:21:53.716170+00:00
,,554b1dc2-3b64-4595-aa6f-ba06a8f48f66,0c49166273014487baa157c538b5a932,USGS-03274615,00065,00011,2023-02-27 19:00:00+00:00,2.30,ft,Approved,,2025-09-01 20:21:53.716170+00:00
,,8a10bde1-7ca2-4d3a-a7b4-85ba8981c7ff,0c49166273014487baa157c538b5a932,USGS-03274615,00065,00011,2023-02-27 18:45:00+00:00,2.29,ft,Approved,,2025-09-01 20:21:53.716170+00:00
,,f6c1988d-ed2b-4e51-b26e-dad001502c67,0c49166273014487baa157c538b5a932,USGS-03274615,00065,00011,2023-02-27 18:30:00+00:00,2.31,ft,Approved,,2025-09-01 20:21:53.716170+00:00
,,27ad1f3e-3c0c-451a-b1d8-dcfb93f0648a,0c49166273014487baa157c538b5a932,USGS-03274615,00065,00011,2023-02-27 18:15:00+00:00,2.32,ft,Approved,,2025-09-01 20:21:53.716170+00:00
,,2fb8541c-f3e1-4fc1-af86-d4b2b89ddc4d,0c49166273014487baa157c538b5a932,USGS-03274615,00065,00011,2023-02-27 18:00:00+00:00,2.27,ft,Approved,,2025-09-01 20:21:53.716170+00:00
,,e8c18592-d261-425e-aeba-d3f1953565bd,0c49166273014487baa157c538b5a932,USGS-03274615,00065,00011,2023-02-27 17:45:00+00:00,2.28,ft,Approved,,2025-09-01 20:21:53.716170+00:00
,,b06ce4a3-2620-4356-8681-1c0eb87a3b61,0c49166273014487baa157c538b5a932,USGS-03274615,00065,00011,2023-02-27 17:30:00+00:00,2.29,ft,Approved,,2025-09-01 20:21:53.716170+00:00
,,930f34dc-cdf6-44c3-8ab6-cb7af095e7c3,0c49166273014487baa157c538b5a932,USGS-03274615,00065,00011,2023-02-27 17:15:00+00:00,2.35,ft,Approved,,2025-09-01 20:21:53.716170+00:00
,,a2eeb552-05b9-42ff-aca7-6ed04f9e06db,0c49166273014487baa157c538b5a932,USGS-03274615,00065,00011,2023-02-27 17:00:00+00:00,2.35,ft,Approved,,2025-09-01 20:21:53.716170+00:00
,,45f3ba5e-c271-4f54-802e-0161aa768345,0c49166273014487baa157c538b5a932,USGS-03274615,00065,00011,2023-02-27 16:45:00+00:00,2.36,ft,Approved,,2025-09-01 20:21:53.716170+00:00
,,c8c14925-fa7b-4c42-b730-f6403dbcdb09,0c49166273014487baa157c538b5a932,USGS-03274615,00065,00011,2023-02-27 16:30:00+00:00,2.40,ft,Approved,,2025-09-01 20:21:53.716170+00:00
,,77701787-eb13-4a35-ab9d-f61c7e9b6846,0c49166273014487baa157c538b5a932,USGS-03274615,00065,00011,2023-02-27 16:15:00+00:00,2.41,ft,Approved,,2025-09-01 20:21:53.716170+00:00
,,7aa6734a-4112-4f44-a8e1-2ae9ab693712,0c49166273014487baa157c538b5a932,USGS-03274615,00065,00011,2023-02-27 16:00:00+00:00,2.35,ft,Approved,,2025-09-01 20:21:53.716170+00:00
,,4a9b4788-2846-4cc3-9a39-9af46f72cbc7,0c49166273014487baa157c538b5a932,USGS-03274615,00065,00011,2023-02-27 15:45:00+00:00,2.38,ft,Approved,,2025-09-01 20:21:53.716170+00:00
,,af5f0795-b894-4565-9b80-dc9ce7542bc8,0c49166273014487baa157c538b5a932,USGS-03274615,00065,00011,2023-02-27 15:30:00+00:00,2.42,ft,Approved,,2025-09-01 20:21:53.716170+00:00
,,f65bf9ca-5b9f-417e-90db-84b7962ecc8e,0c49166273014487baa157c538b5a932,USGS-03274615,00065,00011,2023-02-27 15:15:00+00:00,2.35,ft,Approved,,2025-09-01 20:21:53.716170+00:00
,,0fd70dd1-33ed-47cf-96cf-5b62b966cae7,0c49166273014487baa157c538b5a932,USGS-03274615,00065,00011,2023-02-27 15:00:00+00:00,2.32,ft,Approved,,2025-09-01 20:21:53.716170+00:00
,,a62a10b0-4b6a-478a-b569-14056d4d7835,0c49166273014487baa157c538b5a932,USGS-03274615,00065,00011,2023-02-27 14:45:00+00:00,2.37,ft,Approved,,2025-09-01 20:21:53.716170+00:00
,,429cc2b5-ec08-4548-a041-6ccf01edeec5,0c49166273014487baa157c538b5a932,USGS-03274615,00065,00011,2023-02-27 14:30:00+00:00,2.37,ft,Approved,,2025-09-01 20:21:53.716170+00:00
,,ed87702a-7123-4560-a90e-cd76e58c1d55,0c49166273014487baa157c538b5a932,USGS-03274615,00065,00011,2023-02-27 14:15:00+00:00,2.39,ft,Approved,,2025-09-01 20:21:53.716170+00:00
,,ae0308f2-80f9-4acf-bd49-6fa1154337d1,0c49166273014487baa157c538b5a932,USGS-03274615,00065,00011,2023-02-27 14:00:00+00:00,2.38,ft,Approved,,2025-09-01 20:21:53.716170+00:00
,,d72e5fbb-e94d-4e81-958b-256340bc573e,0c49166273014487baa157c538b5a932,USGS-03274615,00065,00011,2023-02-27 13:45:00+00:00,2.41,ft,Approved,,2025-09-01 20:21:53.716170+00:00
,,e9c73a73-d335-4d6b-b132-934677199ad9,0c49166273014487baa157c538b5a932,USGS-03274615,00065,00011,2023-02-27 13:30:00+00:00,2.44,ft,Approved,,2025-09-01 20:21:53.716170+00:00
,,3302a33f-43af-4964-9206-e7ac7d476f9e,0c49166273014487baa157c538b5a932,USGS-03274615,00065,00011,2023-02-27 13:15:00+00:00,2.43,ft,Approved,,2025-09-01 20:21:53.716170+00:00
,,cf47aebc-b541-4d72-9f93-a76da408dc75,0c49166273014487baa157c538b5a932,USGS-03274615,00065,00011,2023-02-27 13:00:00+00:00,2.37,ft,Approved,,2025-09-01 20:21:53.716170+00:00
,,80f8db90-8deb-47fe-b9ae-2abd650a1e7c,0c49166273014487baa157c538b5a932,USGS-03274615,00065,00011,2023-02-27 12:45:00+00:00,2.39,ft,Approved,,2025-09-01 20:21:53.716170+00:00
,,74390766-7061-458d-a64b-107525e9691f,0c49166273014487baa157c538b5a932,USGS-03274615,00065,00011,2023-02-27 12:30:00+00:00,2.48,ft,Approved,,2025-09-01 20:21:53.716170+00:00
,,4ffc9fad-1d6c-4f31-a03f-70f87cfd4aed,0c49166273014487baa157c538b5a932,USGS-03274615,00065,00011,2023-02-27 12:15:00+00:00,2.46,ft,Approved,,2025-09-01 20:21:53.716170+00:00
,,6c077cb9-d023-492f-b01d-df03d98b290b,0c49166273014487baa157c538b5a932,USGS-03274615,00065,00011,2023-02-27 12:00:00+00:00,2.47,ft,Approved,,2025-09-01 20:21:53.716170+00:00
,,212ef0df-536d-4b1f-a8eb-8a386e24722a,0c49166273014487baa157c538b5a932,USGS-03274615,00065,00011,2023-02-27 11:45:00+00:00,2.51,ft,Approved,,2025-09-01 20:21:53.716170+00:00
,,80d1efd0-7887-4654-89d2-c169c5c2b4c7,0c49166273014487baa157c538b5a932,USGS-03274615,00065,00011,2023-02-27 11:30:00+00:00,2.49,ft,Approved,,2025-09-01 20:21:53.716170+00:00
,,ce67030a-2b23-43c3-8c78-9f595930deee,0c49166273014487baa157c538b5a932,USGS-03274615,00065,00011,2023-02-27 11:15:00+00:00,2.49,ft,Approved,,2025-09-01 20:21:53.716170+00:00
,,821fabef-5d91-4be0-8390-f49c89250a2e,0c49166273014487baa157c538b5a932,USGS-03274615,00065,00011,2023-02-27 11:00:00+00:00,2.52,ft,Approved,,2025-09-01 20:21:53.716170+00:00
,,e1b7b931-0dca-4bd8-80cb-8cdc41a52002,0c49166273014487baa157c538b5a932,USGS-03274615,00065,00011,2023-02-27 10:45:00+00:00,2.48,ft,Approved,,2025-09-01 20:21:53.716170+00:00
,,15af84fb-0385-46cb-8476-2e2c1e8b0d8e,0c49166273014487baa157c538b5a932,USGS-03274615,00065,00011,2023-02-27 10:30:00+00:00,2.52,ft,Approved,,2025-09-01 20:21:53.716170+00:00
,,d2be7b60-305f-4e80-9a14-9cab86ab456a,0c49166273014487baa157c538b5a932,USGS-03274615,00065,00011,2023-02-27 10:15:00+00:00,2.52,ft,Approved,,2025-09-01 20:21:53.716170+00:00
,,6ecec00a-30b9-49d0-a47c-ef2ad3e3d6f5,0c49166273014487baa157c538b5a932,USGS-03274615,00065,00011,2023-02-27 10:00:00+00:00,2.52,ft,Approved,,2025-09-01 20:21:53.716170+00:00
,,868d0f29-3665-46bd-b876-88d39a19c0bc,0c49166273014487baa157c538b5a932,USGS-03274615,00065,00011,2023-02-27 09:45:00+00:00,2.51,ft,Approved,,2025-09-01 20:21:53.716170+00:00
,,ffb0a706-4576-4211-a72b-02c53c0b59c3,0c49166273014487baa157c538b5a932,USGS-03274615,00065,00011,2023-02-27 09:30:00+00:00,2.52,ft,Approved,,2025-09-01 20:21:53.716170+00:00
,,b5ccc857-a5d7-4ca7-8612-b67847d1dc1d,0c49166273014487baa157c538b5a932,USGS-03274615,00065,00011,2023-02-27 09:15:00+00:00,2.52,ft,Approved,,2025-09-01 20:21:53.716170+00:00
,,e895957f-8e7d-453d-a4eb-a0c0f8031e36,0c49166273014487baa157c538b5a932,USGS-03274615,00065,00011,2023-02-27 09:00:00+00:00,2.54,ft,Approved,,2025-09-01 20:21:53.716170+00:00
,,3d9ea9a7-467c-4350-8e83-ee0c53175c8c,0c49166273014487baa157c538b5a932,USGS-03274615,00065,00011,2023-02-27 08:45:00+00:00,2.53,ft,Approved,,2025-09-01 20:21:53.716170+00:00
,,957b041f-3c49-4485-b29c-b360d9045f83,0c49166273014487baa157c538b5a932,USGS-03274615,00065,00011,2023-02-27 08:30:00+00:00,2.53,ft,Approved,,2025-09-01 20:21:53.716170+00:00
,,ace845fd-2507-4cd6-a7e4-85b94181ce06,0c49166273014487baa157c538b5a932,USGS-03274615,00065,00011,2023-02-27 08:15:00+00:00,2.53,ft,Approved,,2025-09-01 20:21:53.716170+00:00
,,bac56b8e-aeb2-477f-9608-fd1f169d2a07,0c49166273014487baa157c538b5a932,USGS-03274615,00065,00011,2023-02-27 08:00:00+00:00,2.54,ft,Approved,,2025-09-01 20:21:53.716170+00:00
,,0d5d5318-3e3c-4134-b6a8-65ddfa3fe2e5,0c49166273014487baa157c538b5a932,USGS-03274615,00065,00011,2023-02-27 07:45:00+00:00,2.54,ft,Approved,,2025-09-01 20:21:53.716170+00:00
,,f4512dfa-dd61-47dd-ac27-d69840d288a2,0c49166273014487baa157c538b5a932,USGS-03274615,00065,00011,2023-02-27 07:30:00+00:00,2.55,ft,Approved,,2025-09-01 20:21:53.716170+00:00
,,2b7595c8-ca7a-40bb-9502-f79820ed407a,0c49166273014487baa157c538b5a932,USGS-03274615,00065,00011,2023-02-27 07:15:00+00:00,2.55,ft,Approved,,2025-09-01 20:21:53.716170+00:00
,,b01fe69d-4d6c-4909-a766-8aff0dbba8c6,0c49166273014487baa157c538b5a932,USGS-03274615,00065,00011,2023-02-27 07:00:00+00:00,2.55,ft,Approved,,2025-09-01 20:21:53.716170+00:00
,,2381df75-301e-4905-9f65-b3aa9fc9f2ce,0c49166273014487baa157c538b5a932,USGS-03274615,00065,00011,2023-02-27 06:45:00+00:00,2.54,ft,Approved,,2025-09-01 20:21:53.716170+00:00
,,db871d87-3975-4140-ba87-e0adabefa9b0,0c49166273014487baa157c538b5a932,USGS-03274615,00065,00011,2023-02-27 06:30:00+00:00,2.55,ft,Approved,,2025-09-01 20:21:53.716170+00:00
,,29150844-0bc6-4a62-91a8-cce754bb6495,0c49166273014487baa157c538b5a932,USGS-03274615,00065,00011,2023-02-27 06:15:00+00:00,2.56,ft,Approved,,2025-09-01 20:21:53.716170+00:00
,,2d83fc6d-7bda-46e4-81b9-d07997978486,0c49166273014487baa157c538b5a932,USGS-03274615,00065,00011,2023-02-27 06:00:00+00:00,2.56,ft,Approved,,2025-09-01 20:21:53.716170+00:00
,,031fa2c0-6062-4f69-af0a-13ec2615c978,0c49166273014487baa157c538b5a932,USGS-03274615,00065,00011,2023-02-27 05:45:00+00:00,2.56,ft,Approved,,2025-09-01 20:21:53.716170+00:00
,,0b05142d-04a9-463d-bb49-dd5b0d05ca8e,0c49166273014487baa157c538b5a932,USGS-03274615,00065,00011,2023-02-27 05:30:00+00:00,2.57,ft,Approved,,2025-09-01 20:21:53.716170+00:00
,,c90df798-e696-4b74-ba6b-e2ae9e4c11fe,0c49166273014487baa157c538b5a932,USGS-03274615,00065,00011,2023-02-27 05:15:00+00:00,2.57,ft,Approved,,2025-09-01 20:21:53.716170+00:00
,,9ad68970-5987-4d20-88db-1360b695afe6,0c49166273014487baa157c538b5a932,USGS-03274615,00065,00011,2023-02-27 05:00:00+00:00,2.56,ft,Approved,,2025-09-01 20:21:53.716170+00:00
,,8e70dbf8-f516-42a8-91f3-359c4c134dba,0c49166273014487baa157c538b5a932,USGS-03274615,00065,00011,2023-02-27 04:45:00+00:00,2.56,ft,Approved,,2025-09-01 20:21:53.716170+00:00
,,b4f15218-0f59-44f2-b076-aa30b27b8a27,0c49166273014487baa157c538b5a932,USGS-03274615,00065,00011,2023-02-27 04:30:00+00:00,2.57,ft,Approved,,2025-09-01 20:21:53.716170+00:00
,,d190b4b4-232c-469b-9205-6ae33b70f924,0c49166273014487baa157c538b5a932,USGS-03274615,00065,00011,2023-02-27 04:15:00+00:00,2.58,ft,Approved,,2025-09-01 20:21:53.716170+00:00
,,e09f6122-d403-4fdd-adec-b30c4838f607,0c49166273014487baa157c538b5a932,USGS-03274615,00065,00011,2023-02-27 04:00:00+00:00,2.57,ft,Approved,,2025-09-01 20:21:53.716170+00:00
,,a15e92b7-8f51-4250-bd56-a71bb1f4b4dd,0c49166273014487baa157c538b5a932,USGS-03274615,00065,00011,2023-02-27 03:45:00+00:00,2.59,ft,Approved,,2025-09-01 20:21:53.716170+00:00
,,d5f5d33c-1301-4d01-b3e1-ba46351e577e,0c49166273014487baa157c538b5a932,USGS-03274615,00065,00011,2023-02-27 03:30:00+00:00,2.59,ft,Approved,,2025-09-01 20:21:53.716170+00:00
,,62455c8e-b750-437b-9c12-030f5bd88e62,0c49166273014487baa157c538b5a932,USGS-03274615,00065,00011,2023-02-27 03:15:00+00:00,2.59,ft,Approved,,2025-09-01 20:21:53.716170+00:00
,,66beb33b-00d6-49f9-8231-eb111de78770,0c49166273014487baa157c538b5a932,USGS-03274615,00065,00011,2023-02-27 03:00:00+00:00,2.59,ft,Approved,,2025-09-01 20:21:53.716170+00:00
,,648edb50-6e97-4f06-b67a-e5091c2f7941,0c49166273014487baa157c538b5a932,USGS-03274615,00065,00011,2023-02-27 02:45:00+00:00,2.61,ft,Approved,,2025-09-01 20:21:53.716170+00:00
,,179c6c8b-9cad-49a8-81c9-73835efd029b,0c49166273014487baa157c538b5a932,USGS-03274615,00065,00011,2023-02-27 02:30:00+00:00,2.60,ft,Approved,,2025-09-01 20:21:53.716170+00:00
,,f0c48077-83e3-4fa6-a8a3-0cd95312d2df,0c49166273014487baa157c538b5a932,USGS-03274615,00065,00011,2023-02-27 02:15:00+00:00,2.60,ft,Approved,,2025-09-01 20:21:53.716170+00:00
,,78f45bee-51db-466e-9a9d-c2e41b701f69,0c49166273014487baa157c538b5a932,USGS-03274615,00065,00011,2023-02-27 02:00:00+00:00,2.61,ft,Approved,,2025-09-01 20:21:53.716170+00:00
,,f824ea81-1a79-4b8d-bb61-63f11886e8ac,0c49166273014487baa157c538b5a932,USGS-03274615,00065,00011,2023-02-27 01:45:00+00:00,2.61,ft,Approved,,2025-09-01 20:21:53.716170+00:00
,,150aebc5-aebe-4c7c-a664-ff9977c43c9c,0c49166273014487baa157c538b5a932,USGS-03274615,00065,00011,2023-02-27 01:30:00+00:00,2.61,ft,Approved,,2025-09-01 20:21:53.716170+00:00
,,bee6b7b9-b765-454b-8695-308a447f0db2,0c49166273014487baa157c538b5a932,USGS-03274615,00065,00011,2023-02-27 01:15:00+00:00,2.62,ft,Approved,,2025-09-01 20:21:53.716170+00:00
,,7e0e29e7-6c4b-4a80-b4bf-8139787283f9,0c49166273014487baa157c538b5a932,USGS-03274615,00065,00011,2023-02-27 01:00:00+00:00,2.62,ft,Approved,,2025-09-01 20:21:53.716170+00:00
,,30eac792-3b88-432c-b1af-5ce32fcb8221,0c49166273014487baa157c538b5a932,USGS-03274615,00065,00011,2023-02-27 00:45:00+00:00,2.63,ft,Approved,,2025-09-01 20:21:53.716170+00:00
,,cad39c87-7657-4a0a-b381-986fb7914c16,0c49166273014487baa157c538b5a932,USGS-03274615,00065,00011,2023-02-27 00:30:00+00:00,2.63,ft,Approved,,2025-09-01 20:21:53.716170+00:00
,,b9c62f61-41f0-475b-93d7-5d11e2561cf5,0c49166273014487baa157c538b5a932,USGS-03274615,00065,00011,2023-02-27 00:15:00+00:00,2.63,ft,Approved,,2025-09-01 20:21:53.716170+00:00
,,203d4eb7-9d93-47a4-9456-d682b95c8103,0c49166273014487baa157c538b5a932,USGS-03274615,00065,00011,2023-02-27 00:00:00+00:00,2.65,ft,Approved,,2025-09-01 20:21:53.716170+00:00
,,f080e3aa-baed-4380-8f2f-038636206c17,0c49166273014487baa157c538b5a932,USGS-03274615,00065,00011,2023-02-26 23:45:00+00:00,2.65,ft,Approved,,2025-09-01 20:21:53.716170+00:00
,,1695ad16-a1bc-4b73-b070-c95efb778ff8,0c49166273014487baa157c538b5a932,USGS-03274615,00065,00011,2023-02-26 23:30:00+00:00,2.65,ft,Approved,,2025-09-01 20:21:53.716170+00:00
,,c38f1a0e-ec97-4f66-bbcb-95ccbb95be6e,0c49166273014487baa157c538b5a932,USGS-03274615,00065,00011,2023-02-26 23:15:00+00:00,2.65,ft,Approved,,2025-09-01 20:21:53.716170+00:00
,,27b31995-d8ea-4cce-a1b1-856e718a3f0c,0c49166273014487baa157c538b5a932,USGS-03274615,00065,00011,2023-02-26 23:00:00+00:00,2.65,ft,Approved,,2025-09-01 20:21:53.716170+00:00
,,ea5430f1-44a4-48f2-915c-39293bc706e3,0c49166273014487baa157c538b5a932,USGS-03274615,00065,00011,2023-02-26 22:45:00+00:00,2.66,ft,Approved,,2025-09-01 20:21:53.716170+00:00
,,2a56bf18-2b0c-420f-ac46-86c9a08f22b8,0c49166273014487baa157c538b5a932,USGS-03274615,00065,00011,2023-02-26 22:30:00+00:00,2.65,ft,Approved,,2025-09-01 20:21:53.716170+00:00
,,9706165f-665f-4a36-ade3-ae9878853d9b,0c49166273014487baa157c538b5a932,USGS-03274615,00065,00011,2023-02-26 22:15:00+00:00,2.66,ft,Approved,,2025-09-01 20:21:53.716170+00:00
,,1ebc4374-de5b-48b8-989d-65a9188013b6,0c49166273014487baa157c538b5a932,USGS-03274615,00065,00011,2023-02-26 22:00:00+00:00,2.66,ft,Approved,,2025-09-01 20:21:53.716170+00:00
,,e01f1cc3-4f66-4808-9b42-e0c5a40777c5,0c49166273014487baa157c538b5a932,USGS-03274615,00065,00011,2023-02-26 21:45:00+00:00,2.67,ft,Approved,,2025-09-01 20:21:53.716170+00:00
,,87202c0f-9b9a-4745-a67e-3c59ff7596fa,0c49166273014487baa157c538b5a932,USGS-03274615,00065,00011,2023-02-26 21:30:00+00:00,2.69,ft,Approved,,2025-09-01 20:21:53.716170+00:00
,,fb9c5d8d-a25b-405b-aae7-656f3b35f225,0c49166273014487baa157c538b5a932,USGS-03274615,00065,00011,2023-02-26 21:15:00+00:00,2.68,ft,Approved,,2025-09-01 20:21:53.716170+00:00
,,8e194e77-89d1-4a10-ab2b-0f7c6fd46f97,0c49166273014487baa157c538b5a932,USGS-03274615,00065,00011,2023-02-26 21:00:00+00:00,2.69,ft,Approved,,2025-09-01 20:21:53.716170+00:00
,,b2cb39e7-410b-4b8c-a094-8261c4f0ad70,0c49166273014487baa157c538b5a932,USGS-03274615,00065,00011,2023-02-26 20:45:00+00:00,2.70,ft,Approved,,2025-09-01 20:21:53.716170+00:00
,,edfa5ee9-f911-4041-a20c-bb1cb3b11c60,0c49166273014487baa157c538b5a932,USGS-03274615,00065,00011,2023-02-26 20:30:00+00:00,2.70,ft,Approved,,2025-09-01 20:21:53.716170+00:00
,,026e0a25-ea68-4e70-9ed7-dfcde583b92b,0c49166273014487baa157c538b5a932,USGS-03274615,00065,00011,2023-02-26 20:15:00+00:00,2.70,ft,Approved,,2025-09-01 20:21:53.716170+00:00
,,e6f91390-5280-454c-999b-6a65fa6dfa71,0c49166273014487baa157c538b5a932,USGS-03274615,00065,00011,2023-02-26 20:00:00+00:00,2.69,ft,Approved,,2025-09-01 20:21:53.716170+00:00
,,a82fda51-335e-470c-9ae7-c56bbf82beb8,0c49166273014487baa157c538b5a932,USGS-03274615,00065,00011,2023-02-26 19:45:00+00:00,2.71,ft,Approved,,2025-09-01 20:21:53.716170+00:00
,,642cb274-3e58-4cb8-b192-096caf74734d,0c49166273014487baa157c538b5a932,USGS-03274615,00065,00011,2023-02-26 19:30:00+00:00,2.71,ft,Approved,,2025-09-01 20:21:53.716170+00:00
,,3d39e76b-5403-4b4b-a745-cc45e0540756,0c49166273014487baa157c538b5a932,USGS-03274615,00065,00011,2023-02-26 19:15:00+00:00,2.63,ft,Approved,,2025-09-01 20:21:53.716170+00:00
,,862ea38d-685a-4cc9-a716-8c4ac8c7e4da,0c49166273014487baa157c538b5a932,USGS-03274615,00065,00011,2023-02-26 19:00:00+00:00,2.74,ft,Approved,,2025-09-01 20:21:53.716170+00:00
,,4013359a-abcb-4585-bac2-1f6580ea6297,0c49166273014487baa157c538b5a932,USGS-03274615,00065,00011,2023-02-26 18:45:00+00:00,2.72,ft,Approved,,2025-09-01 20:21:53.716170+00:00
,,5be20d2b-9d34-4012-8c84-f291fc7cbfd1,0c49166273014487baa157c538b5a932,USGS-03274615,00065,00011,2023-02-26 18:30:00+00:00,2.65,ft,Approved,,2025-09-01 20:21:53.716170+00:00
,,c00190f6-fb6c-4edd-93a7-efab0d8737c6,0c49166273014487baa157c538b5a932,USGS-03274615,00065,00011,2023-02-26 18:15:00+00:00,2.71,ft,Approved,,2025-09-01 20:21:53.716170+00:00
,,35d66962-7767-42b5-959f-28524bcccebe,0c49166273014487baa157c538b5a932,USGS-03274615,00065,00011,2023-02-26 18:00:00+00:00,2.74,ft,Approved,,2025-09-01 20:21:53.716170+00:00
,,6a7d02b1-a7fb-4ee7-b01d-6c45b8684cff,0c49166273014487baa157c538b5a932,USGS-03274615,00065,00011,2023-02-26 17:45:00+00:00,2.73,ft,Approved,,2025-09-01 20:21:53.716170+00:00
,,bb64589e-c45e-4a5f-aa1e-aca73bb85968,0c49166273014487baa157c538b5a932,USGS-03274615,00065,00011,2023-02-26 17:30:00+00:00,2.75,ft,Approved,,2025-09-01 20:21:53.716170+00:00
,,3602b391-5ee7-4313-93e3-7544d740639b,0c49166273014487baa157c538b5a932,USGS-03274615,00065,00011,2023-02-26 17:15:00+00:00,2.73,ft,Approved,,2025-09-01 20:21:53.716170+00:00
,,714b581e-e996-4292-bec2-777512aee827,0c49166273014487baa157c538b5a932,USGS-03274615,00065,00011,2023-02-26 17:00:00+00:00,2.75,ft,Approved,,2025-09-01 20:21:53.716170+00:00
,,e4fe3d76-aaf5-48ef-9ea8-13196e6931b5,0c49166273014487baa157c538b5a932,USGS-03274615,00065,00011,2023-02-26 16:45:00+00:00,2.74,ft,Approved,,2025-09-01 20:21:53.716170+00:00
,,0d6fd54b-266e-41f7-88c4-c306a318c5c2,0c49166273014487baa157c538b5a932,USGS-03274615,00065,00011,2023-02-26 16:30:00+00:00,2.70,ft,Approved,,2025-09-01 20:21:53.716170+00:00
,,9be4ffc9-f834-41d7-9ecd-9a63c55a70c8,0c49166273014487baa157c538b5a932,USGS-03274615,00065,00011,2023-02-26 16:15:00+00:00,2.75,ft,Approved,,2025-09-01 20:21:53.716170+00:00
,,48583961-b1ee-480a-9f8c-f5baf56a098a,0c49166273014487baa157c538b5a932,USGS-03274615,00065,00011,2023-02-26 16:00:00+00:00,2.72,ft,Approved,,2025-09-01 20:21:53.716170+00:00
,,0f2e2bb4-d219-441d-827d-27d69dbb68ad,0c49166273014487baa157c538b5a932,USGS-03274615,00065,00011,2023-02-26 15:45:00+00:00,2.70,ft,Approved,,2025-09-01 20:21:53.716170+00:00
,,ad92aeff-4077-4c7e-8bd4-f4e6056a06e6,0c49166273014487baa157c538b5a932,USGS-03274615,00065,00011,2023-02-26 15:30:00+00:00,2.79,ft,Approved,,2025-09-01 20:21:53.716170+00:00
,,8580d495-f743-4ec6-94c5-4c05fd82ae52,0c49166273014487baa157c538b5a932,USGS-03274615,00065,00011,2023-02-26 15:15:00+00:00,2.79,ft,Approved,,2025-09-01 20:21:53.716170+00:00
,,4af84025-ffa4-43af-b0b3-d8f7c7a84aa5,0c49166273014487baa157c538b5a932,USGS-03274615,00065,00011,2023-02-26 15:00:00+00:00,2.78,ft,Approved,,2025-09-01 20:21:53.716170+00:00
,,a1da3b8b-dd62-4605-8982-1acd1dbc4576,0c49166273014487baa157c538b5a932,USGS-03274615,00065,00011,2023-02-26 14:45:00+00:00,2.78,ft,Approved,,2025-09-01 20:21:53.716170+00:00
,,d0686ff5-eb6f-4908-a57c-0e5dc4c6cd08,0c49166273014487baa157c538b5a932,USGS-03274615,00065,00011,2023-02-26 14:30:00+00:00,2.79,ft,Approved,,2025-09-01 20:21:53.716170+00:00
,,65b7cd7e-8cc6-40cd-ae8a-e5ae0182f5ec,0c49166273014487baa157c538b5a932,USGS-03274615,00065,00011,2023-02-26 14:15:00+00:00,2.79,ft,Approved,,2025-09-01 20:21:53.716170+00:00
,,539ca68c-2fcb-4575-9af4-6c2ea1c34995,0c49166273014487baa157c538b5a932,USGS-03274615,00065,00011,2023-02-26 14:00:00+00:00,2.80,ft,Approved,,2025-09-01 20:21:53.716170+00:00
,,b4313ea0-9f87-43d3-92b6-17a261242cd4,0c49166273014487baa157c538b5a932,USGS-03274615,00065,00011,2023-02-26 13:45:00+00:00,2.80,ft,Approved,,2025-09-01 20:21:53.716170+00:00
,,1c4507f8-3ed2-4d9f-bd77-20e9c207104c,0c49166273014487baa157c538b5a932,USGS-03274615,00065,00011,2023-02-26 13:30:00+00:00,2.80,ft,Approved,,2025-09-01 20:21:53.716170+00:00
,,feb1b7ec-7e4f-4531-a73f-fd8dfd789f78,0c49166273014487baa157c538b5a932,USGS-03274615,00065,00011,2023-02-26 13:15:00+00:00,2.82,ft,Approved,,2025-09-01 20:21:53.716170+00:00
,,f2cba61f-be41-4553-8fcb-c978370c5171,0c49166273014487baa157c538b5a932,USGS-03274615,00065,00011,2023-02-26 13:00:00+00:00,2.82,ft,Approved,,2025-09-01 20:21:53.716170+00:00
,,6ad98fc8-66b4-4395-a6ce-7f9d0861505c,0c49166273014487baa157c538b5a932,USGS-03274615,00065,00011,2023-02-26 12:45:00+00:00,2.81,ft,Approved,,2025-09-01 20:21:53.716170+00:00
,,794da8f3-f735-4b06-a0f5-15ec930d052f,0c49166273014487baa157c538b5a932,USGS-03274615,00065,00011,2023-02-26 12:30:00+00:00,2.83,ft,Approved,,2025-09-01 20:21:53.716170+00:00
,,2028233c-68b0-4038-a9dd-a442908baf19,0c49166273014487baa157c538b5a932,USGS-03274615,00065,00011,2023-02-26 12:15:00+00:00,2.85,ft,Approved,,2025-09-01 20:21:53.716170+00:00
,,9ea1ebe2-2dc2-4017-b340-5c2dc970f935,0c49166273014487baa157c538b5a932,USGS-03274615,00065,00011,2023-02-26 12:00:00+00:00,2.83,ft,Approved,,2025-09-01 20:21:53.716170+00:00
,,cb792e49-3cea-4318-a646-2e1752c4f0ea,0c49166273014487baa157c538b5a932,USGS-03274615,00065,00011,2023-02-26 11:45:00+00:00,2.84,ft,Approved,,2025-09-01 20:21:53.716170+00:00
,,1c09af5f-72d5-47d7-a068-693c386cb892,0c49166273014487baa157c538b5a932,USGS-03274615,00065,00011,2023-02-26 11:30:00+00:00,2.85,ft,Approved,,2025-09-01 20:21:53.716170+00:00
,,4bae1d1f-4b80-4d93-b72b-4bb05e53bd90,0c49166273014487baa157c538b5a932,USGS-03274615,00065,00011,2023-02-26 11:15:00+00:00,2.83,ft,Approved,,2025-09-01 20:21:53.716170+00:00
,,f6c80b28-b07d-4547-85ce-3cc2d4404dc3,0c49166273014487baa157c538b5a932,USGS-03274615,00065,00011,2023-02-26 11:00:00+00:00,2.85,ft,Approved,,2025-09-01 20:21:53.716170+00:00
,,307a2bab-d027-49d4-aeba-adea9f953f0a,0c49166273014487baa157c538b5a932,USGS-03274615,00065,00011,2023-02-26 10:45:00+00:00,2.85,ft,Approved,,2025-09-01 20:21:53.716170+00:00
,,73735632-6dbc-4516-af50-7241180048c2,0c49166273014487baa157c538b5a932,USGS-03274615,00065,00011,2023-02-26 10:30:00+00:00,2.86,ft,Approved,,2025-09-01 20:21:53.716170+00:00
,,9951d518-858b-4234-bf56-0a12621c2884,0c49166273014487baa157c538b5a932,USGS-03274615,00065,00011,2023-02-26 10:15:00+00:00,2.87,ft,Approved,,2025-09-01 20:21:53.716170+00:00
,,6dc2833b-ef3f-47db-b3ee-80a7b839f82b,0c49166273014487baa157c538b5a932,USGS-03274615,00065,00011,2023-02-26 10:00:00+00:00,2.87,ft,Approved,,2025-09-01 20:21:53.716170+00:00
,,9a948cdb-d440-46f1-a239-eb775b6468c7,0c49166273014487baa157c538b5a932,USGS-03274615,00065,00011,2023-02-26 09:45:00+00:00,2.87,ft,Approved,,2025-09-01 20:21:53.716170+00:00
,,2a8ede84-3299-4bbc-a851-223a1637d24c,0c49166273014487baa157c538b5a932,USGS-03274615,00065,00011,2023-02-26 09:30:00+00:00,2.87,ft,Approved,,2025-09-01 20:21:53.716170+00:00
,,b721454c-738e-4869-a3fd-9ff7aef62bb2,0c49166273014487baa157c538b5a932,USGS-03274615,00065,00011,2023-02-26 09:15:00+00:00,2.87,ft,Approved,,2025-09-01 20:21:53.716170+00:00
,,7d7e21eb-4c27-4d9b-af2d-8753d881f5a9,0c49166273014487baa157c538b5a932,USGS-03274615,00065,00011,2023-02-26 09:00:00+00:00,2.87,ft,Approved,,2025-09-01 20:21:53.716170+00:00
,,27a376fc-b69c-413b-bad5-5ea3a11daf0e,0c49166273014487baa157c538b5a932,USGS-03274615,00065,00011,2023-02-26 08:45:00+00:00,2.88,ft,Approved,,2025-09-01 20:21:53.716170+00:00
,,f126322f-60b3-4a92-a363-364d90212bd2,0c49166273014487baa157c538b5a932,USGS-03274615,00065,00011,2023-02-26 08:30:00+00:00,2.88,ft,Approved,,2025-09-01 20:21:53.716170+00:00
,,263c80be-5c33-4f0d-b6b3-879f04e1868c,0c49166273014487baa157c538b5a932,USGS-03274615,00065,00011,2023-02-26 08:15:00+00:00,2.88,ft,Approved,,2025-09-01 20:21:53.716170+00:00
,,4d03c3ef-e4f1-4643-a156-136bc4995eff,0c49166273014487baa157c538b5a932,USGS-03274615,00065,00011,2023-02-26 08:00:00+00:00,2.88,ft,Approved,,2025-09-01 20:21:53.716170+00:00
,,a6b821fb-df7c-480b-84bc-33826ef16465,0c49166273014487baa157c538b5a932,USGS-03274615,00065,00011,2023-02-26 07:45:00+00:00,2.89,ft,Approved,,2025-09-01 20:21:53.716170+00:00
,,b9fa98a1-7f68-459d-b3a6-4326be45394b,0c49166273014487baa157c538b5a932,USGS-03274615,00065,00011,2023-02-26 07:30:00+00:00,2.90,ft,Approved,,2025-09-01 20:21:53.716170+00:00
,,cca57b70-f2a7-429c-abf7-3a05b0ca6982,0c49166273014487baa157c538b5a932,USGS-03274615,00065,00011,2023-02-26 07:15:00+00:00,2.89,ft,Approved,,2025-09-01 20:21:53.716170+00:00
,,19a62a1d-76f6-4d05-b0e1-4e33ebfcfee7,0c49166273014487baa157c538b5a932,USGS-03274615,00065,00011,2023-02-26 07:00:00+00:00,2.90,ft,Approved,,2025-09-01 20:21:53.716170+00:00
,,dea408d3-54dc-41ae-9bca-c2b4434b584c,0c49166273014487baa157c538b5a932,USGS-03274615,00065,00011,2023-02-26 06:45:00+00:00,2.90,ft,Approved,,2025-09-01 20:21:53.716170+00:00
,,2dccca76-8cd3-43fc-9ec1-891daf623c67,0c49166273014487baa157c538b5a932,USGS-03274615,00065,00011,2023-02-26 06:30:00+00:00,2.92,ft,Approved,,2025-09-01 20:21:53.716170+00:00
,,8d5cbe6e-4fac-4559-937c-ce498ae79209,0c49166273014487baa157c538b5a932,USGS-03274615,00065,00011,2023-02-26 06:15:00+00:00,2.90,ft,Approved,,2025-09-01 20:21:53.716170+00:00
,,abc461dc-24b6-4e27-bfb5-e909bdec60c3,0c49166273014487baa157c538b5a932,USGS-03274615,00065,00011,2023-02-26 06:00:00+00:00,2.92,ft,Approved,,2025-09-01 20:21:53.716170+00:00
,,3b5cb54a-1b54-413e-86e4-0309618f8558,0c49166273014487baa157c538b5a932,USGS-03274615,00065,00011,2023-02-26 05:45:00+00:00,2.92,ft,Approved,,2025-09-01 20:21:53.716170+00:00
,,dc3d8a9a-432b-4981-995b-8713d14aefdd,0c49166273014487baa157c538b5a932,USGS-03274615,00065,00011,2023-02-26 05:30:00+00:00,2.90,ft,Approved,,2025-09-01 20:21:53.716170+00:00
,,31b02785-a5dc-4498-b9e2-167dff7f179b,0c49166273014487baa157c538b5a932,USGS-03274615,00065,00011,2023-02-26 05:15:00+00:00,2.92,ft,Approved,,2025-09-01 20:21:53.716170+00:00
,,77ada30e-ea8a-4399-8b6f-5304f7a401d7,0c49166273014487baa157c538b5a932,USGS-03274615,00065,00011,2023-02-26 05:00:00+00:00,2.92,ft,Approved,,2025-09-01 20:21:53.716170+00:00
,,9bce90d3-9b5e-405f-ba55-4b53c421416c,0c49166273014487baa157c538b5a932,USGS-03274615,00065,00011,2023-02-26 04:45:00+00:00,2.93,ft,Approved,,2025-09-01 20:21:53.716170+00:00
,,12bd22c1-478b-48c4-9f17-6314cd4f2b80,0c49166273014487baa157c538b5a932,USGS-03274615,00065,00011,2023-02-26 04:30:00+00:00,2.93,ft,Approved,,2025-09-01 20:21:53.716170+00:00
,,30fb0436-020e-47a0-b6af-a08306be0067,0c49166273014487baa157c538b5a932,USGS-03274615,00065,00011,2023-02-26 04:15:00+00:00,2.94,ft,Approved,,2025-09-01 20:21:53.716170+00:00
,,012dd8b1-d550-4af0-9573-4545f3100762,0c49166273014487baa157c538b5a932,USGS-03274615,00065,00011,2023-02-26 04:00:00+00:00,2.94,ft,Approved,,2025-09-01 20:21:53.716170+00:00
,,957a1e5d-96b2-4a89-9e59-3ebc9288852f,0c49166273014487baa157c538b5a932,USGS-03274615,00065,00011,2023-02-26 03:45:00+00:00,2.94,ft,Approved,,2025-09-01 20:21:53.716170+00:00
,,5b2cf294-62ff-4225-a998-cbed2a4aabf4,0c49166273014487baa157c538b5a932,USGS-03274615,00065,00011,2023-02-26 03:30:00+00:00,2.95,ft,Approved,,2025-09-01 20:21:53.716170+00:00
,,e485bc37-270a-4a37-9622-df8f1a42a4e5,0c49166273014487baa157c538b5a932,USGS-03274615,00065,00011,2023-02-26 03:15:00+00:00,2.94,ft,Approved,,2025-09-01 20:21:53.716170+00:00
,,aa8c58cb-e7e7-4321-bdc1-67eda0e5bdd7,0c49166273014487baa157c538b5a932,USGS-03274615,00065,00011,2023-02-26 03:00:00+00:00,2.95,ft,Approved,,2025-09-01 20:21:53.716170+00:00
,,3e0bdf9e-6d9e-4ed2-8245-640eabc22f2f,0c49166273014487baa157c538b5a932,USGS-03274615,00065,00011,2023-02-26 02:45:00+00:00,2.95,ft,Approved,,2025-09-01 20:21:53.716170+00:00
,,f63eace0-80c6-46ee-abee-f10a2c4ff2b2,0c49166273014487baa157c538b5a932,USGS-03274615,00065,00011,2023-02-26 02:30:00+00:00,2.96,ft,Approved,,2025-09-01 20:21:53.716170+00:00
,,2b83a223-892d-414a-87e3-17b6c51f3d2c,0c49166273014487baa157c538b5a932,USGS-03274615,00065,00011,2023-02-26 02:15:00+00:00,2.95,ft,Approved,,2025-09-01 20:21:53.716170+00:00
,,c2f9d079-462d-4300-bc08-418ff5b37f1d,0c49166273014487baa157c538b5a932,USGS-03274615,00065,00011,2023-02-26 02:00:00+00:00,2.96,ft,Approved,,2025-09-01 20:21:53.716170+00:00
,,bffb1169-8313-4015-884f-1f9a5fbb9943,0c49166273014487baa157c538b5a932,USGS-03274615,00065,00011,2023-02-26 01:45:00+00:00,2.97,ft,Approved,,2025-09-01 20:21:53.716170+00:00
,,79a0b6b1-1b07-48bc-90a4-d0870dea5c94,0c49166273014487baa157c538b5a932,USGS-03274615,00065,00011,2023-02-26 01:30:00+00:00,2.98,ft,Approved,,2025-09-01 20:21:53.716170+00:00
,,a205316e-b3e3-4093-b011-dcf25ecbb3bf,0c49166273014487baa157c538b5a932,USGS-03274615,00065,00011,2023-02-26 01:15:00+00:00,2.97,ft,Approved,,2025-09-01 20:21:53.716170+00:00
,,b7cf1248-f2c6-4a78-aba9-db798fea0878,0c49166273014487baa157c538b5a932,USGS-03274615,00065,00011,2023-02-26 01:00:00+00:00,2.97,ft,Approved,,2025-09-01 20:21:53.716170+00:00
,,dec0dd6f-fcd0-41d0-a52b-d4f38e251a89,0c49166273014487baa157c538b5a932,USGS-03274615,00065,00011,2023-02-26 00:45:00+00:00,2.97,ft,Approved,,2025-09-01 20:21:53.716170+00:00
,,5445b070-2eaf-468f-b15e-5a85dead9e4d,0c49166273014487baa157c538b5a932,USGS-03274615,00065,00011,2023-02-26 00:30:00+00:00,2.98,ft,Approved,,2025-09-01 20:21:53.716170+00:00
,,4bdac19c-164e-4d88-a27d-8ed7621abfc2,0c49166273014487baa157c538b5a932,USGS-03274615,00065,00011,2023-02-26 00:15:00+00:00,2.99,ft,Approved,,2025-09-01 20:21:53.716170+00:00
,,2a416384-695c-46a9-9d38-27475ccde8e6,0c49166273014487baa157c538b5a932,USGS-03274615,00065,00011,2023-02-26 00:00:00+00:00,2.99,ft,Approved,,2025-09-01 20:21:53.716170+00:00
,,e35484cb-548c-4308-9b28-9cb24d77e205,0c49166273014487baa157c538b5a932,USGS-03274615,00065,00011,2023-02-25 23:45:00+00:00,2.98,ft,Approved,,2025-09-01 20:21:53.716170+00:00
,,2c4e3aa1-9621-4641-90dc-1b4d2dd4f0d9,0c49166273014487baa157c538b5a932,USGS-03274615,00065,00011,2023-02-25 23:30:00+00:00,2.97,ft,Approved,,2025-09-01 20:21:53.716170+00:00
,,830d7b02-86a2-48f9-ba50-bd067c12730d,0c49166273014487baa157c538b5a932,USGS-03274615,00065,00011,2023-02-25 23:15:00+00:00,2.98,ft,Approved,,2025-09-01 20:21:53.716170+00:00
,,7f0f30fa-507e-46f4-9c33-6cd9d7d9a3f3,0c49166273014487baa157c538b5a932,USGS-03274615,00065,00011,2023-02-25 23:00:00+00:00,3.01,ft,Approved,,2025-09-01 20:21:53.716170+00:00
,,ae42bbc6-bd8c-464a-93a6-0308b4688248,0c49166273014487baa157c538b5a932,USGS-03274615,00065,00011,2023-02-25 22:45:00+00:00,3.00,ft,Approved,,2025-09-01 20:21:53.716170+00:00
,,748a7720-4e60-47d8-b324-aaea3bdc3308,0c49166273014487baa157c538b5a932,USGS-03274615,00065,00011,2023-02-25 22:30:00+00:00,3.01,ft,Approved,,2025-09-01 20:21:53.716170+00:00
,,0d0fad58-3aa9-42c4-8a9e-a81c9c3d45b1,0c49166273014487baa157c538b5a932,USGS-03274615,00065,00011,2023-02-25 22:15:00+00:00,3.01,ft,Approved,,2025-09-01 20:21:53.716170+00:00
,,80dc77cb-030d-4720-b0a3-b858d13ba325,0c49166273014487baa157c538b5a932,USGS-03274615,00065,00011,2023-02-25 22:00:00+00:00,3.02,ft,Approved,,2025-09-01 20:21:53.716170+00:00
,,8d8d6759-d961-42a7-8cca-9d863178f9a6,0c49166273014487baa157c538b5a932,USGS-03274615,00065,00011,2023-02-25 21:45:00+00:00,3.02,ft,Approved,,2025-09-01 20:21:53.716170+00:00
,,8d62d8a9-5a1d-4597-a1d4-77e7fa4a0ff3,0c49166273014487baa157c538b5a932,USGS-03274615,00065,00011,2023-02-25 21:30:00+00:00,3.02,ft,Approved,,2025-09-01 20:21:53.716170+00:00
,,51657376-cd69-41b4-810e-687aa950e547,0c49166273014487baa157c538b5a932,USGS-03274615,00065,00011,2023-02-25 21:15:00+00:00,3.00,ft,Approved,,2025-09-01 20:21:53.716170+00:00
,,d7094348-ac4e-440e-9ce9-bfb8d5938fa9,0c49166273014487baa157c538b5a932,USGS-03274615,00065,00011,2023-02-25 21:00:00+00:00,3.02,ft,Approved,,2025-09-01 20:21:53.716170+00:00
,,46d7f1d7-41bb-41cd-a172-3719c329dac2,0c49166273014487baa157c538b5a932,USGS-03274615,00065,00011,2023-02-25 20:45:00+00:00,3.03,ft,Approved,,2025-09-01 20:21:53.716170+00:00
,,d8629ddf-5e80-4e71-bad8-7ddc2dc347bb,0c49166273014487baa157c538b5a932,USGS-03274615,00065,00011,2023-02-25 20:30:00+00:00,3.03,ft,Approved,,2025-09-01 20:21:53.716170+00:00
,,79d6e68a-63bd-4288-845e-b811772aee29,0c49166273014487baa157c538b5a932,USGS-03274615,00065,00011,2023-02-25 20:15:00+00:00,3.02,ft,Approved,,2025-09-01 20:21:53.716170+00:00
,,00c95e1c-9f11-46f0-b26c-3122fbe949c2,0c49166273014487baa157c538b5a932,USGS-03274615,00065,00011,2023-02-25 20:00:00+00:00,3.03,ft,Approved,,2025-09-01 20:21:53.716170+00:00
,,a643c2cb-ae30-4bfa-a801-94bd2ab3219b,0c49166273014487baa157c538b5a932,USGS-03274615,00065,00011,2023-02-25 19:45:00+00:00,3.04,ft,Approved,,2025-09-01 20:21:53.716170+00:00
,,6f261193-b456-4b83-b446-bf3ef9b28cb3,0c49166273014487baa157c538b5a932,USGS-03274615,00065,00011,2023-02-25 19:30:00+00:00,3.03,ft,Approved,,2025-09-01 20:21:53.716170+00:00
,,784790b5-0897-44d0-9f13-bf2475a3fdf2,0c49166273014487baa157c538b5a932,USGS-03274615,00065,00011,2023-02-25 19:15:00+00:00,3.02,ft,Approved,,2025-09-01 20:21:53.716170+00:00
,,0a9033d8-7b5d-4673-a7a4-2f92437cf138,0c49166273014487baa157c538b5a932,USGS-03274615,00065,00011,2023-02-25 19:00:00+00:00,3.03,ft,Approved,,2025-09-01 20:21:53.716170+00:00
,,695f0186-a0ae-4bc0-8e03-edbc5d7ae5d9,0c49166273014487baa157c538b5a932,USGS-03274615,00065,00011,2023-02-25 18:45:00+00:00,3.05,ft,Approved,,2025-09-01 20:21:53.716170+00:00
,,f7dabb55-ef5b-4b06-91df-4d8684d5e554,0c49166273014487baa157c538b5a932,USGS-03274615,00065,00011,2023-02-25 18:30:00+00:00,3.03,ft,Approved,,2025-09-01 20:21:53.716170+00:00
,,bb94c3d9-a310-4d2d-a55e-cbd34d880f21,0c49166273014487baa157c538b5a932,USGS-03274615,00065,00011,2023-02-25 18:15:00+00:00,3.01,ft,Approved,,2025-09-01 20:21:53.716170+00:00
,,9b8bdd2a-0b6b-4907-a7ba-f7c0ffb5984b,0c49166273014487baa157c538b5a932,USGS-03274615,00065,00011,2023-02-25 18:00:00+00:00,3.02,ft,Approved,,2025-09-01 20:21:53.716170+00:00
,,0ce647f7-6c08-4f91-966c-0e42a42c3291,0c49166273014487baa157c538b5a932,USGS-03274615,00065,00011,2023-02-25 17:45:00+00:00,3.01,ft,Approved,,2025-09-01 20:21:53.716170+00:00
,,af62f8d1-b5d2-4a05-a6a2-81687235dee5,0c49166273014487baa157c538b5a932,USGS-03274615,00065,00011,2023-02-25 17:30:00+00:00,3.02,ft,Approved,,2025-09-01 20:21:53.716170+00:00
,,fe48126a-b2c4-44e8-9ca9-6471799ba1d0,0c49166273014487baa157c538b5a932,USGS-03274615,00065,00011,2023-02-25 17:15:00+00:00,3.05,ft,Approved,,2025-09-01 20:21:53.716170+00:00
,,37cf1208-4f69-4261-9ce0-8b379e610f0a,0c49166273014487baa157c538b5a932,USGS-03274615,00065,00011,2023-02-25 17:00:00+00:00,3.06,ft,Approved,,2025-09-01 20:21:53.716170+00:00
,,53ba632b-4b3c-4371-b99b-e8755eec75a1,0c49166273014487baa157c538b5a932,USGS-03274615,00065,00011,2023-02-25 16:45:00+00:00,3.04,ft,Approved,,2025-09-01 20:21:53.716170+00:00
,,bd9264ba-d1af-4cdb-9cd8-71f4af3b9107,0c49166273014487baa157c538b5a932,USGS-03274615,00065,00011,2023-02-25 16:30:00+00:00,3.06,ft,Approved,,2025-09-01 20:21:53.716170+00:00
,,15cbdf65-8181-4bca-9678-f88ef7f65234,0c49166273014487baa157c538b5a932,USGS-03274615,00065,00011,2023-02-25 16:15:00+00:00,3.05,ft,Approved,,2025-09-01 20:21:53.716170+00:00
,,7d38c760-0639-4921-b6df-8e345e6a9b26,0c49166273014487baa157c538b5a932,USGS-03274615,00065,00011,2023-02-25 16:00:00+00:00,3.06,ft,Approved,,2025-09-01 20:21:53.716170+00:00
,,e0e12ba7-12fc-46b7-bd54-960f28464359,0c49166273014487baa157c538b5a932,USGS-03274615,00065,00011,2023-02-25 15:45:00+00:00,3.05,ft,Approved,,2025-09-01 20:21:53.716170+00:00
,,bba80f5b-f123-48b6-a75e-0bda58331a29,0c49166273014487baa157c538b5a932,USGS-03274615,00065,00011,2023-02-25 15:30:00+00:00,3.07,ft,Approved,,2025-09-01 20:21:53.716170+00:00
,,c089d57b-9d91-4581-b91e-63bc3895ab1d,0c49166273014487baa157c538b5a932,USGS-03274615,00065,00011,2023-02-25 15:15:00+00:00,3.05,ft,Approved,,2025-09-01 20:21:53.716170+00:00
,,b1766fd8-2229-42dd-b7bd-b74df38bac1a,0c49166273014487baa157c538b5a932,USGS-03274615,00065,00011,2023-02-25 15:00:00+00:00,3.08,ft,Approved,,2025-09-01 20:21:53.716170+00:00
,,3cf95c84-09c9-41a6-9e7e-de79eac109df,0c49166273014487baa157c538b5a932,USGS-03274615,00065,00011,2023-02-25 14:45:00+00:00,3.08,ft,Approved,,2025-09-01 20:21:53.716170+00:00
,,384c1e7b-5f47-41a9-b83c-2d0ac44d8489,0c49166273014487baa157c538b5a932,USGS-03274615,00065,00011,2023-02-25 14:30:00+00:00,3.06,ft,Approved,,2025-09-01 20:21:53.716170+00:00
,,00c72f0c-fa0b-499a-beb2-2dca0453c883,0c49166273014487baa157c538b5a932,USGS-03274615,00065,00011,2023-02-25 14:15:00+00:00,3.06,ft,Approved,,2025-09-01 20:21:53.716170+00:00
,,f8e489f2-9f4e-4614-b322-f20515669ffb,0c49166273014487baa157c538b5a932,USGS-03274615,00065,00011,2023-02-25 14:00:00+00:00,3.07,ft,Approved,,2025-09-01 20:21:53.716170+00:00
,,fa916631-8c88-4a97-abce-b7c028514151,0c49166273014487baa157c538b5a932,USGS-03274615,00065,00011,2023-02-25 13:45:00+00:00,3.08,ft,Approved,,2025-09-01 20:21:53.716170+00:00
,,8ce469ae-e8a1-4e2b-ae80-b57831a6d02f,0c49166273014487baa157c538b5a932,USGS-03274615,00065,00011,2023-02-25 13:30:00+00:00,3.07,ft,Approved,,2025-09-01 20:21:53.716170+00:00
,,12d419a5-0b19-4133-af61-9ea2f0675860,0c49166273014487baa157c538b5a932,USGS-03274615,00065,00011,2023-02-25 13:15:00+00:00,3.06,ft,Approved,,2025-09-01 20:21:53.716170+00:00
,,6f500726-4ee3-4d73-a448-86be48664083,0c49166273014487baa157c538b5a932,USGS-03274615,00065,00011,2023-02-25 13:00:00+00:00,3.07,ft,Approved,,2025-09-01 20:21:53.716170+00:00
,,cc0569e6-5d1d-49b4-9031-733d9c2bd4e2,0c49166273014487baa157c538b5a932,USGS-03274615,00065,00011,2023-02-25 12:45:00+00:00,3.07,ft,Approved,,2025-09-01 20:21:53.716170+00:00
,,aa71a7de-0839-4e79-b8a2-525e0a7d9b09,0c49166273014487baa157c538b5a932,USGS-03274615,00065,00011,2023-02-25 12:30:00+00:00,3.06,ft,Approved,,2025-09-01 20:21:53.716170+00:00
,,d1b5e944-9327-4d79-b2aa-8b50dab83bbc,0c49166273014487baa157c538b5a932,USGS-03274615,00065,00011,2023-02-25 12:15:00+00:00,3.07,ft,Approved,,2025-09-01 20:21:53.716170+00:00
,,21f860b6-0999-4144-90c2-8a6b6a6554cf,0c49166273014487baa157c538b5a932,USGS-03274615,00065,00011,2023-02-25 12:00:00+00:00,3.07,ft,Approved,,2025-09-01 20:21:53.716170+00:00
,,42abf553-540b-4f54-a1da-4a3655dab561,0c49166273014487baa157c538b5a932,USGS-03274615,00065,00011,2023-02-25 11:45:00+00:00,3.07,ft,Approved,,2025-09-01 20:21:53.716170+00:00
,,7d3f58f5-30c5-4ab7-86fe-3f91f740aa36,0c49166273014487baa157c538b5a932,USGS-03274615,00065,00011,2023-02-25 11:30:00+00:00,3.06,ft,Approved,,2025-09-01 20:21:53.716170+00:00
,,a43d2c72-87a4-4f1a-a134-9ffc988fcc37,0c49166273014487baa157c538b5a932,USGS-03274615,00065,00011,2023-02-25 11:15:00+00:00,3.06,ft,Approved,,2025-09-01 20:21:53.716170+00:00
,,f977250f-68b7-4b8b-ae20-97c5e70efbf9,0c49166273014487baa157c538b5a932,USGS-03274615,00065,00011,2023-02-25 11:00:00+00:00,3.05,ft,Approved,,2025-09-01 20:21:53.716170+00:00
,,19d7ed11-919e-47f4-ae7d-e59ea2b499b2,0c49166273014487baa157c538b5a932,USGS-03274615,00065,00011,2023-02-25 10:45:00+00:00,3.06,ft,Approved,,2025-09-01 20:21:53.716170+00:00
,,4d64c441-8c79-4ee4-866d-e3708e55b566,0c49166273014487baa157c538b5a932,USGS-03274615,00065,00011,2023-02-25 10:30:00+00:00,3.05,ft,Approved,,2025-09-01 20:21:53.716170+00:00
,,b21ec1d3-af8f-441d-bf4f-ed0aad512628,0c49166273014487baa157c538b5a932,USGS-03274615,00065,00011,2023-02-25 10:15:00+00:00,3.06,ft,Approved,,2025-09-01 20:21:53.716170+00:00
,,340157cc-c3ff-4af6-8b63-28523ded9247,0c49166273014487baa157c538b5a932,USGS-03274615,00065,00011,2023-02-25 10:00:00+00:00,3.04,ft,Approved,,2025-09-01 20:21:53.716170+00:00
,,1ea6727f-5b1e-4aca-b4d4-6e7d6e03a095,0c49166273014487baa157c538b5a932,USGS-03274615,00065,00011,2023-02-25 09:45:00+00:00,3.04,ft,Approved,,2025-09-01 20:21:53.716170+00:00
,,1da1e28f-e304-4bc7-a6a7-e77cb5baf008,0c49166273014487baa157c538b5a932,USGS-03274615,00065,00011,2023-02-25 09:30:00+00:00,3.03,ft,Approved,,2025-09-01 20:21:53.716170+00:00
,,8ab9b4c7-eeba-4dab-ac78-aa95c120c186,0c49166273014487baa157c538b5a932,USGS-03274615,00065,00011,2023-02-25 09:15:00+00:00,3.04,ft,Approved,,2025-09-01 20:21:53.716170+00:00
,,1fdb1b55-cefd-406f-8c27-08a521cab6f6,0c49166273014487baa157c538b5a932,USGS-03274615,00065,00011,2023-02-25 09:00:00+00:00,3.04,ft,Approved,,2025-09-01 20:21:53.716170+00:00
,,c024fc7e-33a2-4804-9083-0b2ba5273196,0c49166273014487baa157c538b5a932,USGS-03274615,00065,00011,2023-02-25 08:45:00+00:00,3.03,ft,Approved,,2025-09-01 20:21:53.716170+00:00
,,1c82d88b-fec8-4fea-9f91-080813023203,0c49166273014487baa157c538b5a932,USGS-03274615,00065,00011,2023-02-25 08:30:00+00:00,3.02,ft,Approved,,2025-09-01 20:21:53.716170+00:00
,,64a73278-6fde-481e-bd51-f78028e636a0,0c49166273014487baa157c538b5a932,USGS-03274615,00065,00011,2023-02-25 08:15:00+00:00,3.03,ft,Approved,,2025-09-01 20:21:53.716170+00:00
,,768dcf55-a843-4d2e-ab3f-b1073d1e0a96,0c49166273014487baa157c538b5a932,USGS-03274615,00065,00011,2023-02-25 08:00:00+00:00,3.02,ft,Approved,,2025-09-01 20:21:53.716170+00:00
,,c0f8fb5d-bb38-42da-ba30-8833b78076e1,0c49166273014487baa157c538b5a932,USGS-03274615,00065,00011,2023-02-25 07:45:00+00:00,3.02,ft,Approved,,2025-09-01 20:21:53.716170+00:00
,,f54bfc83-1179-4b16-b68d-aeb347ba0df3,0c49166273014487baa157c538b5a932,USGS-03274615,00065,00011,2023-02-25 07:30:00+00:00,2.99,ft,Approved,,2025-09-01 20:21:53.716170+00:00
,,5a74b64d-3dc5-4d61-adf5-fe12bed7e5ad,0c49166273014487baa157c538b5a932,USGS-03274615,00065,00011,2023-02-25 07:15:00+00:00,3.00,ft,Approved,,2025-09-01 20:21:53.716170+00:00
,,1d3e8471-6512-4584-a616-a55df2c26e02,0c49166273014487baa157c538b5a932,USGS-03274615,00065,00011,2023-02-25 07:00:00+00:00,2.99,ft,Approved,,2025-09-01 20:21:53.716170+00:00
,,4ed118b3-5755-455b-8967-7e48c62d1bd3,0c49166273014487baa157c538b5a932,USGS-03274615,00065,00011,2023-02-25 06:45:00+00:00,2.99,ft,Approved,,2025-09-01 20:21:53.716170+00:00
,,22bc6103-8db4-4564-a243-595f7c6f6711,0c49166273014487baa157c538b5a932,USGS-03274615,00065,00011,2023-02-25 06:30:00+00:00,2.99,ft,Approved,,2025-09-01 20:21:53.716170+00:00
,,d7bd2b9f-7d76-4e55-b2f3-987e6ac2350a,0c49166273014487baa157c538b5a932,USGS-03274615,00065,00011,2023-02-25 06:15:00+00:00,2.97,ft,Approved,,2025-09-01 20:21:53.716170+00:00
,,e633d4f2-9477-48ed-b85d-06c9f2dd6341,0c49166273014487baa157c538b5a932,USGS-03274615,00065,00011,2023-02-25 06:00:00+00:00,2.96,ft,Approved,,2025-09-01 20:21:53.716170+00:00
,,13ddc7c6-3e1c-4a7a-8296-29eb93f32e3f,0c49166273014487baa157c538b5a932,USGS-03274615,00065,00011,2023-02-25 05:45:00+00:00,2.96,ft,Approved,,2025-09-01 20:21:53.716170+00:00
,,85c03a2a-001f-4b79-9ff7-097e5df4145e,0c49166273014487baa157c538b5a932,USGS-03274615,00065,00011,2023-02-25 05:30:00+00:00,2.94,ft,Approved,,2025-09-01 20:21:53.716170+00:00
,,2f44feb6-32cd-4506-9e34-c8a7aa3a9ec8,0c49166273014487baa157c538b5a932,USGS-03274615,00065,00011,2023-02-25 05:15:00+00:00,2.94,ft,Approved,,2025-09-01 20:21:53.716170+00:00
,,8e3519b0-e43d-4d70-ba2d-e6f8081a9d6f,0c49166273014487baa157c538b5a932,USGS-03274615,00065,00011,2023-02-25 05:00:00+00:00,2.93,ft,Approved,,2025-09-01 20:21:53.716170+00:00
,,5624b5d9-ac92-4bba-8ccf-554832fc66c1,0c49166273014487baa157c538b5a932,USGS-03274615,00065,00011,2023-02-25 04:45:00+00:00,2.93,ft,Approved,,2025-09-01 20:21:53.716170+00:00
,,99ad807e-6b34-4afc-8aa8-46ee17645b30,0c49166273014487baa157c538b5a932,USGS-03274615,00065,00011,2023-02-25 04:30:00+00:00,2.89,ft,Approved,,2025-09-01 20:21:53.716170+00:00
,,524d8822-75ca-4beb-a3c7-5b305b25bbd2,0c49166273014487baa157c538b5a932,USGS-03274615,00065,00011,2023-02-25 04:15:00+00:00,2.89,ft,Approved,,2025-09-01 20:21:53.716170+00:00
,,816c0bb9-f307-4c1f-a1d9-6550613177ad,0c49166273014487baa157c538b5a932,USGS-03274615,00065,00011,2023-02-25 04:00:00+00:00,2.87,ft,Approved,,2025-09-01 20:21:53.716170+00:00
,,f773f436-f205-4297-9634-6cd16b9f3065,0c49166273014487baa157c538b5a932,USGS-03274615,00065,00011,2023-02-25 03:45:00+00:00,2.86,ft,Approved,,2025-09-01 20:21:53.716170+00:00
,,d2983648-d1b0-4335-b98c-ebc77b0e4c84,0c49166273014487baa157c538b5a932,USGS-03274615,00065,00011,2023-02-25 03:30:00+00:00,2.85,ft,Approved,,2025-09-01 20:21:53.716170+00:00
,,3cb799ac-c6cd-4a40-9ac7-c226b3a11559,0c49166273014487baa157c538b5a932,USGS-03274615,00065,00011,2023-02-25 03:15:00+00:00,2.84,ft,Approved,,2025-09-01 20:21:53.716170+00:00
,,f2401016-edb2-4a80-bd98-3502694ef9fa,0c49166273014487baa157c538b5a932,USGS-03274615,00065,00011,2023-02-25 03:00:00+00:00,2.81,ft,Approved,,2025-09-01 20:21:53.716170+00:00
,,5563d3b0-3dca-44c3-b16c-abc5e1f617ab,0c49166273014487baa157c538b5a932,USGS-03274615,00065,00011,2023-02-25 02:45:00+00:00,2.80,ft,Approved,,2025-09-01 20:21:53.716170+00:00
,,9cda45da-0b39-4b71-b08a-e6c04a38acec,0c49166273014487baa157c538b5a932,USGS-03274615,00065,00011,2023-02-25 02:30:00+00:00,2.77,ft,Approved,,2025-09-01 20:21:53.716170+00:00
,,d6fa4aa1-563f-4869-aa0c-bfd134499dcb,0c49166273014487baa157c538b5a932,USGS-03274615,00065,00011,2023-02-25 02:15:00+00:00,2.75,ft,Approved,,2025-09-01 20:21:53.716170+00:00
,,d8bfd360-7484-4b1d-8dcd-c68a8d00ea58,0c49166273014487baa157c538b5a932,USGS-03274615,00065,00011,2023-02-25 02:00:00+00:00,2.73,ft,Approved,,2025-09-01 20:21:53.716170+00:00
,,13bb9e78-0e6e-4b6a-b7a3-16c8e2eac2b6,0c49166273014487baa157c538b5a932,USGS-03274615,00065,00011,2023-02-25 01:45:00+00:00,2.71,ft,Approved,,2025-09-01 20:21:53.716170+00:00
,,a727e8a2-dd62-4f5e-b770-4e55021b0c95,0c49166273014487baa157c538b5a932,USGS-03274615,00065,00011,2023-02-25 01:30:00+00:00,2.68,ft,Approved,,2025-09-01 20:21:53.716170+00:00
,,84b11811-bd4e-40ab-a348-1c4a580d9a31,0c49166273014487baa157c538b5a932,USGS-03274615,00065,00011,2023-02-25 01:15:00+00:00,2.65,ft,Approved,,2025-09-01 20:21:53.716170+00:00
,,90a921c0-a7dd-4e1b-acc5-f9e6f27a708a,0c49166273014487baa157c538b5a932,USGS-03274615,00065,00011,2023-02-25 01:00:00+00:00,2.63,ft,Approved,,2025-09-01 20:21:53.716170+00:00
,,e62b886d-1eab-424e-85ea-82f959a6f5ee,0c49166273014487baa157c538b5a932,USGS-03274615,00065,00011,2023-02-25 00:45:00+00:00,2.61,ft,Approved,,2025-09-01 20:21:53.716170+00:00
,,0dfd5eb4-a459-40a5-8423-1ef36a78b498,0c49166273014487baa157c538b5a932,USGS-03274615,00065,00011,2023-02-25 00:30:00+00:00,2.58,ft,Approved,,2025-09-01 20:21:53.716170+00:00
,,0e3324d5-2618-4074-918e-d20d6eb866f7,0c49166273014487baa157c538b5a932,USGS-03274615,00065,00011,2023-02-25 00:15:00+00:00,2.56,ft,Approved,,2025-09-01 20:21:53.716170+00:00
,,f2a76513-7f2a-4a78-929a-31ec90cf76eb,0c49166273014487baa157c538b5a932,USGS-03274615,00065,00011,2023-02-25 00:00:00+00:00,2.53,ft,Approved,,2025-09-01 20:21:53.716170+00:00
,,3b139ad3-96f5-4b8c-ab64-5e63ee087e50,0c49166273014487baa157c538b5a932,USGS-03274615,00065,00011,2023-02-24 23:45:00+00:00,2.50,ft,Approved,,2025-09-01 20:21:53.716170+00:00
,,694a5efd-eed0-4483-903a-a94dd24071cf,0c49166273014487baa157c538b5a932,USGS-03274615,00065,00011,2023-02-24 23:30:00+00:00,2.49,ft,Approved,,2025-09-01 20:21:53.716170+00:00
,,b6831b6e-92e8-424a-9c42-49fbb6d5a462,0c49166273014487baa157c538b5a932,USGS-03274615,00065,00011,2023-02-24 23:15:00+00:00,2.45,ft,Approved,,2025-09-01 20:21:53.716170+00:00
,,ce5e7d10-bd3d-4ee3-8042-a7c4820b5f71,0c49166273014487baa157c538b5a932,USGS-03274615,00065,00011,2023-02-24 23:00:00+00:00,2.43,ft,Approved,,2025-09-01 20:21:53.716170+00:00
,,87f5e207-32a5-4660-b4d5-ac2317dcc3c5,0c49166273014487baa157c538b5a932,USGS-03274615,00065,00011,2023-02-24 22:45:00+00:00,2.43,ft,Approved,,2025-09-01 20:21:53.716170+00:00
,,6676cd42-a981-4486-a645-14d821da0c27,0c49166273014487baa157c538b5a932,USGS-03274615,00065,00011,2023-02-24 22:30:00+00:00,2.40,ft,Approved,,2025-09-01 20:21:53.716170+00:00
,,a17f6090-b7ae-4aee-b4e1-7ccc06ffb36e,0c49166273014487baa157c538b5a932,USGS-03274615,00065,00011,2023-02-24 22:15:00+00:00,2.37,ft,Approved,,2025-09-01 20:21:53.716170+00:00
,,c03ba262-8a19-48c2-bacb-b999c36d4d9c,0c49166273014487baa157c538b5a932,USGS-03274615,00065,00011,2023-02-24 22:00:00+00:00,2.35,ft,Approved,,2025-09-01 20:21:53.716170+00:00
,,07eed276-cb4a-4f0f-82e1-45aa0db039bc,0c49166273014487baa157c538b5a932,USGS-03274615,00065,00011,2023-02-24 21:45:00+00:00,2.34,ft,Approved,,2025-09-01 20:21:53.716170+00:00
,,0bc7eb73-b41f-4493-b4f2-f5629d62b256,0c49166273014487baa157c538b5a932,USGS-03274615,00065,00011,2023-02-24 21:30:00+00:00,2.33,ft,Approved,,2025-09-01 20:21:53.716170+00:00
,,f4964560-d09a-4893-a259-7313583324eb,0c49166273014487baa157c538b5a932,USGS-03274615,00065,00011,2023-02-24 21:15:00+00:00,2.32,ft,Approved,,2025-09-01 20:21:53.716170+00:00
,,a54acb58-a6fe-4899-86f0-9ee1a7c47a0e,0c49166273014487baa157c538b5a932,USGS-03274615,00065,00011,2023-02-24 21:00:00+00:00,2.31,ft,Approved,,2025-09-01 20:21:53.716170+00:00
,,a207a9de-c5df-446a-aeac-b94159df802e,0c49166273014487baa157c538b5a932,USGS-03274615,00065,00011,2023-02-24 20:45:00+00:00,2.27,ft,Approved,,2025-09-01 20:21:53.716170+00:00
,,5b4b9a67-bf71-44e5-8d97-05d1e3d462e7,0c49166273014487baa157c538b5a932,USGS-03274615,00065,00011,2023-02-24 20:30:00+00:00,2.30,ft,Approved,,2025-09-01 20:21:53.716170+00:00
,,e1e44e77-b27b-40f2-af7b-e0728486c95b,0c49166273014487baa157c538b5a932,USGS-03274615,00065,00011,2023-02-24 20:15:00+00:00,2.24,ft,Approved,,2025-09-01 20:21:53.716170+00:00
,,c3dda36b-a184-4e26-8754-563484ddaea3,0c49166273014487baa157c538b5a932,USGS-03274615,00065,00011,2023-02-24 20:00:00+00:00,2.29,ft,Approved,,2025-09-01 20:21:53.716170+00:00
,,6e1b9b26-7262-45dd-bf1f-99cb61568864,0c49166273014487baa157c538b5a932,USGS-03274615,00065,00011,2023-02-24 19:45:00+00:00,2.26,ft,Approved,,2025-09-01 20:21:53.716170+00:00
,,9dc8fd4e-f84b-40ad-8a2c-f2f5f22eba4e,0c49166273014487baa157c538b5a932,USGS-03274615,00065,00011,2023-02-24 19:30:00+00:00,2.26,ft,Approved,,2025-09-01 20:21:53.716170+00:00
,,f9682387-bea5-465f-a24e-886f141202e0,0c49166273014487baa157c538b5a932,USGS-03274615,00065,00011,2023-02-24 19:15:00+00:00,2.24,ft,Approved,,2025-09-01 20:21:53.716170+00:00
,,70bcc64a-3f9a-4ea6-b8a4-30b26d4b1440,0c49166273014487baa157c538b5a932,USGS-03274615,00065,00011,2023-02-24 19:00:00+00:00,2.20,ft,Approved,,2025-09-01 20:21:53.716170+00:00
,,6e7be22f-e7e0-4a7e-ab41-9b57976fb81c,0c49166273014487baa157c538b5a932,USGS-03274615,00065,00011,2023-02-24 18:45:00+00:00,2.22,ft,Approved,,2025-09-01 20:21:53.716170+00:00
,,5cccd933-8b53-48c7-ade7-52b42ebeb223,0c49166273014487baa157c538b5a932,USGS-03274615,00065,00011,2023-02-24 18:30:00+00:00,2.22,ft,Approved,,2025-09-01 20:21:53.716170+00:00
,,3581c732-c5be-4ff0-9bdd-4d97cb555982,0c49166273014487baa157c538b5a932,USGS-03274615,00065,00011,2023-02-24 18:15:00+00:00,2.21,ft,Approved,,2025-09-01 20:21:53.716170+00:00
,,a7fb3be1-1c33-4fb6-979c-c74c2d23bb5c,0c49166273014487baa157c538b5a932,USGS-03274615,00065,00011,2023-02-24 18:00:00+00:00,2.17,ft,Approved,,2025-09-01 20:21:53.716170+00:00
,,5995853e-ebd1-4d2e-9552-bb0fdddb6205,0c49166273014487baa157c538b5a932,USGS-03274615,00065,00011,2023-02-24 17:45:00+00:00,2.19,ft,Approved,,2025-09-01 20:21:53.716170+00:00
,,fbdad251-b1a9-4345-a8f8-ac552f733570,0c49166273014487baa157c538b5a932,USGS-03274615,00065,00011,2023-02-24 17:30:00+00:00,2.18,ft,Approved,,2025-09-01 20:21:53.716170+00:00
,,6f5e54c2-1e8a-43f9-ba4b-340935f40f97,0c49166273014487baa157c538b5a932,USGS-03274615,00065,00011,2023-02-24 17:15:00+00:00,2.21,ft,Approved,,2025-09-01 20:21:53.716170+00:00
,,cf41a2e9-a788-488a-9e0a-90bc5664ad40,0c49166273014487baa157c538b5a932,USGS-03274615,00065,00011,2023-02-24 17:00:00+00:00,2.19,ft,Approved,,2025-09-01 20:21:53.716170+00:00
,,e71bc723-0776-4452-a0cf-58a84b5d7b46,0c49166273014487baa157c538b5a932,USGS-03274615,00065,00011,2023-02-24 16:45:00+00:00,2.12,ft,Approved,,2025-09-01 20:21:53.716170+00:00
,,8dc8d25f-f18f-4ef3-80a7-cd0c69bb753b,0c49166273014487baa157c538b5a932,USGS-03274615,00065,00011,2023-02-24 16:30:00+00:00,2.18,ft,Approved,,2025-09-01 20:21:53.716170+00:00
,,b1e69963-dcc7-43ec-a230-c7267954ca63,0c49166273014487baa157c538b5a932,USGS-03274615,00065,00011,2023-02-24 16:15:00+00:00,2.19,ft,Approved,,2025-09-01 20:21:53.716170+00:00
,,83a4f9bb-d67d-4067-b1e1-9e1a8377db02,0c49166273014487baa157c538b5a932,USGS-03274615,00065,00011,2023-02-24 16:00:00+00:00,2.18,ft,Approved,,2025-09-01 20:21:53.716170+00:00
,,07e5d9fc-91b1-4f49-97e6-d96bf26520bc,0c49166273014487baa157c538b5a932,USGS-03274615,00065,00011,2023-02-24 15:45:00+00:00,2.18,ft,Approved,,2025-09-01 20:21:53.716170+00:00
,,b6428d24-b08e-4173-80f5-a5380598ad20,0c49166273014487baa157c538b5a932,USGS-03274615,00065,00011,2023-02-24 15:30:00+00:00,2.17,ft,Approved,,2025-09-01 20:21:53.716170+00:00
,,5008294c-3ed3-4cad-96bc-4484a0e44349,0c49166273014487baa157c538b5a932,USGS-03274615,00065,00011,2023-02-24 15:15:00+00:00,2.13,ft,Approved,,2025-09-01 20:21:53.716170+00:00
,,ae417872-5c1c-4bc1-877e-da94422eb28c,0c49166273014487baa157c538b5a932,USGS-03274615,00065,00011,2023-02-24 15:00:00+00:00,2.19,ft,Approved,,2025-09-01 20:21:53.716170+00:00
,,d1274e91-a103-4e9f-b8bf-cb4cac816b14,0c49166273014487baa157c538b5a932,USGS-03274615,00065,00011,2023-02-24 14:45:00+00:00,2.14,ft,Approved,,2025-09-01 20:21:53.716170+00:00
,,431f1657-632f-4408-b50b-f078201fb29d,0c49166273014487baa157c538b5a932,USGS-03274615,00065,00011,2023-02-24 14:30:00+00:00,2.14,ft,Approved,,2025-09-01 20:21:53.716170+00:00
,,cd454fe5-f5c6-46ff-b587-2d1934c944bb,0c49166273014487baa157c538b5a932,USGS-03274615,00065,00011,2023-02-24 14:15:00+00:00,2.19,ft,Approved,,2025-09-01 20:21:53.716170+00:00
,,5324e315-1aaf-4731-915a-77f2290bbb31,0c49166273014487baa157c538b5a932,USGS-03274615,00065,00011,2023-02-24 14:00:00+00:00,2.17,ft,Approved,,2025-09-01 20:21:53.716170+00:00
,,36271228-cf94-4799-a87a-ee2e066593bb,0c49166273014487baa157c538b5a932,USGS-03274615,00065,00011,2023-02-24 13:45:00+00:00,2.14,ft,Approved,,2025-09-01 20:21:53.716170+00:00
,,4b487a81-7d14-4b36-89d8-13cc61b47a9a,0c49166273014487baa157c538b5a932,USGS-03274615,00065,00011,2023-02-24 13:30:00+00:00,2.16,ft,Approved,,2025-09-01 20:21:53.716170+00:00
,,05e03726-970a-44e2-b85d-0100332eeaf1,0c49166273014487baa157c538b5a932,USGS-03274615,00065,00011,2023-02-24 13:15:00+00:00,2.17,ft,Approved,,2025-09-01 20:21:53.716170+00:00
,,173df3b4-db90-434b-a66b-0bd15d8cc04a,0c49166273014487baa157c538b5a932,USGS-03274615,00065,00011,2023-02-24 13:00:00+00:00,2.17,ft,Approved,,2025-09-01 20:21:53.716170+00:00
,,36d8d969-9174-4abf-8528-da603312a299,0c49166273014487baa157c538b5a932,USGS-03274615,00065,00011,2023-02-24 12:45:00+00:00,2.18,ft,Approved,,2025-09-01 20:21:53.716170+00:00
,,0f48d9bb-03c8-4927-85db-5b2ce35aded1,0c49166273014487baa157c538b5a932,USGS-03274615,00065,00011,2023-02-24 12:30:00+00:00,2.18,ft,Approved,,2025-09-01 20:21:53.716170+00:00
,,1a51bb8c-5a1f-488b-a88f-3ec563e3ce6f,0c49166273014487baa157c538b5a932,USGS-03274615,00065,00011,2023-02-24 12:15:00+00:00,2.17,ft,Approved,,2025-09-01 20:21:53.716170+00:00
,,bf268212-bb03-4c22-8ecd-41b45ccd2dc7,0c49166273014487baa157c538b5a932,USGS-03274615,00065,00011,2023-02-24 12:00:00+00:00,2.17,ft,Approved,,2025-09-01 20:21:53.716170+00:00
,,aeaa0fc0-3873-436f-a90c-4916372c0490,0c49166273014487baa157c538b5a932,USGS-03274615,00065,00011,2023-02-24 11:45:00+00:00,2.17,ft,Approved,,2025-09-01 20:21:53.716170+00:00
,,05f46eec-d569-4c18-b97c-6d45f4b7d1d3,0c49166273014487baa157c538b5a932,USGS-03274615,00065,00011,2023-02-24 11:30:00+00:00,2.17,ft,Approved,,2025-09-01 20:21:53.716170+00:00
,,11b29a88-0c1a-4187-92d0-24d6fc9f9760,0c49166273014487baa157c538b5a932,USGS-03274615,00065,00011,2023-02-24 11:15:00+00:00,2.17,ft,Approved,,2025-09-01 20:21:53.716170+00:00
,,38d032e2-dd49-47f9-928c-04cc9c048e32,0c49166273014487baa157c538b5a932,USGS-03274615,00065,00011,2023-02-24 11:00:00+00:00,2.16,ft,Approved,,2025-09-01 20:21:53.716170+00:00
,,3f51e732-9bd9-4a09-a5e0-16449f768207,0c49166273014487baa157c538b5a932,USGS-03274615,00065,00011,2023-02-24 10:45:00+00:00,2.16,ft,Approved,,2025-09-01 20:21:53.716170+00:00
,,75fb63c6-579a-48a8-909f-0d1c3523ec0a,0c49166273014487baa157c538b5a932,USGS-03274615,00065,00011,2023-02-24 10:30:00+00:00,2.16,ft,Approved,,2025-09-01 20:21:53.716170+00:00
,,1a54d99e-5166-4990-a895-47f3ca2fe8e9,0c49166273014487baa157c538b5a932,USGS-03274615,00065,00011,2023-02-24 10:15:00+00:00,2.16,ft,Approved,,2025-09-01 20:21:53.716170+00:00
,,25f7d3ee-159b-4fcf-abb2-7000d019b250,0c49166273014487baa157c538b5a932,USGS-03274615,00065,00011,2023-02-24 10:00:00+00:00,2.16,ft,Approved,,2025-09-01 20:21:53.716170+00:00
,,dc4dc2b9-4df0-4c86-8a27-579615d2807f,0c49166273014487baa157c538b5a932,USGS-03274615,00065,00011,2023-02-24 09:45:00+00:00,2.15,ft,Approved,,2025-09-01 20:21:53.716170+00:00
,,d283c41a-e198-4a1c-9fee-8624bdc108f0,0c49166273014487baa157c538b5a932,USGS-03274615,00065,00011,2023-02-24 09:30:00+00:00,2.16,ft,Approved,,2025-09-01 20:21:53.716170+00:00
,,9c0380b4-e233-41c9-a8d2-a908bf8b2153,0c49166273014487baa157c538b5a932,USGS-03274615,00065,00011,2023-02-24 09:15:00+00:00,2.16,ft,Approved,,2025-09-01 20:21:53.716170+00:00
,,6efcc494-3c13-4596-9348-cd40c791cadc,0c49166273014487baa157c538b5a932,USGS-03274615,00065,00011,2023-02-24 09:00:00+00:00,2.15,ft,Approved,,2025-09-01 20:21:53.716170+00:00
,,b0b52ce3-593d-4f69-add3-a9a5f5d62220,0c49166273014487baa157c538b5a932,USGS-03274615,00065,00011,2023-02-24 08:45:00+00:00,2.15,ft,Approved,,2025-09-01 20:21:53.716170+00:00
,,f29955ec-78dc-491f-a922-69f8790701ca,0c49166273014487baa157c538b5a932,USGS-03274615,00065,00011,2023-02-24 08:30:00+00:00,2.16,ft,Approved,,2025-09-01 20:21:53.716170+00:00
,,f658287c-a7d9-47e8-abdd-9c848fb6482d,0c49166273014487baa157c538b5a932,USGS-03274615,00065,00011,2023-02-24 08:15:00+00:00,2.15,ft,Approved,,2025-09-01 20:21:53.716170+00:00
,,3f63cf23-e2ae-4eff-af65-d3f4bd543776,0c49166273014487baa157c538b5a932,USGS-03274615,00065,00011,2023-02-24 08:00:00+00:00,2.14,ft,Approved,,2025-09-01 20:21:53.716170+00:00
,,aca87594-c281-4c75-9a5b-16b81d010156,0c49166273014487baa157c538b5a932,USGS-03274615,00065,00011,2023-02-24 07:45:00+00:00,2.05,ft,Approved,,2025-09-01 20:21:53.716170+00:00
,,44829d45-d0ff-4327-9b0d-f15644293223,0c49166273014487baa157c538b5a932,USGS-03274615,00065,00011,2023-02-24 07:30:00+00:00,2.15,ft,Approved,,2025-09-01 20:21:53.716170+00:00
,,c7a7ffca-1541-437d-9cee-8f1547726716,0c49166273014487baa157c538b5a932,USGS-03274615,00065,00011,2023-02-24 07:15:00+00:00,2.07,ft,Approved,,2025-09-01 20:21:53.716170+00:00
,,e6529cea-8940-4121-804f-fbcb39173b47,0c49166273014487baa157c538b5a932,USGS-03274615,00065,00011,2023-02-24 07:00:00+00:00,2.08,ft,Approved,,2025-09-01 20:21:53.716170+00:00
,,e9de6cb6-6457-4bca-abe4-f60dd51a03d2,0c49166273014487baa157c538b5a932,USGS-03274615,00065,00011,2023-02-24 06:45:00+00:00,2.13,ft,Approved,,2025-09-01 20:21:53.716170+00:00
,,c6005b79-b371-4152-9785-7ddf54cea96b,0c49166273014487baa157c538b5a932,USGS-03274615,00065,00011,2023-02-24 06:30:00+00:00,2.14,ft,Approved,,2025-09-01 20:21:53.716170+00:00
,,9e16ba31-9f5c-4a00-b537-3d9be8da9706,0c49166273014487baa157c538b5a932,USGS-03274615,00065,00011,2023-02-24 06:15:00+00:00,2.16,ft,Approved,,2025-09-01 20:21:53.716170+00:00
,,2f26e1d6-9ecd-42fb-8eb4-83b861dfb177,0c49166273014487baa157c538b5a932,USGS-03274615,00065,00011,2023-02-24 06:00:00+00:00,2.10,ft,Approved,,2025-09-01 20:21:53.716170+00:00
,,0bac8801-a058-4e48-9d52-475d4607bab0,0c49166273014487baa157c538b5a932,USGS-03274615,00065,00011,2023-02-24 05:45:00+00:00,2.15,ft,Approved,,2025-09-01 20:21:53.716170+00:00
,,e000dc5a-bc48-48b6-b688-9a46b382ee1c,0c49166273014487baa157c538b5a932,USGS-03274615,00065,00011,2023-02-24 05:30:00+00:00,2.12,ft,Approved,,2025-09-01 20:21:53.716170+00:00
,,ab83a7c6-4a4d-41ee-b93b-1bff78ce0930,0c49166273014487baa157c538b5a932,USGS-03274615,00065,00011,2023-02-24 05:15:00+00:00,2.16,ft,Approved,,2025-09-01 20:21:53.716170+00:00
,,965f15a8-72f1-4f7a-977e-38d2f741c703,0c49166273014487baa157c538b5a932,USGS-03274615,00065,00011,2023-02-24 05:00:00+00:00,2.16,ft,Approved,,2025-09-01 20:21:53.716170+00:00
,,1569f8ee-d0a1-454d-9167-3443e44a8559,0c49166273014487baa157c538b5a932,USGS-03274615,00065,00011,2023-02-24 04:45:00+00:00,2.13,ft,Approved,,2025-09-01 20:21:53.716170+00:00
,,846bcd5e-d917-4ea5-863c-d05ae48d398b,0c49166273014487baa157c538b5a932,USGS-03274615,00065,00011,2023-02-24 04:30:00+00:00,2.15,ft,Approved,,2025-09-01 20:21:53.716170+00:00
,,e69fc2a1-8a19-4c08-945f-a112a08492fe,0c49166273014487baa157c538b5a932,USGS-03274615,00065,00011,2023-02-24 04:15:00+00:00,2.16,ft,Approved,,2025-09-01 20:21:53.716170+00:00
,,8323b213-8079-4f99-b371-e7ea3feb76be,0c49166273014487baa157c538b5a932,USGS-03274615,00065,00011,2023-02-24 04:00:00+00:00,2.15,ft,Approved,,2025-09-01 20:21:53.716170+00:00
,,3fb9ac66-423f-49b7-b9c4-5cd0c997f613,0c49166273014487baa157c538b5a932,USGS-03274615,00065,00011,2023-02-24 03:45:00+00:00,2.13,ft,Approved,,2025-09-01 20:21:53.716170+00:00
,,782a795d-4785-4967-b834-22dc7e55b740,0c49166273014487baa157c538b5a932,USGS-03274615,00065,00011,2023-02-24 03:30:00+00:00,2.15,ft,Approved,,2025-09-01 20:21:53.716170+00:00
,,d4e158b3-cc5f-4a30-b1b1-e95a8c96f26e,0c49166273014487baa157c538b5a932,USGS-03274615,00065,00011,2023-02-24 03:15:00+00:00,2.16,ft,Approved,,2025-09-01 20:21:53.716170+00:00
,,aee66d06-ac36-4ee9-ab53-0eb830c14e98,0c49166273014487baa157c538b5a932,USGS-03274615,00065,00011,2023-02-24 03:00:00+00:00,2.16,ft,Approved,,2025-09-01 20:21:53.716170+00:00
,,a93da76b-d2c3-4b9c-8d41-3ceebcdef189,0c49166273014487baa157c538b5a932,USGS-03274615,00065,00011,2023-02-24 02:45:00+00:00,2.15,ft,Approved,,2025-09-01 20:21:53.716170+00:00
,,d125bcd5-f4e6-4913-9b8a-a85d4c7f1e3e,0c49166273014487baa157c538b5a932,USGS-03274615,00065,00011,2023-02-24 02:30:00+00:00,2.15,ft,Approved,,2025-09-01 20:21:53.716170+00:00
,,0e6af7e3-4a0d-46b6-83ff-38822d915857,0c49166273014487baa157c538b5a932,USGS-03274615,00065,00011,2023-02-24 02:15:00+00:00,2.17,ft,Approved,,2025-09-01 20:21:53.716170+00:00
,,aaed6569-325c-429b-a460-1a94a147c1a0,0c49166273014487baa157c538b5a932,USGS-03274615,00065,00011,2023-02-24 02:00:00+00:00,2.15,ft,Approved,,2025-09-01 20:21:53.716170+00:00
,,5aa97bde-d918-4fcc-9bcc-b12bebf84110,0c49166273014487baa157c538b5a932,USGS-03274615,00065,00011,2023-02-24 01:45:00+00:00,2.16,ft,Approved,,2025-09-01 20:21:53.716170+00:00
,,a847f320-d3af-4e65-8f7d-381f2edb0735,0c49166273014487baa157c538b5a932,USGS-03274615,00065,00011,2023-02-24 01:30:00+00:00,2.15,ft,Approved,,2025-09-01 20:21:53.716170+00:00
,,6f3539f5-7862-40f7-a593-3d02b068b9e6,0c49166273014487baa157c538b5a932,USGS-03274615,00065,00011,2023-02-24 01:15:00+00:00,2.16,ft,Approved,,2025-09-01 20:21:53.716170+00:00
,,bc725418-5774-4567-8977-8e46c411e864,0c49166273014487baa157c538b5a932,USGS-03274615,00065,00011,2023-02-24 01:00:00+00:00,2.15,ft,Approved,,2025-09-01 20:21:53.716170+00:00
,,0c43d7fa-ec7e-4f2b-95fa-78d6e260c5bd,0c49166273014487baa157c538b5a932,USGS-03274615,00065,00011,2023-02-24 00:45:00+00:00,2.15,ft,Approved,,2025-09-01 20:21:53.716170+00:00
,,20b6ecf9-70fb-48ab-afdb-b1fdb6047798,0c49166273014487baa157c538b5a932,USGS-03274615,00065,00011,2023-02-24 00:30:00+00:00,2.14,ft,Approved,,2025-09-01 20:21:53.716170+00:00
,,04a050d2-bcbc-454f-848f-454434728659,0c49166273014487baa157c538b5a932,USGS-03274615,00065,00011,2023-02-24 00:15:00+00:00,2.14,ft,Approved,,2025-09-01 20:21:53.716170+00:00
,,796d6176-6f50-480d-8834-690902007249,0c49166273014487baa157c538b5a932,USGS-03274615,00065,00011,2023-02-24 00:00:00+00:00,2.09,ft,Approved,,2025-09-01 20:21:53.716170+00:00
,,73adf8c8-171f-44b9-8dfd-1df155bcff07,0c49166273014487baa157c538b5a932,USGS-03274615,00065,00011,2023-02-23 23:45:00+00:00,2.14,ft,Approved,,2025-09-01 20:21:53.716170+00:00
,,47ea991c-98bc-457d-a7c6-081e7b6befd2,0c49166273014487baa157c538b5a932,USGS-03274615,00065,00011,2023-02-23 23:30:00+00:00,2.14,ft,Approved,,2025-09-01 20:21:53.716170+00:00
,,0c986c18-9c82-42d5-abc6-ca303da6bb0f,0c49166273014487baa157c538b5a932,USGS-03274615,00065,00011,2023-02-23 23:15:00+00:00,2.13,ft,Approved,,2025-09-01 20:21:53.716170+00:00
,,157dce5b-dffc-4a7d-8e60-fa2f0d8c869a,0c49166273014487baa157c538b5a932,USGS-03274615,00065,00011,2023-02-23 23:00:00+00:00,2.13,ft,Approved,,2025-09-01 20:21:53.716170+00:00
,,c98dcf0c-8189-4454-b932-3abf32a42522,0c49166273014487baa157c538b5a932,USGS-03274615,00065,00011,2023-02-23 22:45:00+00:00,2.12,ft,Approved,,2025-09-01 20:21:53.716170+00:00
,,dfab2eed-18c3-4ec1-8def-d19205ace37c,0c49166273014487baa157c538b5a932,USGS-03274615,00065,00011,2023-02-23 22:30:00+00:00,2.04,ft,Approved,,2025-09-01 20:21:53.716170+00:00
,,ea940c8c-65c6-4a6d-bb9c-d06ed8656bf2,0c49166273014487baa157c538b5a932,USGS-03274615,00065,00011,2023-02-23 22:15:00+00:00,2.03,ft,Approved,,2025-09-01 20:21:53.716170+00:00
,,3ebadf9a-53cc-48ef-bc88-36d3e3043b02,0c49166273014487baa157c538b5a932,USGS-03274615,00065,00011,2023-02-23 22:00:00+00:00,2.12,ft,Approved,,2025-09-01 20:21:53.716170+00:00
,,c7a3639f-01c6-432a-9ab7-646f6701ab93,0c49166273014487baa157c538b5a932,USGS-03274615,00065,00011,2023-02-23 21:45:00+00:00,2.11,ft,Approved,,2025-09-01 20:21:53.716170+00:00
,,2afe4618-c083-4f6e-9f9e-4f0405edb764,0c49166273014487baa157c538b5a932,USGS-03274615,00065,00011,2023-02-23 21:30:00+00:00,2.03,ft,Approved,,2025-09-01 20:21:53.716170+00:00
,,5c17062f-5f29-4f60-816d-92c8fd913ef2,0c49166273014487baa157c538b5a932,USGS-03274615,00065,00011,2023-02-23 21:15:00+00:00,2.06,ft,Approved,,2025-09-01 20:21:53.716170+00:00
,,bc325cf0-9da3-436c-a271-001ddf83a152,0c49166273014487baa157c538b5a932,USGS-03274615,00065,00011,2023-02-23 21:00:00+00:00,2.04,ft,Approved,,2025-09-01 20:21:53.716170+00:00
,,0f898bd2-58c1-4a4f-9bc9-3b601af994a0,0c49166273014487baa157c538b5a932,USGS-03274615,00065,00011,2023-02-23 20:45:00+00:00,2.08,ft,Approved,,2025-09-01 20:21:53.716170+00:00
,,4e1eac14-99a5-413e-a696-0e64a12349ba,0c49166273014487baa157c538b5a932,USGS-03274615,00065,00011,2023-02-23 20:30:00+00:00,2.02,ft,Approved,,2025-09-01 20:21:53.716170+00:00
,,68cba705-a4cc-4f21-a416-7b940f09d41e,0c49166273014487baa157c538b5a932,USGS-03274615,00065,00011,2023-02-23 20:15:00+00:00,2.05,ft,Approved,,2025-09-01 20:21:53.716170+00:00
,,00bd1227-8808-45ce-be1f-fd4e91cbd706,0c49166273014487baa157c538b5a932,USGS-03274615,00065,00011,2023-02-23 20:00:00+00:00,1.96,ft,Approved,,2025-09-01 20:21:53.716170+00:00
,,2cc65dff-3097-44b0-b3de-5755686fc41d,0c49166273014487baa157c538b5a932,USGS-03274615,00065,00011,2023-02-23 19:45:00+00:00,1.95,ft,Approved,,2025-09-01 20:21:53.716170+00:00
,,ab6fd0c9-c108-4fd4-af82-e1392635e2cb,0c49166273014487baa157c538b5a932,USGS-03274615,00065,00011,2023-02-23 19:30:00+00:00,2.02,ft,Approved,,2025-09-01 20:21:53.716170+00:00
,,c80218de-9074-437a-aef3-25b26d3119ce,0c49166273014487baa157c538b5a932,USGS-03274615,00065,00011,2023-02-23 19:15:00+00:00,1.97,ft,Approved,,2025-09-01 20:21:53.716170+00:00
,,85bf9c4c-1deb-4522-899c-49b5756fbffc,0c49166273014487baa157c538b5a932,USGS-03274615,00065,00011,2023-02-23 19:00:00+00:00,1.98,ft,Approved,,2025-09-01 20:21:53.716170+00:00
,,98557535-594b-463d-9961-00b5cd861c1c,0c49166273014487baa157c538b5a932,USGS-03274615,00065,00011,2023-02-23 18:45:00+00:00,1.98,ft,Approved,,2025-09-01 20:21:53.716170+00:00
,,5d786a79-d551-4fe8-baf5-2353c8925a16,0c49166273014487baa157c538b5a932,USGS-03274615,00065,00011,2023-02-23 18:30:00+00:00,1.96,ft,Approved,,2025-09-01 20:21:53.716170+00:00
,,f7398c99-e6cf-4ff1-afbc-9248a89230ad,0c49166273014487baa157c538b5a932,USGS-03274615,00065,00011,2023-02-23 18:15:00+00:00,2.08,ft,Approved,,2025-09-01 20:21:53.716170+00:00
,,b6fb1652-5f44-4434-9e3e-45ee97e32c4f,0c49166273014487baa157c538b5a932,USGS-03274615,00065,00011,2023-02-23 18:00:00+00:00,2.03,ft,Approved,,2025-09-01 20:21:53.716170+00:00
,,55838eff-899d-4e9f-bc2b-42ed50a45c9d,0c49166273014487baa157c538b5a932,USGS-03274615,00065,00011,2023-02-23 17:45:00+00:00,1.98,ft,Approved,,2025-09-01 20:21:53.716170+00:00
,,f5d1bafa-a05a-440a-8ee4-ed7b4fab9500,0c49166273014487baa157c538b5a932,USGS-03274615,00065,00011,2023-02-23 17:30:00+00:00,2.10,ft,Approved,,2025-09-01 20:21:53.716170+00:00
,,3104b751-c16d-4da6-a079-dd4f61ae3150,0c49166273014487baa157c538b5a932,USGS-03274615,00065,00011,2023-02-23 17:15:00+00:00,2.00,ft,Approved,,2025-09-01 20:21:53.716170+00:00
,,e8fe159e-19fe-4710-848d-01365af9f858,0c49166273014487baa157c538b5a932,USGS-03274615,00065,00011,2023-02-23 17:00:00+00:00,2.06,ft,Approved,,2025-09-01 20:21:53.716170+00:00
,,cf75cf04-4961-4709-b5b7-d143b0558737,0c49166273014487baa157c538b5a932,USGS-03274615,00065,00011,2023-02-23 16:45:00+00:00,2.02,ft,Approved,,2025-09-01 20:21:53.716170+00:00
,,0d77cbc4-7021-402c-873b-5caf6e01675d,0c49166273014487baa157c538b5a932,USGS-03274615,00065,00011,2023-02-23 16:30:00+00:00,2.03,ft,Approved,,2025-09-01 20:21:53.716170+00:00
,,daa8ac7b-eb36-4068-88a9-217697316530,0c49166273014487baa157c538b5a932,USGS-03274615,00065,00011,2023-02-23 16:15:00+00:00,2.01,ft,Approved,,2025-09-01 20:21:53.716170+00:00
,,07e0917a-07f0-4cbd-9594-037639a2f12a,0c49166273014487baa157c538b5a932,USGS-03274615,00065,00011,2023-02-23 16:00:00+00:00,2.09,ft,Approved,,2025-09-01 20:21:53.716170+00:00
,,62a1296e-d4c5-4b6c-9f4d-7038744e42b1,0c49166273014487baa157c538b5a932,USGS-03274615,00065,00011,2023-02-23 15:45:00+00:00,2.03,ft,Approved,,2025-09-01 20:21:53.716170+00:00
,,d8e35a3a-4f79-4e9e-81be-9852dcae26d1,0c49166273014487baa157c538b5a932,USGS-03274615,00065,00011,2023-02-23 15:30:00+00:00,2.09,ft,Approved,,2025-09-01 20:21:53.716170+00:00
,,fc84597e-62fd-4f84-902d-269f5bfeb374,0c49166273014487baa157c538b5a932,USGS-03274615,00065,00011,2023-02-23 15:15:00+00:00,1.99,ft,Approved,,2025-09-01 20:21:53.716170+00:00
,,ee664074-83e7-4c7e-9515-4b9c59c39cc8,0c49166273014487baa157c538b5a932,USGS-03274615,00065,00011,2023-02-23 15:00:00+00:00,2.10,ft,Approved,,2025-09-01 20:21:53.716170+00:00
,,ca6ce81e-b588-413b-839b-50945c1658fd,0c49166273014487baa157c538b5a932,USGS-03274615,00065,00011,2023-02-23 14:45:00+00:00,2.04,ft,Approved,,2025-09-01 20:21:53.716170+00:00
,,9c6566f8-a482-42b1-bf85-50185b1a65c8,0c49166273014487baa157c538b5a932,USGS-03274615,00065,00011,2023-02-23 14:30:00+00:00,2.05,ft,Approved,,2025-09-01 20:21:53.716170+00:00
,,59c347c5-cb63-4c3a-850c-895a87f19b16,0c49166273014487baa157c538b5a932,USGS-03274615,00065,00011,2023-02-23 14:15:00+00:00,2.03,ft,Approved,,2025-09-01 20:21:53.716170+00:00
,,8a06120c-2243-40cd-8852-66cc8a941662,0c49166273014487baa157c538b5a932,USGS-03274615,00065,00011,2023-02-23 14:00:00+00:00,2.03,ft,Approved,,2025-09-01 20:21:53.716170+00:00
,,797ef0db-7cdd-4512-a1a3-152b01f51b5b,0c49166273014487baa157c538b5a932,USGS-03274615,00065,00011,2023-02-23 13:45:00+00:00,2.10,ft,Approved,,2025-09-01 20:21:53.716170+00:00
,,58585df9-429b-4a5e-a8bd-e07b16b946cc,0c49166273014487baa157c538b5a932,USGS-03274615,00065,00011,2023-02-23 13:30:00+00:00,2.02,ft,Approved,,2025-09-01 20:21:53.716170+00:00
,,229f2534-490b-4d22-86fc-684c77b0fad8,0c49166273014487baa157c538b5a932,USGS-03274615,00065,00011,2023-02-23 13:15:00+00:00,2.11,ft,Approved,,2025-09-01 20:21:53.716170+00:00
,,0533d081-4961-455c-bb23-8d659ebcf139,0c49166273014487baa157c538b5a932,USGS-03274615,00065,00011,2023-02-23 13:00:00+00:00,2.12,ft,Approved,,2025-09-01 20:21:53.716170+00:00
,,8a104af1-2af9-40e3-a6cf-b923a3533bb8,0c49166273014487baa157c538b5a932,USGS-03274615,00065,00011,2023-02-23 12:45:00+00:00,2.12,ft,Approved,,2025-09-01 20:21:53.716170+00:00
,,c01660e3-7a15-42d2-8dfe-7f3086783f12,0c49166273014487baa157c538b5a932,USGS-03274615,00065,00011,2023-02-23 12:30:00+00:00,2.12,ft,Approved,,2025-09-01 20:21:53.716170+00:00
,,c82f3df4-f3b9-4546-8f7f-c668c54b066e,0c49166273014487baa157c538b5a932,USGS-03274615,00065,00011,2023-02-23 12:15:00+00:00,2.12,ft,Approved,,2025-09-01 20:21:53.716170+00:00
,,16372780-11b4-44a2-b870-6a96a90fcfdd,0c49166273014487baa157c538b5a932,USGS-03274615,00065,00011,2023-02-23 12:00:00+00:00,2.13,ft,Approved,,2025-09-01 20:21:53.716170+00:00
,,cd8ac924-ff66-439a-9863-10327b3b4984,0c49166273014487baa157c538b5a932,USGS-03274615,00065,00011,2023-02-23 11:45:00+00:00,2.12,ft,Approved,,2025-09-01 20:21:53.716170+00:00
,,2b0d1c13-8419-4cc2-a6a1-facb0ef934a6,0c49166273014487baa157c538b5a932,USGS-03274615,00065,00011,2023-02-23 11:30:00+00:00,2.12,ft,Approved,,2025-09-01 20:21:53.716170+00:00
,,2637da0e-a911-46bf-9010-3ba2c99f35ff,0c49166273014487baa157c538b5a932,USGS-03274615,00065,00011,2023-02-23 11:15:00+00:00,2.12,ft,Approved,,2025-09-01 20:21:53.716170+00:00
,,ca4e64d6-dc32-4f9b-b61d-6fc834965271,0c49166273014487baa157c538b5a932,USGS-03274615,00065,00011,2023-02-23 11:00:00+00:00,2.11,ft,Approved,,2025-09-01 20:21:53.716170+00:00
,,db633dbf-2277-4620-b6bb-c916426180ff,0c49166273014487baa157c538b5a932,USGS-03274615,00065,00011,2023-02-23 10:45:00+00:00,2.11,ft,Approved,,2025-09-01 20:21:53.716170+00:00
,,f6781c90-f47f-451c-86d8-ee68c7059abb,0c49166273014487baa157c538b5a932,USGS-03274615,00065,00011,2023-02-23 10:30:00+00:00,2.11,ft,Approved,,2025-09-01 20:21:53.716170+00:00
,,542b8203-5c52-4753-9e35-8d496fba8f18,0c49166273014487baa157c538b5a932,USGS-03274615,00065,00011,2023-02-23 10:15:00+00:00,2.09,ft,Approved,,2025-09-01 20:21:53.716170+00:00
,,64cec8ec-56e6-4677-87db-be097dad5a00,0c49166273014487baa157c538b5a932,USGS-03274615,00065,00011,2023-02-23 10:00:00+00:00,2.08,ft,Approved,,2025-09-01 20:21:53.716170+00:00
,,092667fe-5fb8-40e0-83d1-f7303a428f09,0c49166273014487baa157c538b5a932,USGS-03274615,00065,00011,2023-02-23 09:45:00+00:00,2.08,ft,Approved,,2025-09-01 20:21:53.716170+00:00
,,a9820c11-32bf-4f4a-8a78-d4bc139df2e2,0c49166273014487baa157c538b5a932,USGS-03274615,00065,00011,2023-02-23 09:30:00+00:00,2.07,ft,Approved,,2025-09-01 20:21:53.716170+00:00
,,6b301f0b-9882-4fb1-8136-a2d896ddd987,0c49166273014487baa157c538b5a932,USGS-03274615,00065,00011,2023-02-23 09:15:00+00:00,2.06,ft,Approved,,2025-09-01 20:21:53.716170+00:00
,,dd06724b-1526-47d6-a15f-60e2049be06f,0c49166273014487baa157c538b5a932,USGS-03274615,00065,00011,2023-02-23 09:00:00+00:00,2.05,ft,Approved,,2025-09-01 20:21:53.716170+00:00
,,f41f5fe3-9a02-49e6-af22-bfe6705e4fe9,0c49166273014487baa157c538b5a932,USGS-03274615,00065,00011,2023-02-23 08:45:00+00:00,2.03,ft,Approved,,2025-09-01 20:21:53.716170+00:00
,,0a2860b5-6e92-47d5-98f7-8e5e1960d9ac,0c49166273014487baa157c538b5a932,USGS-03274615,00065,00011,2023-02-23 08:30:00+00:00,2.02,ft,Approved,,2025-09-01 20:21:53.716170+00:00
,,f23ab341-437c-4b94-90b2-32098934665b,0c49166273014487baa157c538b5a932,USGS-03274615,00065,00011,2023-02-23 08:15:00+00:00,2.00,ft,Approved,,2025-09-01 20:21:53.716170+00:00
,,0e6a8596-7764-4900-a622-d2170b122ac7,0c49166273014487baa157c538b5a932,USGS-03274615,00065,00011,2023-02-23 08:00:00+00:00,1.98,ft,Approved,,2025-09-01 20:21:53.716170+00:00
,,344aa040-b152-4262-874b-c986e8314d8f,0c49166273014487baa157c538b5a932,USGS-03274615,00065,00011,2023-02-23 07:45:00+00:00,1.97,ft,Approved,,2025-09-01 20:21:53.716170+00:00
,,cde78add-5c78-4f9f-9777-05995c200578,0c49166273014487baa157c538b5a932,USGS-03274615,00065,00011,2023-02-23 07:30:00+00:00,1.95,ft,Approved,,2025-09-01 20:21:53.716170+00:00
,,b494299b-1f40-4898-a1d3-d7e30bc27195,0c49166273014487baa157c538b5a932,USGS-03274615,00065,00011,2023-02-23 07:15:00+00:00,1.94,ft,Approved,,2025-09-01 20:21:53.716170+00:00
,,d5a402d7-721f-4062-8b7e-82ac8264e01b,0c49166273014487baa157c538b5a932,USGS-03274615,00065,00011,2023-02-23 07:00:00+00:00,1.93,ft,Approved,,2025-09-01 20:21:53.716170+00:00
,,963d996e-cd0b-4b5a-97fa-416ea490591c,0c49166273014487baa157c538b5a932,USGS-03274615,00065,00011,2023-02-23 06:45:00+00:00,1.92,ft,Approved,,2025-09-01 20:21:53.716170+00:00
,,47e9f869-fc5e-4944-b88f-cc3b318c65ad,0c49166273014487baa157c538b5a932,USGS-03274615,00065,00011,2023-02-23 06:30:00+00:00,1.88,ft,Approved,,2025-09-01 20:21:53.716170+00:00
,,1b269b3e-0293-4174-9d4e-927695939c78,0c49166273014487baa157c538b5a932,USGS-03274615,00065,00011,2023-02-23 06:15:00+00:00,1.91,ft,Approved,,2025-09-01 20:21:53.716170+00:00
,,a8952a13-d959-4a80-a848-ef02b0b15ec0,0c49166273014487baa157c538b5a932,USGS-03274615,00065,00011,2023-02-23 06:00:00+00:00,1.89,ft,Approved,,2025-09-01 20:21:53.716170+00:00
,,e3fe5e40-7ec4-4a40-95ec-03f134632c93,0c49166273014487baa157c538b5a932,USGS-03274615,00065,00011,2023-02-23 05:45:00+00:00,1.88,ft,Approved,,2025-09-01 20:21:53.716170+00:00
,,d8404025-08fc-49d5-b278-f87b97d54a37,0c49166273014487baa157c538b5a932,USGS-03274615,00065,00011,2023-02-23 05:30:00+00:00,1.88,ft,Approved,,2025-09-01 20:21:53.716170+00:00
,,390a0531-2d6a-4d2e-bdb3-19601e2e2bee,0c49166273014487baa157c538b5a932,USGS-03274615,00065,00011,2023-02-23 05:15:00+00:00,1.87,ft,Approved,,2025-09-01 20:21:53.716170+00:00
,,cda9535b-f419-4aaf-b319-3f965ddb7de4,0c49166273014487baa157c538b5a932,USGS-03274615,00065,00011,2023-02-23 05:00:00+00:00,1.87,ft,Approved,,2025-09-01 20:21:53.716170+00:00
,,30bebe4f-b81b-4ed5-ab9c-796a440599df,0c49166273014487baa157c538b5a932,USGS-03274615,00065,00011,2023-02-23 04:45:00+00:00,1.86,ft,Approved,,2025-09-01 20:21:53.716170+00:00
,,87fea3a1-bd84-4f37-a419-8cf8b8b71144,0c49166273014487baa157c538b5a932,USGS-03274615,00065,00011,2023-02-23 04:30:00+00:00,1.86,ft,Approved,,2025-09-01 20:21:53.716170+00:00
,,003b362e-a53f-480f-903c-3e0868ab055f,0c49166273014487baa157c538b5a932,USGS-03274615,00065,00011,2023-02-23 04:15:00+00:00,1.86,ft,Approved,,2025-09-01 20:21:53.716170+00:00
,,5f4649a5-1151-4e1f-a109-8bf859b10fdd,0c49166273014487baa157c538b5a932,USGS-03274615,00065,00011,2023-02-23 04:00:00+00:00,1.83,ft,Approved,,2025-09-01 20:21:53.716170+00:00
,,da40c5ad-635e-4b30-9c34-9adfd1447b52,0c49166273014487baa157c538b5a932,USGS-03274615,00065,00011,2023-02-23 03:45:00+00:00,1.82,ft,Approved,,2025-09-01 20:21:53.716170+00:00
,,d7946a34-dbdc-4727-81a3-b55e3970115c,0c49166273014487baa157c538b5a932,USGS-03274615,00065,00011,2023-02-23 03:30:00+00:00,1.78,ft,Approved,,2025-09-01 20:21:53.716170+00:00
,,b5bd9559-f35f-467f-90ab-86d54f08ea43,0c49166273014487baa157c538b5a932,USGS-03274615,00065,00011,2023-02-23 03:15:00+00:00,1.70,ft,Approved,,2025-09-01 20:21:53.716170+00:00
,,41deb8db-99a2-4c37-a018-88cc0e892bdc,0c49166273014487baa157c538b5a932,USGS-03274615,00065,00011,2023-02-23 03:00:00+00:00,1.73,ft,Approved,,2025-09-01 20:21:53.716170+00:00
,,b50170f7-8d64-4aa6-8725-2b394bb4b79b,0c49166273014487baa157c538b5a932,USGS-03274615,00065,00011,2023-02-23 02:45:00+00:00,1.69,ft,Approved,,2025-09-01 20:21:53.716170+00:00
,,7541446a-386c-4199-889b-383787624816,0c49166273014487baa157c538b5a932,USGS-03274615,00065,00011,2023-02-23 02:30:00+00:00,1.69,ft,Approved,,2025-09-01 20:21:53.716170+00:00
,,53d6c8db-9607-4a4a-a6af-0630d2196a13,0c49166273014487baa157c538b5a932,USGS-03274615,00065,00011,2023-02-23 02:15:00+00:00,1.74,ft,Approved,,2025-09-01 20:21:53.716170+00:00
,,ae46d34a-59fe-4d8f-bf54-37471210e873,0c49166273014487baa157c538b5a932,USGS-03274615,00065,00011,2023-02-23 02:00:00+00:00,1.74,ft,Approved,,2025-09-01 20:21:53.716170+00:00
,,d9d2ae57-398d-454a-8e0c-4366627ce7e4,0c49166273014487baa157c538b5a932,USGS-03274615,00065,00011,2023-02-23 01:45:00+00:00,1.75,ft,Approved,,2025-09-01 20:21:53.716170+00:00
,,55cf9106-8a83-4f3b-9119-6f53743ffd62,0c49166273014487baa157c538b5a932,USGS-03274615,00065,00011,2023-02-23 01:30:00+00:00,1.64,ft,Approved,,2025-09-01 20:21:53.716170+00:00
,,3c8edd45-4a06-4c1f-bc2b-4e0ef9bc382e,0c49166273014487baa157c538b5a932,USGS-03274615,00065,00011,2023-02-23 01:15:00+00:00,1.65,ft,Approved,,2025-09-01 20:21:53.716170+00:00
,,decbfef1-5d03-4b07-b1be-4de289029bc7,0c49166273014487baa157c538b5a932,USGS-03274615,00065,00011,2023-02-23 01:00:00+00:00,1.65,ft,Approved,,2025-09-01 20:21:53.716170+00:00
,,a14a405a-4d80-4fcb-9886-be91e03cd16b,0c49166273014487baa157c538b5a932,USGS-03274615,00065,00011,2023-02-23 00:45:00+00:00,1.74,ft,Approved,,2025-09-01 20:21:53.716170+00:00
,,47c3d37d-05dc-43d4-b827-b8aac73b5cf4,0c49166273014487baa157c538b5a932,USGS-03274615,00065,00011,2023-02-23 00:30:00+00:00,1.66,ft,Approved,,2025-09-01 20:21:53.716170+00:00
,,85743226-4300-41f1-836a-517499bab8a8,0c49166273014487baa157c538b5a932,USGS-03274615,00065,00011,2023-02-23 00:15:00+00:00,1.67,ft,Approved,,2025-09-01 20:21:53.716170+00:00
,,173d3ab8-7a14-4e82-b8a6-54ec0ffa644c,0c49166273014487baa157c538b5a932,USGS-03274615,00065,00011,2023-02-23 00:00:00+00:00,1.61,ft,Approved,,2025-09-01 20:21:53.716170+00:00
,,979c86c1-baa4-4d78-b039-f282c425a9f9,0c49166273014487baa157c538b5a932,USGS-03274615,00065,00011,2023-02-22 23:45:00+00:00,1.66,ft,Approved,,2025-09-01 20:21:53.716170+00:00
,,55245343-fe49-45c6-ba60-f966bba9523a,0c49166273014487baa157c538b5a932,USGS-03274615,00065,00011,2023-02-22 23:30:00+00:00,1.68,ft,Approved,,2025-09-01 20:21:53.716170+00:00
,,29ce4ecc-8e86-41e2-9488-46d2632dec18,0c49166273014487baa157c538b5a932,USGS-03274615,00065,00011,2023-02-22 23:15:00+00:00,1.58,ft,Approved,,2025-09-01 20:21:53.716170+00:00
,,da205df7-abe2-477e-b20c-bf3b62d0ad15,0c49166273014487baa157c538b5a932,USGS-03274615,00065,00011,2023-02-22 23:00:00+00:00,1.67,ft,Approved,,2025-09-01 20:21:53.716170+00:00
,,d4be74c3-06bd-4459-89bd-85bbc5736b9e,0c49166273014487baa157c538b5a932,USGS-03274615,00065,00011,2023-02-22 22:45:00+00:00,1.70,ft,Approved,,2025-09-01 20:21:53.716170+00:00
,,3e201c69-885d-4127-bfbf-a9d0b5483eb4,0c49166273014487baa157c538b5a932,USGS-03274615,00065,00011,2023-02-22 22:30:00+00:00,1.66,ft,Approved,,2025-09-01 20:21:53.716170+00:00
,,9099fdd5-4d2a-4836-9e0d-6df1012b2113,0c49166273014487baa157c538b5a932,USGS-03274615,00065,00011,2023-02-22 22:15:00+00:00,1.66,ft,Approved,,2025-09-01 20:21:53.716170+00:00
,,530fc18a-e550-440a-a861-22e885aea450,0c49166273014487baa157c538b5a932,USGS-03274615,00065,00011,2023-02-22 22:00:00+00:00,1.67,ft,Approved,,2025-09-01 20:21:53.716170+00:00
,,3078ac9f-7050-47c3-9ebc-1e732b88a22f,0c49166273014487baa157c538b5a932,USGS-03274615,00065,00011,2023-02-22 21:45:00+00:00,1.71,ft,Approved,,2025-09-01 20:21:53.716170+00:00
,,e3f0ae04-63bf-428d-b513-55a96809dd3c,0c49166273014487baa157c538b5a932,USGS-03274615,00065,00011,2023-02-22 21:30:00+00:00,1.69,ft,Approved,,2025-09-01 20:21:53.716170+00:00
,,050daa6f-5b26-48a4-a17a-ca8289e91629,0c49166273014487baa157c538b5a932,USGS-03274615,00065,00011,2023-02-22 21:15:00+00:00,1.65,ft,Approved,,2025-09-01 20:21:53.716170+00:00
,,dc5c29a9-8b2f-4d28-ba24-233160cea6dd,0c49166273014487baa157c538b5a932,USGS-03274615,00065,00011,2023-02-22 21:00:00+00:00,1.69,ft,Approved,,2025-09-01 20:21:53.716170+00:00
,,b3ac1e80-e77f-49dd-83b8-d633adee6ecf,0c49166273014487baa157c538b5a932,USGS-03274615,00065,00011,2023-02-22 20:45:00+00:00,1.67,ft,Approved,,2025-09-01 20:21:53.716170+00:00
,,1da0aa38-9fff-47d4-8afa-066e9bd254d8,0c49166273014487baa157c538b5a932,USGS-03274615,00065,00011,2023-02-22 20:30:00+00:00,1.64,ft,Approved,,2025-09-01 20:21:53.716170+00:00
,,4321587d-ce14-4447-b442-2a14300302e7,0c49166273014487baa157c538b5a932,USGS-03274615,00065,00011,2023-02-22 20:15:00+00:00,1.66,ft,Approved,,2025-09-01 20:21:53.716170+00:00
,,63d60d6f-d699-4074-bd22-5fd18b8c2b14,0c49166273014487baa157c538b5a932,USGS-03274615,00065,00011,2023-02-22 20:00:00+00:00,1.67,ft,Approved,,2025-09-01 20:21:53.716170+00:00
,,a494eb63-c68b-469c-8c3a-dd4513176134,0c49166273014487baa157c538b5a932,USGS-03274615,00065,00011,2023-02-22 19:45:00+00:00,1.66,ft,Approved,,2025-09-01 20:21:53.716170+00:00
,,b3451312-70e2-4752-922c-4e29a5dbddf7,0c49166273014487baa157c538b5a932,USGS-03274615,00065,00011,2023-02-22 19:30:00+00:00,1.72,ft,Approved,,2025-09-01 20:21:53.716170+00:00
,,db3f290c-cf2e-49e5-bc34-d00deafdb689,0c49166273014487baa157c538b5a932,USGS-03274615,00065,00011,2023-02-22 19:15:00+00:00,1.67,ft,Approved,,2025-09-01 20:21:53.716170+00:00
,,f570bb7c-49b0-4c26-9bec-60e25a62c487,0c49166273014487baa157c538b5a932,USGS-03274615,00065,00011,2023-02-22 19:00:00+00:00,1.66,ft,Approved,,2025-09-01 20:21:53.716170+00:00
,,c1b5b8c7-ff7b-4268-88c3-795661a2b00e,0c49166273014487baa157c538b5a932,USGS-03274615,00065,00011,2023-02-22 18:45:00+00:00,1.68,ft,Approved,,2025-09-01 20:21:53.716170+00:00
,,27b8094e-b661-4e08-a682-7b8c0240ba0f,0c49166273014487baa157c538b5a932,USGS-03274615,00065,00011,2023-02-22 18:30:00+00:00,1.68,ft,Approved,,2025-09-01 20:21:53.716170+00:00
,,11af9d14-358f-49cc-8b2d-47121bd7d44b,0c49166273014487baa157c538b5a932,USGS-03274615,00065,00011,2023-02-22 18:15:00+00:00,1.67,ft,Approved,,2025-09-01 20:21:53.716170+00:00
,,39789e8c-409b-4a8b-971a-2a37f8b23523,0c49166273014487baa157c538b5a932,USGS-03274615,00065,00011,2023-02-22 18:00:00+00:00,1.69,ft,Approved,,2025-09-01 20:21:53.716170+00:00
,,efdf1668-07ad-47c7-9c01-c631cf7b159f,0c49166273014487baa157c538b5a932,USGS-03274615,00065,00011,2023-02-22 17:45:00+00:00,1.72,ft,Approved,,2025-09-01 20:21:53.716170+00:00
,,024b468d-c946-4971-9fe0-047ad33ae494,0c49166273014487baa157c538b5a932,USGS-03274615,00065,00011,2023-02-22 17:30:00+00:00,1.83,ft,Approved,,2025-09-01 20:21:53.716170+00:00
,,c5b010ae-ea90-460c-9bd6-eaa094ae8dee,0c49166273014487baa157c538b5a932,USGS-03274615,00065,00011,2023-02-22 17:15:00+00:00,1.84,ft,Approved,,2025-09-01 20:21:53.716170+00:00
,,e0c78633-52c6-4f6f-b796-82bd1e08ea50,0c49166273014487baa157c538b5a932,USGS-03274615,00065,00011,2023-02-22 17:00:00+00:00,1.84,ft,Approved,,2025-09-01 20:21:53.716170+00:00
,,8d84b71b-854b-4ec1-9eae-642317b9178a,0c49166273014487baa157c538b5a932,USGS-03274615,00065,00011,2023-02-22 16:45:00+00:00,1.83,ft,Approved,,2025-09-01 20:21:53.716170+00:00
,,bba2c9f9-cd5f-4f16-a5e6-c40144966f7a,0c49166273014487baa157c538b5a932,USGS-03274615,00065,00011,2023-02-22 16:30:00+00:00,1.84,ft,Approved,,2025-09-01 20:21:53.716170+00:00
,,72d17b4a-66dd-46ec-9de3-4ee7ae8790ba,0c49166273014487baa157c538b5a932,USGS-03274615,00065,00011,2023-02-22 16:15:00+00:00,1.84,ft,Approved,,2025-09-01 20:21:53.716170+00:00
,,fa51fd6c-da2c-4541-b2f8-40973f49b54b,0c49166273014487baa157c538b5a932,USGS-03274615,00065,00011,2023-02-22 16:00:00+00:00,1.84,ft,Approved,,2025-09-01 20:21:53.716170+00:00
,,7ec38eed-684e-430d-9d78-c89a7e1c765f,0c49166273014487baa157c538b5a932,USGS-03274615,00065,00011,2023-02-22 15:45:00+00:00,1.84,ft,Approved,,2025-09-01 20:21:53.716170+00:00
,,df9371ea-2f13-4d3f-b665-9f93994513b0,0c49166273014487baa157c538b5a932,USGS-03274615,00065,00011,2023-02-22 15:30:00+00:00,1.84,ft,Approved,,2025-09-01 20:21:53.716170+00:00
,,9c517565-e3f3-4a6e-9dd8-72154edd7ccd,0c49166273014487baa157c538b5a932,USGS-03274615,00065,00011,2023-02-22 15:15:00+00:00,1.84,ft,Approved,,2025-09-01 20:21:53.716170+00:00
,,5424d157-2dc8-481e-9a7c-34d7baea76ed,0c49166273014487baa157c538b5a932,USGS-03274615,00065,00011,2023-02-22 15:00:00+00:00,1.80,ft,Approved,,2025-09-01 20:21:53.716170+00:00
,,c45b838b-c517-4757-a572-4bb22ecd3d44,0c49166273014487baa157c538b5a932,USGS-03274615,00065,00011,2023-02-22 14:45:00+00:00,1.84,ft,Approved,,2025-09-01 20:21:53.716170+00:00
,,ad17cf7a-8ea3-4a6c-bca5-fd7b5d709e63,0c49166273014487baa157c538b5a932,USGS-03274615,00065,00011,2023-02-22 14:30:00+00:00,1.84,ft,Approved,,2025-09-01 20:21:53.716170+00:00
,,8b3302ab-b54c-4c31-b72c-73ad7330d213,0c49166273014487baa157c538b5a932,USGS-03274615,00065,00011,2023-02-22 14:15:00+00:00,1.85,ft,Approved,,2025-09-01 20:21:53.716170+00:00
,,c22d7120-b5d7-4b45-be85-9e813bdc8483,0c49166273014487baa157c538b5a932,USGS-03274615,00065,00011,2023-02-22 14:00:00+00:00,1.85,ft,Approved,,2025-09-01 20:21:53.716170+00:00
,,11b3b268-4ce1-4bf6-ac47-923084b1da83,0c49166273014487baa157c538b5a932,USGS-03274615,00065,00011,2023-02-22 13:45:00+00:00,1.85,ft,Approved,,2025-09-01 20:21:53.716170+00:00
,,f6b71745-d2c0-4305-8a81-a5d5db222c87,0c49166273014487baa157c538b5a932,USGS-03274615,00065,00011,2023-02-22 13:30:00+00:00,1.84,ft,Approved,,2025-09-01 20:21:53.716170+00:00
,,2354add6-4b43-4cb3-b5dd-52a5347e6cc4,0c49166273014487baa157c538b5a932,USGS-03274615,00065,00011,2023-02-22 13:15:00+00:00,1.85,ft,Approved,,2025-09-01 20:21:53.716170+00:00
,,b8600314-f6b3-4216-b465-8635da436e58,0c49166273014487baa157c538b5a932,USGS-03274615,00065,00011,2023-02-22 13:00:00+00:00,1.85,ft,Approved,,2025-09-01 20:21:53.716170+00:00
,,3593c01c-86c4-45d4-982e-9185fae468dd,0c49166273014487baa157c538b5a932,USGS-03274615,00065,00011,2023-02-22 12:45:00+00:00,1.85,ft,Approved,,2025-09-01 20:21:53.716170+00:00
,,ca0fa935-3d0e-4601-995e-253f2b324341,0c49166273014487baa157c538b5a932,USGS-03274615,00065,00011,2023-02-22 12:30:00+00:00,1.85,ft,Approved,,2025-09-01 20:21:53.716170+00:00
,,41a32685-d639-47a0-a6ef-c42dd1db57e0,0c49166273014487baa157c538b5a932,USGS-03274615,00065,00011,2023-02-22 12:15:00+00:00,1.85,ft,Approved,,2025-09-01 20:21:53.716170+00:00
,,a2f24e74-432d-4f11-bbbb-9294bd587fb5,0c49166273014487baa157c538b5a932,USGS-03274615,00065,00011,2023-02-22 12:00:00+00:00,1.85,ft,Approved,,2025-09-01 20:21:53.716170+00:00
,,86932d43-0a9b-404d-bce4-5c1929ac7f0a,0c49166273014487baa157c538b5a932,USGS-03274615,00065,00011,2023-02-22 11:45:00+00:00,1.85,ft,Approved,,2025-09-01 20:21:53.716170+00:00
,,25c7e033-590e-4bef-9a09-022aaec3f88a,0c49166273014487baa157c538b5a932,USGS-03274615,00065,00011,2023-02-22 11:30:00+00:00,1.85,ft,Approved,,2025-09-01 20:21:53.716170+00:00
,,d0dfe096-42f1-462d-892d-9289d05ce209,0c49166273014487baa157c538b5a932,USGS-03274615,00065,00011,2023-02-22 11:15:00+00:00,1.86,ft,Approved,,2025-09-01 20:21:53.716170+00:00
,,c3eefac0-d261-4407-98c8-89f0f51ba625,0c49166273014487baa157c538b5a932,USGS-03274615,00065,00011,2023-02-22 11:00:00+00:00,1.85,ft,Approved,,2025-09-01 20:21:53.716170+00:00
,,a91c9c5e-f1ed-4070-beb9-1ea39667e291,0c49166273014487baa157c538b5a932,USGS-03274615,00065,00011,2023-02-22 10:45:00+00:00,1.85,ft,Approved,,2025-09-01 20:21:53.716170+00:00
,,e1e95d2d-050c-461d-aaa8-14b55ef9483f,0c49166273014487baa157c538b5a932,USGS-03274615,00065,00011,2023-02-22 10:30:00+00:00,1.84,ft,Approved,,2025-09-01 20:21:53.716170+00:00
,,f6505875-2f4b-4ce0-a2e4-224a0e631ae7,0c49166273014487baa157c538b5a932,USGS-03274615,00065,00011,2023-02-22 10:15:00+00:00,1.85,ft,Approved,,2025-09-01 20:21:53.716170+00:00
,,8ac75dd1-4790-45d5-ac7a-7d6cba1bcd7b,0c49166273014487baa157c538b5a932,USGS-03274615,00065,00011,2023-02-22 10:00:00+00:00,1.85,ft,Approved,,2025-09-01 20:21:53.716170+00:00
,,54437838-eea2-41e6-8c12-9bddf0578896,0c49166273014487baa157c538b5a932,USGS-03274615,00065,00011,2023-02-22 09:45:00+00:00,1.83,ft,Approved,,2025-09-01 20:21:53.716170+00:00
,,9aa7fba0-f954-4394-bbe9-dddba792394a,0c49166273014487baa157c538b5a932,USGS-03274615,00065,00011,2023-02-22 09:30:00+00:00,1.85,ft,Approved,,2025-09-01 20:21:53.716170+00:00
,,cb2f7a03-21f2-42ea-9215-e9d94823d33f,0c49166273014487baa157c538b5a932,USGS-03274615,00065,00011,2023-02-22 09:15:00+00:00,1.84,ft,Approved,,2025-09-01 20:21:53.716170+00:00
,,6cc47bc2-28b3-4d41-b3a3-b62c4541506e,0c49166273014487baa157c538b5a932,USGS-03274615,00065,00011,2023-02-22 09:00:00+00:00,1.85,ft,Approved,,2025-09-01 20:21:53.716170+00:00
,,d6116d83-0d26-40a6-9bc8-81d5c81fe025,0c49166273014487baa157c538b5a932,USGS-03274615,00065,00011,2023-02-22 08:45:00+00:00,1.86,ft,Approved,,2025-09-01 20:21:53.716170+00:00
,,edf4205d-07a4-4c62-b219-bf8945a50620,0c49166273014487baa157c538b5a932,USGS-03274615,00065,00011,2023-02-22 08:30:00+00:00,1.85,ft,Approved,,2025-09-01 20:21:53.716170+00:00
,,228731e6-7201-496a-946a-e1d8ebdf1dee,0c49166273014487baa157c538b5a932,USGS-03274615,00065,00011,2023-02-22 08:15:00+00:00,1.86,ft,Approved,,2025-09-01 20:21:53.716170+00:00
,,95f6291c-0034-4d17-a8a9-e943f5f7cf3c,0c49166273014487baa157c538b5a932,USGS-03274615,00065,00011,2023-02-22 08:00:00+00:00,1.85,ft,Approved,,2025-09-01 20:21:53.716170+00:00
,,050c9a36-ea1c-425c-b6d9-f076345835f8,0c49166273014487baa157c538b5a932,USGS-03274615,00065,00011,2023-02-22 07:45:00+00:00,1.85,ft,Approved,,2025-09-01 20:21:53.716170+00:00
,,187810e9-9767-42ba-9bbc-021b030e1c6a,0c49166273014487baa157c538b5a932,USGS-03274615,00065,00011,2023-02-22 07:30:00+00:00,1.85,ft,Approved,,2025-09-01 20:21:53.716170+00:00
,,5d694401-8f73-4013-82e7-5485664c65c6,0c49166273014487baa157c538b5a932,USGS-03274615,00065,00011,2023-02-22 07:15:00+00:00,1.85,ft,Approved,,2025-09-01 20:21:53.716170+00:00
,,fed6a8d2-3101-495f-801d-72fa3c684eb1,0c49166273014487baa157c538b5a932,USGS-03274615,00065,00011,2023-02-22 06:45:00+00:00,1.86,ft,Approved,,2025-09-01 20:21:53.716170+00:00
,,57a58513-2b6c-45d7-b48a-c7711a1b24fa,0c49166273014487baa157c538b5a932,USGS-03274615,00065,00011,2023-02-22 06:30:00+00:00,1.86,ft,Approved,,2025-09-01 20:21:53.716170+00:00
,,2c98bfcc-59b5-4534-915c-73c37f4600b5,0c49166273014487baa157c538b5a932,USGS-03274615,00065,00011,2023-02-22 06:15:00+00:00,1.86,ft,Approved,,2025-09-01 20:21:53.716170+00:00
,,a1b0a306-de02-410e-a6bc-6a2ccf773aee,0c49166273014487baa157c538b5a932,USGS-03274615,00065,00011,2023-02-22 06:00:00+00:00,1.87,ft,Approved,,2025-09-01 20:21:53.716170+00:00
,,3e7e9329-39e4-4b84-a6bd-30eae2d59210,0c49166273014487baa157c538b5a932,USGS-03274615,00065,00011,2023-02-22 05:45:00+00:00,1.87,ft,Approved,,2025-09-01 20:21:53.716170+00:00
,,c16f0838-9798-406e-845b-8594261e0fb8,0c49166273014487baa157c538b5a932,USGS-03274615,00065,00011,2023-02-22 05:30:00+00:00,1.87,ft,Approved,,2025-09-01 20:21:53.716170+00:00
,,c51de3f9-c95d-405c-b174-773ca7107c2a,0c49166273014487baa157c538b5a932,USGS-03274615,00065,00011,2023-02-22 05:15:00+00:00,1.87,ft,Approved,,2025-09-01 20:21:53.716170+00:00
,,6ae0f020-2ee0-4961-9365-4f98a572bef8,0c49166273014487baa157c538b5a932,USGS-03274615,00065,00011,2023-02-22 05:00:00+00:00,1.87,ft,Approved,,2025-09-01 20:21:53.716170+00:00
,,8060cc6f-d5e0-43d7-aab1-882c1ad6a4f0,0c49166273014487baa157c538b5a932,USGS-03274615,00065,00011,2023-02-22 04:45:00+00:00,1.88,ft,Approved,,2025-09-01 20:21:53.716170+00:00
,,2e678d82-f0e1-495f-bf76-03fd3a533bf3,0c49166273014487baa157c538b5a932,USGS-03274615,00065,00011,2023-02-22 04:30:00+00:00,1.88,ft,Approved,,2025-09-01 20:21:53.716170+00:00
,,3df136f5-a088-40b9-a06a-d657f0aced18,0c49166273014487baa157c538b5a932,USGS-03274615,00065,00011,2023-02-22 04:15:00+00:00,1.88,ft,Approved,,2025-09-01 20:21:53.716170+00:00
,,ba5ec05f-df1c-431b-aae5-b3c7278e9acb,0c49166273014487baa157c538b5a932,USGS-03274615,00065,00011,2023-02-22 04:00:00+00:00,1.88,ft,Approved,,2025-09-01 20:21:53.716170+00:00
,,afa639f8-1261-4eaf-a79f-fa8da413c78b,0c49166273014487baa157c538b5a932,USGS-03274615,00065,00011,2023-02-22 03:45:00+00:00,1.88,ft,Approved,,2025-09-01 20:21:53.716170+00:00
,,23c0e993-08ac-4961-9448-215228adfa1b,0c49166273014487baa157c538b5a932,USGS-03274615,00065,00011,2023-02-22 03:30:00+00:00,1.89,ft,Approved,,2025-09-01 20:21:53.716170+00:00
,,68e073dd-c6f5-4a2c-a91e-da3b475c1a4e,0c49166273014487baa157c538b5a932,USGS-03274615,00065,00011,2023-02-22 03:15:00+00:00,1.89,ft,Approved,,2025-09-01 20:21:53.716170+00:00
,,187c3f4d-25e5-45b1-a409-a7e434b235ff,0c49166273014487baa157c538b5a932,USGS-03274615,00065,00011,2023-02-22 03:00:00+00:00,1.89,ft,Approved,,2025-09-01 20:21:53.716170+00:00
,,11243991-1aa9-4813-a73c-349f9d5076b1,0c49166273014487baa157c538b5a932,USGS-03274615,00065,00011,2023-02-22 02:45:00+00:00,1.89,ft,Approved,,2025-09-01 20:21:53.716170+00:00
,,27772409-31b7-4e1e-8456-ad6c85d5d3a9,0c49166273014487baa157c538b5a932,USGS-03274615,00065,00011,2023-02-22 02:30:00+00:00,1.89,ft,Approved,,2025-09-01 20:21:53.716170+00:00
,,2d2d9a65-347f-4537-87df-69dee34aa838,0c49166273014487baa157c538b5a932,USGS-03274615,00065,00011,2023-02-22 02:15:00+00:00,1.90,ft,Approved,,2025-09-01 20:21:53.716170+00:00
,,e3f1e4c7-79d8-42b3-9af9-a0c08ffb4d22,0c49166273014487baa157c538b5a932,USGS-03274615,00065,00011,2023-02-22 02:00:00+00:00,1.89,ft,Approved,,2025-09-01 20:21:53.716170+00:00
,,466f0975-1a4d-4a83-a8dd-172780618552,0c49166273014487baa157c538b5a932,USGS-03274615,00065,00011,2023-02-22 01:45:00+00:00,1.90,ft,Approved,,2025-09-01 20:21:53.716170+00:00
,,00c080cf-2e0f-4b8a-b287-01ff1eee8303,0c49166273014487baa157c538b5a932,USGS-03274615,00065,00011,2023-02-22 01:30:00+00:00,1.91,ft,Approved,,2025-09-01 20:21:53.716170+00:00
,,39c5c416-198c-4eda-b47d-5897c62e3fdf,0c49166273014487baa157c538b5a932,USGS-03274615,00065,00011,2023-02-22 01:15:00+00:00,1.91,ft,Approved,,2025-09-01 20:21:53.716170+00:00
,,ecd39a7f-a2a2-41e2-ace2-3810d52a6699,0c49166273014487baa157c538b5a932,USGS-03274615,00065,00011,2023-02-22 01:00:00+00:00,1.91,ft,Approved,,2025-09-01 20:21:53.716170+00:00
,,0f836d39-e5fa-4103-a00e-2e4c72b8c0c7,0c49166273014487baa157c538b5a932,USGS-03274615,00065,00011,2023-02-22 00:45:00+00:00,1.91,ft,Approved,,2025-09-01 20:21:53.716170+00:00
,,975b23f9-882b-4165-9295-d75f27da31ba,0c49166273014487baa157c538b5a932,USGS-03274615,00065,00011,2023-02-22 00:30:00+00:00,1.91,ft,Approved,,2025-09-01 20:21:53.716170+00:00
,,7cf7db0b-b0ba-4997-b7d8-0da37134931b,0c49166273014487baa157c538b5a932,USGS-03274615,00065,00011,2023-02-22 00:15:00+00:00,1.91,ft,Approved,,2025-09-01 20:21:53.716170+00:00
,,a6fd0cbb-cdd0-4831-8479-2fa0afc6c252,0c49166273014487baa157c538b5a932,USGS-03274615,00065,00011,2023-02-22 00:00:00+00:00,1.91,ft,Approved,,2025-09-01 20:21:53.716170+00:00
,,101e97c2-bdb8-4867-8f1e-9d253948c3cd,0c49166273014487baa157c538b5a932,USGS-03274615,00065,00011,2023-02-21 23:45:00+00:00,1.92,ft,Approved,,2025-09-01 20:21:53.716170+00:00
,,688c1df2-67d5-43c4-ac0b-3cfe4e29ba60,0c49166273014487baa157c538b5a932,USGS-03274615,00065,00011,2023-02-21 23:30:00+00:00,1.91,ft,Approved,,2025-09-01 20:21:53.716170+00:00
,,9d7ebe83-7c05-46fe-940f-03a2f195aa0f,0c49166273014487baa157c538b5a932,USGS-03274615,00065,00011,2023-02-21 23:15:00+00:00,1.92,ft,Approved,,2025-09-01 20:21:53.716170+00:00
,,5c681f94-6300-4299-bfb0-1c5beea75357,0c49166273014487baa157c538b5a932,USGS-03274615,00065,00011,2023-02-21 23:00:00+00:00,1.92,ft,Approved,,2025-09-01 20:21:53.716170+00:00
,,55eb1104-112f-461a-ba2b-f69712182e34,0c49166273014487baa157c538b5a932,USGS-03274615,00065,00011,2023-02-21 22:45:00+00:00,1.92,ft,Approved,,2025-09-01 20:21:53.716170+00:00
,,d2d402f1-9ca6-49ba-ae0e-4a3c49a793ec,0c49166273014487baa157c538b5a932,USGS-03274615,00065,00011,2023-02-21 22:30:00+00:00,1.92,ft,Approved,,2025-09-01 20:21:53.716170+00:00
,,fa223086-a794-491e-8742-78d635bfae9e,0c49166273014487baa157c538b5a932,USGS-03274615,00065,00011,2023-02-21 22:15:00+00:00,1.92,ft,Approved,,2025-09-01 20:21:53.716170+00:00
,,daa753c8-363c-4981-b82b-ffc017ee9706,0c49166273014487baa157c538b5a932,USGS-03274615,00065,00011,2023-02-21 22:00:00+00:00,1.92,ft,Approved,,2025-09-01 20:21:53.716170+00:00
,,804a886a-e3aa-44e8-960e-20d10490b174,0c49166273014487baa157c538b5a932,USGS-03274615,00065,00011,2023-02-21 21:45:00+00:00,1.91,ft,Approved,,2025-09-01 20:21:53.716170+00:00
,,9049296f-b376-4115-9366-0bbc400867be,0c49166273014487baa157c538b5a932,USGS-03274615,00065,00011,2023-02-21 21:30:00+00:00,1.93,ft,Approved,,2025-09-01 20:21:53.716170+00:00
,,c5103ca8-7083-4bf0-90a8-60799a2fbbc9,0c49166273014487baa157c538b5a932,USGS-03274615,00065,00011,2023-02-21 21:15:00+00:00,1.93,ft,Approved,,2025-09-01 20:21:53.716170+00:00
,,e2c3af72-568d-401a-b0d4-e3b0bf08afc7,0c49166273014487baa157c538b5a932,USGS-03274615,00065,00011,2023-02-21 21:00:00+00:00,1.93,ft,Approved,,2025-09-01 20:21:53.716170+00:00
,,587d9718-9e33-4a4a-a9d5-ed15ce7ed951,0c49166273014487baa157c538b5a932,USGS-03274615,00065,00011,2023-02-21 20:45:00+00:00,1.88,ft,Approved,,2025-09-01 20:21:53.716170+00:00
,,5668163b-2f71-46bd-968d-17a61cbecb43,0c49166273014487baa157c538b5a932,USGS-03274615,00065,00011,2023-02-21 20:30:00+00:00,1.93,ft,Approved,,2025-09-01 20:21:53.716170+00:00
,,7de7aa5e-5515-4bf8-a04f-c76cca921155,0c49166273014487baa157c538b5a932,USGS-03274615,00065,00011,2023-02-21 20:15:00+00:00,1.94,ft,Approved,,2025-09-01 20:21:53.716170+00:00
,,d6205ea6-ccd9-4c22-b1d7-f6547dd0ae07,0c49166273014487baa157c538b5a932,USGS-03274615,00065,00011,2023-02-21 20:00:00+00:00,1.94,ft,Approved,,2025-09-01 20:21:53.716170+00:00
,,3eaa237f-4250-4812-857b-3978e721242f,0c49166273014487baa157c538b5a932,USGS-03274615,00065,00011,2023-02-21 19:30:00+00:00,1.94,ft,Approved,,2025-09-01 20:21:53.716170+00:00
,,e53ad224-2856-4a53-85fa-103156dc5994,0c49166273014487baa157c538b5a932,USGS-03274615,00065,00011,2023-02-21 19:15:00+00:00,1.95,ft,Approved,,2025-09-01 20:21:53.716170+00:00
,,9326e744-8424-43e2-babf-e8c9eb25ca6e,0c49166273014487baa157c538b5a932,USGS-03274615,00065,00011,2023-02-21 19:00:00+00:00,1.95,ft,Approved,,2025-09-01 20:21:53.716170+00:00
,,e9839d00-0dbf-4441-b565-9b95bce8a005,0c49166273014487baa157c538b5a932,USGS-03274615,00065,00011,2023-02-21 18:45:00+00:00,1.96,ft,Approved,,2025-09-01 20:21:53.716170+00:00
,,15caceba-7bf9-4946-baa7-bf66e48027e7,0c49166273014487baa157c538b5a932,USGS-03274615,00065,00011,2023-02-21 18:30:00+00:00,1.91,ft,Approved,,2025-09-01 20:21:53.716170+00:00
,,634e4572-8600-40eb-8815-cca146581a68,0c49166273014487baa157c538b5a932,USGS-03274615,00065,00011,2023-02-21 18:15:00+00:00,1.95,ft,Approved,,2025-09-01 20:21:53.716170+00:00
,,e24ea179-f400-44b1-8587-9ddcd08acc2f,0c49166273014487baa157c538b5a932,USGS-03274615,00065,00011,2023-02-21 18:00:00+00:00,1.94,ft,Approved,,2025-09-01 20:21:53.716170+00:00
,,6a104682-a48b-45b7-be5d-88368e1717f5,0c49166273014487baa157c538b5a932,USGS-03274615,00065,00011,2023-02-21 17:30:00+00:00,1.93,ft,Approved,,2025-09-01 20:21:53.716170+00:00
,,6711cfe8-8910-453c-bbbd-4cb266a91ebd,0c49166273014487baa157c538b5a932,USGS-03274615,00065,00011,2023-02-21 17:15:00+00:00,1.94,ft,Approved,,2025-09-01 20:21:53.716170+00:00
,,021ee0a7-007c-4190-bec9-efd2ea82c10d,0c49166273014487baa157c538b5a932,USGS-03274615,00065,00011,2023-02-21 17:00:00+00:00,1.98,ft,Approved,,2025-09-01 20:21:53.716170+00:00
,,b9d9c251-ac6e-4338-881b-7f1be2e9c1f6,0c49166273014487baa157c538b5a932,USGS-03274615,00065,00011,2023-02-21 16:45:00+00:00,1.96,ft,Approved,,2025-09-01 20:21:53.716170+00:00
,,70da7818-d300-4c12-8524-be437095c203,0c49166273014487baa157c538b5a932,USGS-03274615,00065,00011,2023-02-21 16:30:00+00:00,1.94,ft,Approved,,2025-09-01 20:21:53.716170+00:00
,,7ca1a179-0220-442d-80d7-d33a855e67b7,0c49166273014487baa157c538b5a932,USGS-03274615,00065,00011,2023-02-21 16:15:00+00:00,1.96,ft,Approved,,2025-09-01 20:21:53.716170+00:00
,,cf423a61-9ad6-4dfa-834f-bbd5abbb69b6,0c49166273014487baa157c538b5a932,USGS-03274615,00065,00011,2023-02-21 16:00:00+00:00,1.96,ft,Approved,,2025-09-01 20:21:53.716170+00:00
,,3b41b753-4274-4579-8914-a7d0dc3ffdad,0c49166273014487baa157c538b5a932,USGS-03274615,00065,00011,2023-02-21 15:45:00+00:00,1.93,ft,Approved,,2025-09-01 20:21:53.716170+00:00
,,58ef48e6-55b7-45e8-a38e-eaedb66318c7,0c49166273014487baa157c538b5a932,USGS-03274615,00065,00011,2023-02-21 15:30:00+00:00,1.96,ft,Approved,,2025-09-01 20:21:53.716170+00:00
,,3365128f-e7f4-4fa8-9a21-1be543593648,0c49166273014487baa157c538b5a932,USGS-03274615,00065,00011,2023-02-21 15:15:00+00:00,1.95,ft,Approved,,2025-09-01 20:21:53.716170+00:00
,,0078266d-20d8-49d5-b913-3ff681b43636,0c49166273014487baa157c538b5a932,USGS-03274615,00065,00011,2023-02-21 15:00:00+00:00,1.98,ft,Approved,,2025-09-01 20:21:53.716170+00:00
,,5b50df61-df14-42bb-8159-56273a297d77,0c49166273014487baa157c538b5a932,USGS-03274615,00065,00011,2023-02-21 14:45:00+00:00,1.96,ft,Approved,,2025-09-01 20:21:53.716170+00:00
,,0fd5d440-136c-4b00-88de-b72dc565ff06,0c49166273014487baa157c538b5a932,USGS-03274615,00065,00011,2023-02-21 14:30:00+00:00,1.97,ft,Approved,,2025-09-01 20:21:53.716170+00:00
,,6eaf2f9c-abc7-408a-b30f-fac4a5b0a122,0c49166273014487baa157c538b5a932,USGS-03274615,00065,00011,2023-02-21 14:15:00+00:00,1.97,ft,Approved,,2025-09-01 20:21:53.716170+00:00
,,8d9d070d-8937-4d73-a574-96b7f034e336,0c49166273014487baa157c538b5a932,USGS-03274615,00065,00011,2023-02-21 14:00:00+00:00,1.98,ft,Approved,,2025-09-01 20:21:53.716170+00:00
,,042db5b2-601a-49ab-8f39-2b522cb47c23,0c49166273014487baa157c538b5a932,USGS-03274615,00065,00011,2023-02-21 13:45:00+00:00,1.99,ft,Approved,,2025-09-01 20:21:53.716170+00:00
,,3e9d414b-f281-4116-a6a1-6811674beb8f,0c49166273014487baa157c538b5a932,USGS-03274615,00065,00011,2023-02-21 13:30:00+00:00,1.99,ft,Approved,,2025-09-01 20:21:53.716170+00:00
,,797149e4-6fe3-43c7-bff1-d2db5a6ed5ea,0c49166273014487baa157c538b5a932,USGS-03274615,00065,00011,2023-02-21 13:15:00+00:00,1.99,ft,Approved,,2025-09-01 20:21:53.716170+00:00
,,26f20f2e-8eae-4643-8512-199d3d980525,0c49166273014487baa157c538b5a932,USGS-03274615,00065,00011,2023-02-21 13:00:00+00:00,1.99,ft,Approved,,2025-09-01 20:21:53.716170+00:00
,,124d356f-3bd1-4bac-8b81-0f55600ed19b,0c49166273014487baa157c538b5a932,USGS-03274615,00065,00011,2023-02-21 12:45:00+00:00,1.99,ft,Approved,,2025-09-01 20:21:53.716170+00:00
,,d2ec61b3-30d5-441e-abaf-970f4de053de,0c49166273014487baa157c538b5a932,USGS-03274615,00065,00011,2023-02-21 12:30:00+00:00,1.99,ft,Approved,,2025-09-01 20:21:53.716170+00:00
,,f8300cbf-5802-44f3-9c49-dccc83d845bc,0c49166273014487baa157c538b5a932,USGS-03274615,00065,00011,2023-02-21 12:15:00+00:00,2.00,ft,Approved,,2025-09-01 20:21:53.716170+00:00
,,2297e70a-c9bf-49d0-bf1d-ee7a85b36195,0c49166273014487baa157c538b5a932,USGS-03274615,00065,00011,2023-02-21 12:00:00+00:00,2.00,ft,Approved,,2025-09-01 20:21:53.716170+00:00
,,aba2f315-3ea8-409d-954e-9cd0c15ebca0,0c49166273014487baa157c538b5a932,USGS-03274615,00065,00011,2023-02-21 11:45:00+00:00,2.00,ft,Approved,,2025-09-01 20:21:53.716170+00:00
,,3c61ac32-31c9-49ff-847c-714a509252d6,0c49166273014487baa157c538b5a932,USGS-03274615,00065,00011,2023-02-21 11:30:00+00:00,2.00,ft,Approved,,2025-09-01 20:21:53.716170+00:00
,,cc4ad355-21db-4807-8c78-d729158bef7e,0c49166273014487baa157c538b5a932,USGS-03274615,00065,00011,2023-02-21 11:15:00+00:00,2.00,ft,Approved,,2025-09-01 20:21:53.716170+00:00
,,cd34f69d-2dda-4d2e-a9ed-133d5d49adad,0c49166273014487baa157c538b5a932,USGS-03274615,00065,00011,2023-02-21 11:00:00+00:00,2.01,ft,Approved,,2025-09-01 20:21:53.716170+00:00
,,7d9e993f-d010-4e02-93b4-33e035529ca4,0c49166273014487baa157c538b5a932,USGS-03274615,00065,00011,2023-02-21 10:45:00+00:00,2.01,ft,Approved,,2025-09-01 20:21:53.716170+00:00
,,81cdc6aa-4d06-44d3-a939-c26038e72181,0c49166273014487baa157c538b5a932,USGS-03274615,00065,00011,2023-02-21 10:30:00+00:00,2.01,ft,Approved,,2025-09-01 20:21:53.716170+00:00
,,069fc3dd-6b1b-4b37-ad26-cf50d83f4d2f,0c49166273014487baa157c538b5a932,USGS-03274615,00065,00011,2023-02-21 10:15:00+00:00,2.01,ft,Approved,,2025-09-01 20:21:53.716170+00:00
,,0970da89-4398-4f0b-b60a-0c33db63ff6f,0c49166273014487baa157c538b5a932,USGS-03274615,00065,00011,2023-02-21 10:00:00+00:00,2.02,ft,Approved,,2025-09-01 20:21:53.716170+00:00
,,dbe3ed81-9a4c-4aea-81da-729e5f40e131,0c49166273014487baa157c538b5a932,USGS-03274615,00065,00011,2023-02-21 09:45:00+00:00,2.02,ft,Approved,,2025-09-01 20:21:53.716170+00:00
,,43114643-483e-4225-aead-43ad5ff88c39,0c49166273014487baa157c538b5a932,USGS-03274615,00065,00011,2023-02-21 09:30:00+00:00,2.02,ft,Approved,,2025-09-01 20:21:53.716170+00:00
,,70c2767e-808c-4eb9-8387-2ddb1a7dc183,0c49166273014487baa157c538b5a932,USGS-03274615,00065,00011,2023-02-21 09:15:00+00:00,2.02,ft,Approved,,2025-09-01 20:21:53.716170+00:00
,,b61e8de9-beb5-48ad-a2c2-3ecfaccead7d,0c49166273014487baa157c538b5a932,USGS-03274615,00065,00011,2023-02-21 09:00:00+00:00,2.03,ft,Approved,,2025-09-01 20:21:53.716170+00:00
,,8037cb3d-af86-4395-a19f-47dec904f304,0c49166273014487baa157c538b5a932,USGS-03274615,00065,00011,2023-02-21 08:45:00+00:00,2.02,ft,Approved,,2025-09-01 20:21:53.716170+00:00
,,f1b2bd7c-9baa-4050-ae27-c903eeb6dff0,0c49166273014487baa157c538b5a932,USGS-03274615,00065,00011,2023-02-21 08:30:00+00:00,2.03,ft,Approved,,2025-09-01 20:21:53.716170+00:00
,,4ed594f4-6807-4084-941b-e8ef52020849,0c49166273014487baa157c538b5a932,USGS-03274615,00065,00011,2023-02-21 08:15:00+00:00,2.03,ft,Approved,,2025-09-01 20:21:53.716170+00:00
,,e2f9d144-afe8-45cb-8887-7fea3c2a21a1,0c49166273014487baa157c538b5a932,USGS-03274615,00065,00011,2023-02-21 08:00:00+00:00,2.02,ft,Approved,,2025-09-01 20:21:53.716170+00:00
,,aedbe8e2-f3a3-4406-8cf9-890c44f2be2f,0c49166273014487baa157c538b5a932,USGS-03274615,00065,00011,2023-02-21 07:45:00+00:00,2.03,ft,Approved,,2025-09-01 20:21:53.716170+00:00
,,60ac9a43-642f-42c6-a181-dcaa642b072c,0c49166273014487baa157c538b5a932,USGS-03274615,00065,00011,2023-02-21 07:30:00+00:00,2.03,ft,Approved,,2025-09-01 20:21:53.716170+00:00
,,687c4389-8873-4297-9026-69e0a61aace0,0c49166273014487baa157c538b5a932,USGS-03274615,00065,00011,2023-02-21 07:15:00+00:00,2.03,ft,Approved,,2025-09-01 20:21:53.716170+00:00
,,5d851bac-0b39-40d0-b520-6ea3aedbda25,0c49166273014487baa157c538b5a932,USGS-03274615,00065,00011,2023-02-21 07:00:00+00:00,2.03,ft,Approved,,2025-09-01 20:21:53.716170+00:00
,,135f36cb-1b63-4944-baf2-21d1568334ed,0c49166273014487baa157c538b5a932,USGS-03274615,00065,00011,2023-02-21 06:45:00+00:00,2.04,ft,Approved,,2025-09-01 20:21:53.716170+00:00
,,53563b3d-cd20-441d-8da7-00eb4a52b89e,0c49166273014487baa157c538b5a932,USGS-03274615,00065,00011,2023-02-21 06:30:00+00:00,2.03,ft,Approved,,2025-09-01 20:21:53.716170+00:00
,,bb0e6d2c-14bc-44cd-a7bb-d91aabd9b804,0c49166273014487baa157c538b5a932,USGS-03274615,00065,00011,2023-02-21 06:15:00+00:00,2.04,ft,Approved,,2025-09-01 20:21:53.716170+00:00
,,1d2171e1-562f-4ff0-832b-60f9bde37448,0c49166273014487baa157c538b5a932,USGS-03274615,00065,00011,2023-02-21 06:00:00+00:00,2.04,ft,Approved,,2025-09-01 20:21:53.716170+00:00
,,2be7413a-ea8e-4441-9b5a-eed35687bf03,0c49166273014487baa157c538b5a932,USGS-03274615,00065,00011,2023-02-21 05:45:00+00:00,2.03,ft,Approved,,2025-09-01 20:21:53.716170+00:00
,,7dfb0aa2-d5b6-4d57-bcca-ae755657934f,0c49166273014487baa157c538b5a932,USGS-03274615,00065,00011,2023-02-21 05:30:00+00:00,2.04,ft,Approved,,2025-09-01 20:21:53.716170+00:00
,,f21becd2-8a6f-4239-8d2d-d78d32b65aaa,0c49166273014487baa157c538b5a932,USGS-03274615,00065,00011,2023-02-21 05:15:00+00:00,2.03,ft,Approved,,2025-09-01 20:21:53.716170+00:00
,,08d48260-4c6b-4fce-8930-658f1406e37f,0c49166273014487baa157c538b5a932,USGS-03274615,00065,00011,2023-02-21 05:00:00+00:00,2.05,ft,Approved,,2025-09-01 20:21:53.716170+00:00
,,8151638e-9008-44e3-b3ac-aaf6dfcf8366,0c49166273014487baa157c538b5a932,USGS-03274615,00065,00011,2023-02-21 04:45:00+00:00,2.04,ft,Approved,,2025-09-01 20:21:53.716170+00:00
,,5b1ea081-178e-4aca-af5b-893f3fc47d04,0c49166273014487baa157c538b5a932,USGS-03274615,00065,00011,2023-02-21 04:30:00+00:00,2.05,ft,Approved,,2025-09-01 20:21:53.716170+00:00
,,937c6190-c8a0-4565-898e-bec077aa725e,0c49166273014487baa157c538b5a932,USGS-03274615,00065,00011,2023-02-21 04:15:00+00:00,2.05,ft,Approved,,2025-09-01 20:21:53.716170+00:00
,,34ea0f4b-d20b-4dd4-8c9b-7b6a32a5f997,0c49166273014487baa157c538b5a932,USGS-03274615,00065,00011,2023-02-21 04:00:00+00:00,2.05,ft,Approved,,2025-09-01 20:21:53.716170+00:00
,,e2d7bc13-a630-4cc3-acc5-b52892aea823,0c49166273014487baa157c538b5a932,USGS-03274615,00065,00011,2023-02-21 03:45:00+00:00,2.05,ft,Approved,,2025-09-01 20:21:53.716170+00:00
,,e85ab04d-281d-4d15-9b0a-6e778ceb7a5b,0c49166273014487baa157c538b5a932,USGS-03274615,00065,00011,2023-02-21 03:30:00+00:00,2.06,ft,Approved,,2025-09-01 20:21:53.716170+00:00
,,e51d7e3f-bbdc-4809-a081-db81ed6bba7b,0c49166273014487baa157c538b5a932,USGS-03274615,00065,00011,2023-02-21 03:15:00+00:00,2.06,ft,Approved,,2025-09-01 20:21:53.716170+00:00
,,fbf76988-1ea7-4acd-a497-04eb6dc802da,0c49166273014487baa157c538b5a932,USGS-03274615,00065,00011,2023-02-21 03:00:00+00:00,2.06,ft,Approved,,2025-09-01 20:21:53.716170+00:00
,,c53e3b4a-5caa-4dea-86f5-7fadc527a8df,0c49166273014487baa157c538b5a932,USGS-03274615,00065,00011,2023-02-21 02:45:00+00:00,2.06,ft,Approved,,2025-09-01 20:21:53.716170+00:00
,,a0988082-3094-43bd-a823-001b36a838c4,0c49166273014487baa157c538b5a932,USGS-03274615,00065,00011,2023-02-21 02:30:00+00:00,2.07,ft,Approved,,2025-09-01 20:21:53.716170+00:00
,,fc2c21c4-8d4d-4e6d-9c41-ede2a1c5da11,0c49166273014487baa157c538b5a932,USGS-03274615,00065,00011,2023-02-21 02:15:00+00:00,2.07,ft,Approved,,2025-09-01 20:21:53.716170+00:00
,,d66d8a60-f5f0-49d2-a684-f7f041f9cd28,0c49166273014487baa157c538b5a932,USGS-03274615,00065,00011,2023-02-21 02:00:00+00:00,2.07,ft,Approved,,2025-09-01 20:21:53.716170+00:00
,,1c19dd02-8213-4d85-a171-4b9b1a0cfd01,0c49166273014487baa157c538b5a932,USGS-03274615,00065,00011,2023-02-21 01:45:00+00:00,2.08,ft,Approved,,2025-09-01 20:21:53.716170+00:00
,,39656d7b-99df-45d5-a040-a6e398697cd3,0c49166273014487baa157c538b5a932,USGS-03274615,00065,00011,2023-02-21 01:30:00+00:00,2.08,ft,Approved,,2025-09-01 20:21:53.716170+00:00
,,5f9223e7-e4f9-4f8f-b7e9-3abe42872f8e,0c49166273014487baa157c538b5a932,USGS-03274615,00065,00011,2023-02-21 01:15:00+00:00,2.07,ft,Approved,,2025-09-01 20:21:53.716170+00:00
,,8520e14a-cf68-49ad-bd05-1848b25aa66c,0c49166273014487baa157c538b5a932,USGS-03274615,00065,00011,2023-02-21 01:00:00+00:00,2.08,ft,Approved,,2025-09-01 20:21:53.716170+00:00
,,264b3858-d7af-4ef8-8395-79d82917e095,0c49166273014487baa157c538b5a932,USGS-03274615,00065,00011,2023-02-21 00:45:00+00:00,2.08,ft,Approved,,2025-09-01 20:21:53.716170+00:00
,,2419e077-9e4b-478d-98a4-230a4b635511,0c49166273014487baa157c538b5a932,USGS-03274615,00065,00011,2023-02-21 00:30:00+00:00,2.08,ft,Approved,,2025-09-01 20:21:53.716170+00:00
,,bee44f6d-3f45-4090-b0ad-41579045aa46,0c49166273014487baa157c538b5a932,USGS-03274615,00065,00011,2023-02-21 00:15:00+00:00,2.08,ft,Approved,,2025-09-01 20:21:53.716170+00:00
,,476e895b-622d-4953-98ff-fc5090a3b699,0c49166273014487baa157c538b5a932,USGS-03274615,00065,00011,2023-02-21 00:00:00+00:00,2.09,ft,Approved,,2025-09-01 20:21:53.716170+00:00
,,1a6f6d9d-291b-4fb1-b56c-0f5c68ef7b0a,0c49166273014487baa157c538b5a932,USGS-03274615,00065,00011,2023-02-20 23:45:00+00:00,2.09,ft,Approved,,2025-09-01 20:21:53.716170+00:00
,,975ba242-fff7-4282-9134-257420d502c9,0c49166273014487baa157c538b5a932,USGS-03274615,00065,00011,2023-02-20 23:30:00+00:00,2.09,ft,Approved,,2025-09-01 20:21:53.716170+00:00
,,6e16b4bd-ae15-4808-8b07-05aea6e3f510,0c49166273014487baa157c538b5a932,USGS-03274615,00065,00011,2023-02-20 23:15:00+00:00,2.10,ft,Approved,,2025-09-01 20:21:53.716170+00:00
,,6915226f-b1f6-4f64-ac4b-3bb80530abbf,0c49166273014487baa157c538b5a932,USGS-03274615,00065,00011,2023-02-20 23:00:00+00:00,2.09,ft,Approved,,2025-09-01 20:21:53.716170+00:00
,,63a7eeab-e686-4ec2-9aee-eb88ae3837a1,0c49166273014487baa157c538b5a932,USGS-03274615,00065,00011,2023-02-20 22:45:00+00:00,2.08,ft,Approved,,2025-09-01 20:21:53.716170+00:00
,,ae86a850-5d09-4e1c-9962-e2b27d59e6a6,0c49166273014487baa157c538b5a932,USGS-03274615,00065,00011,2023-02-20 22:30:00+00:00,2.09,ft,Approved,,2025-09-01 20:21:53.716170+00:00
,,7bad0480-2aa0-40bb-850e-0c2fe9ecf1c5,0c49166273014487baa157c538b5a932,USGS-03274615,00065,00011,2023-02-20 22:15:00+00:00,2.10,ft,Approved,,2025-09-01 20:21:53.716170+00:00
,,8bd33464-83ca-444e-a329-f955f0def7f9,0c49166273014487baa157c538b5a932,USGS-03274615,00065,00011,2023-02-20 22:00:00+00:00,2.10,ft,Approved,,2025-09-01 20:21:53.716170+00:00
,,2f346b4a-9c5d-48ef-b4d2-4bbd8b53bc1a,0c49166273014487baa157c538b5a932,USGS-03274615,00065,00011,2023-02-20 21:45:00+00:00,2.10,ft,Approved,,2025-09-01 20:21:53.716170+00:00
,,53fbe321-6ab8-47a9-b1df-b881bd62e35e,0c49166273014487baa157c538b5a932,USGS-03274615,00065,00011,2023-02-20 21:30:00+00:00,2.10,ft,Approved,,2025-09-01 20:21:53.716170+00:00
,,34dabfd7-0aab-4af0-a696-62fd636dbc58,0c49166273014487baa157c538b5a932,USGS-03274615,00065,00011,2023-02-20 21:15:00+00:00,2.10,ft,Approved,,2025-09-01 20:21:53.716170+00:00
,,fad99518-5199-49ca-961c-518f8231a5b7,0c49166273014487baa157c538b5a932,USGS-03274615,00065,00011,2023-02-20 21:00:00+00:00,2.08,ft,Approved,,2025-09-01 20:21:53.716170+00:00
,,3044609f-81fc-4bdc-8373-1cb1c319dcd8,0c49166273014487baa157c538b5a932,USGS-03274615,00065,00011,2023-02-20 20:45:00+00:00,2.04,ft,Approved,,2025-09-01 20:21:53.716170+00:00
,,d275ba91-b175-4b0d-b120-2a9b1e62e42b,0c49166273014487baa157c538b5a932,USGS-03274615,00065,00011,2023-02-20 20:30:00+00:00,2.11,ft,Approved,,2025-09-01 20:21:53.716170+00:00
,,8718240d-1166-4764-bb65-5c4a8d0fc6c4,0c49166273014487baa157c538b5a932,USGS-03274615,00065,00011,2023-02-20 19:45:00+00:00,2.04,ft,Approved,,2025-09-01 20:21:53.716170+00:00
,,d88726bd-4682-4668-8fad-86d1c74b0013,0c49166273014487baa157c538b5a932,USGS-03274615,00065,00011,2023-02-20 19:30:00+00:00,2.11,ft,Approved,,2025-09-01 20:21:53.716170+00:00
,,e5a85b1a-ec6d-430c-83d2-0f05304aa48d,0c49166273014487baa157c538b5a932,USGS-03274615,00065,00011,2023-02-20 19:15:00+00:00,2.11,ft,Approved,,2025-09-01 20:21:53.716170+00:00
,,52c688da-693d-4c50-a0f8-39e186f4d99f,0c49166273014487baa157c538b5a932,USGS-03274615,00065,00011,2023-02-20 19:00:00+00:00,2.06,ft,Approved,,2025-09-01 20:21:53.716170+00:00
,,2906158c-898d-42dc-a4db-6a72d6c943d0,0c49166273014487baa157c538b5a932,USGS-03274615,00065,00011,2023-02-20 18:45:00+00:00,2.11,ft,Approved,,2025-09-01 20:21:53.716170+00:00
,,994f2066-a423-4b10-8fc0-e6a025dfd6e9,0c49166273014487baa157c538b5a932,USGS-03274615,00065,00011,2023-02-20 18:30:00+00:00,2.07,ft,Approved,,2025-09-01 20:21:53.716170+00:00
,,ac22453a-57de-45f4-be6d-44f004132f1f,0c49166273014487baa157c538b5a932,USGS-03274615,00065,00011,2023-02-20 18:15:00+00:00,2.05,ft,Approved,,2025-09-01 20:21:53.716170+00:00
,,6133c4a3-8d3a-41fd-8ab1-e94d9c4be853,0c49166273014487baa157c538b5a932,USGS-03274615,00065,00011,2023-02-20 17:45:00+00:00,2.05,ft,Approved,,2025-09-01 20:21:53.716170+00:00
,,e33d4a09-3229-4b32-aaa6-9da8253d2cfc,0c49166273014487baa157c538b5a932,USGS-03274615,00065,00011,2023-02-20 17:30:00+00:00,2.13,ft,Approved,,2025-09-01 20:21:53.716170+00:00
,,d1b38da5-68a2-463b-9c92-67a86ac65d74,0c49166273014487baa157c538b5a932,USGS-03274615,00065,00011,2023-02-20 17:15:00+00:00,2.05,ft,Approved,,2025-09-01 20:21:53.716170+00:00
,,2721794f-e3c9-49ac-97d5-fd643c658406,0c49166273014487baa157c538b5a932,USGS-03274615,00065,00011,2023-02-20 16:45:00+00:00,2.08,ft,Approved,,2025-09-01 20:21:53.716170+00:00
,,a43b82d6-4d50-44f6-aae1-12a852378887,0c49166273014487baa157c538b5a932,USGS-03274615,00065,00011,2023-02-20 16:00:00+00:00,2.14,ft,Approved,,2025-09-01 20:21:53.716170+00:00
,,9858a225-8c88-4955-99d5-6d96a50e1aa0,0c49166273014487baa157c538b5a932,USGS-03274615,00065,00011,2023-02-20 15:45:00+00:00,2.14,ft,Approved,,2025-09-01 20:21:53.716170+00:00
,,a04e0bef-5658-4dbb-aba0-d9b6bc3a871b,0c49166273014487baa157c538b5a932,USGS-03274615,00065,00011,2023-02-20 15:30:00+00:00,2.12,ft,Approved,,2025-09-01 20:21:53.716170+00:00
,,74d79d18-f693-4cd0-a9e2-814c91eed57f,0c49166273014487baa157c538b5a932,USGS-03274615,00065,00011,2023-02-20 15:15:00+00:00,2.14,ft,Approved,,2025-09-01 20:21:53.716170+00:00
,,25acda5e-07b6-4501-a905-219e9b17f443,0c49166273014487baa157c538b5a932,USGS-03274615,00065,00011,2023-02-20 15:00:00+00:00,2.15,ft,Approved,,2025-09-01 20:21:53.716170+00:00
,,50dca91a-a686-4aac-9580-6878cd50f765,0c49166273014487baa157c538b5a932,USGS-03274615,00065,00011,2023-02-20 14:45:00+00:00,2.14,ft,Approved,,2025-09-01 20:21:53.716170+00:00
,,da832c95-fe4d-400f-92cb-2d36cd890153,0c49166273014487baa157c538b5a932,USGS-03274615,00065,00011,2023-02-20 14:30:00+00:00,2.15,ft,Approved,,2025-09-01 20:21:53.716170+00:00
,,b480d200-ae4e-42eb-902a-94708706a393,0c49166273014487baa157c538b5a932,USGS-03274615,00065,00011,2023-02-20 14:15:00+00:00,2.15,ft,Approved,,2025-09-01 20:21:53.716170+00:00
,,d36b629c-491a-454e-8fe4-f4042d61c509,0c49166273014487baa157c538b5a932,USGS-03274615,00065,00011,2023-02-20 14:00:00+00:00,2.14,ft,Approved,,2025-09-01 20:21:53.716170+00:00
,,30a5d5f9-a702-4a01-ad9b-6cbbace3d45d,0c49166273014487baa157c538b5a932,USGS-03274615,00065,00011,2023-02-20 13:45:00+00:00,2.15,ft,Approved,,2025-09-01 20:21:53.716170+00:00
,,09cd602a-54e0-402f-a900-40682eeeb18c,0c49166273014487baa157c538b5a932,USGS-03274615,00065,00011,2023-02-20 13:30:00+00:00,2.16,ft,Approved,,2025-09-01 20:21:53.716170+00:00
,,a1174e7c-dc0f-4a1f-ae2d-adf3b959a5da,0c49166273014487baa157c538b5a932,USGS-03274615,00065,00011,2023-02-20 13:15:00+00:00,2.16,ft,Approved,,2025-09-01 20:21:53.716170+00:00
,,a197fb86-f68b-47d7-be5e-a25401e9d57f,0c49166273014487baa157c538b5a932,USGS-03274615,00065,00011,2023-02-20 13:00:00+00:00,2.16,ft,Approved,,2025-09-01 20:21:53.716170+00:00
,,41233111-c5a6-4124-a1d6-a70d9425c674,0c49166273014487baa157c538b5a932,USGS-03274615,00065,00011,2023-02-20 12:45:00+00:00,2.16,ft,Approved,,2025-09-01 20:21:53.716170+00:00
,,c5f90091-5baf-4e4f-a577-b77b3c6d4268,0c49166273014487baa157c538b5a932,USGS-03274615,00065,00011,2023-02-20 12:30:00+00:00,2.16,ft,Approved,,2025-09-01 20:21:53.716170+00:00
,,003b1d09-ca22-489c-9378-a4802af353bf,0c49166273014487baa157c538b5a932,USGS-03274615,00065,00011,2023-02-20 12:15:00+00:00,2.16,ft,Approved,,2025-09-01 20:21:53.716170+00:00
,,4e1b684c-c7f8-4f85-a949-f525aff2b278,0c49166273014487baa157c538b5a932,USGS-03274615,00065,00011,2023-02-20 12:00:00+00:00,2.16,ft,Approved,,2025-09-01 20:21:53.716170+00:00
,,37b34a40-be97-45d8-b30f-27ab895158ed,0c49166273014487baa157c538b5a932,USGS-03274615,00065,00011,2023-02-20 11:45:00+00:00,2.15,ft,Approved,,2025-09-01 20:21:53.716170+00:00
,,aa8234c6-ce30-4e38-89ed-efb52da438f6,0c49166273014487baa157c538b5a932,USGS-03274615,00065,00011,2023-02-20 11:30:00+00:00,2.16,ft,Approved,,2025-09-01 20:21:53.716170+00:00
,,7be21b1c-cd0a-44d1-ae3f-ccc0cc7d6f84,0c49166273014487baa157c538b5a932,USGS-03274615,00065,00011,2023-02-20 11:15:00+00:00,2.16,ft,Approved,,2025-09-01 20:21:53.716170+00:00
,,cf9bbe84-cb90-4ef7-8a06-aa4698bbd540,0c49166273014487baa157c538b5a932,USGS-03274615,00065,00011,2023-02-20 11:00:00+00:00,2.16,ft,Approved,,2025-09-01 20:21:53.716170+00:00
,,595af3f1-7149-417a-b665-52cb5af58331,0c49166273014487baa157c538b5a932,USGS-03274615,00065,00011,2023-02-20 10:45:00+00:00,2.16,ft,Approved,,2025-09-01 20:21:53.716170+00:00
,,987f6e13-0049-4924-b52d-1115b33cd170,0c49166273014487baa157c538b5a932,USGS-03274615,00065,00011,2023-02-20 10:30:00+00:00,2.17,ft,Approved,,2025-09-01 20:21:53.716170+00:00
,,155523f6-4c3d-45e6-a2a1-7fe10e1413d5,0c49166273014487baa157c538b5a932,USGS-03274615,00065,00011,2023-02-20 10:15:00+00:00,2.17,ft,Approved,,2025-09-01 20:21:53.716170+00:00
,,1016c94b-8546-4240-83e5-6220349d5e42,0c49166273014487baa157c538b5a932,USGS-03274615,00065,00011,2023-02-20 10:00:00+00:00,2.17,ft,Approved,,2025-09-01 20:21:53.716170+00:00
,,b0083690-2191-4677-931e-c9dab4d59fc6,0c49166273014487baa157c538b5a932,USGS-03274615,00065,00011,2023-02-20 09:45:00+00:00,2.18,ft,Approved,,2025-09-01 20:21:53.716170+00:00
,,ba52dc50-ae2b-4be4-91db-0f906045a49a,0c49166273014487baa157c538b5a932,USGS-03274615,00065,00011,2023-02-20 09:30:00+00:00,2.17,ft,Approved,,2025-09-01 20:21:53.716170+00:00
,,d686afa0-a389-4099-bce5-215c45f010ba,0c49166273014487baa157c538b5a932,USGS-03274615,00065,00011,2023-02-20 09:15:00+00:00,2.17,ft,Approved,,2025-09-01 20:21:53.716170+00:00
,,422465f2-e50a-480b-95cc-36be0b8312e8,0c49166273014487baa157c538b5a932,USGS-03274615,00065,00011,2023-02-20 09:00:00+00:00,2.18,ft,Approved,,2025-09-01 20:21:53.716170+00:00
,,21f921d5-ff87-4aa0-a919-de30ebfa47a7,0c49166273014487baa157c538b5a932,USGS-03274615,00065,00011,2023-02-20 08:45:00+00:00,2.18,ft,Approved,,2025-09-01 20:21:53.716170+00:00
,,6fb54ec1-dbaa-4b00-8f6e-f26c6f252f79,0c49166273014487baa157c538b5a932,USGS-03274615,00065,00011,2023-02-20 08:30:00+00:00,2.18,ft,Approved,,2025-09-01 20:21:53.716170+00:00
,,ee3c9e94-ce84-4e0b-b07a-5134cb0d365c,0c49166273014487baa157c538b5a932,USGS-03274615,00065,00011,2023-02-20 08:15:00+00:00,2.18,ft,Approved,,2025-09-01 20:21:53.716170+00:00
,,8a54c9cd-8671-49ac-afba-84d7ca99a48e,0c49166273014487baa157c538b5a932,USGS-03274615,00065,00011,2023-02-20 08:00:00+00:00,2.18,ft,Approved,,2025-09-01 20:21:53.716170+00:00
,,1b4b915c-c4ac-4548-ace8-491034327622,0c49166273014487baa157c538b5a932,USGS-03274615,00065,00011,2023-02-20 07:45:00+00:00,2.18,ft,Approved,,2025-09-01 20:21:53.716170+00:00
,,d805df6a-d4cf-4a0e-9c98-5a629f02255c,0c49166273014487baa157c538b5a932,USGS-03274615,00065,00011,2023-02-20 07:30:00+00:00,2.18,ft,Approved,,2025-09-01 20:21:53.716170+00:00
,,1bc0a28f-4b9b-4a6a-82ca-cc26a89e85ce,0c49166273014487baa157c538b5a932,USGS-03274615,00065,00011,2023-02-20 07:15:00+00:00,2.19,ft,Approved,,2025-09-01 20:21:53.716170+00:00
,,95dec8fa-491c-4081-b17d-501a3489f310,0c49166273014487baa157c538b5a932,USGS-03274615,00065,00011,2023-02-20 07:00:00+00:00,2.19,ft,Approved,,2025-09-01 20:21:53.716170+00:00
,,e22ae55f-b1d6-4a55-8196-3537e38490ef,0c49166273014487baa157c538b5a932,USGS-03274615,00065,00011,2023-02-20 06:45:00+00:00,2.19,ft,Approved,,2025-09-01 20:21:53.716170+00:00
,,7702832d-b790-4e4e-acf9-8a8e92544f22,0c49166273014487baa157c538b5a932,USGS-03274615,00065,00011,2023-02-20 06:30:00+00:00,2.18,ft,Approved,,2025-09-01 20:21:53.716170+00:00
,,7b6e7093-1a64-47cb-b168-ca68f06b515d,0c49166273014487baa157c538b5a932,USGS-03274615,00065,00011,2023-02-20 06:15:00+00:00,2.18,ft,Approved,,2025-09-01 20:21:53.716170+00:00
,,29f1c571-5ba8-49d6-8581-724a08541f3d,0c49166273014487baa157c538b5a932,USGS-03274615,00065,00011,2023-02-20 06:00:00+00:00,2.19,ft,Approved,,2025-09-01 20:21:53.716170+00:00
,,316efc19-aedc-4985-a24c-fead643ffa6d,0c49166273014487baa157c538b5a932,USGS-03274615,00065,00011,2023-02-20 05:45:00+00:00,2.19,ft,Approved,,2025-09-01 20:21:53.716170+00:00
,,eca97d0d-3c27-49c9-ab70-4dfdea40f1f4,0c49166273014487baa157c538b5a932,USGS-03274615,00065,00011,2023-02-20 05:30:00+00:00,2.19,ft,Approved,,2025-09-01 20:21:53.716170+00:00
,,bb72db8b-9531-413c-9ac1-6c2676a31e99,0c49166273014487baa157c538b5a932,USGS-03274615,00065,00011,2023-02-20 05:15:00+00:00,2.19,ft,Approved,,2025-09-01 20:21:53.716170+00:00
,,0ed39c66-7e30-4af8-b76b-aac4a0bc1aad,0c49166273014487baa157c538b5a932,USGS-03274615,00065,00011,2023-02-20 05:00:00+00:00,2.19,ft,Approved,,2025-09-01 20:21:53.716170+00:00
,,1aaa4d3a-f522-4409-ab76-1a5c5a5a642a,0c49166273014487baa157c538b5a932,USGS-03274615,00065,00011,2023-02-20 04:45:00+00:00,2.20,ft,Approved,,2025-09-01 20:21:53.716170+00:00
,,1691faa9-0d16-44eb-9011-e94fe89baecd,0c49166273014487baa157c538b5a932,USGS-03274615,00065,00011,2023-02-20 04:30:00+00:00,2.21,ft,Approved,,2025-09-01 20:21:53.716170+00:00
,,7a88049c-3705-461e-a11f-d3f5aeaba855,0c49166273014487baa157c538b5a932,USGS-03274615,00065,00011,2023-02-20 04:15:00+00:00,2.20,ft,Approved,,2025-09-01 20:21:53.716170+00:00
,,a0c4666a-ebd2-4f48-a627-367e4509fa86,0c49166273014487baa157c538b5a932,USGS-03274615,00065,00011,2023-02-20 04:00:00+00:00,2.20,ft,Approved,,2025-09-01 20:21:53.716170+00:00
,,e8481323-4932-4be5-a658-e16dbe9fc1d3,0c49166273014487baa157c538b5a932,USGS-03274615,00065,00011,2023-02-20 03:45:00+00:00,2.20,ft,Approved,,2025-09-01 20:21:53.716170+00:00
,,a5c5cfe2-eee0-4c1c-a61d-9ca6e897e3b6,0c49166273014487baa157c538b5a932,USGS-03274615,00065,00011,2023-02-20 03:30:00+00:00,2.20,ft,Approved,,2025-09-01 20:21:53.716170+00:00
,,7fe3fadb-bb52-4e45-8760-ea3abe247261,0c49166273014487baa157c538b5a932,USGS-03274615,00065,00011,2023-02-20 03:15:00+00:00,2.20,ft,Approved,,2025-09-01 20:21:53.716170+00:00
,,d9ac763e-83c9-402c-ba95-cdc3ada75b53,0c49166273014487baa157c538b5a932,USGS-03274615,00065,00011,2023-02-20 03:00:00+00:00,2.20,ft,Approved,,2025-09-01 20:21:53.716170+00:00
,,ea3f1916-b199-44ae-9bf9-fb87e4e788c4,0c49166273014487baa157c538b5a932,USGS-03274615,00065,00011,2023-02-20 02:45:00+00:00,2.20,ft,Approved,,2025-09-01 20:21:53.716170+00:00
,,b575d61e-9092-4e45-b08a-74495c0a75ca,0c49166273014487baa157c538b5a932,USGS-03274615,00065,00011,2023-02-20 02:30:00+00:00,2.20,ft,Approved,,2025-09-01 20:21:53.716170+00:00
,,0cd2d8d6-02bc-417c-b3d4-b75e4014844a,0c49166273014487baa157c538b5a932,USGS-03274615,00065,00011,2023-02-20 02:15:00+00:00,2.21,ft,Approved,,2025-09-01 20:21:53.716170+00:00
,,51bf0478-f509-43ac-bd02-fce402e06efc,0c49166273014487baa157c538b5a932,USGS-03274615,00065,00011,2023-02-20 02:00:00+00:00,2.20,ft,Approved,,2025-09-01 20:21:53.716170+00:00
,,e732608d-e855-4d93-9932-db43c79e1764,0c49166273014487baa157c538b5a932,USGS-03274615,00065,00011,2023-02-20 01:45:00+00:00,2.21,ft,Approved,,2025-09-01 20:21:53.716170+00:00
,,caa0b07d-9397-4a7e-a8af-68140edde1bd,0c49166273014487baa157c538b5a932,USGS-03274615,00065,00011,2023-02-20 01:30:00+00:00,2.21,ft,Approved,,2025-09-01 20:21:53.716170+00:00
,,4f5f7023-82f3-4aba-8e3b-c26b4741f77c,0c49166273014487baa157c538b5a932,USGS-03274615,00065,00011,2023-02-20 01:15:00+00:00,2.21,ft,Approved,,2025-09-01 20:21:53.716170+00:00
,,ce2454f4-3e78-44f5-af71-03d35d70ade1,0c49166273014487baa157c538b5a932,USGS-03274615,00065,00011,2023-02-20 01:00:00+00:00,2.21,ft,Approved,,2025-09-01 20:21:53.716170+00:00
,,5cc1821e-0bb3-4f2b-a15f-a49be630bb6f,0c49166273014487baa157c538b5a932,USGS-03274615,00065,00011,2023-02-20 00:45:00+00:00,2.22,ft,Approved,,2025-09-01 20:21:53.716170+00:00
,,f9b8e890-4844-4bd7-9a44-339eab04ae75,0c49166273014487baa157c538b5a932,USGS-03274615,00065,00011,2023-02-20 00:30:00+00:00,2.21,ft,Approved,,2025-09-01 20:21:53.716170+00:00
,,1eeb88a5-c1bc-4ae2-a742-4c9da5299f73,0c49166273014487baa157c538b5a932,USGS-03274615,00065,00011,2023-02-20 00:15:00+00:00,2.19,ft,Approved,,2025-09-01 20:21:53.716170+00:00
,,1c2d89a5-6e33-47d3-b285-8a8ea563627e,0c49166273014487baa157c538b5a932,USGS-03274615,00065,00011,2023-02-20 00:00:00+00:00,2.13,ft,Approved,,2025-09-01 20:21:53.716170+00:00
,,362581d9-9823-43b6-bfc7-62e16322cd0b,0c49166273014487baa157c538b5a932,USGS-03274615,00065,00011,2023-02-19 23:45:00+00:00,2.21,ft,Approved,,2025-09-01 20:21:53.716170+00:00
,,984ffa57-b044-4a72-8596-efa0b67d879b,0c49166273014487baa157c538b5a932,USGS-03274615,00065,00011,2023-02-19 23:30:00+00:00,2.12,ft,Approved,,2025-09-01 20:21:53.716170+00:00
,,8c0acb95-cbe8-4c4f-8c36-e4f74c3e109b,0c49166273014487baa157c538b5a932,USGS-03274615,00065,00011,2023-02-19 23:15:00+00:00,2.21,ft,Approved,,2025-09-01 20:21:53.716170+00:00
,,278bb893-e29d-47dc-bd68-d76429615720,0c49166273014487baa157c538b5a932,USGS-03274615,00065,00011,2023-02-19 23:00:00+00:00,2.20,ft,Approved,,2025-09-01 20:21:53.716170+00:00
,,367c752f-d49b-46d9-9558-ccdad7374a19,0c49166273014487baa157c538b5a932,USGS-03274615,00065,00011,2023-02-19 22:45:00+00:00,2.18,ft,Approved,,2025-09-01 20:21:53.716170+00:00
,,383587b0-dd03-4393-ac9a-2f614222cc7f,0c49166273014487baa157c538b5a932,USGS-03274615,00065,00011,2023-02-19 22:30:00+00:00,2.09,ft,Approved,,2025-09-01 20:21:53.716170+00:00
,,be280dfd-acb9-4f4f-a182-d5716b577b35,0c49166273014487baa157c538b5a932,USGS-03274615,00065,00011,2023-02-19 22:15:00+00:00,2.10,ft,Approved,,2025-09-01 20:21:53.716170+00:00
,,d5f41e72-e11a-41a2-9833-16e072f2b62a,0c49166273014487baa157c538b5a932,USGS-03274615,00065,00011,2023-02-19 22:00:00+00:00,2.11,ft,Approved,,2025-09-01 20:21:53.716170+00:00
,,4689cc76-14bc-47d1-a48d-f6b55a53fc99,0c49166273014487baa157c538b5a932,USGS-03274615,00065,00011,2023-02-19 21:45:00+00:00,2.12,ft,Approved,,2025-09-01 20:21:53.716170+00:00
,,080290ce-683e-4b3f-8182-cec721cf4dfb,0c49166273014487baa157c538b5a932,USGS-03274615,00065,00011,2023-02-19 21:30:00+00:00,2.08,ft,Approved,,2025-09-01 20:21:53.716170+00:00
,,0af764cf-ab2b-49e6-adfd-070733e96cef,0c49166273014487baa157c538b5a932,USGS-03274615,00065,00011,2023-02-19 21:15:00+00:00,2.15,ft,Approved,,2025-09-01 20:21:53.716170+00:00
,,83a54ef6-c907-4fa0-9b77-4d797fb01927,0c49166273014487baa157c538b5a932,USGS-03274615,00065,00011,2023-02-19 21:00:00+00:00,2.13,ft,Approved,,2025-09-01 20:21:53.716170+00:00
,,a0a9a382-50c2-4cc2-825b-5d00b1709f8f,0c49166273014487baa157c538b5a932,USGS-03274615,00065,00011,2023-02-19 20:45:00+00:00,2.14,ft,Approved,,2025-09-01 20:21:53.716170+00:00
,,6c47bc64-e576-4230-b960-498925a5d9d5,0c49166273014487baa157c538b5a932,USGS-03274615,00065,00011,2023-02-19 20:30:00+00:00,2.14,ft,Approved,,2025-09-01 20:21:53.716170+00:00
,,069e3068-1beb-4f07-a034-6e7cbe69e18d,0c49166273014487baa157c538b5a932,USGS-03274615,00065,00011,2023-02-19 20:15:00+00:00,2.06,ft,Approved,,2025-09-01 20:21:53.716170+00:00
,,10ae0a25-21b9-4a04-a220-ccdb55dfab86,0c49166273014487baa157c538b5a932,USGS-03274615,00065,00011,2023-02-19 20:00:00+00:00,2.12,ft,Approved,,2025-09-01 20:21:53.716170+00:00
,,fa052ce2-57a3-4c30-be16-ec9aa63f981a,0c49166273014487baa157c538b5a932,USGS-03274615,00065,00011,2023-02-19 19:45:00+00:00,2.17,ft,Approved,,2025-09-01 20:21:53.716170+00:00
,,e804f6d4-d6b1-457d-90cb-b2a6682098e1,0c49166273014487baa157c538b5a932,USGS-03274615,00065,00011,2023-02-19 19:30:00+00:00,2.15,ft,Approved,,2025-09-01 20:21:53.716170+00:00
,,1a2b0c80-ab10-4af5-97eb-206c5b1c5840,0c49166273014487baa157c538b5a932,USGS-03274615,00065,00011,2023-02-19 19:15:00+00:00,2.13,ft,Approved,,2025-09-01 20:21:53.716170+00:00
,,746a9f06-2ec5-404e-81cc-4a14056560ee,0c49166273014487baa157c538b5a932,USGS-03274615,00065,00011,2023-02-19 19:00:00+00:00,2.12,ft,Approved,,2025-09-01 20:21:53.716170+00:00
,,5a0f647c-6eee-43a7-8f62-86a97f90b40e,0c49166273014487baa157c538b5a932,USGS-03274615,00065,00011,2023-02-19 18:45:00+00:00,2.16,ft,Approved,,2025-09-01 20:21:53.716170+00:00
,,d972e568-5d46-4bad-b453-301ccb2ffde4,0c49166273014487baa157c538b5a932,USGS-03274615,00065,00011,2023-02-19 18:30:00+00:00,2.12,ft,Approved,,2025-09-01 20:21:53.716170+00:00
,,7570f7c6-468f-4643-8350-63da1dd7ac79,0c49166273014487baa157c538b5a932,USGS-03274615,00065,00011,2023-02-19 18:15:00+00:00,2.10,ft,Approved,,2025-09-01 20:21:53.716170+00:00
,,dc037cbe-8147-4432-99ab-b84ba05d49d3,0c49166273014487baa157c538b5a932,USGS-03274615,00065,00011,2023-02-19 18:00:00+00:00,2.14,ft,Approved,,2025-09-01 20:21:53.716170+00:00
,,5a0f95e1-24ff-4cf0-84fa-bf5c7279c72e,0c49166273014487baa157c538b5a932,USGS-03274615,00065,00011,2023-02-19 17:45:00+00:00,2.14,ft,Approved,,2025-09-01 20:21:53.716170+00:00
,,a22eb682-3368-4f5a-a9e3-bd4833ddb708,0c49166273014487baa157c538b5a932,USGS-03274615,00065,00011,2023-02-19 17:30:00+00:00,2.16,ft,Approved,,2025-09-01 20:21:53.716170+00:00
,,4c18997b-21dc-4f5c-adad-f5d8162c9319,0c49166273014487baa157c538b5a932,USGS-03274615,00065,00011,2023-02-19 17:15:00+00:00,2.17,ft,Approved,,2025-09-01 20:21:53.716170+00:00
,,c925486a-ccc9-468d-9d96-60b6e58c48a8,0c49166273014487baa157c538b5a932,USGS-03274615,00065,00011,2023-02-19 17:00:00+00:00,2.17,ft,Approved,,2025-09-01 20:21:53.716170+00:00
,,239b9f15-42f5-450d-aab2-3cee963cccd2,0c49166273014487baa157c538b5a932,USGS-03274615,00065,00011,2023-02-19 16:45:00+00:00,2.15,ft,Approved,,2025-09-01 20:21:53.716170+00:00
,,89825007-b2bf-47d7-91b1-2a92c94062b5,0c49166273014487baa157c538b5a932,USGS-03274615,00065,00011,2023-02-19 16:30:00+00:00,2.17,ft,Approved,,2025-09-01 20:21:53.716170+00:00
,,d9c5bdf7-2da2-489a-8eff-f324f6e1a226,0c49166273014487baa157c538b5a932,USGS-03274615,00065,00011,2023-02-19 16:15:00+00:00,2.16,ft,Approved,,2025-09-01 20:21:53.716170+00:00
,,5f2a4e84-bd63-4f05-86e1-e86a871ba4de,0c49166273014487baa157c538b5a932,USGS-03274615,00065,00011,2023-02-19 16:00:00+00:00,2.16,ft,Approved,,2025-09-01 20:21:53.716170+00:00
,,2e059e8c-e94e-40aa-a023-f54964a0817c,0c49166273014487baa157c538b5a932,USGS-03274615,00065,00011,2023-02-19 15:45:00+00:00,2.16,ft,Approved,,2025-09-01 20:21:53.716170+00:00
,,b48b9948-e7af-4874-a9d7-ec0fa58b5d5d,0c49166273014487baa157c538b5a932,USGS-03274615,00065,00011,2023-02-19 15:30:00+00:00,2.16,ft,Approved,,2025-09-01 20:21:53.716170+00:00
,,64e28eea-0bd9-4328-afb9-8b4760fb38d0,0c49166273014487baa157c538b5a932,USGS-03274615,00065,00011,2023-02-19 15:15:00+00:00,2.16,ft,Approved,,2025-09-01 20:21:53.716170+00:00
,,7d40b138-9ba9-4f46-8862-63245e65873f,0c49166273014487baa157c538b5a932,USGS-03274615,00065,00011,2023-02-19 15:00:00+00:00,2.15,ft,Approved,,2025-09-01 20:21:53.716170+00:00
,,101edb48-1b92-4bb3-8f87-f22f9aa67ed3,0c49166273014487baa157c538b5a932,USGS-03274615,00065,00011,2023-02-19 14:45:00+00:00,2.18,ft,Approved,,2025-09-01 20:21:53.716170+00:00
,,e824efe4-5850-452e-b440-5cd572d45a0b,0c49166273014487baa157c538b5a932,USGS-03274615,00065,00011,2023-02-19 14:30:00+00:00,2.16,ft,Approved,,2025-09-01 20:21:53.716170+00:00
,,c646ce94-0d7e-457a-8b32-b1965548c750,0c49166273014487baa157c538b5a932,USGS-03274615,00065,00011,2023-02-19 14:15:00+00:00,2.19,ft,Approved,,2025-09-01 20:21:53.716170+00:00
,,94712c44-a071-4f1a-a65b-45bdf0c961ee,0c49166273014487baa157c538b5a932,USGS-03274615,00065,00011,2023-02-19 14:00:00+00:00,2.25,ft,Approved,,2025-09-01 20:21:53.716170+00:00
,,ef0dabf0-b869-4e6c-a53f-36332885ba29,0c49166273014487baa157c538b5a932,USGS-03274615,00065,00011,2023-02-19 13:45:00+00:00,2.23,ft,Approved,,2025-09-01 20:21:53.716170+00:00
,,231548ba-9f43-4c11-8144-ab88fecac3b0,0c49166273014487baa157c538b5a932,USGS-03274615,00065,00011,2023-02-19 13:30:00+00:00,2.30,ft,Approved,,2025-09-01 20:21:53.716170+00:00
,,f509daf8-8fbb-47f8-beb8-0653c54bb008,0c49166273014487baa157c538b5a932,USGS-03274615,00065,00011,2023-02-19 13:15:00+00:00,2.30,ft,Approved,,2025-09-01 20:21:53.716170+00:00
,,3fd59061-a77c-49fa-8dfe-7fcadde8b6a9,0c49166273014487baa157c538b5a932,USGS-03274615,00065,00011,2023-02-19 13:00:00+00:00,2.33,ft,Approved,,2025-09-01 20:21:53.716170+00:00
,,a51b977b-6467-4332-8b26-5e8183b02559,0c49166273014487baa157c538b5a932,USGS-03274615,00065,00011,2023-02-19 12:45:00+00:00,2.33,ft,Approved,,2025-09-01 20:21:53.716170+00:00
,,f4781b2d-066d-4a9b-a970-9dc78e140b7d,0c49166273014487baa157c538b5a932,USGS-03274615,00065,00011,2023-02-19 12:30:00+00:00,2.31,ft,Approved,,2025-09-01 20:21:53.716170+00:00
,,3b1216af-65e5-42e6-8086-5b5c99ef490d,0c49166273014487baa157c538b5a932,USGS-03274615,00065,00011,2023-02-19 12:15:00+00:00,2.29,ft,Approved,,2025-09-01 20:21:53.716170+00:00
,,f9449f48-f3d5-40b7-b5ef-183f5d34e924,0c49166273014487baa157c538b5a932,USGS-03274615,00065,00011,2023-02-19 12:00:00+00:00,2.32,ft,Approved,,2025-09-01 20:21:53.716170+00:00
,,00b103bf-76bb-43fe-8b0b-be5f80f3ac1c,0c49166273014487baa157c538b5a932,USGS-03274615,00065,00011,2023-02-19 11:45:00+00:00,2.29,ft,Approved,,2025-09-01 20:21:53.716170+00:00
,,0c223f13-8873-4f28-ac6a-3fe79feb77d2,0c49166273014487baa157c538b5a932,USGS-03274615,00065,00011,2023-02-19 11:30:00+00:00,2.32,ft,Approved,,2025-09-01 20:21:53.716170+00:00
,,8b4c5295-105b-4b62-9972-be17c5163ba9,0c49166273014487baa157c538b5a932,USGS-03274615,00065,00011,2023-02-19 11:15:00+00:00,2.33,ft,Approved,,2025-09-01 20:21:53.716170+00:00
,,1bb3f645-ddf3-4511-8e50-050b936e13bc,0c49166273014487baa157c538b5a932,USGS-03274615,00065,00011,2023-02-19 11:00:00+00:00,2.36,ft,Approved,,2025-09-01 20:21:53.716170+00:00
,,c35d06e2-87cc-4dbe-9856-4551e55cc5ff,0c49166273014487baa157c538b5a932,USGS-03274615,00065,00011,2023-02-19 10:45:00+00:00,2.35,ft,Approved,,2025-09-01 20:21:53.716170+00:00
,,80f9e1d4-c4ed-497a-8827-091afc9fe623,0c49166273014487baa157c538b5a932,USGS-03274615,00065,00011,2023-02-19 10:30:00+00:00,2.36,ft,Approved,,2025-09-01 20:21:53.716170+00:00
,,43a09c5c-83bf-4142-8c05-d0839cccefab,0c49166273014487baa157c538b5a932,USGS-03274615,00065,00011,2023-02-19 10:15:00+00:00,2.36,ft,Approved,,2025-09-01 20:21:53.716170+00:00
,,a74a35fa-df73-4bf3-9cf6-ba4b44d13047,0c49166273014487baa157c538b5a932,USGS-03274615,00065,00011,2023-02-19 10:00:00+00:00,2.36,ft,Approved,,2025-09-01 20:21:53.716170+00:00
,,d7df27ab-543d-49e8-9f77-5723dd9de925,0c49166273014487baa157c538b5a932,USGS-03274615,00065,00011,2023-02-19 09:45:00+00:00,2.37,ft,Approved,,2025-09-01 20:21:53.716170+00:00
,,d13e0a39-bbd8-4f2d-909f-fca4d15883ef,0c49166273014487baa157c538b5a932,USGS-03274615,00065,00011,2023-02-19 09:30:00+00:00,2.37,ft,Approved,,2025-09-01 20:21:53.716170+00:00
,,db2ed7fe-abbf-4ca3-96f7-14bd9c3235a0,0c49166273014487baa157c538b5a932,USGS-03274615,00065,00011,2023-02-19 09:15:00+00:00,2.38,ft,Approved,,2025-09-01 20:21:53.716170+00:00
,,2cd206f1-349f-4be9-a524-45ff3492dd49,0c49166273014487baa157c538b5a932,USGS-03274615,00065,00011,2023-02-19 09:00:00+00:00,2.37,ft,Approved,,2025-09-01 20:21:53.716170+00:00
,,bd31b48a-ac55-4718-864d-ed06952245fb,0c49166273014487baa157c538b5a932,USGS-03274615,00065,00011,2023-02-19 08:45:00+00:00,2.38,ft,Approved,,2025-09-01 20:21:53.716170+00:00
,,406e1d52-6754-4119-aa86-20319d9d57cf,0c49166273014487baa157c538b5a932,USGS-03274615,00065,00011,2023-02-19 08:30:00+00:00,2.38,ft,Approved,,2025-09-01 20:21:53.716170+00:00
,,aba09684-98cf-4ce8-ac07-9b9c8165e541,0c49166273014487baa157c538b5a932,USGS-03274615,00065,00011,2023-02-19 08:15:00+00:00,2.39,ft,Approved,,2025-09-01 20:21:53.716170+00:00
,,babc557a-d8c7-4ec2-876d-0ec463929032,0c49166273014487baa157c538b5a932,USGS-03274615,00065,00011,2023-02-19 08:00:00+00:00,2.38,ft,Approved,,2025-09-01 20:21:53.716170+00:00
,,1e9f8a4d-b1fc-46f6-abe6-d10eae4970bc,0c49166273014487baa157c538b5a932,USGS-03274615,00065,00011,2023-02-19 07:45:00+00:00,2.39,ft,Approved,,2025-09-01 20:21:53.716170+00:00
,,2113daa3-2407-45c0-89cb-6113b957c061,0c49166273014487baa157c538b5a932,USGS-03274615,00065,00011,2023-02-19 07:30:00+00:00,2.39,ft,Approved,,2025-09-01 20:21:53.716170+00:00
,,7fd608c5-f976-4fe9-a9c9-93904fc0939a,0c49166273014487baa157c538b5a932,USGS-03274615,00065,00011,2023-02-19 07:15:00+00:00,2.39,ft,Approved,,2025-09-01 20:21:53.716170+00:00
,,0ec3eb84-d8c2-4eb4-bbd3-33c09fb73726,0c49166273014487baa157c538b5a932,USGS-03274615,00065,00011,2023-02-19 07:00:00+00:00,2.40,ft,Approved,,2025-09-01 20:21:53.716170+00:00
,,5a13ff8c-ef40-42ff-9fdd-70de98d9326d,0c49166273014487baa157c538b5a932,USGS-03274615,00065,00011,2023-02-19 06:45:00+00:00,2.40,ft,Approved,,2025-09-01 20:21:53.716170+00:00
,,9635f178-a393-4af0-a7a8-8849bc24b673,0c49166273014487baa157c538b5a932,USGS-03274615,00065,00011,2023-02-19 06:30:00+00:00,2.40,ft,Approved,,2025-09-01 20:21:53.716170+00:00
,,f5d00bfb-62cd-4328-892b-0bfe16763549,0c49166273014487baa157c538b5a932,USGS-03274615,00065,00011,2023-02-19 06:15:00+00:00,2.40,ft,Approved,,2025-09-01 20:21:53.716170+00:00
,,604aa4ca-ac47-4ebf-842b-c6187bdb3d8b,0c49166273014487baa157c538b5a932,USGS-03274615,00065,00011,2023-02-19 06:00:00+00:00,2.41,ft,Approved,,2025-09-01 20:21:53.716170+00:00
,,b5d5e4d4-5fbc-4f49-95c0-10ede5aab001,0c49166273014487baa157c538b5a932,USGS-03274615,00065,00011,2023-02-19 05:45:00+00:00,2.41,ft,Approved,,2025-09-01 20:21:53.716170+00:00
,,97514633-b036-478d-9d6b-add2abc31110,0c49166273014487baa157c538b5a932,USGS-03274615,00065,00011,2023-02-19 05:30:00+00:00,2.42,ft,Approved,,2025-09-01 20:21:53.716170+00:00
,,d8381d2d-3676-4127-9b4b-7b19e63b1f6b,0c49166273014487baa157c538b5a932,USGS-03274615,00065,00011,2023-02-19 05:15:00+00:00,2.43,ft,Approved,,2025-09-01 20:21:53.716170+00:00
,,eecc7259-e80a-4d04-8e06-9d6ea1bea41b,0c49166273014487baa157c538b5a932,USGS-03274615,00065,00011,2023-02-19 05:00:00+00:00,2.43,ft,Approved,,2025-09-01 20:21:53.716170+00:00
,,4dcaec0e-980a-4a18-b3af-f2915e819935,0c49166273014487baa157c538b5a932,USGS-03274615,00065,00011,2023-02-19 04:45:00+00:00,2.43,ft,Approved,,2025-09-01 20:21:53.716170+00:00
,,5da38516-0ece-4d58-a8ee-95fc75528bd9,0c49166273014487baa157c538b5a932,USGS-03274615,00065,00011,2023-02-19 04:30:00+00:00,2.43,ft,Approved,,2025-09-01 20:21:53.716170+00:00
,,6506d39d-fcd2-436f-b053-5fa652c92d69,0c49166273014487baa157c538b5a932,USGS-03274615,00065,00011,2023-02-19 04:15:00+00:00,2.44,ft,Approved,,2025-09-01 20:21:53.716170+00:00
,,aef55542-fa04-4ae8-88e8-f596e532ee30,0c49166273014487baa157c538b5a932,USGS-03274615,00065,00011,2023-02-19 04:00:00+00:00,2.42,ft,Approved,,2025-09-01 20:21:53.716170+00:00
,,b0aabe23-d6e2-4b7e-9169-4b48fd9a4bea,0c49166273014487baa157c538b5a932,USGS-03274615,00065,00011,2023-02-19 03:45:00+00:00,2.44,ft,Approved,,2025-09-01 20:21:53.716170+00:00
,,2343168f-06fc-41b0-917a-f1bf06a5aa0d,0c49166273014487baa157c538b5a932,USGS-03274615,00065,00011,2023-02-19 03:30:00+00:00,2.46,ft,Approved,,2025-09-01 20:21:53.716170+00:00
,,e5435629-8167-4de5-a919-67043801891a,0c49166273014487baa157c538b5a932,USGS-03274615,00065,00011,2023-02-19 03:15:00+00:00,2.45,ft,Approved,,2025-09-01 20:21:53.716170+00:00
,,e99bb70e-0a47-400d-b20a-a8c5c893d646,0c49166273014487baa157c538b5a932,USGS-03274615,00065,00011,2023-02-19 03:00:00+00:00,2.46,ft,Approved,,2025-09-01 20:21:53.716170+00:00
,,277f4cf0-7a5b-4a07-a6a3-ab10fe976157,0c49166273014487baa157c538b5a932,USGS-03274615,00065,00011,2023-02-19 02:45:00+00:00,2.46,ft,Approved,,2025-09-01 20:21:53.716170+00:00
,,355510be-d7b1-4aa6-a9f2-25cfa71b9240,0c49166273014487baa157c538b5a932,USGS-03274615,00065,00011,2023-02-19 02:30:00+00:00,2.46,ft,Approved,,2025-09-01 20:21:53.716170+00:00
,,dc801418-90ea-4806-aaf3-2688eed9ae1a,0c49166273014487baa157c538b5a932,USGS-03274615,00065,00011,2023-02-19 02:15:00+00:00,2.47,ft,Approved,,2025-09-01 20:21:53.716170+00:00
,,29f25993-d6d1-47c2-b0f9-f999758d0147,0c49166273014487baa157c538b5a932,USGS-03274615,00065,00011,2023-02-19 02:00:00+00:00,2.48,ft,Approved,,2025-09-01 20:21:53.716170+00:00
,,e3a62bdc-509e-4231-8844-aa4cfd8d6982,0c49166273014487baa157c538b5a932,USGS-03274615,00065,00011,2023-02-19 01:45:00+00:00,2.48,ft,Approved,,2025-09-01 20:21:53.716170+00:00
,,25e00a2e-d3fb-466a-8a1e-f3c1abbbf23d,0c49166273014487baa157c538b5a932,USGS-03274615,00065,00011,2023-02-19 01:30:00+00:00,2.47,ft,Approved,,2025-09-01 20:21:53.716170+00:00
,,16dd8d3b-71d3-45b1-8ab6-78fcd16c3a82,0c49166273014487baa157c538b5a932,USGS-03274615,00065,00011,2023-02-19 01:15:00+00:00,2.47,ft,Approved,,2025-09-01 20:21:53.716170+00:00
,,b8800756-0924-4729-bae6-0a75464bbad8,0c49166273014487baa157c538b5a932,USGS-03274615,00065,00011,2023-02-19 01:00:00+00:00,2.48,ft,Approved,,2025-09-01 20:21:53.716170+00:00
,,ea1ec4e3-de88-42af-be29-e9a7c19712ba,0c49166273014487baa157c538b5a932,USGS-03274615,00065,00011,2023-02-19 00:45:00+00:00,2.49,ft,Approved,,2025-09-01 20:21:53.716170+00:00
,,abb6a973-08d9-4ba1-a8ff-01d0bca8dba7,0c49166273014487baa157c538b5a932,USGS-03274615,00065,00011,2023-02-19 00:30:00+00:00,2.50,ft,Approved,,2025-09-01 20:21:53.716170+00:00
,,7e8b9dba-6795-40cd-832a-739d622e2fd6,0c49166273014487baa157c538b5a932,USGS-03274615,00065,00011,2023-02-19 00:15:00+00:00,2.49,ft,Approved,,2025-09-01 20:21:53.716170+00:00
,,2f6bb490-1c0a-446a-9e72-67a547906a08,0c49166273014487baa157c538b5a932,USGS-03274615,00065,00011,2023-02-19 00:00:00+00:00,2.50,ft,Approved,,2025-09-01 20:21:53.716170+00:00
,,b960d4df-6c81-4209-bf56-0ee457ef6e29,0c49166273014487baa157c538b5a932,USGS-03274615,00065,00011,2023-02-18 23:45:00+00:00,2.50,ft,Approved,,2025-09-01 20:21:53.716170+00:00
,,e142e696-476e-4e76-9ff9-aeb93a973016,0c49166273014487baa157c538b5a932,USGS-03274615,00065,00011,2023-02-18 23:30:00+00:00,2.53,ft,Approved,,2025-09-01 20:21:53.716170+00:00
,,bbeb30d4-56bd-40f2-9ff1-71d40b5e9f12,0c49166273014487baa157c538b5a932,USGS-03274615,00065,00011,2023-02-18 23:15:00+00:00,2.51,ft,Approved,,2025-09-01 20:21:53.716170+00:00
,,d481fd93-7733-416c-a91c-3cb1d6091914,0c49166273014487baa157c538b5a932,USGS-03274615,00065,00011,2023-02-18 23:00:00+00:00,2.43,ft,Approved,,2025-09-01 20:21:53.716170+00:00
,,171e94bc-a398-42fc-bb27-bf311ae95d07,0c49166273014487baa157c538b5a932,USGS-03274615,00065,00011,2023-02-18 22:45:00+00:00,2.53,ft,Approved,,2025-09-01 20:21:53.716170+00:00
,,193d49a9-0dfc-4e25-b918-b3c3d544fefe,0c49166273014487baa157c538b5a932,USGS-03274615,00065,00011,2023-02-18 22:30:00+00:00,2.52,ft,Approved,,2025-09-01 20:21:53.716170+00:00
,,0400c1db-c16a-412f-bc44-a3897f12e5b0,0c49166273014487baa157c538b5a932,USGS-03274615,00065,00011,2023-02-18 22:15:00+00:00,2.47,ft,Approved,,2025-09-01 20:21:53.716170+00:00
,,5b45c68d-3374-4ea8-9393-09e41fd1b064,0c49166273014487baa157c538b5a932,USGS-03274615,00065,00011,2023-02-18 22:00:00+00:00,2.45,ft,Approved,,2025-09-01 20:21:53.716170+00:00
,,9782aac4-9c71-460f-a815-f0e21949f7c1,0c49166273014487baa157c538b5a932,USGS-03274615,00065,00011,2023-02-18 21:45:00+00:00,2.45,ft,Approved,,2025-09-01 20:21:53.716170+00:00
,,d66acbcb-3b68-4945-9b1e-37adb6aa1b9f,0c49166273014487baa157c538b5a932,USGS-03274615,00065,00011,2023-02-18 21:30:00+00:00,2.48,ft,Approved,,2025-09-01 20:21:53.716170+00:00
,,64a4e3e1-8d56-4415-a2f8-70802c0693aa,0c49166273014487baa157c538b5a932,USGS-03274615,00065,00011,2023-02-18 21:15:00+00:00,2.51,ft,Approved,,2025-09-01 20:21:53.716170+00:00
,,bfca91cb-e275-48f7-bb6d-ea9d2017a602,0c49166273014487baa157c538b5a932,USGS-03274615,00065,00011,2023-02-18 21:00:00+00:00,2.45,ft,Approved,,2025-09-01 20:21:53.716170+00:00
,,e0e522fd-ba26-4272-b2f6-a7d9ea719ba3,0c49166273014487baa157c538b5a932,USGS-03274615,00065,00011,2023-02-18 20:45:00+00:00,2.45,ft,Approved,,2025-09-01 20:21:53.716170+00:00
,,14d0109e-6712-4e1c-bb8f-6741c81233c7,0c49166273014487baa157c538b5a932,USGS-03274615,00065,00011,2023-02-18 20:30:00+00:00,2.46,ft,Approved,,2025-09-01 20:21:53.716170+00:00
,,d2eb8e04-2a63-471c-bd5c-3b66364e55f4,0c49166273014487baa157c538b5a932,USGS-03274615,00065,00011,2023-02-18 20:15:00+00:00,2.47,ft,Approved,,2025-09-01 20:21:53.716170+00:00
,,8a25ab9b-f7be-49d6-a7fc-42fe4a3aa824,0c49166273014487baa157c538b5a932,USGS-03274615,00065,00011,2023-02-18 20:00:00+00:00,2.47,ft,Approved,,2025-09-01 20:21:53.716170+00:00
,,32718a1d-2710-441c-b107-0c03d91bfc27,0c49166273014487baa157c538b5a932,USGS-03274615,00065,00011,2023-02-18 19:45:00+00:00,2.50,ft,Approved,,2025-09-01 20:21:53.716170+00:00
,,6670135b-00c8-4d49-801e-48ad2c467b36,0c49166273014487baa157c538b5a932,USGS-03274615,00065,00011,2023-02-18 19:30:00+00:00,2.47,ft,Approved,,2025-09-01 20:21:53.716170+00:00
,,ceebbe1c-e2a7-4c06-8064-9970730ed2b2,0c49166273014487baa157c538b5a932,USGS-03274615,00065,00011,2023-02-18 19:15:00+00:00,2.50,ft,Approved,,2025-09-01 20:21:53.716170+00:00
,,e58cbe7c-b441-450c-bb68-8afc7c5ae8c6,0c49166273014487baa157c538b5a932,USGS-03274615,00065,00011,2023-02-18 19:00:00+00:00,2.53,ft,Approved,,2025-09-01 20:21:53.716170+00:00
,,a574522e-1c5d-4200-8c0a-e70168214cd7,0c49166273014487baa157c538b5a932,USGS-03274615,00065,00011,2023-02-18 18:45:00+00:00,2.51,ft,Approved,,2025-09-01 20:21:53.716170+00:00
,,e080375e-6da7-42bb-9fcb-c0cb524191a5,0c49166273014487baa157c538b5a932,USGS-03274615,00065,00011,2023-02-18 18:30:00+00:00,2.56,ft,Approved,,2025-09-01 20:21:53.716170+00:00
,,2359767b-cb9b-4b39-8756-09aeaec405cf,0c49166273014487baa157c538b5a932,USGS-03274615,00065,00011,2023-02-18 18:15:00+00:00,2.53,ft,Approved,,2025-09-01 20:21:53.716170+00:00
,,d83235cf-eecc-4b97-bac6-911ff848cde7,0c49166273014487baa157c538b5a932,USGS-03274615,00065,00011,2023-02-18 18:00:00+00:00,2.55,ft,Approved,,2025-09-01 20:21:53.716170+00:00
,,81caa745-f7ac-4f89-aacb-c687706388be,0c49166273014487baa157c538b5a932,USGS-03274615,00065,00011,2023-02-18 17:45:00+00:00,2.52,ft,Approved,,2025-09-01 20:21:53.716170+00:00
,,9321a1c3-a086-46b4-9f7b-33254369d108,0c49166273014487baa157c538b5a932,USGS-03274615,00065,00011,2023-02-18 17:30:00+00:00,2.60,ft,Approved,,2025-09-01 20:21:53.716170+00:00
,,d081b7b6-46f0-4c52-80d4-edbc074b324d,0c49166273014487baa157c538b5a932,USGS-03274615,00065,00011,2023-02-18 17:15:00+00:00,2.61,ft,Approved,,2025-09-01 20:21:53.716170+00:00
,,c6b71ca1-0498-4f08-b950-4698bfa5670a,0c49166273014487baa157c538b5a932,USGS-03274615,00065,00011,2023-02-18 17:00:00+00:00,2.58,ft,Approved,,2025-09-01 20:21:53.716170+00:00
,,abc4b983-d7c2-486e-8e26-82b747d02a65,0c49166273014487baa157c538b5a932,USGS-03274615,00065,00011,2023-02-18 16:45:00+00:00,2.61,ft,Approved,,2025-09-01 20:21:53.716170+00:00
,,508b99b4-7a2b-44aa-bbe6-2e29bc2b1ca1,0c49166273014487baa157c538b5a932,USGS-03274615,00065,00011,2023-02-18 16:30:00+00:00,2.61,ft,Approved,,2025-09-01 20:21:53.716170+00:00
,,c23e380a-747c-411f-9bfc-533ccb37e7ea,0c49166273014487baa157c538b5a932,USGS-03274615,00065,00011,2023-02-18 16:15:00+00:00,2.59,ft,Approved,,2025-09-01 20:21:53.716170+00:00
,,76eb89e0-6cbc-4321-ba48-7656a64336ff,0c49166273014487baa157c538b5a932,USGS-03274615,00065,00011,2023-02-18 16:00:00+00:00,2.62,ft,Approved,,2025-09-01 20:21:53.716170+00:00
,,a39c7ac4-64f1-44c0-a94f-c1fdafd0e992,0c49166273014487baa157c538b5a932,USGS-03274615,00065,00011,2023-02-18 15:45:00+00:00,2.65,ft,Approved,,2025-09-01 20:21:53.716170+00:00
,,94baeaae-53da-4e28-a48e-08916729c26f,0c49166273014487baa157c538b5a932,USGS-03274615,00065,00011,2023-02-18 15:30:00+00:00,2.63,ft,Approved,,2025-09-01 20:21:53.716170+00:00
,,e03f6ddb-e126-456b-9521-f8369e7039fe,0c49166273014487baa157c538b5a932,USGS-03274615,00065,00011,2023-02-18 15:15:00+00:00,2.59,ft,Approved,,2025-09-01 20:21:53.716170+00:00
,,206b0f95-a712-4add-ab95-a028b803296a,0c49166273014487baa157c538b5a932,USGS-03274615,00065,00011,2023-02-18 15:00:00+00:00,2.63,ft,Approved,,2025-09-01 20:21:53.716170+00:00
,,4092d3d9-584f-40b4-ba6d-7c80d3b1ecfb,0c49166273014487baa157c538b5a932,USGS-03274615,00065,00011,2023-02-18 14:45:00+00:00,2.63,ft,Approved,,2025-09-01 20:21:53.716170+00:00
,,663a57f3-2f0a-4394-a497-583ebd358b7b,0c49166273014487baa157c538b5a932,USGS-03274615,00065,00011,2023-02-18 14:30:00+00:00,2.66,ft,Approved,,2025-09-01 20:21:53.716170+00:00
,,dd4b5455-9c3e-4b30-b423-b4fda57de200,0c49166273014487baa157c538b5a932,USGS-03274615,00065,00011,2023-02-18 14:15:00+00:00,2.68,ft,Approved,,2025-09-01 20:21:53.716170+00:00
,,ac2fefa5-26e8-4742-b575-15a5fd28c77e,0c49166273014487baa157c538b5a932,USGS-03274615,00065,00011,2023-02-18 14:00:00+00:00,2.71,ft,Approved,,2025-09-01 20:21:53.716170+00:00
,,155e0e89-573b-4651-b233-f36839d6df6a,0c49166273014487baa157c538b5a932,USGS-03274615,00065,00011,2023-02-18 13:45:00+00:00,2.68,ft,Approved,,2025-09-01 20:21:53.716170+00:00
,,adc4e1ac-ac1b-4210-8c4a-5c486a91c3c4,0c49166273014487baa157c538b5a932,USGS-03274615,00065,00011,2023-02-18 13:30:00+00:00,2.73,ft,Approved,,2025-09-01 20:21:53.716170+00:00
,,4f59d3be-7d34-4c31-9608-bc48a02f9d4a,0c49166273014487baa157c538b5a932,USGS-03274615,00065,00011,2023-02-18 13:15:00+00:00,2.74,ft,Approved,,2025-09-01 20:21:53.716170+00:00
,,5b81d267-2b9b-4802-9685-f7ae2adc0868,0c49166273014487baa157c538b5a932,USGS-03274615,00065,00011,2023-02-18 13:00:00+00:00,2.73,ft,Approved,,2025-09-01 20:21:53.716170+00:00
,,954829be-53e5-473a-9848-e2f73f0d2423,0c49166273014487baa157c538b5a932,USGS-03274615,00065,00011,2023-02-18 12:45:00+00:00,2.76,ft,Approved,,2025-09-01 20:21:53.716170+00:00
,,30227d90-b4fb-4f6f-b25e-f585a36a05d0,0c49166273014487baa157c538b5a932,USGS-03274615,00065,00011,2023-02-18 12:30:00+00:00,2.80,ft,Approved,,2025-09-01 20:21:53.716170+00:00
,,bfdefd95-3b60-4327-992c-00c82465a500,0c49166273014487baa157c538b5a932,USGS-03274615,00065,00011,2023-02-18 12:15:00+00:00,2.80,ft,Approved,,2025-09-01 20:21:53.716170+00:00
,,1773b088-535b-40ca-8d72-7ef58718bc5e,0c49166273014487baa157c538b5a932,USGS-03274615,00065,00011,2023-02-18 12:00:00+00:00,2.80,ft,Approved,,2025-09-01 20:21:53.716170+00:00
,,c3d2e0c8-c158-4eb6-a054-ffdc80e30096,0c49166273014487baa157c538b5a932,USGS-03274615,00065,00011,2023-02-18 11:45:00+00:00,2.80,ft,Approved,,2025-09-01 20:21:53.716170+00:00
,,5390e261-e975-4aac-9e48-d469623976ba,0c49166273014487baa157c538b5a932,USGS-03274615,00065,00011,2023-02-18 11:30:00+00:00,2.84,ft,Approved,,2025-09-01 20:21:53.716170+00:00
,,1be6218e-8e0b-40c8-ae1d-5664dc8b2500,0c49166273014487baa157c538b5a932,USGS-03274615,00065,00011,2023-02-18 11:15:00+00:00,2.84,ft,Approved,,2025-09-01 20:21:53.716170+00:00
,,fa0b7d35-457c-4b07-8677-16ff688602e7,0c49166273014487baa157c538b5a932,USGS-03274615,00065,00011,2023-02-18 11:00:00+00:00,2.85,ft,Approved,,2025-09-01 20:21:53.716170+00:00
,,5a57a7c8-fa41-4648-8dbd-e7f0a66d4bcd,0c49166273014487baa157c538b5a932,USGS-03274615,00065,00011,2023-02-18 10:45:00+00:00,2.86,ft,Approved,,2025-09-01 20:21:53.716170+00:00
,,627f84a5-6322-4b4f-8b5c-110679f5fb81,0c49166273014487baa157c538b5a932,USGS-03274615,00065,00011,2023-02-18 10:30:00+00:00,2.87,ft,Approved,,2025-09-01 20:21:53.716170+00:00
,,cd218bea-30ae-48a1-b493-8ffb7f984373,0c49166273014487baa157c538b5a932,USGS-03274615,00065,00011,2023-02-18 10:15:00+00:00,2.86,ft,Approved,,2025-09-01 20:21:53.716170+00:00
,,d14e6858-354f-4768-8553-2f69f37129cb,0c49166273014487baa157c538b5a932,USGS-03274615,00065,00011,2023-02-18 10:00:00+00:00,2.89,ft,Approved,,2025-09-01 20:21:53.716170+00:00
,,19b43b02-9284-43a0-a6c4-1b20329762de,0c49166273014487baa157c538b5a932,USGS-03274615,00065,00011,2023-02-18 09:45:00+00:00,2.90,ft,Approved,,2025-09-01 20:21:53.716170+00:00
,,64b83af1-b50d-451a-a7f4-feeb7ff4a35b,0c49166273014487baa157c538b5a932,USGS-03274615,00065,00011,2023-02-18 09:30:00+00:00,2.91,ft,Approved,,2025-09-01 20:21:53.716170+00:00
,,82a55634-c5db-4653-80c2-1ea9ca1ca38a,0c49166273014487baa157c538b5a932,USGS-03274615,00065,00011,2023-02-18 09:15:00+00:00,2.91,ft,Approved,,2025-09-01 20:21:53.716170+00:00
,,560e6151-4432-4731-a829-4fe1798f7921,0c49166273014487baa157c538b5a932,USGS-03274615,00065,00011,2023-02-18 09:00:00+00:00,2.93,ft,Approved,,2025-09-01 20:21:53.716170+00:00
,,1723b341-64da-4397-9ebc-e3a66187c003,0c49166273014487baa157c538b5a932,USGS-03274615,00065,00011,2023-02-18 08:45:00+00:00,2.92,ft,Approved,,2025-09-01 20:21:53.716170+00:00
,,69469c51-dd57-4c38-9d05-d58c382693a8,0c49166273014487baa157c538b5a932,USGS-03274615,00065,00011,2023-02-18 08:30:00+00:00,2.94,ft,Approved,,2025-09-01 20:21:53.716170+00:00
,,2ab2af98-9d3b-4115-b3d9-2fd97a62b452,0c49166273014487baa157c538b5a932,USGS-03274615,00065,00011,2023-02-18 08:15:00+00:00,2.96,ft,Approved,,2025-09-01 20:21:53.716170+00:00
,,381e9cc9-95de-4017-98f4-20862d63be25,0c49166273014487baa157c538b5a932,USGS-03274615,00065,00011,2023-02-18 08:00:00+00:00,2.96,ft,Approved,,2025-09-01 20:21:53.716170+00:00
,,c50d9732-2d04-447f-8dbf-cf06b9a48cc8,0c49166273014487baa157c538b5a932,USGS-03274615,00065,00011,2023-02-18 07:45:00+00:00,2.97,ft,Approved,,2025-09-01 20:21:53.716170+00:00
,,ae2887df-77d3-4642-9dc8-53edd79e4a24,0c49166273014487baa157c538b5a932,USGS-03274615,00065,00011,2023-02-18 07:30:00+00:00,2.98,ft,Approved,,2025-09-01 20:21:53.716170+00:00
,,ce0ba037-7062-44a7-9667-8895978b74d3,0c49166273014487baa157c538b5a932,USGS-03274615,00065,00011,2023-02-18 07:15:00+00:00,2.98,ft,Approved,,2025-09-01 20:21:53.716170+00:00
,,4d5cdc63-cb19-4930-9cd2-d48c48a071f6,0c49166273014487baa157c538b5a932,USGS-03274615,00065,00011,2023-02-18 07:00:00+00:00,3.01,ft,Approved,,2025-09-01 20:21:53.716170+00:00
,,65ea75c4-4af7-49ac-8703-2e62c2882385,0c49166273014487baa157c538b5a932,USGS-03274615,00065,00011,2023-02-18 06:45:00+00:00,3.02,ft,Approved,,2025-09-01 20:21:53.716170+00:00
,,e7fc765f-3e98-49cc-ba8c-9e090e39c5b3,0c49166273014487baa157c538b5a932,USGS-03274615,00065,00011,2023-02-18 06:30:00+00:00,3.02,ft,Approved,,2025-09-01 20:21:53.716170+00:00
,,97ee64c1-d027-4fc5-88f6-5636191b039e,0c49166273014487baa157c538b5a932,USGS-03274615,00065,00011,2023-02-18 06:15:00+00:00,3.04,ft,Approved,,2025-09-01 20:21:53.716170+00:00
,,2a7bd00b-2f6a-4664-bd75-5f8e9ee75323,0c49166273014487baa157c538b5a932,USGS-03274615,00065,00011,2023-02-18 06:00:00+00:00,3.05,ft,Approved,,2025-09-01 20:21:53.716170+00:00
,,350a6afa-21cf-4c24-a549-991ea2bc4146,0c49166273014487baa157c538b5a932,USGS-03274615,00065,00011,2023-02-18 05:45:00+00:00,3.06,ft,Approved,,2025-09-01 20:21:53.716170+00:00
,,c07dc62c-987d-4b9c-8b44-e9cfe432f09b,0c49166273014487baa157c538b5a932,USGS-03274615,00065,00011,2023-02-18 05:30:00+00:00,3.07,ft,Approved,,2025-09-01 20:21:53.716170+00:00
,,de50eaf5-fd85-46fb-9b0b-e6953c06cf2f,0c49166273014487baa157c538b5a932,USGS-03274615,00065,00011,2023-02-18 05:15:00+00:00,3.10,ft,Approved,,2025-09-01 20:21:53.716170+00:00
,,1019072a-74df-4227-9bd0-71e253395e8d,0c49166273014487baa157c538b5a932,USGS-03274615,00065,00011,2023-02-18 05:00:00+00:00,3.10,ft,Approved,,2025-09-01 20:21:53.716170+00:00
,,d0debbc5-9795-49cf-8e40-298994ef6647,0c49166273014487baa157c538b5a932,USGS-03274615,00065,00011,2023-02-18 04:45:00+00:00,3.11,ft,Approved,,2025-09-01 20:21:53.716170+00:00
,,61ff5167-218e-4ebe-851c-b2184490eb73,0c49166273014487baa157c538b5a932,USGS-03274615,00065,00011,2023-02-18 04:30:00+00:00,3.11,ft,Approved,,2025-09-01 20:21:53.716170+00:00
,,3290e5e9-ec54-4132-bc1e-01781fe918d3,0c49166273014487baa157c538b5a932,USGS-03274615,00065,00011,2023-02-18 04:15:00+00:00,3.13,ft,Approved,,2025-09-01 20:21:53.716170+00:00
,,b7930d2f-df14-4c81-a66b-9b340dc9230f,0c49166273014487baa157c538b5a932,USGS-03274615,00065,00011,2023-02-18 04:00:00+00:00,3.16,ft,Approved,,2025-09-01 20:21:53.716170+00:00
,,18549498-cc85-4a6c-a792-d4ed183b21f9,0c49166273014487baa157c538b5a932,USGS-03274615,00065,00011,2023-02-18 03:45:00+00:00,3.16,ft,Approved,,2025-09-01 20:21:53.716170+00:00
,,93fe57ba-9036-47a2-96f2-56d2b96d6cf1,0c49166273014487baa157c538b5a932,USGS-03274615,00065,00011,2023-02-18 03:30:00+00:00,3.18,ft,Approved,,2025-09-01 20:21:53.716170+00:00
,,d8861e28-3b79-4367-898d-f17f53e32eac,0c49166273014487baa157c538b5a932,USGS-03274615,00065,00011,2023-02-18 03:15:00+00:00,3.19,ft,Approved,,2025-09-01 20:21:53.716170+00:00
,,106a0797-e0b2-4bb3-9e4f-d3eec40e863b,0c49166273014487baa157c538b5a932,USGS-03274615,00065,00011,2023-02-18 03:00:00+00:00,3.21,ft,Approved,,2025-09-01 20:21:53.716170+00:00
,,e3f9a364-d3e1-43b0-b0ce-1a06504e966b,0c49166273014487baa157c538b5a932,USGS-03274615,00065,00011,2023-02-18 02:45:00+00:00,3.22,ft,Approved,,2025-09-01 20:21:53.716170+00:00
,,c364c796-f7d6-4151-b1b7-93440c7fec1a,0c49166273014487baa157c538b5a932,USGS-03274615,00065,00011,2023-02-18 02:30:00+00:00,3.23,ft,Approved,,2025-09-01 20:21:53.716170+00:00
,,a2fcd89f-f531-4894-ac3f-959d9f4a4a1c,0c49166273014487baa157c538b5a932,USGS-03274615,00065,00011,2023-02-18 02:15:00+00:00,3.24,ft,Approved,,2025-09-01 20:21:53.716170+00:00
,,23e70861-e4d3-47dc-980d-a0e5cc3ef7e0,0c49166273014487baa157c538b5a932,USGS-03274615,00065,00011,2023-02-18 02:00:00+00:00,3.26,ft,Approved,,2025-09-01 20:21:53.716170+00:00
,,9e7baf7a-47a2-4fbd-9f62-54eab0fc144c,0c49166273014487baa157c538b5a932,USGS-03274615,00065,00011,2023-02-18 01:45:00+00:00,3.29,ft,Approved,,2025-09-01 20:21:53.716170+00:00
,,73fc67b5-786c-469e-8014-72c86be3ae40,0c49166273014487baa157c538b5a932,USGS-03274615,00065,00011,2023-02-18 01:30:00+00:00,3.31,ft,Approved,,2025-09-01 20:21:53.716170+00:00
,,d737399b-6f22-497c-92f5-0d4d8f2f0dd4,0c49166273014487baa157c538b5a932,USGS-03274615,00065,00011,2023-02-18 01:15:00+00:00,3.31,ft,Approved,,2025-09-01 20:21:53.716170+00:00
,,918772ac-c006-48b8-9a51-1a730e678dda,0c49166273014487baa157c538b5a932,USGS-03274615,00065,00011,2023-02-18 01:00:00+00:00,3.34,ft,Approved,,2025-09-01 20:21:53.716170+00:00
,,eecf1bb3-1920-40fb-9e24-d57ed24b5954,0c49166273014487baa157c538b5a932,USGS-03274615,00065,00011,2023-02-18 00:45:00+00:00,3.35,ft,Approved,,2025-09-01 20:21:53.716170+00:00
,,577fb7f2-c691-4ce4-ac81-c7c483f2e8f4,0c49166273014487baa157c538b5a932,USGS-03274615,00065,00011,2023-02-18 00:30:00+00:00,3.38,ft,Approved,,2025-09-01 20:21:53.716170+00:00
,,5917a7be-6378-4541-b39a-e63c5fac6ea9,0c49166273014487baa157c538b5a932,USGS-03274615,00065,00011,2023-02-18 00:15:00+00:00,3.40,ft,Approved,,2025-09-01 20:21:53.716170+00:00
,,b8b114ec-01b2-4311-bf7f-f7048641cc64,0c49166273014487baa157c538b5a932,USGS-03274615,00065,00011,2023-02-18 00:00:00+00:00,3.41,ft,Approved,,2025-09-01 20:21:53.716170+00:00
,,939eef91-676a-482c-80e0-ba202a3cd186,0c49166273014487baa157c538b5a932,USGS-03274615,00065,00011,2023-02-17 23:45:00+00:00,3.43,ft,Approved,,2025-09-01 20:21:53.716170+00:00
,,3039942a-53bc-454a-80e2-ffd5ecce2354,0c49166273014487baa157c538b5a932,USGS-03274615,00065,00011,2023-02-17 23:30:00+00:00,3.46,ft,Approved,,2025-09-01 20:21:53.716170+00:00
,,7aba6753-33d4-4726-908a-ba46c088035b,0c49166273014487baa157c538b5a932,USGS-03274615,00065,00011,2023-02-17 23:15:00+00:00,3.47,ft,Approved,,2025-09-01 20:21:53.716170+00:00
,,999c890f-dd81-4671-b10b-a276e64e1ae8,0c49166273014487baa157c538b5a932,USGS-03274615,00065,00011,2023-02-17 23:00:00+00:00,3.47,ft,Approved,,2025-09-01 20:21:53.716170+00:00
,,6cb50cce-62c8-4cfe-b51a-d38c7b519663,0c49166273014487baa157c538b5a932,USGS-03274615,00065,00011,2023-02-17 22:45:00+00:00,3.51,ft,Approved,,2025-09-01 20:21:53.716170+00:00
,,aa93bcfb-c6c0-4df3-900f-be492fd266b5,0c49166273014487baa157c538b5a932,USGS-03274615,00065,00011,2023-02-17 22:30:00+00:00,3.52,ft,Approved,,2025-09-01 20:21:53.716170+00:00
,,7d4d0486-a11c-48ae-86ae-bb5476ed2cdf,0c49166273014487baa157c538b5a932,USGS-03274615,00065,00011,2023-02-17 22:15:00+00:00,3.54,ft,Approved,,2025-09-01 20:21:53.716170+00:00
,,6e9c1ce2-019e-4e3a-8e33-fcd0cdac7793,0c49166273014487baa157c538b5a932,USGS-03274615,00065,00011,2023-02-17 22:00:00+00:00,3.57,ft,Approved,,2025-09-01 20:21:53.716170+00:00
,,545edf63-5192-4850-917d-ae704f1c8010,0c49166273014487baa157c538b5a932,USGS-03274615,00065,00011,2023-02-17 21:45:00+00:00,3.59,ft,Approved,,2025-09-01 20:21:53.716170+00:00
,,c6f3bbba-996a-459a-a3d4-353a0e398b7f,0c49166273014487baa157c538b5a932,USGS-03274615,00065,00011,2023-02-17 21:30:00+00:00,3.60,ft,Approved,,2025-09-01 20:21:53.716170+00:00
,,d525da8f-f785-48b3-bff2-bf89a0692741,0c49166273014487baa157c538b5a932,USGS-03274615,00065,00011,2023-02-17 21:15:00+00:00,3.63,ft,Approved,,2025-09-01 20:21:53.716170+00:00
,,30251aee-9947-41a6-84d3-74ab13bfe8cd,0c49166273014487baa157c538b5a932,USGS-03274615,00065,00011,2023-02-17 21:00:00+00:00,3.64,ft,Approved,,2025-09-01 20:21:53.716170+00:00
,,a0c163b4-e06e-4901-ad90-3c3d946838a3,0c49166273014487baa157c538b5a932,USGS-03274615,00065,00011,2023-02-17 20:45:00+00:00,3.66,ft,Approved,,2025-09-01 20:21:53.716170+00:00
,,d5b9bb75-0bb1-4f6f-ba34-996cbc11bea3,0c49166273014487baa157c538b5a932,USGS-03274615,00065,00011,2023-02-17 20:30:00+00:00,3.63,ft,Approved,,2025-09-01 20:21:53.716170+00:00
,,7d86db1d-3835-487c-8d29-a8802cda1835,0c49166273014487baa157c538b5a932,USGS-03274615,00065,00011,2023-02-17 20:15:00+00:00,3.70,ft,Approved,,2025-09-01 20:21:53.716170+00:00
,,5c2bdea0-f18a-482e-b86f-a68fa31ff41d,0c49166273014487baa157c538b5a932,USGS-03274615,00065,00011,2023-02-17 20:00:00+00:00,3.73,ft,Approved,,2025-09-01 20:21:53.716170+00:00
,,25d7000f-5b32-4f21-8964-a77b8601b71f,0c49166273014487baa157c538b5a932,USGS-03274615,00065,00011,2023-02-17 19:45:00+00:00,3.75,ft,Approved,,2025-09-01 20:21:53.716170+00:00
,,e60463b8-1d0d-4fdb-903e-9e5c817feac0,0c49166273014487baa157c538b5a932,USGS-03274615,00065,00011,2023-02-17 19:30:00+00:00,3.78,ft,Approved,,2025-09-01 20:21:53.716170+00:00
,,6c66927f-ebb8-44ea-9359-95ac724c6e3b,0c49166273014487baa157c538b5a932,USGS-03274615,00065,00011,2023-02-17 19:15:00+00:00,3.78,ft,Approved,,2025-09-01 20:21:53.716170+00:00
,,54d0fa40-de4f-4428-956e-4fc81fea1ce2,0c49166273014487baa157c538b5a932,USGS-03274615,00065,00011,2023-02-17 19:00:00+00:00,3.79,ft,Approved,,2025-09-01 20:21:53.716170+00:00
,,4feaa312-3fa9-463b-a5b3-a3011d8a24c1,0c49166273014487baa157c538b5a932,USGS-03274615,00065,00011,2023-02-17 18:45:00+00:00,3.84,ft,Approved,,2025-09-01 20:21:53.716170+00:00
,,dbd67f0a-aefa-49f5-8490-1c3292e47182,0c49166273014487baa157c538b5a932,USGS-03274615,00065,00011,2023-02-17 18:30:00+00:00,3.86,ft,Approved,,2025-09-01 20:21:53.716170+00:00
,,df98b23c-3e2c-48e8-a459-3b6cdb35d3f7,0c49166273014487baa157c538b5a932,USGS-03274615,00065,00011,2023-02-17 18:15:00+00:00,3.87,ft,Approved,,2025-09-01 20:21:53.716170+00:00
,,a175589b-ef52-4c1c-afac-14e5ee0155f7,0c49166273014487baa157c538b5a932,USGS-03274615,00065,00011,2023-02-17 18:00:00+00:00,3.89,ft,Approved,,2025-09-01 20:21:53.716170+00:00
,,2a83cdcb-26da-41c3-9288-c7328ec17a01,0c49166273014487baa157c538b5a932,USGS-03274615,00065,00011,2023-02-17 17:45:00+00:00,3.87,ft,Approved,,2025-09-01 20:21:53.716170+00:00
,,74027b25-4db9-452b-81e3-40c296c6a445,0c49166273014487baa157c538b5a932,USGS-03274615,00065,00011,2023-02-17 17:30:00+00:00,3.93,ft,Approved,,2025-09-01 20:21:53.716170+00:00
,,342ed825-e653-4656-8e89-72283695e6e7,0c49166273014487baa157c538b5a932,USGS-03274615,00065,00011,2023-02-17 17:15:00+00:00,3.93,ft,Approved,,2025-09-01 20:21:53.716170+00:00
,,cfaa09b0-6ca8-4a64-84e6-ce6283865d43,0c49166273014487baa157c538b5a932,USGS-03274615,00065,00011,2023-02-17 17:00:00+00:00,3.96,ft,Approved,,2025-09-01 20:21:53.716170+00:00
,,742c156e-ce8f-4c6d-a35e-5c38e645c9b8,0c49166273014487baa157c538b5a932,USGS-03274615,00065,00011,2023-02-17 16:45:00+00:00,3.96,ft,Approved,,2025-09-01 20:21:53.716170+00:00
,,92c973a5-dadf-4af1-8c10-2f4fd691fe54,0c49166273014487baa157c538b5a932,USGS-03274615,00065,00011,2023-02-17 16:30:00+00:00,3.99,ft,Approved,,2025-09-01 20:21:53.716170+00:00
,,cfb0c36c-0176-49fb-80da-2d0d9bd80dfa,0c49166273014487baa157c538b5a932,USGS-03274615,00065,00011,2023-02-17 16:15:00+00:00,3.98,ft,Approved,,2025-09-01 20:21:53.716170+00:00
,,8d6258b8-5921-41c0-8eee-f19b24ec3d70,0c49166273014487baa157c538b5a932,USGS-03274615,00065,00011,2023-02-17 16:00:00+00:00,3.99,ft,Approved,,2025-09-01 20:21:53.716170+00:00
,,0afb3d6a-2d38-45ef-af5a-936a6d8f8b74,0c49166273014487baa157c538b5a932,USGS-03274615,00065,00011,2023-02-17 15:45:00+00:00,3.96,ft,Approved,,2025-09-01 20:21:53.716170+00:00
,,b1484c72-7769-47dc-85d2-40949b38df49,0c49166273014487baa157c538b5a932,USGS-03274615,00065,00011,2023-02-17 15:30:00+00:00,3.96,ft,Approved,,2025-09-01 20:21:53.716170+00:00
,,3c65f43e-e305-4687-ab75-36ffa90d0074,0c49166273014487baa157c538b5a932,USGS-03274615,00065,00011,2023-02-17 15:15:00+00:00,4.00,ft,Approved,,2025-09-01 20:21:53.716170+00:00
,,23c1bf52-2b39-4875-9b4c-5e9d696154e2,0c49166273014487baa157c538b5a932,USGS-03274615,00065,00011,2023-02-17 15:00:00+00:00,3.96,ft,Approved,,2025-09-01 20:21:53.716170+00:00
,,47e8ad2f-5e9d-4fef-8125-0370546eb3d8,0c49166273014487baa157c538b5a932,USGS-03274615,00065,00011,2023-02-17 14:45:00+00:00,3.98,ft,Approved,,2025-09-01 20:21:53.716170+00:00
,,67733721-8fe8-484e-9624-2c941a539a1e,0c49166273014487baa157c538b5a932,USGS-03274615,00065,00011,2023-02-17 14:30:00+00:00,3.97,ft,Approved,,2025-09-01 20:21:53.716170+00:00
,,371aa375-4a82-4fdb-811b-9735cddef82b,0c49166273014487baa157c538b5a932,USGS-03274615,00065,00011,2023-02-17 14:15:00+00:00,3.95,ft,Approved,,2025-09-01 20:21:53.716170+00:00
,,db7f0d2c-f084-4176-ade3-bcd615f890bc,0c49166273014487baa157c538b5a932,USGS-03274615,00065,00011,2023-02-17 14:00:00+00:00,3.94,ft,Approved,,2025-09-01 20:21:53.716170+00:00
,,229bb18c-c777-45c1-be54-2e747c85d181,0c49166273014487baa157c538b5a932,USGS-03274615,00065,00011,2023-02-17 13:45:00+00:00,3.96,ft,Approved,,2025-09-01 20:21:53.716170+00:00
,,8d17bf81-26db-4a38-8a8a-7f53ff9dfe6a,0c49166273014487baa157c538b5a932,USGS-03274615,00065,00011,2023-02-17 13:30:00+00:00,3.92,ft,Approved,,2025-09-01 20:21:53.716170+00:00
,,9a46bf3a-ef80-4543-bdb3-864034604c8e,0c49166273014487baa157c538b5a932,USGS-03274615,00065,00011,2023-02-17 13:15:00+00:00,3.89,ft,Approved,,2025-09-01 20:21:53.716170+00:00
,,b7edbc97-6ca1-46cd-a5b8-3a762ffd1a57,0c49166273014487baa157c538b5a932,USGS-03274615,00065,00011,2023-02-17 13:00:00+00:00,3.89,ft,Approved,,2025-09-01 20:21:53.716170+00:00
,,4affd570-553e-4288-a314-10f238f3a479,0c49166273014487baa157c538b5a932,USGS-03274615,00065,00011,2023-02-17 12:45:00+00:00,3.88,ft,Approved,,2025-09-01 20:21:53.716170+00:00
,,58386a44-7d1d-4890-b6c9-9c5820ebe43a,0c49166273014487baa157c538b5a932,USGS-03274615,00065,00011,2023-02-17 12:30:00+00:00,3.87,ft,Approved,,2025-09-01 20:21:53.716170+00:00
,,4edc3e37-b137-480f-bd4a-b1cc3d7deb2e,0c49166273014487baa157c538b5a932,USGS-03274615,00065,00011,2023-02-17 12:15:00+00:00,3.87,ft,Approved,,2025-09-01 20:21:53.716170+00:00
,,8b607e75-18e5-4879-832a-d9d9bccf2a6f,0c49166273014487baa157c538b5a932,USGS-03274615,00065,00011,2023-02-17 12:00:00+00:00,3.84,ft,Approved,,2025-09-01 20:21:53.716170+00:00
,,a508c0e7-4c01-42b1-8332-78f098d7deb2,0c49166273014487baa157c538b5a932,USGS-03274615,00065,00011,2023-02-17 11:45:00+00:00,3.85,ft,Approved,,2025-09-01 20:21:53.716170+00:00
,,abf875ad-e2a0-4682-9d7c-7cdf4e9843fc,0c49166273014487baa157c538b5a932,USGS-03274615,00065,00011,2023-02-17 11:30:00+00:00,3.83,ft,Approved,,2025-09-01 20:21:53.716170+00:00
,,b706d220-8e92-43b4-be0f-40bf3ab5fa86,0c49166273014487baa157c538b5a932,USGS-03274615,00065,00011,2023-02-17 11:15:00+00:00,3.84,ft,Approved,,2025-09-01 20:21:53.716170+00:00
,,e3517faa-810d-4462-a46c-57d35eafd441,0c49166273014487baa157c538b5a932,USGS-03274615,00065,00011,2023-02-17 11:00:00+00:00,3.84,ft,Approved,,2025-09-01 20:21:53.716170+00:00
,,0c53ce5f-842b-4395-b29c-cf1f08b9a379,0c49166273014487baa157c538b5a932,USGS-03274615,00065,00011,2023-02-17 10:45:00+00:00,3.83,ft,Approved,,2025-09-01 20:21:53.716170+00:00
,,0a241663-7628-42df-8aa1-ecb4883f65e3,0c49166273014487baa157c538b5a932,USGS-03274615,00065,00011,2023-02-17 10:30:00+00:00,3.81,ft,Approved,,2025-09-01 20:21:53.716170+00:00
,,9bae30b8-068e-43d8-9fe5-6f1c9b815540,0c49166273014487baa157c538b5a932,USGS-03274615,00065,00011,2023-02-17 10:15:00+00:00,3.85,ft,Approved,,2025-09-01 20:21:53.716170+00:00
,,83a000fb-501a-4253-8af7-46baa6dd7511,0c49166273014487baa157c538b5a932,USGS-03274615,00065,00011,2023-02-17 10:00:00+00:00,3.86,ft,Approved,,2025-09-01 20:21:53.716170+00:00
,,9ade761d-1382-41c8-823d-b42f66def5f3,0c49166273014487baa157c538b5a932,USGS-03274615,00065,00011,2023-02-17 09:45:00+00:00,3.86,ft,Approved,,2025-09-01 20:21:53.716170+00:00
,,8bf8bff4-f84b-47c5-9345-a5e38271e416,0c49166273014487baa157c538b5a932,USGS-03274615,00065,00011,2023-02-17 09:30:00+00:00,3.83,ft,Approved,,2025-09-01 20:21:53.716170+00:00
,,619daf73-25d5-4abb-b991-b31ba4fccb4b,0c49166273014487baa157c538b5a932,USGS-03274615,00065,00011,2023-02-17 09:15:00+00:00,3.88,ft,Approved,,2025-09-01 20:21:53.716170+00:00
,,aa0faa0f-4ca4-4fd0-857f-c32953a5c81c,0c49166273014487baa157c538b5a932,USGS-03274615,00065,00011,2023-02-17 09:00:00+00:00,3.90,ft,Approved,,2025-09-01 20:21:53.716170+00:00
,,f6f49ce8-cb31-4af0-900e-7503990592cf,0c49166273014487baa157c538b5a932,USGS-03274615,00065,00011,2023-02-17 08:45:00+00:00,3.89,ft,Approved,,2025-09-01 20:21:53.716170+00:00
,,6502746e-69bb-4015-875e-eedbaa32e09a,0c49166273014487baa157c538b5a932,USGS-03274615,00065,00011,2023-02-17 08:30:00+00:00,3.92,ft,Approved,,2025-09-01 20:21:53.716170+00:00
,,660b4087-29f9-4d73-b957-3a9df058c3d5,0c49166273014487baa157c538b5a932,USGS-03274615,00065,00011,2023-02-17 08:15:00+00:00,3.92,ft,Approved,,2025-09-01 20:21:53.716170+00:00
,,63a46b19-6117-46c9-af5d-798c73fbf170,0c49166273014487baa157c538b5a932,USGS-03274615,00065,00011,2023-02-17 08:00:00+00:00,3.94,ft,Approved,,2025-09-01 20:21:53.716170+00:00
,,ee2387c8-5c1c-4e8f-bba2-2e456dd52c23,0c49166273014487baa157c538b5a932,USGS-03274615,00065,00011,2023-02-17 07:45:00+00:00,3.97,ft,Approved,,2025-09-01 20:21:53.716170+00:00
,,a1a040fe-07e8-4cd9-a2d7-d66706ff33bc,0c49166273014487baa157c538b5a932,USGS-03274615,00065,00011,2023-02-17 07:30:00+00:00,3.95,ft,Approved,,2025-09-01 20:21:53.716170+00:00
,,419f37d7-5ace-48e6-ad67-977548860e09,0c49166273014487baa157c538b5a932,USGS-03274615,00065,00011,2023-02-17 07:15:00+00:00,3.96,ft,Approved,,2025-09-01 20:21:53.716170+00:00
,,661ae53c-c40c-455f-8913-d9e939661b50,0c49166273014487baa157c538b5a932,USGS-03274615,00065,00011,2023-02-17 07:00:00+00:00,3.98,ft,Approved,,2025-09-01 20:21:53.716170+00:00
,,bb042f52-1af8-4c79-8b6d-695b06c96803,0c49166273014487baa157c538b5a932,USGS-03274615,00065,00011,2023-02-17 06:45:00+00:00,4.00,ft,Approved,,2025-09-01 20:21:53.716170+00:00
,,0cf28866-2daf-49af-a950-238c6bf87385,0c49166273014487baa157c538b5a932,USGS-03274615,00065,00011,2023-02-17 06:30:00+00:00,4.00,ft,Approved,,2025-09-01 20:21:53.716170+00:00
,,4243ee51-43e1-4662-b49f-e5c078abcf0d,0c49166273014487baa157c538b5a932,USGS-03274615,00065,00011,2023-02-17 06:15:00+00:00,4.00,ft,Approved,,2025-09-01 20:21:53.716170+00:00
,,f06c5f16-93a9-4d41-b23f-219914f01f48,0c49166273014487baa157c538b5a932,USGS-03274615,00065,00011,2023-02-17 06:00:00+00:00,3.99,ft,Approved,,2025-09-01 20:21:53.716170+00:00
,,005ceb24-6c8b-4da0-ae5e-4aa4be546e87,0c49166273014487baa157c538b5a932,USGS-03274615,00065,00011,2023-02-17 05:45:00+00:00,3.99,ft,Approved,,2025-09-01 20:21:53.716170+00:00
,,f732898f-9e9e-4121-ab97-ef6c49993c8c,0c49166273014487baa157c538b5a932,USGS-03274615,00065,00011,2023-02-17 05:30:00+00:00,3.98,ft,Approved,,2025-09-01 20:21:53.716170+00:00
,,7255065c-7385-477e-a069-3973347c8a02,0c49166273014487baa157c538b5a932,USGS-03274615,00065,00011,2023-02-17 05:15:00+00:00,3.96,ft,Approved,,2025-09-01 20:21:53.716170+00:00
,,bdbc7c36-7bde-4b5d-82ba-313106da49a9,0c49166273014487baa157c538b5a932,USGS-03274615,00065,00011,2023-02-17 05:00:00+00:00,3.96,ft,Approved,,2025-09-01 20:21:53.716170+00:00
,,c62098f2-d64e-4b22-94ea-e9a1c1fd92f2,0c49166273014487baa157c538b5a932,USGS-03274615,00065,00011,2023-02-17 04:45:00+00:00,3.95,ft,Approved,,2025-09-01 20:21:53.716170+00:00
,,e41fe5c1-c7f7-4d03-91c6-1487b4ffbf11,0c49166273014487baa157c538b5a932,USGS-03274615,00065,00011,2023-02-17 04:30:00+00:00,3.93,ft,Approved,,2025-09-01 20:21:53.716170+00:00
,,f8fa0194-ccc8-407a-96ab-348b1492c15c,0c49166273014487baa157c538b5a932,USGS-03274615,00065,00011,2023-02-17 04:15:00+00:00,3.94,ft,Approved,,2025-09-01 20:21:53.716170+00:00
,,5ee3579b-4a88-4fc7-8634-5521f563f47e,0c49166273014487baa157c538b5a932,USGS-03274615,00065,00011,2023-02-17 04:00:00+00:00,3.90,ft,Approved,,2025-09-01 20:21:53.716170+00:00
,,5959bb21-38d8-4fb2-ab73-0a775dc67aeb,0c49166273014487baa157c538b5a932,USGS-03274615,00065,00011,2023-02-17 03:45:00+00:00,3.91,ft,Approved,,2025-09-01 20:21:53.716170+00:00
,,390d69b8-f238-4b56-a8a4-a7412ffa15d8,0c49166273014487baa157c538b5a932,USGS-03274615,00065,00011,2023-02-17 03:30:00+00:00,3.90,ft,Approved,,2025-09-01 20:21:53.716170+00:00
,,eb15dda5-a7de-492f-a735-5b832d6bd06f,0c49166273014487baa157c538b5a932,USGS-03274615,00065,00011,2023-02-17 03:15:00+00:00,3.89,ft,Approved,,2025-09-01 20:21:53.716170+00:00
,,84152673-1045-41d0-9c13-582e45e187f0,0c49166273014487baa157c538b5a932,USGS-03274615,00065,00011,2023-02-17 03:00:00+00:00,3.89,ft,Approved,,2025-09-01 20:21:53.716170+00:00
,,b4a10041-f81d-45ec-8d84-949b6b52e9eb,0c49166273014487baa157c538b5a932,USGS-03274615,00065,00011,2023-02-17 02:45:00+00:00,3.87,ft,Approved,,2025-09-01 20:21:53.716170+00:00
,,59214a65-1304-400b-8f73-72a1f146990b,0c49166273014487baa157c538b5a932,USGS-03274615,00065,00011,2023-02-17 02:30:00+00:00,3.83,ft,Approved,,2025-09-01 20:21:53.716170+00:00
,,d36d0d28-a32b-4e2a-aa08-095a15734705,0c49166273014487baa157c538b5a932,USGS-03274615,00065,00011,2023-02-17 02:15:00+00:00,3.86,ft,Approved,,2025-09-01 20:21:53.716170+00:00
,,7d508f5a-dace-4340-88fd-a564441dbdc7,0c49166273014487baa157c538b5a932,USGS-03274615,00065,00011,2023-02-17 02:00:00+00:00,3.85,ft,Approved,,2025-09-01 20:21:53.716170+00:00
,,dd84055b-3c7e-436d-82da-d082d2c39078,0c49166273014487baa157c538b5a932,USGS-03274615,00065,00011,2023-02-17 01:45:00+00:00,3.85,ft,Approved,,2025-09-01 20:21:53.716170+00:00
,,e4e7bec3-26d6-4d3f-b058-44ab57cb47d1,0c49166273014487baa157c538b5a932,USGS-03274615,00065,00011,2023-02-17 01:30:00+00:00,3.83,ft,Approved,,2025-09-01 20:21:53.716170+00:00
,,c99edfdb-bb96-465b-91e4-b87e7fbef969,0c49166273014487baa157c538b5a932,USGS-03274615,00065,00011,2023-02-17 01:15:00+00:00,3.82,ft,Approved,,2025-09-01 20:21:53.716170+00:00
,,a665c1ca-e410-4120-b3d1-1388ff1cf67b,0c49166273014487baa157c538b5a932,USGS-03274615,00065,00011,2023-02-17 01:00:00+00:00,3.78,ft,Approved,,2025-09-01 20:21:53.716170+00:00
,,d5d5eaae-e92d-45e9-845d-97e018f79388,0c49166273014487baa157c538b5a932,USGS-03274615,00065,00011,2023-02-17 00:45:00+00:00,3.73,ft,Approved,,2025-09-01 20:21:53.716170+00:00
,,2f964835-e6b5-4d78-860b-ad71efd0f5d9,0c49166273014487baa157c538b5a932,USGS-03274615,00065,00011,2023-02-17 00:30:00+00:00,3.75,ft,Approved,,2025-09-01 20:21:53.716170+00:00
,,2c3163c3-74b4-4b51-8c79-4f2e1fc515c0,0c49166273014487baa157c538b5a932,USGS-03274615,00065,00011,2023-02-17 00:15:00+00:00,3.72,ft,Approved,,2025-09-01 20:21:53.716170+00:00
,,238d7b07-4e54-4a58-8559-efdaaf2508d2,0c49166273014487baa157c538b5a932,USGS-03274615,00065,00011,2023-02-17 00:00:00+00:00,3.66,ft,Approved,,2025-09-01 20:21:53.716170+00:00
,,037833f7-2aae-4548-be6f-1d53ab49701b,0c49166273014487baa157c538b5a932,USGS-03274615,00065,00011,2023-02-16 23:45:00+00:00,3.63,ft,Approved,,2025-09-01 20:21:53.716170+00:00
,,992eb9b0-659a-42ef-95aa-7b537f9c0378,0c49166273014487baa157c538b5a932,USGS-03274615,00065,00011,2023-02-16 23:30:00+00:00,3.59,ft,Approved,,2025-09-01 20:21:53.716170+00:00
,,d5c7cce2-7399-40dc-80c5-73fcfdff6dc1,0c49166273014487baa157c538b5a932,USGS-03274615,00065,00011,2023-02-16 23:15:00+00:00,3.58,ft,Approved,,2025-09-01 20:21:53.716170+00:00
,,4433b2d5-73b4-4462-9c7c-2490cc71b4f7,0c49166273014487baa157c538b5a932,USGS-03274615,00065,00011,2023-02-16 23:00:00+00:00,3.51,ft,Approved,,2025-09-01 20:21:53.716170+00:00
,,25258e82-d015-4f18-934a-aa4dc972675b,0c49166273014487baa157c538b5a932,USGS-03274615,00065,00011,2023-02-16 22:45:00+00:00,3.43,ft,Approved,,2025-09-01 20:21:53.716170+00:00
,,482e648b-b6e1-4f28-8514-fff35f7123db,0c49166273014487baa157c538b5a932,USGS-03274615,00065,00011,2023-02-16 22:30:00+00:00,3.39,ft,Approved,,2025-09-01 20:21:53.716170+00:00
,,f3431ccf-cccb-4f50-929e-8bb70ad76a25,0c49166273014487baa157c538b5a932,USGS-03274615,00065,00011,2023-02-16 22:15:00+00:00,3.37,ft,Approved,,2025-09-01 20:21:53.716170+00:00
,,8ad517f0-29c6-4576-9c1f-9b119f99a6df,0c49166273014487baa157c538b5a932,USGS-03274615,00065,00011,2023-02-16 22:00:00+00:00,3.30,ft,Approved,,2025-09-01 20:21:53.716170+00:00
,,bf0a3a61-0a1a-48b3-94be-9b741244aad2,0c49166273014487baa157c538b5a932,USGS-03274615,00065,00011,2023-02-16 21:45:00+00:00,3.29,ft,Approved,,2025-09-01 20:21:53.716170+00:00
,,0eaac6dd-8751-4097-bd8c-f25a9a32962f,0c49166273014487baa157c538b5a932,USGS-03274615,00065,00011,2023-02-16 21:30:00+00:00,3.30,ft,Approved,,2025-09-01 20:21:53.716170+00:00
,,07f62ceb-8723-48bb-aefa-a86674871234,0c49166273014487baa157c538b5a932,USGS-03274615,00065,00011,2023-02-16 21:15:00+00:00,3.32,ft,Approved,,2025-09-01 20:21:53.716170+00:00
,,b4cdd1a0-37cb-4db8-9342-98b939d9b03b,0c49166273014487baa157c538b5a932,USGS-03274615,00065,00011,2023-02-16 21:00:00+00:00,3.26,ft,Approved,,2025-09-01 20:21:53.716170+00:00
,,8662e7e4-f6ed-406e-8cb0-d5774d9e304b,0c49166273014487baa157c538b5a932,USGS-03274615,00065,00011,2023-02-16 20:45:00+00:00,3.31,ft,Approved,,2025-09-01 20:21:53.716170+00:00
,,00cc2d61-a81e-4207-8bc7-ab930bc05fd5,0c49166273014487baa157c538b5a932,USGS-03274615,00065,00011,2023-02-16 20:30:00+00:00,3.33,ft,Approved,,2025-09-01 20:21:53.716170+00:00
,,21c19975-6b04-42e3-8aaa-126932d3b6de,0c49166273014487baa157c538b5a932,USGS-03274615,00065,00011,2023-02-16 20:15:00+00:00,3.31,ft,Approved,,2025-09-01 20:21:53.716170+00:00
,,a0a3b6de-5e4a-4a96-9b55-32bf90153e60,0c49166273014487baa157c538b5a932,USGS-03274615,00065,00011,2023-02-16 20:00:00+00:00,3.28,ft,Approved,,2025-09-01 20:21:53.716170+00:00
,,a7a2c60f-3bc9-43d9-bc36-7dc7d0358a53,0c49166273014487baa157c538b5a932,USGS-03274615,00065,00011,2023-02-16 19:45:00+00:00,3.30,ft,Approved,,2025-09-01 20:21:53.716170+00:00
,,dd327f8f-9bf9-47ad-9181-2beea0ee1595,0c49166273014487baa157c538b5a932,USGS-03274615,00065,00011,2023-02-16 19:30:00+00:00,3.28,ft,Approved,,2025-09-01 20:21:53.716170+00:00
,,af5eeb1c-6c95-4a8e-aabc-8dc4c7765d85,0c49166273014487baa157c538b5a932,USGS-03274615,00065,00011,2023-02-16 19:15:00+00:00,3.27,ft,Approved,,2025-09-01 20:21:53.716170+00:00
,,54ae710f-08e9-4fd1-adf6-2278e2b91965,0c49166273014487baa157c538b5a932,USGS-03274615,00065,00011,2023-02-16 19:00:00+00:00,3.18,ft,Approved,,2025-09-01 20:21:53.716170+00:00
,,78101a08-9b03-4785-9347-a17d895243f0,0c49166273014487baa157c538b5a932,USGS-03274615,00065,00011,2023-02-16 18:45:00+00:00,3.20,ft,Approved,,2025-09-01 20:21:53.716170+00:00
,,e73635de-a65d-47f3-bab0-035da1e79719,0c49166273014487baa157c538b5a932,USGS-03274615,00065,00011,2023-02-16 18:30:00+00:00,3.20,ft,Approved,,2025-09-01 20:21:53.716170+00:00
,,18eede7d-7114-49c1-b5e1-1fab7003eaf7,0c49166273014487baa157c538b5a932,USGS-03274615,00065,00011,2023-02-16 18:15:00+00:00,3.19,ft,Approved,,2025-09-01 20:21:53.716170+00:00
,,853da43c-a142-423b-9b2d-b4fafbd2567b,0c49166273014487baa157c538b5a932,USGS-03274615,00065,00011,2023-02-16 18:00:00+00:00,3.18,ft,Approved,,2025-09-01 20:21:53.716170+00:00
,,b9bb8021-a743-41a2-85d3-8ef91fb3c642,0c49166273014487baa157c538b5a932,USGS-03274615,00065,00011,2023-02-16 17:45:00+00:00,3.14,ft,Approved,,2025-09-01 20:21:53.716170+00:00
,,a1cd4d13-1405-4a8e-aeb2-f8307fd3edce,0c49166273014487baa157c538b5a932,USGS-03274615,00065,00011,2023-02-16 17:30:00+00:00,3.15,ft,Approved,,2025-09-01 20:21:53.716170+00:00
,,30edce32-ef1a-43d8-9e5f-95c7a0b43d15,0c49166273014487baa157c538b5a932,USGS-03274615,00065,00011,2023-02-16 17:15:00+00:00,3.13,ft,Approved,,2025-09-01 20:21:53.716170+00:00
,,bcde5e5a-6dd5-41d1-a615-95bba762c9fc,0c49166273014487baa157c538b5a932,USGS-03274615,00065,00011,2023-02-16 17:00:00+00:00,3.15,ft,Approved,,2025-09-01 20:21:53.716170+00:00
,,4030d7e9-a4a9-45fc-b090-0c5dbfaeb787,0c49166273014487baa157c538b5a932,USGS-03274615,00065,00011,2023-02-16 16:45:00+00:00,3.19,ft,Approved,,2025-09-01 20:21:53.716170+00:00
,,6766acf2-251b-4156-b3df-41d28488a377,0c49166273014487baa157c538b5a932,USGS-03274615,00065,00011,2023-02-16 16:30:00+00:00,3.25,ft,Approved,,2025-09-01 20:21:53.716170+00:00
,,5ff82546-d0bc-407a-93e8-73fad0f185f7,0c49166273014487baa157c538b5a932,USGS-03274615,00065,00011,2023-02-16 16:15:00+00:00,3.34,ft,Approved,,2025-09-01 20:21:53.716170+00:00
,,7037b19b-8173-4bd0-8b8a-a40eec41ee5f,0c49166273014487baa157c538b5a932,USGS-03274615,00065,00011,2023-02-16 16:00:00+00:00,3.46,ft,Approved,,2025-09-01 20:21:53.716170+00:00
,,87fb3c0f-9470-4ba7-a069-d597fb7e713f,0c49166273014487baa157c538b5a932,USGS-03274615,00065,00011,2023-02-16 15:45:00+00:00,3.57,ft,Approved,,2025-09-01 20:21:53.716170+00:00
,,d4c21ed3-e4fa-462e-9a02-7b824a25b25f,0c49166273014487baa157c538b5a932,USGS-03274615,00065,00011,2023-02-16 15:30:00+00:00,3.66,ft,Approved,,2025-09-01 20:21:53.716170+00:00
,,7b415591-0028-4276-aae1-1acefdb6fef7,0c49166273014487baa157c538b5a932,USGS-03274615,00065,00011,2023-02-16 15:15:00+00:00,3.77,ft,Approved,,2025-09-01 20:21:53.716170+00:00
,,303f38b0-52d4-4f18-8f91-fe4050eb418f,0c49166273014487baa157c538b5a932,USGS-03274615,00065,00011,2023-02-16 15:00:00+00:00,3.86,ft,Approved,,2025-09-01 20:21:53.716170+00:00
,,4953879b-0fc2-4047-bae1-f182bd106a23,0c49166273014487baa157c538b5a932,USGS-03274615,00065,00011,2023-02-16 14:45:00+00:00,3.89,ft,Approved,,2025-09-01 20:21:53.716170+00:00
,,d3555d48-0a3e-4e10-a0d1-00486d6c2db2,0c49166273014487baa157c538b5a932,USGS-03274615,00065,00011,2023-02-16 14:30:00+00:00,3.91,ft,Approved,,2025-09-01 20:21:53.716170+00:00
,,a950ba80-f8c9-4874-9483-28deb34f1911,0c49166273014487baa157c538b5a932,USGS-03274615,00065,00011,2023-02-16 14:15:00+00:00,3.89,ft,Approved,,2025-09-01 20:21:53.716170+00:00
,,3666be80-17fe-49ea-9c1b-fd7f2c59a9f7,0c49166273014487baa157c538b5a932,USGS-03274615,00065,00011,2023-02-16 14:00:00+00:00,3.79,ft,Approved,,2025-09-01 20:21:53.716170+00:00
,,ff9ffa4c-66ac-4573-b5a9-e0f8791b1064,0c49166273014487baa157c538b5a932,USGS-03274615,00065,00011,2023-02-16 13:45:00+00:00,3.53,ft,Approved,,2025-09-01 20:21:53.716170+00:00
,,cdd0ae10-8f34-4d17-adcb-2b12804aa713,0c49166273014487baa157c538b5a932,USGS-03274615,00065,00011,2023-02-16 13:30:00+00:00,3.26,ft,Approved,,2025-09-01 20:21:53.716170+00:00
,,734becde-3bca-4245-a6b6-08ee80b1cb39,0c49166273014487baa157c538b5a932,USGS-03274615,00065,00011,2023-02-16 13:15:00+00:00,2.95,ft,Approved,,2025-09-01 20:21:53.716170+00:00
,,dfee2bb0-e139-4491-8b78-261779c70494,0c49166273014487baa157c538b5a932,USGS-03274615,00065,00011,2023-02-16 13:00:00+00:00,2.58,ft,Approved,,2025-09-01 20:21:53.716170+00:00
,,20b50bd0-2c8d-49cb-9972-bc8e9b8d9748,0c49166273014487baa157c538b5a932,USGS-03274615,00065,00011,2023-02-16 12:45:00+00:00,2.27,ft,Approved,,2025-09-01 20:21:53.716170+00:00
,,62c93edf-7390-4e64-8640-982f5716e905,0c49166273014487baa157c538b5a932,USGS-03274615,00065,00011,2023-02-16 12:30:00+00:00,2.08,ft,Approved,,2025-09-01 20:21:53.716170+00:00
,,cc25d7b6-754d-4d81-b206-532ddba13620,0c49166273014487baa157c538b5a932,USGS-03274615,00065,00011,2023-02-16 12:15:00+00:00,2.03,ft,Approved,,2025-09-01 20:21:53.716170+00:00
,,19caf6ce-5392-47b2-b8d1-40baf8f4e005,0c49166273014487baa157c538b5a932,USGS-03274615,00065,00011,2023-02-16 12:00:00+00:00,1.86,ft,Approved,,2025-09-01 20:21:53.716170+00:00
,,e6ad73ed-7992-439a-8da2-59cde050c045,0c49166273014487baa157c538b5a932,USGS-03274615,00065,00011,2023-02-16 11:45:00+00:00,1.84,ft,Approved,,2025-09-01 20:21:53.716170+00:00
,,9d6afc09-d312-4545-8ed3-6e8c8bbce929,0c49166273014487baa157c538b5a932,USGS-03274615,00065,00011,2023-02-16 11:30:00+00:00,1.90,ft,Approved,,2025-09-01 20:21:53.716170+00:00
,,20da671f-f167-4677-9802-0690e04cbaed,0c49166273014487baa157c538b5a932,USGS-03274615,00065,00011,2023-02-16 11:15:00+00:00,1.87,ft,Approved,,2025-09-01 20:21:53.716170+00:00
,,3a4e7e7d-049c-4e25-bf6d-8b52710ee623,0c49166273014487baa157c538b5a932,USGS-03274615,00065,00011,2023-02-16 11:00:00+00:00,1.87,ft,Approved,,2025-09-01 20:21:53.716170+00:00
,,d31c4fae-05cc-4cc1-baa4-5cfcbbc8ae9e,0c49166273014487baa157c538b5a932,USGS-03274615,00065,00011,2023-02-16 10:45:00+00:00,1.88,ft,Approved,,2025-09-01 20:21:53.716170+00:00
,,b6b4494d-988c-4681-b77e-18904ec38d7f,0c49166273014487baa157c538b5a932,USGS-03274615,00065,00011,2023-02-16 10:30:00+00:00,1.88,ft,Approved,,2025-09-01 20:21:53.716170+00:00
,,0b304b41-98e4-4a33-aefe-7e43586063ac,0c49166273014487baa157c538b5a932,USGS-03274615,00065,00011,2023-02-16 10:15:00+00:00,1.88,ft,Approved,,2025-09-01 20:21:53.716170+00:00
,,a0c51036-50ed-4b82-8d13-3d5326f099d5,0c49166273014487baa157c538b5a932,USGS-03274615,00065,00011,2023-02-16 10:00:00+00:00,1.87,ft,Approved,,2025-09-01 20:21:53.716170+00:00
,,67d0db7c-b785-4717-88d6-9431c5d42b7e,0c49166273014487baa157c538b5a932,USGS-03274615,00065,00011,2023-02-16 09:45:00+00:00,1.88,ft,Approved,,2025-09-01 20:21:53.716170+00:00
,,e2b79dae-a9e9-423a-a4ec-e031526f3bd9,0c49166273014487baa157c538b5a932,USGS-03274615,00065,00011,2023-02-16 09:30:00+00:00,1.89,ft,Approved,,2025-09-01 20:21:53.716170+00:00
,,99fab3a8-a801-498d-bdb0-1887db0bcfcd,0c49166273014487baa157c538b5a932,USGS-03274615,00065,00011,2023-02-16 09:15:00+00:00,1.88,ft,Approved,,2025-09-01 20:21:53.716170+00:00
,,5b6d6d36-874e-41f0-811e-9da431dc51ac,0c49166273014487baa157c538b5a932,USGS-03274615,00065,00011,2023-02-16 09:00:00+00:00,1.88,ft,Approved,,2025-09-01 20:21:53.716170+00:00
,,5fdf039c-e3e5-4ba5-965d-1b307974923d,0c49166273014487baa157c538b5a932,USGS-03274615,00065,00011,2023-02-16 08:45:00+00:00,1.88,ft,Approved,,2025-09-01 20:21:53.716170+00:00
,,5030dd6c-2233-426f-86dd-0d34c48f246a,0c49166273014487baa157c538b5a932,USGS-03274615,00065,00011,2023-02-16 08:30:00+00:00,1.88,ft,Approved,,2025-09-01 20:21:53.716170+00:00
,,ec77efb9-0d30-437a-b681-4e0af1707f02,0c49166273014487baa157c538b5a932,USGS-03274615,00065,00011,2023-02-16 08:15:00+00:00,1.89,ft,Approved,,2025-09-01 20:21:53.716170+00:00
,,0eaf7e85-3775-4f4f-a96a-4bbe05f3b2d9,0c49166273014487baa157c538b5a932,USGS-03274615,00065,00011,2023-02-16 08:00:00+00:00,1.89,ft,Approved,,2025-09-01 20:21:53.716170+00:00
,,aba37223-e666-458d-b29e-10927afe4f12,0c49166273014487baa157c538b5a932,USGS-03274615,00065,00011,2023-02-16 07:45:00+00:00,1.89,ft,Approved,,2025-09-01 20:21:53.716170+00:00
,,58e34e53-2acf-4fe3-ad47-4d807a4f10d7,0c49166273014487baa157c538b5a932,USGS-03274615,00065,00011,2023-02-16 07:30:00+00:00,1.89,ft,Approved,,2025-09-01 20:21:53.716170+00:00
,,60fda1a5-fd6f-4ca1-88c3-40473eec1fa3,0c49166273014487baa157c538b5a932,USGS-03274615,00065,00011,2023-02-16 07:15:00+00:00,1.89,ft,Approved,,2025-09-01 20:21:53.716170+00:00
,,95a48c05-8f2b-474c-a5a0-0df58d543a27,0c49166273014487baa157c538b5a932,USGS-03274615,00065,00011,2023-02-16 07:00:00+00:00,1.89,ft,Approved,,2025-09-01 20:21:53.716170+00:00
,,df073377-d171-4d92-9e36-538155821c34,0c49166273014487baa157c538b5a932,USGS-03274615,00065,00011,2023-02-16 06:45:00+00:00,1.89,ft,Approved,,2025-09-01 20:21:53.716170+00:00
,,af8cb6ba-8987-48ee-b67c-77fea568bde8,0c49166273014487baa157c538b5a932,USGS-03274615,00065,00011,2023-02-16 06:30:00+00:00,1.90,ft,Approved,,2025-09-01 20:21:53.716170+00:00
,,f751f736-3ff0-49bc-8b29-748719d96287,0c49166273014487baa157c538b5a932,USGS-03274615,00065,00011,2023-02-16 06:15:00+00:00,1.90,ft,Approved,,2025-09-01 20:21:53.716170+00:00
,,94b85377-ae62-4c23-91de-5352ae12364e,0c49166273014487baa157c538b5a932,USGS-03274615,00065,00011,2023-02-16 06:00:00+00:00,1.90,ft,Approved,,2025-09-01 20:21:53.716170+00:00
,,081e5748-db4e-4785-8f5e-7ea970dd1b6c,0c49166273014487baa157c538b5a932,USGS-03274615,00065,00011,2023-02-16 05:45:00+00:00,1.90,ft,Approved,,2025-09-01 20:21:53.716170+00:00
,,1abbbe4f-1745-427e-814e-c142cd696174,0c49166273014487baa157c538b5a932,USGS-03274615,00065,00011,2023-02-16 05:30:00+00:00,1.90,ft,Approved,,2025-09-01 20:21:53.716170+00:00
,,c9bdf644-f89e-4621-98ea-cb58fdc01c24,0c49166273014487baa157c538b5a932,USGS-03274615,00065,00011,2023-02-16 05:15:00+00:00,1.90,ft,Approved,,2025-09-01 20:21:53.716170+00:00
,,fe6e7663-6fdd-462d-800e-19d25838f120,0c49166273014487baa157c538b5a932,USGS-03274615,00065,00011,2023-02-16 05:00:00+00:00,1.91,ft,Approved,,2025-09-01 20:21:53.716170+00:00
,,b0e88571-c067-4115-96d4-4eba88b92b0d,0c49166273014487baa157c538b5a932,USGS-03274615,00065,00011,2023-02-16 04:45:00+00:00,1.90,ft,Approved,,2025-09-01 20:21:53.716170+00:00
,,a1952c47-9b47-4829-94ba-42e9958294f3,0c49166273014487baa157c538b5a932,USGS-03274615,00065,00011,2023-02-16 04:30:00+00:00,1.91,ft,Approved,,2025-09-01 20:21:53.716170+00:00
,,9ee62988-f7ba-426e-a336-a81832d2789e,0c49166273014487baa157c538b5a932,USGS-03274615,00065,00011,2023-02-16 04:15:00+00:00,1.91,ft,Approved,,2025-09-01 20:21:53.716170+00:00
,,916cbbd4-acfc-484e-bf07-a9f7d2bcf691,0c49166273014487baa157c538b5a932,USGS-03274615,00065,00011,2023-02-16 04:00:00+00:00,1.90,ft,Approved,,2025-09-01 20:21:53.716170+00:00
,,0e6ca42b-ef81-4a9e-869d-671d639b07cc,0c49166273014487baa157c538b5a932,USGS-03274615,00065,00011,2023-02-16 03:45:00+00:00,1.92,ft,Approved,,2025-09-01 20:21:53.716170+00:00
,,2b63a1b3-dea1-4873-a163-315df7682fa5,0c49166273014487baa157c538b5a932,USGS-03274615,00065,00011,2023-02-16 03:30:00+00:00,1.91,ft,Approved,,2025-09-01 20:21:53.716170+00:00
,,da21247a-ed17-4356-80aa-e0614d09b267,0c49166273014487baa157c538b5a932,USGS-03274615,00065,00011,2023-02-16 03:15:00+00:00,1.92,ft,Approved,,2025-09-01 20:21:53.716170+00:00
,,f36c0200-d537-4495-ab65-96bcb83271d4,0c49166273014487baa157c538b5a932,USGS-03274615,00065,00011,2023-02-16 03:00:00+00:00,1.92,ft,Approved,,2025-09-01 20:21:53.716170+00:00
,,f65e6551-37a5-449a-885f-19566bc7cd10,0c49166273014487baa157c538b5a932,USGS-03274615,00065,00011,2023-02-16 02:45:00+00:00,1.92,ft,Approved,,2025-09-01 20:21:53.716170+00:00
,,b2e746c1-b087-4d44-a095-7d98b55402a7,0c49166273014487baa157c538b5a932,USGS-03274615,00065,00011,2023-02-16 02:30:00+00:00,1.92,ft,Approved,,2025-09-01 20:21:53.716170+00:00
,,defe0c7d-952f-4999-bc15-5d22937ec325,0c49166273014487baa157c538b5a932,USGS-03274615,00065,00011,2023-02-16 02:15:00+00:00,1.92,ft,Approved,,2025-09-01 20:21:53.716170+00:00
,,76db0583-431b-4ab8-994d-92a54a9cd1e8,0c49166273014487baa157c538b5a932,USGS-03274615,00065,00011,2023-02-16 02:00:00+00:00,1.92,ft,Approved,,2025-09-01 20:21:53.716170+00:00
,,e0eb5f54-61f8-4a0a-992f-cfee5f524cfc,0c49166273014487baa157c538b5a932,USGS-03274615,00065,00011,2023-02-16 01:45:00+00:00,1.93,ft,Approved,,2025-09-01 20:21:53.716170+00:00
,,17d98f02-5ade-4c18-987b-613499f18b83,0c49166273014487baa157c538b5a932,USGS-03274615,00065,00011,2023-02-16 01:30:00+00:00,1.93,ft,Approved,,2025-09-01 20:21:53.716170+00:00
,,ac9276bb-dc03-4b9b-b571-0ab63bba1905,0c49166273014487baa157c538b5a932,USGS-03274615,00065,00011,2023-02-16 01:15:00+00:00,1.93,ft,Approved,,2025-09-01 20:21:53.716170+00:00
,,d48d3c3d-e528-4eff-a14e-df95b1bc3670,0c49166273014487baa157c538b5a932,USGS-03274615,00065,00011,2023-02-16 01:00:00+00:00,1.92,ft,Approved,,2025-09-01 20:21:53.716170+00:00
,,d018a995-d8ab-455f-aea7-513ea42420d6,0c49166273014487baa157c538b5a932,USGS-03274615,00065,00011,2023-02-16 00:45:00+00:00,1.93,ft,Approved,,2025-09-01 20:21:53.716170+00:00
,,829d0ca8-baf0-4492-b2bd-ec1f5b5597c2,0c49166273014487baa157c538b5a932,USGS-03274615,00065,00011,2023-02-16 00:30:00+00:00,1.93,ft,Approved,,2025-09-01 20:21:53.716170+00:00
,,1114f36a-b297-4bb7-ae47-1d93f036fd1a,0c49166273014487baa157c538b5a932,USGS-03274615,00065,00011,2023-02-16 00:15:00+00:00,1.93,ft,Approved,,2025-09-01 20:21:53.716170+00:00
,,7b7d26f3-f980-470c-8c08-7ac3ab0ee826,0c49166273014487baa157c538b5a932,USGS-03274615,00065,00011,2023-02-16 00:00:00+00:00,1.93,ft,Approved,,2025-09-01 20:21:53.716170+00:00
,,dfe4465f-3013-4080-bb13-edfdbe7eb452,0c49166273014487baa157c538b5a932,USGS-03274615,00065,00011,2023-02-15 23:45:00+00:00,1.93,ft,Approved,,2025-09-01 20:21:53.716170+00:00
,,92bbb954-24d2-46f9-a9f1-27d76d0b0b33,0c49166273014487baa157c538b5a932,USGS-03274615,00065,00011,2023-02-15 23:30:00+00:00,1.93,ft,Approved,,2025-09-01 20:21:53.716170+00:00
,,ee30fb65-b157-473d-81f8-e54f81b29bc0,0c49166273014487baa157c538b5a932,USGS-03274615,00065,00011,2023-02-15 23:15:00+00:00,1.94,ft,Approved,,2025-09-01 20:21:53.716170+00:00
,,f34027d5-ab34-4719-a3d2-ad7bbe30783c,0c49166273014487baa157c538b5a932,USGS-03274615,00065,00011,2023-02-15 23:00:00+00:00,1.94,ft,Approved,,2025-09-01 20:21:53.716170+00:00
,,32bea5e5-226e-4f95-9366-49615f1025b4,0c49166273014487baa157c538b5a932,USGS-03274615,00065,00011,2023-02-15 22:45:00+00:00,1.93,ft,Approved,,2025-09-01 20:21:53.716170+00:00
,,338bab80-87de-4714-94fc-51e8cb30f991,0c49166273014487baa157c538b5a932,USGS-03274615,00065,00011,2023-02-15 22:30:00+00:00,1.87,ft,Approved,,2025-09-01 20:21:53.716170+00:00
,,61d6e182-bd18-4dc0-a3f3-74ec576f9005,0c49166273014487baa157c538b5a932,USGS-03274615,00065,00011,2023-02-15 22:15:00+00:00,1.92,ft,Approved,,2025-09-01 20:21:53.716170+00:00
,,5a1d4ca5-859d-447c-ac5b-c8eeb721ae2b,0c49166273014487baa157c538b5a932,USGS-03274615,00065,00011,2023-02-15 22:00:00+00:00,1.83,ft,Approved,,2025-09-01 20:21:53.716170+00:00
,,dae191e8-37bc-4ca4-9e15-e177e4704691,0c49166273014487baa157c538b5a932,USGS-03274615,00065,00011,2023-02-15 21:45:00+00:00,1.88,ft,Approved,,2025-09-01 20:21:53.716170+00:00
,,e9492d90-5f74-4b85-a322-511cb3d96d30,0c49166273014487baa157c538b5a932,USGS-03274615,00065,00011,2023-02-15 21:30:00+00:00,1.84,ft,Approved,,2025-09-01 20:21:53.716170+00:00
,,d43a6de3-45f6-4976-8083-fd2c5468ab71,0c49166273014487baa157c538b5a932,USGS-03274615,00065,00011,2023-02-15 21:15:00+00:00,1.83,ft,Approved,,2025-09-01 20:21:53.716170+00:00
,,70ab4dce-40e0-4604-ae73-cba19b34d14c,0c49166273014487baa157c538b5a932,USGS-03274615,00065,00011,2023-02-15 21:00:00+00:00,1.83,ft,Approved,,2025-09-01 20:21:53.716170+00:00
,,a1631021-ffef-4141-8645-e7bc6f394b21,0c49166273014487baa157c538b5a932,USGS-03274615,00065,00011,2023-02-15 20:45:00+00:00,1.78,ft,Approved,,2025-09-01 20:21:53.716170+00:00
,,57bd2fe9-99a0-4e18-8ef5-583b2032d668,0c49166273014487baa157c538b5a932,USGS-03274615,00065,00011,2023-02-15 20:30:00+00:00,1.80,ft,Approved,,2025-09-01 20:21:53.716170+00:00
,,e8ae6b03-baab-49bb-900d-a9a6caf04eee,0c49166273014487baa157c538b5a932,USGS-03274615,00065,00011,2023-02-15 20:15:00+00:00,1.79,ft,Approved,,2025-09-01 20:21:53.716170+00:00
,,b740dc51-4cc0-4894-b834-d1567ea12daf,0c49166273014487baa157c538b5a932,USGS-03274615,00065,00011,2023-02-15 20:00:00+00:00,1.81,ft,Approved,,2025-09-01 20:21:53.716170+00:00
,,b99ce972-8049-4b99-b919-3f494d1f58f9,0c49166273014487baa157c538b5a932,USGS-03274615,00065,00011,2023-02-15 19:45:00+00:00,1.83,ft,Approved,,2025-09-01 20:21:53.716170+00:00
,,642413c0-5c1b-4937-aa4d-2288127b1029,0c49166273014487baa157c538b5a932,USGS-03274615,00065,00011,2023-02-15 19:30:00+00:00,1.84,ft,Approved,,2025-09-01 20:21:53.716170+00:00
,,d2bc2d7d-ecec-4d88-8113-0d0af1876a9c,0c49166273014487baa157c538b5a932,USGS-03274615,00065,00011,2023-02-15 19:15:00+00:00,1.87,ft,Approved,,2025-09-01 20:21:53.716170+00:00
,,f51a5e4d-93b3-4f5d-95a8-4b5305696b80,0c49166273014487baa157c538b5a932,USGS-03274615,00065,00011,2023-02-15 19:00:00+00:00,1.85,ft,Approved,,2025-09-01 20:21:53.716170+00:00
,,f3191389-4c4c-44f4-a779-96812885132b,0c49166273014487baa157c538b5a932,USGS-03274615,00065,00011,2023-02-15 18:45:00+00:00,1.80,ft,Approved,,2025-09-01 20:21:53.716170+00:00
,,ef972e1c-28a1-4a9b-bf4e-7b8d49ee2bb6,0c49166273014487baa157c538b5a932,USGS-03274615,00065,00011,2023-02-15 18:30:00+00:00,1.82,ft,Approved,,2025-09-01 20:21:53.716170+00:00
,,3fedb360-e967-446a-9b9c-842a7e436b19,0c49166273014487baa157c538b5a932,USGS-03274615,00065,00011,2023-02-15 18:15:00+00:00,1.81,ft,Approved,,2025-09-01 20:21:53.716170+00:00
,,96bd5468-e134-4ef8-837d-64e3f523e608,0c49166273014487baa157c538b5a932,USGS-03274615,00065,00011,2023-02-15 18:00:00+00:00,1.79,ft,Approved,,2025-09-01 20:21:53.716170+00:00
,,307bfcf6-2908-4023-9269-766aee73cbbe,0c49166273014487baa157c538b5a932,USGS-03274615,00065,00011,2023-02-15 17:45:00+00:00,1.86,ft,Approved,,2025-09-01 20:21:53.716170+00:00
,,dcbb0b29-6824-454e-bc9f-a81454f9f66d,0c49166273014487baa157c538b5a932,USGS-03274615,00065,00011,2023-02-15 17:30:00+00:00,1.85,ft,Approved,,2025-09-01 20:21:53.716170+00:00
,,17ae04b9-0b65-4930-953f-3554c3a70fb6,0c49166273014487baa157c538b5a932,USGS-03274615,00065,00011,2023-02-15 17:15:00+00:00,1.86,ft,Approved,,2025-09-01 20:21:53.716170+00:00
,,240498d8-6863-47b1-8ead-2412baab4b37,0c49166273014487baa157c538b5a932,USGS-03274615,00065,00011,2023-02-15 17:00:00+00:00,1.83,ft,Approved,,2025-09-01 20:21:53.716170+00:00
,,09e45e9d-31d0-4672-b78f-e8a386e263a5,0c49166273014487baa157c538b5a932,USGS-03274615,00065,00011,2023-02-15 16:45:00+00:00,1.88,ft,Approved,,2025-09-01 20:21:53.716170+00:00
,,a798deee-1812-463e-bfea-5f5bdefd142e,0c49166273014487baa157c538b5a932,USGS-03274615,00065,00011,2023-02-15 16:30:00+00:00,1.84,ft,Approved,,2025-09-01 20:21:53.716170+00:00
,,35a42725-9cd4-4fe2-a9b4-f9e5a7f36ab3,0c49166273014487baa157c538b5a932,USGS-03274615,00065,00011,2023-02-15 16:15:00+00:00,1.82,ft,Approved,,2025-09-01 20:21:53.716170+00:00
,,bc08f651-ed9a-496c-b66d-e7254f856ca5,0c49166273014487baa157c538b5a932,USGS-03274615,00065,00011,2023-02-15 16:00:00+00:00,1.86,ft,Approved,,2025-09-01 20:21:53.716170+00:00
,,594007d6-eabc-4e27-87de-ccb28b84368d,0c49166273014487baa157c538b5a932,USGS-03274615,00065,00011,2023-02-15 15:45:00+00:00,1.85,ft,Approved,,2025-09-01 20:21:53.716170+00:00
,,5e2785cc-9fcc-478c-974a-4097c345d4dd,0c49166273014487baa157c538b5a932,USGS-03274615,00065,00011,2023-02-15 15:30:00+00:00,1.85,ft,Approved,,2025-09-01 20:21:53.716170+00:00
,,e8fc388b-afe9-4a8b-a137-8cec90f4f23c,0c49166273014487baa157c538b5a932,USGS-03274615,00065,00011,2023-02-15 15:15:00+00:00,1.88,ft,Approved,,2025-09-01 20:21:53.716170+00:00
,,64af695a-677d-489d-846a-76b240c6ecc5,0c49166273014487baa157c538b5a932,USGS-03274615,00065,00011,2023-02-15 15:00:00+00:00,1.83,ft,Approved,,2025-09-01 20:21:53.716170+00:00
,,b6a17c38-acd7-4ba7-af12-f3d8a627b050,0c49166273014487baa157c538b5a932,USGS-03274615,00065,00011,2023-02-15 14:45:00+00:00,1.86,ft,Approved,,2025-09-01 20:21:53.716170+00:00
,,589c22d8-fa8f-42c4-ba86-c058d48919fe,0c49166273014487baa157c538b5a932,USGS-03274615,00065,00011,2023-02-15 14:30:00+00:00,1.86,ft,Approved,,2025-09-01 20:21:53.716170+00:00
,,c1846d74-11ae-4ec0-81f9-a33fad9bbbe2,0c49166273014487baa157c538b5a932,USGS-03274615,00065,00011,2023-02-15 14:15:00+00:00,1.88,ft,Approved,,2025-09-01 20:21:53.716170+00:00
,,98c87260-4347-4fe4-bbb7-65993c68b61f,0c49166273014487baa157c538b5a932,USGS-03274615,00065,00011,2023-02-15 14:00:00+00:00,1.90,ft,Approved,,2025-09-01 20:21:53.716170+00:00
,,793d733b-9e8f-433d-9b87-59ecad40f53a,0c49166273014487baa157c538b5a932,USGS-03274615,00065,00011,2023-02-15 13:45:00+00:00,1.87,ft,Approved,,2025-09-01 20:21:53.716170+00:00
,,c5ad0a78-e804-4bf7-93c8-c6cc1f9f3ae5,0c49166273014487baa157c538b5a932,USGS-03274615,00065,00011,2023-02-15 13:30:00+00:00,1.91,ft,Approved,,2025-09-01 20:21:53.716170+00:00
,,481d3e6c-f300-4bf3-8119-1c1803e59658,0c49166273014487baa157c538b5a932,USGS-03274615,00065,00011,2023-02-15 13:15:00+00:00,1.91,ft,Approved,,2025-09-01 20:21:53.716170+00:00
,,dfa507ed-1e58-41d2-9d81-bd9c80841ddb,0c49166273014487baa157c538b5a932,USGS-03274615,00065,00011,2023-02-15 13:00:00+00:00,1.88,ft,Approved,,2025-09-01 20:21:53.716170+00:00
,,54c1eb1a-bc1c-417e-af83-57e5f23bc125,0c49166273014487baa157c538b5a932,USGS-03274615,00065,00011,2023-02-15 12:45:00+00:00,1.91,ft,Approved,,2025-09-01 20:21:53.716170+00:00
,,f4168f65-1735-4123-9eb1-8389cb534708,0c49166273014487baa157c538b5a932,USGS-03274615,00065,00011,2023-02-15 12:30:00+00:00,1.85,ft,Approved,,2025-09-01 20:21:53.716170+00:00
,,dd5dd620-9e39-474c-8354-5ad415e5d065,0c49166273014487baa157c538b5a932,USGS-03274615,00065,00011,2023-02-15 12:15:00+00:00,1.86,ft,Approved,,2025-09-01 20:21:53.716170+00:00
,,ba30975b-9556-4577-9832-0fbff93937b2,0c49166273014487baa157c538b5a932,USGS-03274615,00065,00011,2023-02-15 12:00:00+00:00,1.89,ft,Approved,,2025-09-01 20:21:53.716170+00:00
,,6a96f2d2-4c92-434e-aed3-a0be2897f3ad,0c49166273014487baa157c538b5a932,USGS-03274615,00065,00011,2023-02-15 11:45:00+00:00,1.92,ft,Approved,,2025-09-01 20:21:53.716170+00:00
,,08f369ec-afd6-4efe-abff-d6553e0e923a,0c49166273014487baa157c538b5a932,USGS-03274615,00065,00011,2023-02-15 11:30:00+00:00,1.91,ft,Approved,,2025-09-01 20:21:53.716170+00:00
,,00688df9-92be-4870-b841-1e258e180510,0c49166273014487baa157c538b5a932,USGS-03274615,00065,00011,2023-02-15 11:15:00+00:00,1.93,ft,Approved,,2025-09-01 20:21:53.716170+00:00
,,064abb31-cf18-4a2d-a658-53aeb92eccec,0c49166273014487baa157c538b5a932,USGS-03274615,00065,00011,2023-02-15 11:00:00+00:00,1.92,ft,Approved,,2025-09-01 20:21:53.716170+00:00
,,9eed2bd7-bf14-4b44-9ec0-a32640bb50a2,0c49166273014487baa157c538b5a932,USGS-03274615,00065,00011,2023-02-15 10:45:00+00:00,1.91,ft,Approved,,2025-09-01 20:21:53.716170+00:00
,,074ad730-7196-416d-a33e-de3924494cab,0c49166273014487baa157c538b5a932,USGS-03274615,00065,00011,2023-02-15 10:30:00+00:00,1.88,ft,Approved,,2025-09-01 20:21:53.716170+00:00
,,eb5ba072-c4d4-4a98-816b-a36bbabc5387,0c49166273014487baa157c538b5a932,USGS-03274615,00065,00011,2023-02-15 10:15:00+00:00,1.91,ft,Approved,,2025-09-01 20:21:53.716170+00:00
,,b34afd64-8aac-4449-a180-214c0d47b14d,0c49166273014487baa157c538b5a932,USGS-03274615,00065,00011,2023-02-15 10:00:00+00:00,1.96,ft,Approved,,2025-09-01 20:21:53.716170+00:00
,,d76f7be3-8a7b-4a20-b63b-488eb2f8a992,0c49166273014487baa157c538b5a932,USGS-03274615,00065,00011,2023-02-15 09:45:00+00:00,1.88,ft,Approved,,2025-09-01 20:21:53.716170+00:00
,,63f64a6b-7588-40a1-8b56-3fc88d7d1aa1,0c49166273014487baa157c538b5a932,USGS-03274615,00065,00011,2023-02-15 09:30:00+00:00,1.92,ft,Approved,,2025-09-01 20:21:53.716170+00:00
,,20257a4c-9e19-438f-9c92-ead3949ea8c9,0c49166273014487baa157c538b5a932,USGS-03274615,00065,00011,2023-02-15 09:15:00+00:00,1.90,ft,Approved,,2025-09-01 20:21:53.716170+00:00
,,d08616c0-7d58-49ad-b707-127201630197,0c49166273014487baa157c538b5a932,USGS-03274615,00065,00011,2023-02-15 09:00:00+00:00,1.88,ft,Approved,,2025-09-01 20:21:53.716170+00:00
,,7599a097-ce34-40c0-b49d-f174f47e85eb,0c49166273014487baa157c538b5a932,USGS-03274615,00065,00011,2023-02-15 08:45:00+00:00,1.93,ft,Approved,,2025-09-01 20:21:53.716170+00:00
,,b43bc62a-031a-4692-b2f7-33e0329ec6f7,0c49166273014487baa157c538b5a932,USGS-03274615,00065,00011,2023-02-15 08:30:00+00:00,1.92,ft,Approved,,2025-09-01 20:21:53.716170+00:00
,,e2ebbde2-f8d4-4e2d-9027-f20cf79eecab,0c49166273014487baa157c538b5a932,USGS-03274615,00065,00011,2023-02-15 08:15:00+00:00,1.92,ft,Approved,,2025-09-01 20:21:53.716170+00:00
,,3120f255-c035-41f2-9d99-72eb5d13f097,0c49166273014487baa157c538b5a932,USGS-03274615,00065,00011,2023-02-15 08:00:00+00:00,1.92,ft,Approved,,2025-09-01 20:21:53.716170+00:00
,,2b934042-30b2-4669-95f7-646493d5b080,0c49166273014487baa157c538b5a932,USGS-03274615,00065,00011,2023-02-15 07:45:00+00:00,1.93,ft,Approved,,2025-09-01 20:21:53.716170+00:00
,,95e730f1-3345-4a1e-adf9-f3185bc43dc4,0c49166273014487baa157c538b5a932,USGS-03274615,00065,00011,2023-02-15 07:30:00+00:00,1.91,ft,Approved,,2025-09-01 20:21:53.716170+00:00
,,b34ae34c-87e4-48b4-b713-ba6da8f46dbc,0c49166273014487baa157c538b5a932,USGS-03274615,00065,00011,2023-02-15 07:15:00+00:00,1.97,ft,Approved,,2025-09-01 20:21:53.716170+00:00
,,f576e838-0e90-40ef-ac22-a7667ed51ec7,0c49166273014487baa157c538b5a932,USGS-03274615,00065,00011,2023-02-15 07:00:00+00:00,2.03,ft,Approved,,2025-09-01 20:21:53.716170+00:00
,,ffdf3c81-2d05-40b1-b36f-6971d1219424,0c49166273014487baa157c538b5a932,USGS-03274615,00065,00011,2023-02-15 06:45:00+00:00,1.97,ft,Approved,,2025-09-01 20:21:53.716170+00:00
,,93e63501-0b99-459f-8390-a2353195647d,0c49166273014487baa157c538b5a932,USGS-03274615,00065,00011,2023-02-15 06:30:00+00:00,1.94,ft,Approved,,2025-09-01 20:21:53.716170+00:00
,,3eeb8b6a-3c5b-453d-9a99-ff2061ac38c9,0c49166273014487baa157c538b5a932,USGS-03274615,00065,00011,2023-02-15 06:15:00+00:00,1.92,ft,Approved,,2025-09-01 20:21:53.716170+00:00
,,24373b32-f9e3-46f9-b7e5-5f3876bb1a52,0c49166273014487baa157c538b5a932,USGS-03274615,00065,00011,2023-02-15 06:00:00+00:00,1.91,ft,Approved,,2025-09-01 20:21:53.716170+00:00
,,29c9740b-9b8e-43e5-becb-3fa2d51b2358,0c49166273014487baa157c538b5a932,USGS-03274615,00065,00011,2023-02-15 05:45:00+00:00,1.98,ft,Approved,,2025-09-01 20:21:53.716170+00:00
,,11806766-22cf-4fb2-8186-e32e97a58fc3,0c49166273014487baa157c538b5a932,USGS-03274615,00065,00011,2023-02-15 05:30:00+00:00,1.93,ft,Approved,,2025-09-01 20:21:53.716170+00:00
,,5b173156-e793-4ec4-8c73-3f46870ae1d4,0c49166273014487baa157c538b5a932,USGS-03274615,00065,00011,2023-02-15 05:15:00+00:00,1.92,ft,Approved,,2025-09-01 20:21:53.716170+00:00
,,c37d4e2e-e592-4e36-8413-07f5f4413e89,0c49166273014487baa157c538b5a932,USGS-03274615,00065,00011,2023-02-15 05:00:00+00:00,1.89,ft,Approved,,2025-09-01 20:21:53.716170+00:00
,,0f44669a-c4c7-4e0a-aaa6-09c63e9a8151,0c49166273014487baa157c538b5a932,USGS-03274615,00065,00011,2023-02-15 04:45:00+00:00,1.97,ft,Approved,,2025-09-01 20:21:53.716170+00:00
,,7be7efea-653b-4341-9cd4-df3850ddc5b9,0c49166273014487baa157c538b5a932,USGS-03274615,00065,00011,2023-02-15 04:30:00+00:00,2.01,ft,Approved,,2025-09-01 20:21:53.716170+00:00
,,82ac40af-e014-43b9-96d1-951abe242da6,0c49166273014487baa157c538b5a932,USGS-03274615,00065,00011,2023-02-15 04:15:00+00:00,2.05,ft,Approved,,2025-09-01 20:21:53.716170+00:00
,,c9531cbc-5195-4368-99bf-97b47ff35dfa,0c49166273014487baa157c538b5a932,USGS-03274615,00065,00011,2023-02-15 04:00:00+00:00,2.06,ft,Approved,,2025-09-01 20:21:53.716170+00:00
,,c48c3b8e-761f-471d-a337-060d76b842ba,0c49166273014487baa157c538b5a932,USGS-03274615,00065,00011,2023-02-15 03:45:00+00:00,2.08,ft,Approved,,2025-09-01 20:21:53.716170+00:00
,,83dd661b-3a62-4872-83a1-590c0c964018,0c49166273014487baa157c538b5a932,USGS-03274615,00065,00011,2023-02-15 03:30:00+00:00,2.09,ft,Approved,,2025-09-01 20:21:53.716170+00:00
,,dc9d29ed-6adc-42a3-9c12-1a444f26ad7d,0c49166273014487baa157c538b5a932,USGS-03274615,00065,00011,2023-02-15 03:15:00+00:00,2.10,ft,Approved,,2025-09-01 20:21:53.716170+00:00
,,8d664ba0-1b68-49a0-93e3-0bb485a1a765,0c49166273014487baa157c538b5a932,USGS-03274615,00065,00011,2023-02-15 03:00:00+00:00,2.00,ft,Approved,,2025-09-01 20:21:53.716170+00:00
,,5f75e297-ef85-4df9-938f-ef27a49275c0,0c49166273014487baa157c538b5a932,USGS-03274615,00065,00011,2023-02-15 02:45:00+00:00,2.00,ft,Approved,,2025-09-01 20:21:53.716170+00:00
,,e0ad985c-46ad-47ed-b838-6300b949e7f8,0c49166273014487baa157c538b5a932,USGS-03274615,00065,00011,2023-02-15 02:30:00+00:00,1.95,ft,Approved,,2025-09-01 20:21:53.716170+00:00
,,40aefc4a-7cba-4460-b97b-bea0c729a9d3,0c49166273014487baa157c538b5a932,USGS-03274615,00065,00011,2023-02-15 02:15:00+00:00,2.10,ft,Approved,,2025-09-01 20:21:53.716170+00:00
,,35152a03-7744-4524-a4c2-217d051bdd0a,0c49166273014487baa157c538b5a932,USGS-03274615,00065,00011,2023-02-15 02:00:00+00:00,2.02,ft,Approved,,2025-09-01 20:21:53.716170+00:00
,,40127d6f-186c-4e7d-9d80-398644312691,0c49166273014487baa157c538b5a932,USGS-03274615,00065,00011,2023-02-15 01:45:00+00:00,1.94,ft,Approved,,2025-09-01 20:21:53.716170+00:00
,,5e9ddf25-ed5a-4501-99c4-d779e9978b45,0c49166273014487baa157c538b5a932,USGS-03274615,00065,00011,2023-02-15 01:30:00+00:00,1.94,ft,Approved,,2025-09-01 20:21:53.716170+00:00
,,308a9ddf-6856-424d-ad6d-f953ead14a01,0c49166273014487baa157c538b5a932,USGS-03274615,00065,00011,2023-02-15 01:15:00+00:00,1.98,ft,Approved,,2025-09-01 20:21:53.716170+00:00
,,da42db99-e982-4746-9ab1-a2883bf4eef7,0c49166273014487baa157c538b5a932,USGS-03274615,00065,00011,2023-02-15 01:00:00+00:00,2.05,ft,Approved,,2025-09-01 20:21:53.716170+00:00
,,0ece622b-6692-4e65-a181-ed570dad1c62,0c49166273014487baa157c538b5a932,USGS-03274615,00065,00011,2023-02-15 00:45:00+00:00,2.08,ft,Approved,,2025-09-01 20:21:53.716170+00:00
,,ee2a8476-8be6-4274-a15a-3e2eaeaf81e1,0c49166273014487baa157c538b5a932,USGS-03274615,00065,00011,2023-02-15 00:30:00+00:00,2.03,ft,Approved,,2025-09-01 20:21:53.716170+00:00
,,a0c11df6-dc85-4ea5-8125-31728ebe6d98,0c49166273014487baa157c538b5a932,USGS-03274615,00065,00011,2023-02-15 00:15:00+00:00,2.11,ft,Approved,,2025-09-01 20:21:53.716170+00:00
,,706f6be3-e970-4372-8e50-9156503bdc4d,0c49166273014487baa157c538b5a932,USGS-03274615,00065,00011,2023-02-15 00:00:00+00:00,2.09,ft,Approved,,2025-09-01 20:21:53.716170+00:00
,,8797570f-3425-4b08-a849-776c95f9187d,0c49166273014487baa157c538b5a932,USGS-03274615,00065,00011,2023-02-14 23:45:00+00:00,2.06,ft,Approved,,2025-09-01 20:21:53.716170+00:00
,,ec2e25e3-366a-485f-9cd2-0f20f11fa4de,0c49166273014487baa157c538b5a932,USGS-03274615,00065,00011,2023-02-14 23:30:00+00:00,2.13,ft,Approved,,2025-09-01 20:21:53.716170+00:00
,,0cde94ee-6c89-4834-b386-668a3b006871,0c49166273014487baa157c538b5a932,USGS-03274615,00065,00011,2023-02-14 23:15:00+00:00,2.12,ft,Approved,,2025-09-01 20:21:53.716170+00:00
,,f8de6736-9ee4-4e9b-bbb1-6c02258ee1e5,0c49166273014487baa157c538b5a932,USGS-03274615,00065,00011,2023-02-14 23:00:00+00:00,2.12,ft,Approved,,2025-09-01 20:21:53.716170+00:00
,,974d7e61-5353-4e2e-83af-f30e8ea7f16b,0c49166273014487baa157c538b5a932,USGS-03274615,00065,00011,2023-02-14 22:45:00+00:00,2.04,ft,Approved,,2025-09-01 20:21:53.716170+00:00
,,34b56d2c-c45c-449d-a27d-60b64c3898da,0c49166273014487baa157c538b5a932,USGS-03274615,00065,00011,2023-02-14 22:30:00+00:00,2.14,ft,Approved,,2025-09-01 20:21:53.716170+00:00
,,8fcd5b7b-be98-4f05-bba1-2071b3edb88a,0c49166273014487baa157c538b5a932,USGS-03274615,00065,00011,2023-02-14 22:15:00+00:00,2.11,ft,Approved,,2025-09-01 20:21:53.716170+00:00
,,dc9338e3-13a4-4e29-be34-5d68cc35edb9,0c49166273014487baa157c538b5a932,USGS-03274615,00065,00011,2023-02-14 22:00:00+00:00,2.09,ft,Approved,,2025-09-01 20:21:53.716170+00:00
,,a1f2be1e-3568-4bd6-a724-b1382d4045c5,0c49166273014487baa157c538b5a932,USGS-03274615,00065,00011,2023-02-14 21:45:00+00:00,2.14,ft,Approved,,2025-09-01 20:21:53.716170+00:00
,,fb8a80dc-5446-409b-8d33-e89211c49db8,0c49166273014487baa157c538b5a932,USGS-03274615,00065,00011,2023-02-14 21:30:00+00:00,2.15,ft,Approved,,2025-09-01 20:21:53.716170+00:00
,,a6aea017-b7c6-466e-bd68-4d841c5a4d8d,0c49166273014487baa157c538b5a932,USGS-03274615,00065,00011,2023-02-14 21:15:00+00:00,2.17,ft,Approved,,2025-09-01 20:21:53.716170+00:00
,,108f66d9-a9d0-4871-b49e-ef8f6c367d8a,0c49166273014487baa157c538b5a932,USGS-03274615,00065,00011,2023-02-14 21:00:00+00:00,2.16,ft,Approved,,2025-09-01 20:21:53.716170+00:00
,,6764f7de-06cb-42d0-a935-50f61e460a54,0c49166273014487baa157c538b5a932,USGS-03274615,00065,00011,2023-02-14 20:45:00+00:00,2.16,ft,Approved,,2025-09-01 20:21:53.716170+00:00
,,2d222852-43a1-4f1c-b388-c8d55cf57efd,0c49166273014487baa157c538b5a932,USGS-03274615,00065,00011,2023-02-14 20:30:00+00:00,2.15,ft,Approved,,2025-09-01 20:21:53.716170+00:00
,,d830b128-4322-4e38-bfc3-b3bf2cec805f,0c49166273014487baa157c538b5a932,USGS-03274615,00065,00011,2023-02-14 20:15:00+00:00,2.10,ft,Approved,,2025-09-01 20:21:53.716170+00:00
,,b5c4f641-1a8c-4ab8-9977-c7667240b570,0c49166273014487baa157c538b5a932,USGS-03274615,00065,00011,2023-02-14 20:00:00+00:00,2.14,ft,Approved,,2025-09-01 20:21:53.716170+00:00
,,7276c43c-3871-4430-9052-347f2c0612c6,0c49166273014487baa157c538b5a932,USGS-03274615,00065,00011,2023-02-14 19:45:00+00:00,2.10,ft,Approved,,2025-09-01 20:21:53.716170+00:00
,,19161b33-ea04-4458-b4d2-0bf05bee93c0,0c49166273014487baa157c538b5a932,USGS-03274615,00065,00011,2023-02-14 19:30:00+00:00,2.09,ft,Approved,,2025-09-01 20:21:53.716170+00:00
,,97b1d897-292d-4f96-bb0b-12463b1eb648,0c49166273014487baa157c538b5a932,USGS-03274615,00065,00011,2023-02-14 19:15:00+00:00,2.17,ft,Approved,,2025-09-01 20:21:53.716170+00:00
,,05bb5154-4782-47fa-ad24-2abc9d91bb8e,0c49166273014487baa157c538b5a932,USGS-03274615,00065,00011,2023-02-14 19:00:00+00:00,2.16,ft,Approved,,2025-09-01 20:21:53.716170+00:00
,,599a2c42-7486-4fb8-b350-14f9baa69a23,0c49166273014487baa157c538b5a932,USGS-03274615,00065,00011,2023-02-14 18:45:00+00:00,2.10,ft,Approved,,2025-09-01 20:21:53.716170+00:00
,,bffd7931-4e85-4464-98fb-489885d80e6c,0c49166273014487baa157c538b5a932,USGS-03274615,00065,00011,2023-02-14 18:30:00+00:00,2.12,ft,Approved,,2025-09-01 20:21:53.716170+00:00
,,d859ec88-4890-44dc-83c0-7f06766c4186,0c49166273014487baa157c538b5a932,USGS-03274615,00065,00011,2023-02-14 18:15:00+00:00,2.10,ft,Approved,,2025-09-01 20:21:53.716170+00:00
,,4b11d87e-7f15-4936-8233-9d524f5936b5,0c49166273014487baa157c538b5a932,USGS-03274615,00065,00011,2023-02-14 18:00:00+00:00,2.18,ft,Approved,,2025-09-01 20:21:53.716170+00:00
,,0251b67c-802b-421f-a74f-a75b63cb07b0,0c49166273014487baa157c538b5a932,USGS-03274615,00065,00011,2023-02-14 17:45:00+00:00,2.18,ft,Approved,,2025-09-01 20:21:53.716170+00:00
,,7a152438-bf7e-4924-9132-682de511e4d5,0c49166273014487baa157c538b5a932,USGS-03274615,00065,00011,2023-02-14 17:30:00+00:00,2.17,ft,Approved,,2025-09-01 20:21:53.716170+00:00
,,c9e8942e-d055-403b-a426-a5ee5f12c54e,0c49166273014487baa157c538b5a932,USGS-03274615,00065,00011,2023-02-14 17:15:00+00:00,2.15,ft,Approved,,2025-09-01 20:21:53.716170+00:00
,,9f398b19-ceae-4e74-b6bd-966427a5b5f6,0c49166273014487baa157c538b5a932,USGS-03274615,00065,00011,2023-02-14 17:00:00+00:00,2.18,ft,Approved,,2025-09-01 20:21:53.716170+00:00
,,8848b54a-a85d-42ca-b528-b6abd4778768,0c49166273014487baa157c538b5a932,USGS-03274615,00065,00011,2023-02-14 16:45:00+00:00,2.17,ft,Approved,,2025-09-01 20:21:53.716170+00:00
,,c49c3137-32e5-46a2-bae2-cb6592a35332,0c49166273014487baa157c538b5a932,USGS-03274615,00065,00011,2023-02-14 16:30:00+00:00,2.04,ft,Approved,,2025-09-01 20:21:53.716170+00:00
,,2837aa94-fca1-4916-b4f3-bc10f9e8eec4,0c49166273014487baa157c538b5a932,USGS-03274615,00065,00011,2023-02-14 16:15:00+00:00,2.15,ft,Approved,,2025-09-01 20:21:53.716170+00:00
,,52dfc87a-569d-4894-b4fa-bcebb5a2d3ad,0c49166273014487baa157c538b5a932,USGS-03274615,00065,00011,2023-02-14 16:00:00+00:00,2.16,ft,Approved,,2025-09-01 20:21:53.716170+00:00
,,da9668f9-5d2d-46ec-a1ac-9fec35467d1f,0c49166273014487baa157c538b5a932,USGS-03274615,00065,00011,2023-02-14 15:45:00+00:00,2.19,ft,Approved,,2025-09-01 20:21:53.716170+00:00
,,e5ea0278-9280-4312-b300-0377a5a8da18,0c49166273014487baa157c538b5a932,USGS-03274615,00065,00011,2023-02-14 15:30:00+00:00,2.20,ft,Approved,,2025-09-01 20:21:53.716170+00:00
,,6edaf109-d099-49e9-a64b-07dce5de53e2,0c49166273014487baa157c538b5a932,USGS-03274615,00065,00011,2023-02-14 15:15:00+00:00,2.20,ft,Approved,,2025-09-01 20:21:53.716170+00:00
,,7996fda9-efb3-4e3c-8b1a-9cb0615aa13f,0c49166273014487baa157c538b5a932,USGS-03274615,00065,00011,2023-02-14 15:00:00+00:00,2.20,ft,Approved,,2025-09-01 20:21:53.716170+00:00
,,1e2374db-3cac-48c8-bf04-cfb47882a355,0c49166273014487baa157c538b5a932,USGS-03274615,00065,00011,2023-02-14 14:45:00+00:00,2.21,ft,Approved,,2025-09-01 20:21:53.716170+00:00
,,984017f2-95e8-4798-9d06-fd9a0958b993,0c49166273014487baa157c538b5a932,USGS-03274615,00065,00011,2023-02-14 14:30:00+00:00,2.21,ft,Approved,,2025-09-01 20:21:53.716170+00:00
,,7b7b2d9c-bb28-4bc2-b536-f2ce30e98c34,0c49166273014487baa157c538b5a932,USGS-03274615,00065,00011,2023-02-14 14:15:00+00:00,2.21,ft,Approved,,2025-09-01 20:21:53.716170+00:00
,,f30b44c5-e71c-4f0f-9287-51c7cbf6d660,0c49166273014487baa157c538b5a932,USGS-03274615,00065,00011,2023-02-14 14:00:00+00:00,2.21,ft,Approved,,2025-09-01 20:21:53.716170+00:00
,,4892a17e-35cb-4f82-b67f-f588ef866227,0c49166273014487baa157c538b5a932,USGS-03274615,00065,00011,2023-02-14 13:45:00+00:00,2.21,ft,Approved,,2025-09-01 20:21:53.716170+00:00
,,bb4b7b25-7c6c-4bc4-9670-1cd1636fdf55,0c49166273014487baa157c538b5a932,USGS-03274615,00065,00011,2023-02-14 13:30:00+00:00,2.22,ft,Approved,,2025-09-01 20:21:53.716170+00:00
,,d14dd2d6-36db-4866-b1ed-b5a86e05e078,0c49166273014487baa157c538b5a932,USGS-03274615,00065,00011,2023-02-14 13:15:00+00:00,2.21,ft,Approved,,2025-09-01 20:21:53.716170+00:00
,,1ace4d74-f971-4fcf-8891-e92f1080d01d,0c49166273014487baa157c538b5a932,USGS-03274615,00065,00011,2023-02-14 13:00:00+00:00,2.21,ft,Approved,,2025-09-01 20:21:53.716170+00:00
,,eb643071-da62-4d51-bf9f-d2b87a26271d,0c49166273014487baa157c538b5a932,USGS-03274615,00065,00011,2023-02-14 12:45:00+00:00,2.22,ft,Approved,,2025-09-01 20:21:53.716170+00:00
,,135becf7-afda-4bca-9930-1228f7d12c2c,0c49166273014487baa157c538b5a932,USGS-03274615,00065,00011,2023-02-14 12:30:00+00:00,2.23,ft,Approved,,2025-09-01 20:21:53.716170+00:00
,,7f590e54-52a4-4371-a7a3-492177b7377f,0c49166273014487baa157c538b5a932,USGS-03274615,00065,00011,2023-02-14 12:15:00+00:00,2.23,ft,Approved,,2025-09-01 20:21:53.716170+00:00
,,de2d4af0-b397-42c1-8776-38836bdaddd2,0c49166273014487baa157c538b5a932,USGS-03274615,00065,00011,2023-02-14 12:00:00+00:00,2.24,ft,Approved,,2025-09-01 20:21:53.716170+00:00
,,ccbf37ed-51aa-4645-b693-c2848248cdde,0c49166273014487baa157c538b5a932,USGS-03274615,00065,00011,2023-02-14 11:45:00+00:00,2.23,ft,Approved,,2025-09-01 20:21:53.716170+00:00
,,8a1004fd-3d5a-4b63-89c4-aa60112b150b,0c49166273014487baa157c538b5a932,USGS-03274615,00065,00011,2023-02-14 11:30:00+00:00,2.23,ft,Approved,,2025-09-01 20:21:53.716170+00:00
,,16daf644-87ac-470c-9521-b71b4ecee22f,0c49166273014487baa157c538b5a932,USGS-03274615,00065,00011,2023-02-14 11:15:00+00:00,2.23,ft,Approved,,2025-09-01 20:21:53.716170+00:00
,,89c78055-07ac-47e4-aba4-e18d7f62466e,0c49166273014487baa157c538b5a932,USGS-03274615,00065,00011,2023-02-14 11:00:00+00:00,2.23,ft,Approved,,2025-09-01 20:21:53.716170+00:00
,,45800b9b-799a-403c-b32f-b3c73a70a3f0,0c49166273014487baa157c538b5a932,USGS-03274615,00065,00011,2023-02-14 10:45:00+00:00,2.25,ft,Approved,,2025-09-01 20:21:53.716170+00:00
,,3b977d7b-aa86-45d7-857e-d16c35b03732,0c49166273014487baa157c538b5a932,USGS-03274615,00065,00011,2023-02-14 10:30:00+00:00,2.24,ft,Approved,,2025-09-01 20:21:53.716170+00:00
,,5296cb13-44a3-477f-8f71-38b0455481d2,0c49166273014487baa157c538b5a932,USGS-03274615,00065,00011,2023-02-14 10:15:00+00:00,2.24,ft,Approved,,2025-09-01 20:21:53.716170+00:00
,,82042d84-939e-4c93-89c1-002e4459a46e,0c49166273014487baa157c538b5a932,USGS-03274615,00065,00011,2023-02-14 10:00:00+00:00,2.24,ft,Approved,,2025-09-01 20:21:53.716170+00:00
,,5dbee90a-2d79-4763-9296-a261b09cadcd,0c49166273014487baa157c538b5a932,USGS-03274615,00065,00011,2023-02-14 09:45:00+00:00,2.25,ft,Approved,,2025-09-01 20:21:53.716170+00:00
,,86e1a79d-af64-4670-b902-779ef2c309d3,0c49166273014487baa157c538b5a932,USGS-03274615,00065,00011,2023-02-14 09:30:00+00:00,2.24,ft,Approved,,2025-09-01 20:21:53.716170+00:00
,,b44fb514-f8c5-4022-a9e8-5f7dc1b42365,0c49166273014487baa157c538b5a932,USGS-03274615,00065,00011,2023-02-14 09:15:00+00:00,2.25,ft,Approved,,2025-09-01 20:21:53.716170+00:00
,,5b162986-c662-4263-9e45-0448403c1a8e,0c49166273014487baa157c538b5a932,USGS-03274615,00065,00011,2023-02-14 09:00:00+00:00,2.25,ft,Approved,,2025-09-01 20:21:53.716170+00:00
,,8917debe-cadf-4032-accc-8b02342b2d24,0c49166273014487baa157c538b5a932,USGS-03274615,00065,00011,2023-02-14 08:45:00+00:00,2.26,ft,Approved,,2025-09-01 20:21:53.716170+00:00
,,a3b12eb0-66d8-4aba-885d-265fdb588144,0c49166273014487baa157c538b5a932,USGS-03274615,00065,00011,2023-02-14 08:30:00+00:00,2.25,ft,Approved,,2025-09-01 20:21:53.716170+00:00
,,bb6cae6d-98e4-4469-877d-92f5dc19a989,0c49166273014487baa157c538b5a932,USGS-03274615,00065,00011,2023-02-14 08:15:00+00:00,2.25,ft,Approved,,2025-09-01 20:21:53.716170+00:00
,,fe98db7f-ea70-45cf-bbf1-8c3efbf30929,0c49166273014487baa157c538b5a932,USGS-03274615,00065,00011,2023-02-14 08:00:00+00:00,2.26,ft,Approved,,2025-09-01 20:21:53.716170+00:00
,,c8dad2ad-2d93-4bfd-8648-ce8f7f5dd852,0c49166273014487baa157c538b5a932,USGS-03274615,00065,00011,2023-02-14 07:45:00+00:00,2.27,ft,Approved,,2025-09-01 20:21:53.716170+00:00
,,ce753a19-5f23-4f79-abfd-28cc00e029f3,0c49166273014487baa157c538b5a932,USGS-03274615,00065,00011,2023-02-14 07:30:00+00:00,2.26,ft,Approved,,2025-09-01 20:21:53.716170+00:00
,,57d1515d-1ab8-4613-b2f0-fe896cc494c2,0c49166273014487baa157c538b5a932,USGS-03274615,00065,00011,2023-02-14 07:15:00+00:00,2.26,ft,Approved,,2025-09-01 20:21:53.716170+00:00
,,d653ebf3-1178-4bd5-8b4f-5aa1143f4911,0c49166273014487baa157c538b5a932,USGS-03274615,00065,00011,2023-02-14 07:00:00+00:00,2.26,ft,Approved,,2025-09-01 20:21:53.716170+00:00
,,27a5bb86-6483-4b89-8307-67745eb4f014,0c49166273014487baa157c538b5a932,USGS-03274615,00065,00011,2023-02-14 06:45:00+00:00,2.27,ft,Approved,,2025-09-01 20:21:53.716170+00:00
,,75854eeb-e4bb-4bed-a856-879c4fca4900,0c49166273014487baa157c538b5a932,USGS-03274615,00065,00011,2023-02-14 06:30:00+00:00,2.27,ft,Approved,,2025-09-01 20:21:53.716170+00:00
,,d899e807-b1c3-451d-857e-88ec54b72f2c,0c49166273014487baa157c538b5a932,USGS-03274615,00065,00011,2023-02-14 06:15:00+00:00,2.27,ft,Approved,,2025-09-01 20:21:53.716170+00:00
,,e1d53b09-30e3-476b-8f1a-77d5f5e50e8c,0c49166273014487baa157c538b5a932,USGS-03274615,00065,00011,2023-02-14 06:00:00+00:00,2.28,ft,Approved,,2025-09-01 20:21:53.716170+00:00
,,cfcf86cb-3a4a-43f4-9a00-7c21d48ff5a3,0c49166273014487baa157c538b5a932,USGS-03274615,00065,00011,2023-02-14 05:45:00+00:00,2.28,ft,Approved,,2025-09-01 20:21:53.716170+00:00
,,4d82fe3e-5900-4081-b241-4a0789ad3088,0c49166273014487baa157c538b5a932,USGS-03274615,00065,00011,2023-02-14 05:30:00+00:00,2.28,ft,Approved,,2025-09-01 20:21:53.716170+00:00
,,0db29b13-2c52-4209-badd-b0645809579b,0c49166273014487baa157c538b5a932,USGS-03274615,00065,00011,2023-02-14 05:15:00+00:00,2.28,ft,Approved,,2025-09-01 20:21:53.716170+00:00
,,667174b6-6a65-4497-a966-53f948289d8c,0c49166273014487baa157c538b5a932,USGS-03274615,00065,00011,2023-02-14 05:00:00+00:00,2.29,ft,Approved,,2025-09-01 20:21:53.716170+00:00
,,dfd404a1-e4b5-4cc2-840c-7821623b2111,0c49166273014487baa157c538b5a932,USGS-03274615,00065,00011,2023-02-14 04:45:00+00:00,2.28,ft,Approved,,2025-09-01 20:21:53.716170+00:00
,,7afb7ccf-b284-43fd-9bef-ac7e381d430b,0c49166273014487baa157c538b5a932,USGS-03274615,00065,00011,2023-02-14 04:30:00+00:00,2.28,ft,Approved,,2025-09-01 20:21:53.716170+00:00
,,d12ccb83-2398-4ac6-9fa7-a8363c332fb9,0c49166273014487baa157c538b5a932,USGS-03274615,00065,00011,2023-02-14 04:15:00+00:00,2.29,ft,Approved,,2025-09-01 20:21:53.716170+00:00
,,12c90006-eca4-4cb0-86f9-5f47209730ea,0c49166273014487baa157c538b5a932,USGS-03274615,00065,00011,2023-02-14 04:00:00+00:00,2.28,ft,Approved,,2025-09-01 20:21:53.716170+00:00
,,e75412d6-d4c4-4629-be84-a34367b23ae0,0c49166273014487baa157c538b5a932,USGS-03274615,00065,00011,2023-02-14 03:45:00+00:00,2.29,ft,Approved,,2025-09-01 20:21:53.716170+00:00
,,153667fb-7f02-4371-9ad6-b7e537d6fdeb,0c49166273014487baa157c538b5a932,USGS-03274615,00065,00011,2023-02-14 03:30:00+00:00,2.29,ft,Approved,,2025-09-01 20:21:53.716170+00:00
,,fb59b7f0-08cc-42c3-8e00-e5a6c54f7f68,0c49166273014487baa157c538b5a932,USGS-03274615,00065,00011,2023-02-14 03:15:00+00:00,2.29,ft,Approved,,2025-09-01 20:21:53.716170+00:00
,,962e7002-e13a-4fc2-abc4-b1276c322ceb,0c49166273014487baa157c538b5a932,USGS-03274615,00065,00011,2023-02-14 03:00:00+00:00,2.30,ft,Approved,,2025-09-01 20:21:53.716170+00:00
,,3d1fd391-d65b-4afe-8201-010e139b2181,0c49166273014487baa157c538b5a932,USGS-03274615,00065,00011,2023-02-14 02:45:00+00:00,2.31,ft,Approved,,2025-09-01 20:21:53.716170+00:00
,,9000b1dc-652a-4c49-878e-68ba97c6bdce,0c49166273014487baa157c538b5a932,USGS-03274615,00065,00011,2023-02-14 02:30:00+00:00,2.30,ft,Approved,,2025-09-01 20:21:53.716170+00:00
,,a9d2d922-2b34-4659-ae5f-1acfd26c4501,0c49166273014487baa157c538b5a932,USGS-03274615,00065,00011,2023-02-14 02:15:00+00:00,2.30,ft,Approved,,2025-09-01 20:21:53.716170+00:00
,,f5841a5a-7312-4bbd-8fef-1c3113386af6,0c49166273014487baa157c538b5a932,USGS-03274615,00065,00011,2023-02-14 02:00:00+00:00,2.31,ft,Approved,,2025-09-01 20:21:53.716170+00:00
,,f0af4035-7fae-472d-a38f-c634c291e937,0c49166273014487baa157c538b5a932,USGS-03274615,00065,00011,2023-02-14 01:45:00+00:00,2.31,ft,Approved,,2025-09-01 20:21:53.716170+00:00
,,7217743f-dc73-4e9b-b803-644509a20c74,0c49166273014487baa157c538b5a932,USGS-03274615,00065,00011,2023-02-14 01:30:00+00:00,2.31,ft,Approved,,2025-09-01 20:21:53.716170+00:00
,,92c24da8-2512-482b-a838-8ecca0a8b80c,0c49166273014487baa157c538b5a932,USGS-03274615,00065,00011,2023-02-14 01:15:00+00:00,2.32,ft,Approved,,2025-09-01 20:21:53.716170+00:00
,,3b0feaf3-3564-4f9d-9cfa-c2a8cd72d00c,0c49166273014487baa157c538b5a932,USGS-03274615,00065,00011,2023-02-14 01:00:00+00:00,2.31,ft,Approved,,2025-09-01 20:21:53.716170+00:00
,,07a84fa0-7d68-4a04-9e6c-6cb23370f819,0c49166273014487baa157c538b5a932,USGS-03274615,00065,00011,2023-02-14 00:45:00+00:00,2.33,ft,Approved,,2025-09-01 20:21:53.716170+00:00
,,6fa5ae57-c678-4702-a0f4-1038c92725a1,0c49166273014487baa157c538b5a932,USGS-03274615,00065,00011,2023-02-14 00:30:00+00:00,2.33,ft,Approved,,2025-09-01 20:21:53.716170+00:00
,,c42f87a2-6c7b-4d35-a0a7-94f0f384cf42,0c49166273014487baa157c538b5a932,USGS-03274615,00065,00011,2023-02-14 00:15:00+00:00,2.33,ft,Approved,,2025-09-01 20:21:53.716170+00:00
,,63bd7cf6-d243-4527-bff7-2a9da242baaf,0c49166273014487baa157c538b5a932,USGS-03274615,00065,00011,2023-02-14 00:00:00+00:00,2.34,ft,Approved,,2025-09-01 20:21:53.716170+00:00
,,2160b0b9-c4ce-459e-9db3-d4f3ff5821e9,0c49166273014487baa157c538b5a932,USGS-03274615,00065,00011,2023-02-13 23:45:00+00:00,2.34,ft,Approved,,2025-09-01 20:21:53.716170+00:00
,,84fe7b29-d83d-4573-8692-5112db28d586,0c49166273014487baa157c538b5a932,USGS-03274615,00065,00011,2023-02-13 23:30:00+00:00,2.34,ft,Approved,,2025-09-01 20:21:53.716170+00:00
,,bd2fe4c1-fb5e-465b-89b2-8804cc1b1b0b,0c49166273014487baa157c538b5a932,USGS-03274615,00065,00011,2023-02-13 23:15:00+00:00,2.35,ft,Approved,,2025-09-01 20:21:53.716170+00:00
,,41153dd6-8ab3-4c4c-a314-d32faa33fa1f,0c49166273014487baa157c538b5a932,USGS-03274615,00065,00011,2023-02-13 23:00:00+00:00,2.34,ft,Approved,,2025-09-01 20:21:53.716170+00:00
,,87cc05a6-05a9-40dc-b27f-1b9123e86d88,0c49166273014487baa157c538b5a932,USGS-03274615,00065,00011,2023-02-13 22:45:00+00:00,2.34,ft,Approved,,2025-09-01 20:21:53.716170+00:00
,,58c6b0db-6798-4118-b897-5041629e65c7,0c49166273014487baa157c538b5a932,USGS-03274615,00065,00011,2023-02-13 22:30:00+00:00,2.34,ft,Approved,,2025-09-01 20:21:53.716170+00:00
,,89188294-6746-4916-8a67-aa4da95573ad,0c49166273014487baa157c538b5a932,USGS-03274615,00065,00011,2023-02-13 22:15:00+00:00,2.34,ft,Approved,,2025-09-01 20:21:53.716170+00:00
,,d80b0490-3ff3-41af-ba05-e4ef70c85bd4,0c49166273014487baa157c538b5a932,USGS-03274615,00065,00011,2023-02-13 22:00:00+00:00,2.34,ft,Approved,,2025-09-01 20:21:53.716170+00:00
,,0255c07c-46fc-49c9-8054-4851b50f6361,0c49166273014487baa157c538b5a932,USGS-03274615,00065,00011,2023-02-13 21:45:00+00:00,2.35,ft,Approved,,2025-09-01 20:21:53.716170+00:00
,,053d50bf-3386-443f-929a-32b22b887184,0c49166273014487baa157c538b5a932,USGS-03274615,00065,00011,2023-02-13 21:30:00+00:00,2.34,ft,Approved,,2025-09-01 20:21:53.716170+00:00
,,bd5352e4-0ceb-4709-b758-4889cb13b797,0c49166273014487baa157c538b5a932,USGS-03274615,00065,00011,2023-02-13 21:15:00+00:00,2.36,ft,Approved,,2025-09-01 20:21:53.716170+00:00
,,92893cbc-7cec-4376-a500-9e20933a8588,0c49166273014487baa157c538b5a932,USGS-03274615,00065,00011,2023-02-13 21:00:00+00:00,2.37,ft,Approved,,2025-09-01 20:21:53.716170+00:00
,,bdad701b-cb9a-4f47-a59f-156407b71a41,0c49166273014487baa157c538b5a932,USGS-03274615,00065,00011,2023-02-13 20:45:00+00:00,2.36,ft,Approved,,2025-09-01 20:21:53.716170+00:00
,,992e6925-19d3-47f9-89d4-568b6b18c217,0c49166273014487baa157c538b5a932,USGS-03274615,00065,00011,2023-02-13 20:30:00+00:00,2.37,ft,Approved,,2025-09-01 20:21:53.716170+00:00
,,3b2269d1-5838-403b-b83b-3b8e225c73b4,0c49166273014487baa157c538b5a932,USGS-03274615,00065,00011,2023-02-13 20:15:00+00:00,2.36,ft,Approved,,2025-09-01 20:21:53.716170+00:00
,,729ec20d-fe24-43ee-8b2a-237936793ab5,0c49166273014487baa157c538b5a932,USGS-03274615,00065,00011,2023-02-13 20:00:00+00:00,2.38,ft,Approved,,2025-09-01 20:21:53.716170+00:00
,,0daa0713-3338-4051-93bd-bf753e24d0fd,0c49166273014487baa157c538b5a932,USGS-03274615,00065,00011,2023-02-13 19:45:00+00:00,2.38,ft,Approved,,2025-09-01 20:21:53.716170+00:00
,,046ee633-cd1b-4f72-a23f-0c201d02424c,0c49166273014487baa157c538b5a932,USGS-03274615,00065,00011,2023-02-13 19:30:00+00:00,2.40,ft,Approved,,2025-09-01 20:21:53.716170+00:00
,,ddebdc02-f487-4c8c-abfd-d55abfeb9481,0c49166273014487baa157c538b5a932,USGS-03274615,00065,00011,2023-02-13 19:15:00+00:00,2.37,ft,Approved,,2025-09-01 20:21:53.716170+00:00
,,4db72b6c-db8f-475c-98ee-6d3db5643a9b,0c49166273014487baa157c538b5a932,USGS-03274615,00065,00011,2023-02-13 19:00:00+00:00,2.40,ft,Approved,,2025-09-01 20:21:53.716170+00:00
,,873500ac-0f6f-48bb-9b77-7f86cd0c2420,0c49166273014487baa157c538b5a932,USGS-03274615,00065,00011,2023-02-13 18:45:00+00:00,2.39,ft,Approved,,2025-09-01 20:21:53.716170+00:00
,,b557b53c-d668-469c-b904-1258ce6d857f,0c49166273014487baa157c538b5a932,USGS-03274615,00065,00011,2023-02-13 18:30:00+00:00,2.40,ft,Approved,,2025-09-01 20:21:53.716170+00:00
,,19349403-fa0a-450c-b229-1c1fff91c0d9,0c49166273014487baa157c538b5a932,USGS-03274615,00065,00011,2023-02-13 18:15:00+00:00,2.39,ft,Approved,,2025-09-01 20:21:53.716170+00:00
,,d1cc86ca-eaa1-4031-a4e2-1f6eefbfef07,0c49166273014487baa157c538b5a932,USGS-03274615,00065,00011,2023-02-13 18:00:00+00:00,2.40,ft,Approved,,2025-09-01 20:21:53.716170+00:00
,,1655de75-188f-4c43-8576-0c32a5cc04f4,0c49166273014487baa157c538b5a932,USGS-03274615,00065,00011,2023-02-13 17:45:00+00:00,2.40,ft,Approved,,2025-09-01 20:21:53.716170+00:00
,,1ab4905d-5425-415a-afc2-e3de10db102a,0c49166273014487baa157c538b5a932,USGS-03274615,00065,00011,2023-02-13 17:30:00+00:00,2.41,ft,Approved,,2025-09-01 20:21:53.716170+00:00
,,e5027060-0cfb-410e-99e4-13a9c8a21110,0c49166273014487baa157c538b5a932,USGS-03274615,00065,00011,2023-02-13 17:15:00+00:00,2.40,ft,Approved,,2025-09-01 20:21:53.716170+00:00
,,15a41144-5d9e-4254-9306-5ad29a93c021,0c49166273014487baa157c538b5a932,USGS-03274615,00065,00011,2023-02-13 17:00:00+00:00,2.34,ft,Approved,,2025-09-01 20:21:53.716170+00:00
,,6af8bd62-3a64-4260-8efa-02ea2ebea7b8,0c49166273014487baa157c538b5a932,USGS-03274615,00065,00011,2023-02-13 16:45:00+00:00,2.39,ft,Approved,,2025-09-01 20:21:53.716170+00:00
,,6771acd4-51d3-4280-8be0-02be3d096cec,0c49166273014487baa157c538b5a932,USGS-03274615,00065,00011,2023-02-13 16:30:00+00:00,2.43,ft,Approved,,2025-09-01 20:21:53.716170+00:00
,,098fb8a1-d0c5-4c04-82c1-ed365845e8d6,0c49166273014487baa157c538b5a932,USGS-03274615,00065,00011,2023-02-13 16:15:00+00:00,2.42,ft,Approved,,2025-09-01 20:21:53.716170+00:00
,,62b0129b-c384-48d4-b96d-9f5d4f2e7580,0c49166273014487baa157c538b5a932,USGS-03274615,00065,00011,2023-02-13 16:00:00+00:00,2.35,ft,Approved,,2025-09-01 20:21:53.716170+00:00
,,472ec657-f7cf-4bf0-9b9f-b22ccc8a879e,0c49166273014487baa157c538b5a932,USGS-03274615,00065,00011,2023-02-13 15:45:00+00:00,2.38,ft,Approved,,2025-09-01 20:21:53.716170+00:00
,,c4ee6335-3b6f-4dc7-bf66-e621c11e957e,0c49166273014487baa157c538b5a932,USGS-03274615,00065,00011,2023-02-13 15:30:00+00:00,2.39,ft,Approved,,2025-09-01 20:21:53.716170+00:00
,,abfcced4-6632-4300-b78b-6ef2fe423761,0c49166273014487baa157c538b5a932,USGS-03274615,00065,00011,2023-02-13 15:15:00+00:00,2.39,ft,Approved,,2025-09-01 20:21:53.716170+00:00
,,76b0f322-ce3e-428c-9fa5-3905fe5ad59d,0c49166273014487baa157c538b5a932,USGS-03274615,00065,00011,2023-02-13 15:00:00+00:00,2.44,ft,Approved,,2025-09-01 20:21:53.716170+00:00
,,6c871dc0-23e4-4c80-ab11-fb9c71d3e484,0c49166273014487baa157c538b5a932,USGS-03274615,00065,00011,2023-02-13 14:45:00+00:00,2.46,ft,Approved,,2025-09-01 20:21:53.716170+00:00
,,46b25a81-c132-4eb3-8f54-c77425147a54,0c49166273014487baa157c538b5a932,USGS-03274615,00065,00011,2023-02-13 14:30:00+00:00,2.38,ft,Approved,,2025-09-01 20:21:53.716170+00:00
,,26b885be-58b4-4d9c-aac9-b33fcdb1c67e,0c49166273014487baa157c538b5a932,USGS-03274615,00065,00011,2023-02-13 14:15:00+00:00,2.36,ft,Approved,,2025-09-01 20:21:53.716170+00:00
,,f133efff-f3e1-4340-ab44-2c001fc7fcc6,0c49166273014487baa157c538b5a932,USGS-03274615,00065,00011,2023-02-13 14:00:00+00:00,2.39,ft,Approved,,2025-09-01 20:21:53.716170+00:00
,,d6fd1d8d-1edc-439d-9991-4a693aba1247,0c49166273014487baa157c538b5a932,USGS-03274615,00065,00011,2023-02-13 13:45:00+00:00,2.46,ft,Approved,,2025-09-01 20:21:53.716170+00:00
,,90ba1c28-2d3c-41da-ad91-b6766bc28246,0c49166273014487baa157c538b5a932,USGS-03274615,00065,00011,2023-02-13 13:30:00+00:00,2.46,ft,Approved,,2025-09-01 20:21:53.716170+00:00
,,cb25403d-21b5-4bf6-a945-e9ac6514c0c7,0c49166273014487baa157c538b5a932,USGS-03274615,00065,00011,2023-02-13 13:15:00+00:00,2.47,ft,Approved,,2025-09-01 20:21:53.716170+00:00
,,c8fea7f8-e52e-4dd7-936c-2d274ec0bd1e,0c49166273014487baa157c538b5a932,USGS-03274615,00065,00011,2023-02-13 13:00:00+00:00,2.48,ft,Approved,,2025-09-01 20:21:53.716170+00:00
,,da779e17-2e90-45e6-8839-57c4f2291680,0c49166273014487baa157c538b5a932,USGS-03274615,00065,00011,2023-02-13 12:45:00+00:00,2.47,ft,Approved,,2025-09-01 20:21:53.716170+00:00
,,95fab3a2-6a74-4abc-93ee-6a5e75f60d72,0c49166273014487baa157c538b5a932,USGS-03274615,00065,00011,2023-02-13 12:30:00+00:00,2.47,ft,Approved,,2025-09-01 20:21:53.716170+00:00
,,9f967238-0a51-4d61-b60f-77d31e6c23d2,0c49166273014487baa157c538b5a932,USGS-03274615,00065,00011,2023-02-13 12:15:00+00:00,2.47,ft,Approved,,2025-09-01 20:21:53.716170+00:00
,,d709a74d-a82b-4fc6-9c07-1b030c650177,0c49166273014487baa157c538b5a932,USGS-03274615,00065,00011,2023-02-13 12:00:00+00:00,2.49,ft,Approved,,2025-09-01 20:21:53.716170+00:00
,,216fa80f-fb7a-4f0e-a0d1-5dad96ab0192,0c49166273014487baa157c538b5a932,USGS-03274615,00065,00011,2023-02-13 11:45:00+00:00,2.49,ft,Approved,,2025-09-01 20:21:53.716170+00:00
,,931bad4f-0ca9-4bd5-8454-7fbc5ad36f1c,0c49166273014487baa157c538b5a932,USGS-03274615,00065,00011,2023-02-13 11:30:00+00:00,2.49,ft,Approved,,2025-09-01 20:21:53.716170+00:00
,,e566b214-c72b-44ba-b4a4-eb05db57cce0,0c49166273014487baa157c538b5a932,USGS-03274615,00065,00011,2023-02-13 11:15:00+00:00,2.48,ft,Approved,,2025-09-01 20:21:53.716170+00:00
,,c0a98423-236c-4f24-856d-e67400b13cf8,0c49166273014487baa157c538b5a932,USGS-03274615,00065,00011,2023-02-13 11:00:00+00:00,2.50,ft,Approved,,2025-09-01 20:21:53.716170+00:00
,,b0cfecd3-9c35-4ec1-a4ab-c60fb70651fb,0c49166273014487baa157c538b5a932,USGS-03274615,00065,00011,2023-02-13 10:45:00+00:00,2.51,ft,Approved,,2025-09-01 20:21:53.716170+00:00
,,e886357b-edb7-4255-b002-02ad11bf0ecc,0c49166273014487baa157c538b5a932,USGS-03274615,00065,00011,2023-02-13 10:30:00+00:00,2.51,ft,Approved,,2025-09-01 20:21:53.716170+00:00
,,20d088bb-2a13-43f3-8528-8b4881c061ee,0c49166273014487baa157c538b5a932,USGS-03274615,00065,00011,2023-02-13 10:15:00+00:00,2.50,ft,Approved,,2025-09-01 20:21:53.716170+00:00
,,ed160453-84d6-49d8-ac3b-35ba6f8bec34,0c49166273014487baa157c538b5a932,USGS-03274615,00065,00011,2023-02-13 10:00:00+00:00,2.50,ft,Approved,,2025-09-01 20:21:53.716170+00:00
,,dbda7159-3b35-4cba-8d02-aa8ed0f1f347,0c49166273014487baa157c538b5a932,USGS-03274615,00065,00011,2023-02-13 09:45:00+00:00,2.50,ft,Approved,,2025-09-01 20:21:53.716170+00:00
,,b4687a3d-f270-4e03-8e82-93e33eabf9b0,0c49166273014487baa157c538b5a932,USGS-03274615,00065,00011,2023-02-13 09:30:00+00:00,2.51,ft,Approved,,2025-09-01 20:21:53.716170+00:00
,,31c56b12-c4e4-4ba3-b784-009cec71eaf7,0c49166273014487baa157c538b5a932,USGS-03274615,00065,00011,2023-02-13 09:15:00+00:00,2.52,ft,Approved,,2025-09-01 20:21:53.716170+00:00
,,00b3f3d1-db27-47e2-a2da-8a89ef089567,0c49166273014487baa157c538b5a932,USGS-03274615,00065,00011,2023-02-13 09:00:00+00:00,2.52,ft,Approved,,2025-09-01 20:21:53.716170+00:00
,,8af7e275-1a3c-459c-93c5-9fe7bac54fe3,0c49166273014487baa157c538b5a932,USGS-03274615,00065,00011,2023-02-13 08:45:00+00:00,2.53,ft,Approved,,2025-09-01 20:21:53.716170+00:00
,,4763a828-4002-4852-a077-8758b739f726,0c49166273014487baa157c538b5a932,USGS-03274615,00065,00011,2023-02-13 08:30:00+00:00,2.54,ft,Approved,,2025-09-01 20:21:53.716170+00:00
,,199fef57-389c-43ed-a276-e7de0220116c,0c49166273014487baa157c538b5a932,USGS-03274615,00065,00011,2023-02-13 08:15:00+00:00,2.53,ft,Approved,,2025-09-01 20:21:53.716170+00:00
,,9cabee5b-cc45-4582-bc3c-85ac1c8eb8e2,0c49166273014487baa157c538b5a932,USGS-03274615,00065,00011,2023-02-13 08:00:00+00:00,2.54,ft,Approved,,2025-09-01 20:21:53.716170+00:00
,,2ecaabf3-f626-40f0-bfbe-df3d038810db,0c49166273014487baa157c538b5a932,USGS-03274615,00065,00011,2023-02-13 07:45:00+00:00,2.55,ft,Approved,,2025-09-01 20:21:53.716170+00:00
,,2791b210-24bd-4921-ad2d-bae9e3cf6d7c,0c49166273014487baa157c538b5a932,USGS-03274615,00065,00011,2023-02-13 07:30:00+00:00,2.55,ft,Approved,,2025-09-01 20:21:53.716170+00:00
,,13e81f41-76bf-484e-a0f5-3a1a8515c336,0c49166273014487baa157c538b5a932,USGS-03274615,00065,00011,2023-02-13 07:15:00+00:00,2.56,ft,Approved,,2025-09-01 20:21:53.716170+00:00
,,5b9f988d-8c50-43c7-83ce-5b43d636047b,0c49166273014487baa157c538b5a932,USGS-03274615,00065,00011,2023-02-13 07:00:00+00:00,2.55,ft,Approved,,2025-09-01 20:21:53.716170+00:00
,,aab80f70-8247-4375-a7cc-39eba6c0f4ed,0c49166273014487baa157c538b5a932,USGS-03274615,00065,00011,2023-02-13 06:45:00+00:00,2.56,ft,Approved,,2025-09-01 20:21:53.716170+00:00
,,56394ef4-15fb-4591-9d66-b51e812bad8e,0c49166273014487baa157c538b5a932,USGS-03274615,00065,00011,2023-02-13 06:30:00+00:00,2.56,ft,Approved,,2025-09-01 20:21:53.716170+00:00
,,a7b0e9b3-9b7b-460a-9ec1-771148aabab3,0c49166273014487baa157c538b5a932,USGS-03274615,00065,00011,2023-02-13 06:15:00+00:00,2.56,ft,Approved,,2025-09-01 20:21:53.716170+00:00
,,c0e9cc8e-738d-4ab9-8e28-f59fd0402052,0c49166273014487baa157c538b5a932,USGS-03274615,00065,00011,2023-02-13 06:00:00+00:00,2.58,ft,Approved,,2025-09-01 20:21:53.716170+00:00
,,35330165-00d1-443a-9825-05162d3623aa,0c49166273014487baa157c538b5a932,USGS-03274615,00065,00011,2023-02-13 05:45:00+00:00,2.56,ft,Approved,,2025-09-01 20:21:53.716170+00:00
,,8eadb8cf-294f-4734-a30f-deb7e8e39149,0c49166273014487baa157c538b5a932,USGS-03274615,00065,00011,2023-02-13 05:30:00+00:00,2.59,ft,Approved,,2025-09-01 20:21:53.716170+00:00
,,3f37d6e9-fbce-4165-9d33-82a7fe9c9c3e,0c49166273014487baa157c538b5a932,USGS-03274615,00065,00011,2023-02-13 05:15:00+00:00,2.58,ft,Approved,,2025-09-01 20:21:53.716170+00:00
,,7808ae5e-8dd7-49c6-ad19-5aff738e6cf6,0c49166273014487baa157c538b5a932,USGS-03274615,00065,00011,2023-02-13 05:00:00+00:00,2.58,ft,Approved,,2025-09-01 20:21:53.716170+00:00
,,bcfe9755-0250-4904-9f0c-c485d10c4311,0c49166273014487baa157c538b5a932,USGS-03274615,00065,00011,2023-02-13 04:45:00+00:00,2.59,ft,Approved,,2025-09-01 20:21:53.716170+00:00
,,3629b9a6-a476-4e53-87d3-34088ab53ab8,0c49166273014487baa157c538b5a932,USGS-03274615,00065,00011,2023-02-13 04:30:00+00:00,2.59,ft,Approved,,2025-09-01 20:21:53.716170+00:00
,,69f32186-5889-426c-8877-475ef5def606,0c49166273014487baa157c538b5a932,USGS-03274615,00065,00011,2023-02-13 04:15:00+00:00,2.59,ft,Approved,,2025-09-01 20:21:53.716170+00:00
,,a9a7e5aa-5348-48b3-a926-047c798328dd,0c49166273014487baa157c538b5a932,USGS-03274615,00065,00011,2023-02-13 04:00:00+00:00,2.62,ft,Approved,,2025-09-01 20:21:53.716170+00:00
,,6234f427-c607-4444-88b2-8d6a2fa168fe,0c49166273014487baa157c538b5a932,USGS-03274615,00065,00011,2023-02-13 03:45:00+00:00,2.61,ft,Approved,,2025-09-01 20:21:53.716170+00:00
,,36dc64bb-21c4-4626-ad13-bbd2838bad25,0c49166273014487baa157c538b5a932,USGS-03274615,00065,00011,2023-02-13 03:30:00+00:00,2.61,ft,Approved,,2025-09-01 20:21:53.716170+00:00
,,c950b3f1-7981-4f19-9a56-42eeb53463ad,0c49166273014487baa157c538b5a932,USGS-03274615,00065,00011,2023-02-13 03:15:00+00:00,2.61,ft,Approved,,2025-09-01 20:21:53.716170+00:00
,,b166345f-85ea-4996-a3e1-b43176025ed2,0c49166273014487baa157c538b5a932,USGS-03274615,00065,00011,2023-02-13 03:00:00+00:00,2.61,ft,Approved,,2025-09-01 20:21:53.716170+00:00
,,975007ee-2094-4ebc-974b-fa8b7386ff04,0c49166273014487baa157c538b5a932,USGS-03274615,00065,00011,2023-02-13 02:45:00+00:00,2.63,ft,Approved,,2025-09-01 20:21:53.716170+00:00
,,2cd7fbe7-22bc-4c21-a8a5-83ddc112acbb,0c49166273014487baa157c538b5a932,USGS-03274615,00065,00011,2023-02-13 02:30:00+00:00,2.64,ft,Approved,,2025-09-01 20:21:53.716170+00:00
,,a3b919a0-0f5f-483a-9ed9-1d9727503482,0c49166273014487baa157c538b5a932,USGS-03274615,00065,00011,2023-02-13 02:15:00+00:00,2.64,ft,Approved,,2025-09-01 20:21:53.716170+00:00
,,39254406-9d0b-40f0-9866-a6e247786743,0c49166273014487baa157c538b5a932,USGS-03274615,00065,00011,2023-02-13 02:00:00+00:00,2.64,ft,Approved,,2025-09-01 20:21:53.716170+00:00
,,5685fb7c-b9fe-4859-a327-a9b9c4ee8fbf,0c49166273014487baa157c538b5a932,USGS-03274615,00065,00011,2023-02-13 01:45:00+00:00,2.65,ft,Approved,,2025-09-01 20:21:53.716170+00:00
,,26c03b99-b59d-4b20-874c-d13fb77c3bb2,0c49166273014487baa157c538b5a932,USGS-03274615,00065,00011,2023-02-13 01:30:00+00:00,2.65,ft,Approved,,2025-09-01 20:21:53.716170+00:00
,,148e0fe4-1357-4e88-9e1a-148c1105bc3c,0c49166273014487baa157c538b5a932,USGS-03274615,00065,00011,2023-02-13 01:15:00+00:00,2.65,ft,Approved,,2025-09-01 20:21:53.716170+00:00
,,586f0e1f-0a90-40b7-99c0-948f86eacca8,0c49166273014487baa157c538b5a932,USGS-03274615,00065,00011,2023-02-13 01:00:00+00:00,2.67,ft,Approved,,2025-09-01 20:21:53.716170+00:00
,,e3720d09-e86c-4627-a325-eedd990e8fbe,0c49166273014487baa157c538b5a932,USGS-03274615,00065,00011,2023-02-13 00:45:00+00:00,2.67,ft,Approved,,2025-09-01 20:21:53.716170+00:00
,,88494ba0-be04-4a0e-a4b2-e44559891b29,0c49166273014487baa157c538b5a932,USGS-03274615,00065,00011,2023-02-13 00:30:00+00:00,2.69,ft,Approved,,2025-09-01 20:21:53.716170+00:00
,,d070adc5-7dfb-4d5d-b384-3f9e11aadceb,0c49166273014487baa157c538b5a932,USGS-03274615,00065,00011,2023-02-13 00:15:00+00:00,2.69,ft,Approved,,2025-09-01 20:21:53.716170+00:00
,,526f3750-c338-4063-9117-551e4b52f54a,0c49166273014487baa157c538b5a932,USGS-03274615,00065,00011,2023-02-13 00:00:00+00:00,2.69,ft,Approved,,2025-09-01 20:21:53.716170+00:00
,,0334a1bf-c0b4-471c-8740-be346233459c,0c49166273014487baa157c538b5a932,USGS-03274615,00065,00011,2023-02-12 23:45:00+00:00,2.70,ft,Approved,,2025-09-01 20:21:53.716170+00:00
,,122a04b8-4573-43e9-a4f4-db58ba3b2934,0c49166273014487baa157c538b5a932,USGS-03274615,00065,00011,2023-02-12 23:30:00+00:00,2.71,ft,Approved,,2025-09-01 20:21:53.716170+00:00
,,f3e6246c-5ae0-4889-97ad-72f3c0dd7a59,0c49166273014487baa157c538b5a932,USGS-03274615,00065,00011,2023-02-12 23:15:00+00:00,2.71,ft,Approved,,2025-09-01 20:21:53.716170+00:00
,,6362e9af-5480-445a-8965-626620e53646,0c49166273014487baa157c538b5a932,USGS-03274615,00065,00011,2023-02-12 23:00:00+00:00,2.72,ft,Approved,,2025-09-01 20:21:53.716170+00:00
,,a7cea768-d6a3-4285-917e-88e5c5eb2e3e,0c49166273014487baa157c538b5a932,USGS-03274615,00065,00011,2023-02-12 22:45:00+00:00,2.72,ft,Approved,,2025-09-01 20:21:53.716170+00:00
,,e3f84e5d-e385-4a08-ad29-c13e6296d2bc,0c49166273014487baa157c538b5a932,USGS-03274615,00065,00011,2023-02-12 22:30:00+00:00,2.72,ft,Approved,,2025-09-01 20:21:53.716170+00:00
,,8d59d0ab-8a4a-493a-b8cc-85faf857754f,0c49166273014487baa157c538b5a932,USGS-03274615,00065,00011,2023-02-12 22:15:00+00:00,2.72,ft,Approved,,2025-09-01 20:21:53.716170+00:00
,,4215a54f-ff2a-4ccf-8145-059613b724e7,0c49166273014487baa157c538b5a932,USGS-03274615,00065,00011,2023-02-12 22:00:00+00:00,2.75,ft,Approved,,2025-09-01 20:21:53.716170+00:00
,,ec16c806-e3db-45fe-a249-0d1e0213aa35,0c49166273014487baa157c538b5a932,USGS-03274615,00065,00011,2023-02-12 21:45:00+00:00,2.73,ft,Approved,,2025-09-01 20:21:53.716170+00:00
,,d8a36e3c-edd7-486f-987f-16651a829773,0c49166273014487baa157c538b5a932,USGS-03274615,00065,00011,2023-02-12 21:30:00+00:00,2.74,ft,Approved,,2025-09-01 20:21:53.716170+00:00
,,0f0b7221-a700-43a1-8309-d9ac90c0ccd3,0c49166273014487baa157c538b5a932,USGS-03274615,00065,00011,2023-02-12 21:15:00+00:00,2.74,ft,Approved,,2025-09-01 20:21:53.716170+00:00
,,81201824-556a-4386-a067-077d4ca5a4cd,0c49166273014487baa157c538b5a932,USGS-03274615,00065,00011,2023-02-12 21:00:00+00:00,2.77,ft,Approved,,2025-09-01 20:21:53.716170+00:00
,,f7083aec-71aa-4f20-82e2-55a5e77375b6,0c49166273014487baa157c538b5a932,USGS-03274615,00065,00011,2023-02-12 20:45:00+00:00,2.77,ft,Approved,,2025-09-01 20:21:53.716170+00:00
,,cf39131a-c68f-4f65-b753-0175bc6a0bd3,0c49166273014487baa157c538b5a932,USGS-03274615,00065,00011,2023-02-12 20:30:00+00:00,2.78,ft,Approved,,2025-09-01 20:21:53.716170+00:00
,,fffc40ec-051e-4dcd-9ee3-f78a19881a15,0c49166273014487baa157c538b5a932,USGS-03274615,00065,00011,2023-02-12 20:15:00+00:00,2.76,ft,Approved,,2025-09-01 20:21:53.716170+00:00
,,163514f8-6a7d-4649-81c8-26590946734f,0c49166273014487baa157c538b5a932,USGS-03274615,00065,00011,2023-02-12 20:00:00+00:00,2.78,ft,Approved,,2025-09-01 20:21:53.716170+00:00
,,168f2b2f-10c8-4449-8bd6-075dc0cfd799,0c49166273014487baa157c538b5a932,USGS-03274615,00065,00011,2023-02-12 19:45:00+00:00,2.80,ft,Approved,,2025-09-01 20:21:53.716170+00:00
,,4ca298f1-bbc0-42ff-ab8a-ff50c4a8fa85,0c49166273014487baa157c538b5a932,USGS-03274615,00065,00011,2023-02-12 19:30:00+00:00,2.78,ft,Approved,,2025-09-01 20:21:53.716170+00:00
,,588b8c1c-616a-4e67-9ea9-910f2d7748ed,0c49166273014487baa157c538b5a932,USGS-03274615,00065,00011,2023-02-12 19:15:00+00:00,2.79,ft,Approved,,2025-09-01 20:21:53.716170+00:00
,,785e148b-e0e4-4484-9185-bc18a1c58080,0c49166273014487baa157c538b5a932,USGS-03274615,00065,00011,2023-02-12 19:00:00+00:00,2.77,ft,Approved,,2025-09-01 20:21:53.716170+00:00
,,497b9690-f6d9-4cc3-8812-fa6847d29474,0c49166273014487baa157c538b5a932,USGS-03274615,00065,00011,2023-02-12 18:45:00+00:00,2.80,ft,Approved,,2025-09-01 20:21:53.716170+00:00
,,4be1b687-4172-480b-8040-eb0b7095e4d9,0c49166273014487baa157c538b5a932,USGS-03274615,00065,00011,2023-02-12 18:30:00+00:00,2.79,ft,Approved,,2025-09-01 20:21:53.716170+00:00
,,39a98684-ba30-488e-94a9-af3f3430b255,0c49166273014487baa157c538b5a932,USGS-03274615,00065,00011,2023-02-12 18:15:00+00:00,2.76,ft,Approved,,2025-09-01 20:21:53.716170+00:00
,,cc3b8733-be45-4315-95fb-b47598ee916d,0c49166273014487baa157c538b5a932,USGS-03274615,00065,00011,2023-02-12 18:00:00+00:00,2.82,ft,Approved,,2025-09-01 20:21:53.716170+00:00
,,5153fc5f-57c9-442e-ae80-297c16c911f3,0c49166273014487baa157c538b5a932,USGS-03274615,00065,00011,2023-02-12 17:45:00+00:00,2.81,ft,Approved,,2025-09-01 20:21:53.716170+00:00
,,354714d2-bfd2-4570-a863-9d3160fc2122,0c49166273014487baa157c538b5a932,USGS-03274615,00065,00011,2023-02-12 17:30:00+00:00,2.78,ft,Approved,,2025-09-01 20:21:53.716170+00:00
,,222432f5-f2d3-46fd-a91c-b7c5f2747009,0c49166273014487baa157c538b5a932,USGS-03274615,00065,00011,2023-02-12 17:15:00+00:00,2.80,ft,Approved,,2025-09-01 20:21:53.716170+00:00
,,c378b1de-623e-4c18-bdca-76e648009fb9,0c49166273014487baa157c538b5a932,USGS-03274615,00065,00011,2023-02-12 17:00:00+00:00,2.83,ft,Approved,,2025-09-01 20:21:53.716170+00:00
,,889d9c6a-5e86-44d4-b8af-91bea007f73f,0c49166273014487baa157c538b5a932,USGS-03274615,00065,00011,2023-02-12 16:45:00+00:00,2.80,ft,Approved,,2025-09-01 20:21:53.716170+00:00
,,7372dcf4-6044-4d26-88b8-a43f82c13b2d,0c49166273014487baa157c538b5a932,USGS-03274615,00065,00011,2023-02-12 16:30:00+00:00,2.87,ft,Approved,,2025-09-01 20:21:53.716170+00:00
,,0e4ceb39-f516-4447-9729-447ece9ff403,0c49166273014487baa157c538b5a932,USGS-03274615,00065,00011,2023-02-12 16:15:00+00:00,2.87,ft,Approved,,2025-09-01 20:21:53.716170+00:00
,,3d292e4c-1c84-4fbf-a4ba-3f2d4735a328,0c49166273014487baa157c538b5a932,USGS-03274615,00065,00011,2023-02-12 16:00:00+00:00,2.86,ft,Approved,,2025-09-01 20:21:53.716170+00:00
,,4244468a-2404-45e6-8458-c88cf2302f08,0c49166273014487baa157c538b5a932,USGS-03274615,00065,00011,2023-02-12 15:45:00+00:00,2.89,ft,Approved,,2025-09-01 20:21:53.716170+00:00
,,3e5e4d51-671a-4b88-87d9-1b02ff62dada,0c49166273014487baa157c538b5a932,USGS-03274615,00065,00011,2023-02-12 15:30:00+00:00,2.91,ft,Approved,,2025-09-01 20:21:53.716170+00:00
,,6840b59b-26c6-412e-9d7f-45e8b7ad863f,0c49166273014487baa157c538b5a932,USGS-03274615,00065,00011,2023-02-12 15:15:00+00:00,2.85,ft,Approved,,2025-09-01 20:21:53.716170+00:00
,,6d613de4-6ca4-4eaa-8ac6-ec14563f6cd8,0c49166273014487baa157c538b5a932,USGS-03274615,00065,00011,2023-02-12 15:00:00+00:00,2.90,ft,Approved,,2025-09-01 20:21:53.716170+00:00
,,f3c902de-7fa0-4245-b7b5-d4afd172ceb9,0c49166273014487baa157c538b5a932,USGS-03274615,00065,00011,2023-02-12 14:45:00+00:00,2.91,ft,Approved,,2025-09-01 20:21:53.716170+00:00
,,8c23d646-e61e-4c5b-a16a-392adfbc2cf8,0c49166273014487baa157c538b5a932,USGS-03274615,00065,00011,2023-02-12 14:30:00+00:00,2.93,ft,Approved,,2025-09-01 20:21:53.716170+00:00
,,7cc34be1-e8a1-41c7-9fe8-e8cfe4078c42,0c49166273014487baa157c538b5a932,USGS-03274615,00065,00011,2023-02-12 14:15:00+00:00,2.94,ft,Approved,,2025-09-01 20:21:53.716170+00:00
,,573a1147-87af-426c-99ba-c4612aadb0e4,0c49166273014487baa157c538b5a932,USGS-03274615,00065,00011,2023-02-12 14:00:00+00:00,2.93,ft,Approved,,2025-09-01 20:21:53.716170+00:00
,,4544acd7-6e7f-490a-bba1-8dc064c4157a,0c49166273014487baa157c538b5a932,USGS-03274615,00065,00011,2023-02-12 13:45:00+00:00,2.95,ft,Approved,,2025-09-01 20:21:53.716170+00:00
,,5f337bab-e067-4260-83d6-5141ff3a97cd,0c49166273014487baa157c538b5a932,USGS-03274615,00065,00011,2023-02-12 13:30:00+00:00,2.96,ft,Approved,,2025-09-01 20:21:53.716170+00:00
,,66b41d00-c3c0-4fb0-a92c-849c27c89e41,0c49166273014487baa157c538b5a932,USGS-03274615,00065,00011,2023-02-12 13:15:00+00:00,2.95,ft,Approved,,2025-09-01 20:21:53.716170+00:00
,,c389c203-3fe8-4b17-b799-af059f454e47,0c49166273014487baa157c538b5a932,USGS-03274615,00065,00011,2023-02-12 13:00:00+00:00,2.98,ft,Approved,,2025-09-01 20:21:53.716170+00:00
,,1781c0af-d5e7-4dfe-8797-55acfb2a3390,0c49166273014487baa157c538b5a932,USGS-03274615,00065,00011,2023-02-12 12:45:00+00:00,2.98,ft,Approved,,2025-09-01 20:21:53.716170+00:00
,,8ae1af6d-2a12-46af-99ef-5145f49abefd,0c49166273014487baa157c538b5a932,USGS-03274615,00065,00011,2023-02-12 12:30:00+00:00,2.97,ft,Approved,,2025-09-01 20:21:53.716170+00:00
,,9cfac108-2bb4-4f17-bc7b-a475c1588689,0c49166273014487baa157c538b5a932,USGS-03274615,00065,00011,2023-02-12 12:15:00+00:00,3.00,ft,Approved,,2025-09-01 20:21:53.716170+00:00
,,9a20be25-cf29-4e64-9548-2a9dbaeb4155,0c49166273014487baa157c538b5a932,USGS-03274615,00065,00011,2023-02-12 12:00:00+00:00,3.00,ft,Approved,,2025-09-01 20:21:53.716170+00:00
,,cab793bc-0215-471d-859d-3bb71c5995c2,0c49166273014487baa157c538b5a932,USGS-03274615,00065,00011,2023-02-12 11:45:00+00:00,3.00,ft,Approved,,2025-09-01 20:21:53.716170+00:00
,,9a91d5e3-4977-49a3-853a-59c06cd47702,0c49166273014487baa157c538b5a932,USGS-03274615,00065,00011,2023-02-12 11:30:00+00:00,3.00,ft,Approved,,2025-09-01 20:21:53.716170+00:00
,,28aa9e6d-2398-48ac-bdcb-445ea5c66708,0c49166273014487baa157c538b5a932,USGS-03274615,00065,00011,2023-02-12 11:15:00+00:00,3.02,ft,Approved,,2025-09-01 20:21:53.716170+00:00
,,f6ca3a8d-7eb4-4042-904f-77176525f60f,0c49166273014487baa157c538b5a932,USGS-03274615,00065,00011,2023-02-12 11:00:00+00:00,3.02,ft,Approved,,2025-09-01 20:21:53.716170+00:00
,,9eabb197-9a8e-442c-b516-4b7d4154fb83,0c49166273014487baa157c538b5a932,USGS-03274615,00065,00011,2023-02-12 10:45:00+00:00,3.02,ft,Approved,,2025-09-01 20:21:53.716170+00:00
,,f3ef78e5-23d7-4cf5-bd52-a64c688f8273,0c49166273014487baa157c538b5a932,USGS-03274615,00065,00011,2023-02-12 10:30:00+00:00,3.03,ft,Approved,,2025-09-01 20:21:53.716170+00:00
,,fe429d0b-3b4c-47fa-89e7-0911e48c9cb1,0c49166273014487baa157c538b5a932,USGS-03274615,00065,00011,2023-02-12 10:15:00+00:00,3.04,ft,Approved,,2025-09-01 20:21:53.716170+00:00
,,f2a60551-3af6-49fa-a83b-88ded5e94f3c,0c49166273014487baa157c538b5a932,USGS-03274615,00065,00011,2023-02-12 10:00:00+00:00,3.03,ft,Approved,,2025-09-01 20:21:53.716170+00:00
,,e1e6aeae-9eed-4f9c-bfb3-a78161b5b878,0c49166273014487baa157c538b5a932,USGS-03274615,00065,00011,2023-02-12 09:45:00+00:00,3.06,ft,Approved,,2025-09-01 20:21:53.716170+00:00
,,edfc4874-91fb-40b2-bae9-020faf1f4c72,0c49166273014487baa157c538b5a932,USGS-03274615,00065,00011,2023-02-12 09:30:00+00:00,3.06,ft,Approved,,2025-09-01 20:21:53.716170+00:00
,,44a08c33-00f2-473f-bea5-64bf2bcfe780,0c49166273014487baa157c538b5a932,USGS-03274615,00065,00011,2023-02-12 09:15:00+00:00,3.06,ft,Approved,,2025-09-01 20:21:53.716170+00:00
,,3f16edb0-93ff-4371-a82c-ede0430e582b,0c49166273014487baa157c538b5a932,USGS-03274615,00065,00011,2023-02-12 09:00:00+00:00,3.08,ft,Approved,,2025-09-01 20:21:53.716170+00:00
,,f4629dca-4c12-4baa-bea7-f63fd30e5916,0c49166273014487baa157c538b5a932,USGS-03274615,00065,00011,2023-02-12 08:45:00+00:00,3.09,ft,Approved,,2025-09-01 20:21:53.716170+00:00
,,a298f6e7-6128-4ce2-9597-7cc1d4ae71d7,0c49166273014487baa157c538b5a932,USGS-03274615,00065,00011,2023-02-12 08:30:00+00:00,3.09,ft,Approved,,2025-09-01 20:21:53.716170+00:00
,,914f2608-d363-416c-b4cd-dd9b2dad0395,0c49166273014487baa157c538b5a932,USGS-03274615,00065,00011,2023-02-12 08:15:00+00:00,3.10,ft,Approved,,2025-09-01 20:21:53.716170+00:00
,,aa1b1f7f-9197-4a0f-b116-6390954c6bb9,0c49166273014487baa157c538b5a932,USGS-03274615,00065,00011,2023-02-12 08:00:00+00:00,3.11,ft,Approved,,2025-09-01 20:21:53.716170+00:00
,,f3d9334c-6aa1-4d00-829f-e7a0f887ce6b,0c49166273014487baa157c538b5a932,USGS-03274615,00065,00011,2023-02-12 07:45:00+00:00,3.10,ft,Approved,,2025-09-01 20:21:53.716170+00:00
,,f049b401-88f3-49fd-8c97-e09bc98c0fa5,0c49166273014487baa157c538b5a932,USGS-03274615,00065,00011,2023-02-12 07:30:00+00:00,3.14,ft,Approved,,2025-09-01 20:21:53.716170+00:00
,,1ceb9ed4-ac52-40e2-b5cf-7aedc3721877,0c49166273014487baa157c538b5a932,USGS-03274615,00065,00011,2023-02-12 07:15:00+00:00,3.12,ft,Approved,,2025-09-01 20:21:53.716170+00:00
,,2bc10d16-5124-48f5-8308-c1c8b42353fc,0c49166273014487baa157c538b5a932,USGS-03274615,00065,00011,2023-02-12 07:00:00+00:00,3.14,ft,Approved,,2025-09-01 20:21:53.716170+00:00
,,51445eda-abef-4a57-80a5-c003ae9f0737,0c49166273014487baa157c538b5a932,USGS-03274615,00065,00011,2023-02-12 06:45:00+00:00,3.14,ft,Approved,,2025-09-01 20:21:53.716170+00:00
,,820edac0-3b61-4292-b2b1-59e0f19a11d4,0c49166273014487baa157c538b5a932,USGS-03274615,00065,00011,2023-02-12 06:30:00+00:00,3.15,ft,Approved,,2025-09-01 20:21:53.716170+00:00
,,931bf6af-564f-45f3-8b2e-de7887fc07a2,0c49166273014487baa157c538b5a932,USGS-03274615,00065,00011,2023-02-12 06:15:00+00:00,3.13,ft,Approved,,2025-09-01 20:21:53.716170+00:00
,,a58eaf36-e4ea-483b-945b-08a0bea47b43,0c49166273014487baa157c538b5a932,USGS-03274615,00065,00011,2023-02-12 06:00:00+00:00,3.17,ft,Approved,,2025-09-01 20:21:53.716170+00:00
,,4577c3fa-9ac3-4565-93c0-25d004c1d5da,0c49166273014487baa157c538b5a932,USGS-03274615,00065,00011,2023-02-12 05:45:00+00:00,3.17,ft,Approved,,2025-09-01 20:21:53.716170+00:00
,,efcf04aa-7143-4921-9dfd-60ebfc671d87,0c49166273014487baa157c538b5a932,USGS-03274615,00065,00011,2023-02-12 05:30:00+00:00,3.16,ft,Approved,,2025-09-01 20:21:53.716170+00:00
,,54df6f82-454b-4484-a94f-09d022e7757c,0c49166273014487baa157c538b5a932,USGS-03274615,00065,00011,2023-02-12 05:15:00+00:00,3.17,ft,Approved,,2025-09-01 20:21:53.716170+00:00
,,754cb798-1fa3-4f60-81fd-df3417125617,0c49166273014487baa157c538b5a932,USGS-03274615,00065,00011,2023-02-12 05:00:00+00:00,3.17,ft,Approved,,2025-09-01 20:21:53.716170+00:00
,,eda70d68-19a0-431d-808d-c465d8afd8c0,0c49166273014487baa157c538b5a932,USGS-03274615,00065,00011,2023-02-12 04:45:00+00:00,3.19,ft,Approved,,2025-09-01 20:21:53.716170+00:00
,,23784bb1-9528-4eb2-9ac4-0675acf49546,0c49166273014487baa157c538b5a932,USGS-03274615,00065,00011,2023-02-12 04:30:00+00:00,3.18,ft,Approved,,2025-09-01 20:21:53.716170+00:00
,,b4cec38e-89c8-4268-bb4d-621944bedb7d,0c49166273014487baa157c538b5a932,USGS-03274615,00065,00011,2023-02-12 04:15:00+00:00,3.21,ft,Approved,,2025-09-01 20:21:53.716170+00:00
,,3d5609ec-5f10-40ce-8b8e-e251f9869b62,0c49166273014487baa157c538b5a932,USGS-03274615,00065,00011,2023-02-12 04:00:00+00:00,3.22,ft,Approved,,2025-09-01 20:21:53.716170+00:00
,,ccd57b5b-f160-458b-8bc4-e16f30e5d531,0c49166273014487baa157c538b5a932,USGS-03274615,00065,00011,2023-02-12 03:45:00+00:00,3.22,ft,Approved,,2025-09-01 20:21:53.716170+00:00
,,6a275e61-468d-456d-975f-ea95175eafad,0c49166273014487baa157c538b5a932,USGS-03274615,00065,00011,2023-02-12 03:30:00+00:00,3.20,ft,Approved,,2025-09-01 20:21:53.716170+00:00
,,b7a35e57-c3ca-4b9c-b67a-f0d28a618e64,0c49166273014487baa157c538b5a932,USGS-03274615,00065,00011,2023-02-12 03:15:00+00:00,3.23,ft,Approved,,2025-09-01 20:21:53.716170+00:00
,,e7acf1ad-f69d-4b44-8d10-d8bbfd99e850,0c49166273014487baa157c538b5a932,USGS-03274615,00065,00011,2023-02-12 03:00:00+00:00,3.22,ft,Approved,,2025-09-01 20:21:53.716170+00:00
,,fd8fb2e3-cc8d-4668-81bd-23aeb8ea9f29,0c49166273014487baa157c538b5a932,USGS-03274615,00065,00011,2023-02-12 02:45:00+00:00,3.23,ft,Approved,,2025-09-01 20:21:53.716170+00:00
,,5f64259e-3b5f-4537-9112-18da1341e81f,0c49166273014487baa157c538b5a932,USGS-03274615,00065,00011,2023-02-12 02:30:00+00:00,3.24,ft,Approved,,2025-09-01 20:21:53.716170+00:00
,,0e31bb40-f856-4055-9f20-6a1351267190,0c49166273014487baa157c538b5a932,USGS-03274615,00065,00011,2023-02-12 02:15:00+00:00,3.26,ft,Approved,,2025-09-01 20:21:53.716170+00:00
,,8bcb7120-5401-4d15-8e0b-9188a33096fd,0c49166273014487baa157c538b5a932,USGS-03274615,00065,00011,2023-02-12 02:00:00+00:00,3.26,ft,Approved,,2025-09-01 20:21:53.716170+00:00
,,5d385053-e8ca-4a5e-805f-8d6166dabb45,0c49166273014487baa157c538b5a932,USGS-03274615,00065,00011,2023-02-12 01:45:00+00:00,3.26,ft,Approved,,2025-09-01 20:21:53.716170+00:00
,,678693be-e66f-4b84-84c2-25d5bf383f62,0c49166273014487baa157c538b5a932,USGS-03274615,00065,00011,2023-02-12 01:30:00+00:00,3.26,ft,Approved,,2025-09-01 20:21:53.716170+00:00
,,3895a65f-dc54-4730-a596-637801be9cf7,0c49166273014487baa157c538b5a932,USGS-03274615,00065,00011,2023-02-12 01:15:00+00:00,3.27,ft,Approved,,2025-09-01 20:21:53.716170+00:00
,,98d49b4c-68e7-4473-bc1a-3685c4f8706a,0c49166273014487baa157c538b5a932,USGS-03274615,00065,00011,2023-02-12 01:00:00+00:00,3.28,ft,Approved,,2025-09-01 20:21:53.716170+00:00
,,8d5a4192-b7ad-4a2d-9d9b-29a074278b9a,0c49166273014487baa157c538b5a932,USGS-03274615,00065,00011,2023-02-12 00:45:00+00:00,3.29,ft,Approved,,2025-09-01 20:21:53.716170+00:00
,,4efde29a-25af-48c3-9c36-dec01076bde6,0c49166273014487baa157c538b5a932,USGS-03274615,00065,00011,2023-02-12 00:30:00+00:00,3.29,ft,Approved,,2025-09-01 20:21:53.716170+00:00
,,7b041651-9315-41d6-8bf3-bc4af4bf45a1,0c49166273014487baa157c538b5a932,USGS-03274615,00065,00011,2023-02-12 00:15:00+00:00,3.29,ft,Approved,,2025-09-01 20:21:53.716170+00:00
,,f7accda7-c407-44a3-80d7-af23b0e509d0,0c49166273014487baa157c538b5a932,USGS-03274615,00065,00011,2023-02-12 00:00:00+00:00,3.29,ft,Approved,,2025-09-01 20:21:53.716170+00:00
,,f39577e7-f4c1-41fb-acfb-8f542c2a8e32,0c49166273014487baa157c538b5a932,USGS-03274615,00065,00011,2023-02-11 23:45:00+00:00,3.29,ft,Approved,,2025-09-01 20:21:53.716170+00:00
,,23e11467-9e7f-42ac-9473-fb8360cc073b,0c49166273014487baa157c538b5a932,USGS-03274615,00065,00011,2023-02-11 23:30:00+00:00,3.30,ft,Approved,,2025-09-01 20:21:53.716170+00:00
,,cbde3b73-13b9-4aef-9878-a115c9cf03cc,0c49166273014487baa157c538b5a932,USGS-03274615,00065,00011,2023-02-11 23:15:00+00:00,3.30,ft,Approved,,2025-09-01 20:21:53.716170+00:00
,,ecb1e4a9-9b79-4f9f-a041-6e8f47c09051,0c49166273014487baa157c538b5a932,USGS-03274615,00065,00011,2023-02-11 23:00:00+00:00,3.31,ft,Approved,,2025-09-01 20:21:53.716170+00:00
,,ca2234f0-694b-4583-b438-0bf7cf7016e9,0c49166273014487baa157c538b5a932,USGS-03274615,00065,00011,2023-02-11 22:45:00+00:00,3.30,ft,Approved,,2025-09-01 20:21:53.716170+00:00
,,afba3762-69df-452a-8703-556d093663ce,0c49166273014487baa157c538b5a932,USGS-03274615,00065,00011,2023-02-11 22:30:00+00:00,3.31,ft,Approved,,2025-09-01 20:21:53.716170+00:00
,,11aa4cef-468e-4d2d-84bd-25b9c4cccdba,0c49166273014487baa157c538b5a932,USGS-03274615,00065,00011,2023-02-11 22:15:00+00:00,3.30,ft,Approved,,2025-09-01 20:21:53.716170+00:00
,,2b1ef015-669b-4b21-be61-b58535abb987,0c49166273014487baa157c538b5a932,USGS-03274615,00065,00011,2023-02-11 22:00:00+00:00,3.31,ft,Approved,,2025-09-01 20:21:53.716170+00:00
,,b179db3e-8379-4c81-b0a9-404b7499fbd3,0c49166273014487baa157c538b5a932,USGS-03274615,00065,00011,2023-02-11 21:45:00+00:00,3.31,ft,Approved,,2025-09-01 20:21:53.716170+00:00
,,fb712a6e-2dc4-46fc-bacb-83af927f7bd7,0c49166273014487baa157c538b5a932,USGS-03274615,00065,00011,2023-02-11 21:30:00+00:00,3.32,ft,Approved,,2025-09-01 20:21:53.716170+00:00
,,89b2750e-d719-4fa2-a8cd-42381ad97234,0c49166273014487baa157c538b5a932,USGS-03274615,00065,00011,2023-02-11 21:15:00+00:00,3.34,ft,Approved,,2025-09-01 20:21:53.716170+00:00
,,8f3a86a8-7513-484f-9a2e-38853a13b676,0c49166273014487baa157c538b5a932,USGS-03274615,00065,00011,2023-02-11 21:00:00+00:00,3.33,ft,Approved,,2025-09-01 20:21:53.716170+00:00
,,4edbd475-fbd1-4559-ac7a-a09452ea337b,0c49166273014487baa157c538b5a932,USGS-03274615,00065,00011,2023-02-11 20:45:00+00:00,3.34,ft,Approved,,2025-09-01 20:21:53.716170+00:00
,,1ccb31b4-6ce9-42c3-9df8-047d270c9062,0c49166273014487baa157c538b5a932,USGS-03274615,00065,00011,2023-02-11 20:30:00+00:00,3.34,ft,Approved,,2025-09-01 20:21:53.716170+00:00
,,a66fa6ca-9992-48f1-aacf-3c8203341163,0c49166273014487baa157c538b5a932,USGS-03274615,00065,00011,2023-02-11 20:15:00+00:00,3.33,ft,Approved,,2025-09-01 20:21:53.716170+00:00
,,f6ef3df6-be26-4818-80f9-76387018c351,0c49166273014487baa157c538b5a932,USGS-03274615,00065,00011,2023-02-11 20:00:00+00:00,3.34,ft,Approved,,2025-09-01 20:21:53.716170+00:00
,,aad16aaa-bec4-4f3b-896b-b26e7e589598,0c49166273014487baa157c538b5a932,USGS-03274615,00065,00011,2023-02-11 19:45:00+00:00,3.33,ft,Approved,,2025-09-01 20:21:53.716170+00:00
,,f07041b0-fcc8-4147-a5e3-61e2ab545222,0c49166273014487baa157c538b5a932,USGS-03274615,00065,00011,2023-02-11 19:30:00+00:00,3.34,ft,Approved,,2025-09-01 20:21:53.716170+00:00
,,37521062-3c95-4343-bf17-6ef11ec40ea3,0c49166273014487baa157c538b5a932,USGS-03274615,00065,00011,2023-02-11 19:15:00+00:00,3.34,ft,Approved,,2025-09-01 20:21:53.716170+00:00
,,4b443e5e-62fe-4ede-9171-601e13104fdf,0c49166273014487baa157c538b5a932,USGS-03274615,00065,00011,2023-02-11 19:00:00+00:00,3.34,ft,Approved,,2025-09-01 20:21:53.716170+00:00
,,56aa5ad9-09fe-4b29-9f2b-853143374c6a,0c49166273014487baa157c538b5a932,USGS-03274615,00065,00011,2023-02-11 18:45:00+00:00,3.34,ft,Approved,,2025-09-01 20:21:53.716170+00:00
,,5db1b557-38d3-47d8-80fa-78b2c5490cf8,0c49166273014487baa157c538b5a932,USGS-03274615,00065,00011,2023-02-11 18:30:00+00:00,3.34,ft,Approved,,2025-09-01 20:21:53.716170+00:00
,,efda92ba-81fb-4d1b-9f9f-daabaa91ee0b,0c49166273014487baa157c538b5a932,USGS-03274615,00065,00011,2023-02-11 18:15:00+00:00,3.34,ft,Approved,,2025-09-01 20:21:53.716170+00:00
,,c464071c-572d-46cf-a1a9-265c830e05aa,0c49166273014487baa157c538b5a932,USGS-03274615,00065,00011,2023-02-11 18:00:00+00:00,3.33,ft,Approved,,2025-09-01 20:21:53.716170+00:00
,,64df30c9-d0f5-4451-a290-fdefb1f515d8,0c49166273014487baa157c538b5a932,USGS-03274615,00065,00011,2023-02-11 17:45:00+00:00,3.32,ft,Approved,,2025-09-01 20:21:53.716170+00:00
,,b9edc775-426b-4c69-b022-01063d063306,0c49166273014487baa157c538b5a932,USGS-03274615,00065,00011,2023-02-11 17:30:00+00:00,3.34,ft,Approved,,2025-09-01 20:21:53.716170+00:00
,,114820aa-0b34-46ef-adcd-a161b223f67f,0c49166273014487baa157c538b5a932,USGS-03274615,00065,00011,2023-02-11 17:15:00+00:00,3.33,ft,Approved,,2025-09-01 20:21:53.716170+00:00
,,a5b1a0fe-e3ba-42b4-83cf-b5fbe2c9c5f3,0c49166273014487baa157c538b5a932,USGS-03274615,00065,00011,2023-02-11 17:00:00+00:00,3.33,ft,Approved,,2025-09-01 20:21:53.716170+00:00
,,6b1fee63-8650-4e8c-9e56-37365f2db907,0c49166273014487baa157c538b5a932,USGS-03274615,00065,00011,2023-02-11 16:45:00+00:00,3.33,ft,Approved,,2025-09-01 20:21:53.716170+00:00
,,098b66ac-2f32-4931-a718-b8199603af5b,0c49166273014487baa157c538b5a932,USGS-03274615,00065,00011,2023-02-11 16:30:00+00:00,3.31,ft,Approved,,2025-09-01 20:21:53.716170+00:00
,,959ff202-bd3b-42b0-a690-1ad36af3514d,0c49166273014487baa157c538b5a932,USGS-03274615,00065,00011,2023-02-11 16:15:00+00:00,3.31,ft,Approved,,2025-09-01 20:21:53.716170+00:00
,,b79d4adf-c929-4239-adaa-eda2148b0528,0c49166273014487baa157c538b5a932,USGS-03274615,00065,00011,2023-02-11 16:00:00+00:00,3.32,ft,Approved,,2025-09-01 20:21:53.716170+00:00
,,38678080-4e58-43f3-9a56-88558f8bb345,0c49166273014487baa157c538b5a932,USGS-03274615,00065,00011,2023-02-11 15:45:00+00:00,3.31,ft,Approved,,2025-09-01 20:21:53.716170+00:00
,,f09088ec-ef34-434f-ae42-976750bbd55e,0c49166273014487baa157c538b5a932,USGS-03274615,00065,00011,2023-02-11 15:30:00+00:00,3.30,ft,Approved,,2025-09-01 20:21:53.716170+00:00
,,cfdf32bb-5d00-41d0-a362-33a02a32760c,0c49166273014487baa157c538b5a932,USGS-03274615,00065,00011,2023-02-11 15:15:00+00:00,3.30,ft,Approved,,2025-09-01 20:21:53.716170+00:00
,,7b820fab-fd66-46e5-b662-81c339f9e5e6,0c49166273014487baa157c538b5a932,USGS-03274615,00065,00011,2023-02-11 15:00:00+00:00,3.28,ft,Approved,,2025-09-01 20:21:53.716170+00:00
,,69b4a1f2-8c97-47ac-b996-bd9079786507,0c49166273014487baa157c538b5a932,USGS-03274615,00065,00011,2023-02-11 14:45:00+00:00,3.28,ft,Approved,,2025-09-01 20:21:53.716170+00:00
,,12987e32-f9eb-41b4-85dc-7dddf324da9c,0c49166273014487baa157c538b5a932,USGS-03274615,00065,00011,2023-02-11 14:30:00+00:00,3.25,ft,Approved,,2025-09-01 20:21:53.716170+00:00
,,ef5987c7-62ca-4bc3-a7ea-5a5e3e76cec8,0c49166273014487baa157c538b5a932,USGS-03274615,00065,00011,2023-02-11 14:15:00+00:00,3.25,ft,Approved,,2025-09-01 20:21:53.716170+00:00
,,a2e9e691-7d05-499a-abd8-8f7b9d73795e,0c49166273014487baa157c538b5a932,USGS-03274615,00065,00011,2023-02-11 14:00:00+00:00,3.23,ft,Approved,,2025-09-01 20:21:53.716170+00:00
,,de4e49d8-17d0-43d4-9945-c4e33f9bbcb9,0c49166273014487baa157c538b5a932,USGS-03274615,00065,00011,2023-02-11 13:45:00+00:00,3.22,ft,Approved,,2025-09-01 20:21:53.716170+00:00
,,78ca4aba-4665-4f82-bb8e-af7ae8d66ecb,0c49166273014487baa157c538b5a932,USGS-03274615,00065,00011,2023-02-11 13:30:00+00:00,3.20,ft,Approved,,2025-09-01 20:21:53.716170+00:00
,,1525d353-0643-4468-8d8a-bd68b3cd9503,0c49166273014487baa157c538b5a932,USGS-03274615,00065,00011,2023-02-11 13:15:00+00:00,3.19,ft,Approved,,2025-09-01 20:21:53.716170+00:00
,,67070f7d-9da0-4aab-929c-614d07615730,0c49166273014487baa157c538b5a932,USGS-03274615,00065,00011,2023-02-11 13:00:00+00:00,3.15,ft,Approved,,2025-09-01 20:21:53.716170+00:00
,,8e06a7e5-4fcf-49c6-82e5-34597badcfde,0c49166273014487baa157c538b5a932,USGS-03274615,00065,00011,2023-02-11 12:45:00+00:00,3.15,ft,Approved,,2025-09-01 20:21:53.716170+00:00
,,6d7c6cca-2d7a-49a1-a3d8-14e14aa28dbd,0c49166273014487baa157c538b5a932,USGS-03274615,00065,00011,2023-02-11 12:30:00+00:00,3.11,ft,Approved,,2025-09-01 20:21:53.716170+00:00
,,ddd6c104-26f6-4265-b1c1-992c7e2c7ebf,0c49166273014487baa157c538b5a932,USGS-03274615,00065,00011,2023-02-11 12:15:00+00:00,3.09,ft,Approved,,2025-09-01 20:21:53.716170+00:00
,,98ba542c-ab27-41ad-a918-6a8b570df7ee,0c49166273014487baa157c538b5a932,USGS-03274615,00065,00011,2023-02-11 12:00:00+00:00,3.07,ft,Approved,,2025-09-01 20:21:53.716170+00:00
,,f3dee878-a8e2-4385-9677-6bd7ad2737bd,0c49166273014487baa157c538b5a932,USGS-03274615,00065,00011,2023-02-11 11:45:00+00:00,3.04,ft,Approved,,2025-09-01 20:21:53.716170+00:00
,,243cb7a0-de39-4d2f-9e01-16ae239d7f16,0c49166273014487baa157c538b5a932,USGS-03274615,00065,00011,2023-02-11 11:30:00+00:00,2.99,ft,Approved,,2025-09-01 20:21:53.716170+00:00
,,35c9307f-6d9a-4cf6-949d-f8ed30146182,0c49166273014487baa157c538b5a932,USGS-03274615,00065,00011,2023-02-11 11:15:00+00:00,2.96,ft,Approved,,2025-09-01 20:21:53.716170+00:00
,,a06e8a1c-1673-4bd1-ad45-c8b7a8937207,0c49166273014487baa157c538b5a932,USGS-03274615,00065,00011,2023-02-11 11:00:00+00:00,2.93,ft,Approved,,2025-09-01 20:21:53.716170+00:00
,,db758dac-baea-48fd-b10f-d2ccd16d834e,0c49166273014487baa157c538b5a932,USGS-03274615,00065,00011,2023-02-11 10:45:00+00:00,2.89,ft,Approved,,2025-09-01 20:21:53.716170+00:00
,,8b2e66f2-705d-4485-89bc-e3693d639e86,0c49166273014487baa157c538b5a932,USGS-03274615,00065,00011,2023-02-11 10:30:00+00:00,2.87,ft,Approved,,2025-09-01 20:21:53.716170+00:00
,,6a87a568-400e-44e2-bef9-a803a5eab7a5,0c49166273014487baa157c538b5a932,USGS-03274615,00065,00011,2023-02-11 10:15:00+00:00,2.83,ft,Approved,,2025-09-01 20:21:53.716170+00:00
,,0d13a6d1-d285-4e9c-934f-75759d6cf285,0c49166273014487baa157c538b5a932,USGS-03274615,00065,00011,2023-02-11 10:00:00+00:00,2.80,ft,Approved,,2025-09-01 20:21:53.716170+00:00
,,75d32845-68f2-42b6-b4a7-f2239e4cc526,0c49166273014487baa157c538b5a932,USGS-03274615,00065,00011,2023-02-11 09:45:00+00:00,2.78,ft,Approved,,2025-09-01 20:21:53.716170+00:00
,,fd63b240-e7ab-4bd7-9e9e-e9c5af202fad,0c49166273014487baa157c538b5a932,USGS-03274615,00065,00011,2023-02-11 09:30:00+00:00,2.74,ft,Approved,,2025-09-01 20:21:53.716170+00:00
,,85141277-8131-4c0e-8126-1fe43c0f8a02,0c49166273014487baa157c538b5a932,USGS-03274615,00065,00011,2023-02-11 09:15:00+00:00,2.71,ft,Approved,,2025-09-01 20:21:53.716170+00:00
,,4e92450e-1179-4e3b-90ee-e3ed83bc02bc,0c49166273014487baa157c538b5a932,USGS-03274615,00065,00011,2023-02-11 09:00:00+00:00,2.68,ft,Approved,,2025-09-01 20:21:53.716170+00:00
,,ccc47e1d-5956-4d1b-ba8d-4b5ce606e2b8,0c49166273014487baa157c538b5a932,USGS-03274615,00065,00011,2023-02-11 08:45:00+00:00,2.66,ft,Approved,,2025-09-01 20:21:53.716170+00:00
,,e8ec097f-c7d5-4e68-b5da-27d73697ee26,0c49166273014487baa157c538b5a932,USGS-03274615,00065,00011,2023-02-11 08:30:00+00:00,2.63,ft,Approved,,2025-09-01 20:21:53.716170+00:00
,,e2c5baab-33b6-49fa-9122-0c4482dcd975,0c49166273014487baa157c538b5a932,USGS-03274615,00065,00011,2023-02-11 08:15:00+00:00,2.60,ft,Approved,,2025-09-01 20:21:53.716170+00:00
,,88456d47-eb2e-4060-8f29-a18ade28c5a1,0c49166273014487baa157c538b5a932,USGS-03274615,00065,00011,2023-02-11 08:00:00+00:00,2.58,ft,Approved,,2025-09-01 20:21:53.716170+00:00
,,c0b3fb0b-f22c-423e-8807-907f38892872,0c49166273014487baa157c538b5a932,USGS-03274615,00065,00011,2023-02-11 07:45:00+00:00,2.56,ft,Approved,,2025-09-01 20:21:53.716170+00:00
,,d3c6e8be-2d8a-4b2f-b55b-dc7a883a4152,0c49166273014487baa157c538b5a932,USGS-03274615,00065,00011,2023-02-11 07:30:00+00:00,2.55,ft,Approved,,2025-09-01 20:21:53.716170+00:00
,,648ba594-567e-4e8d-bbe8-00ec40dc3342,0c49166273014487baa157c538b5a932,USGS-03274615,00065,00011,2023-02-11 07:15:00+00:00,2.52,ft,Approved,,2025-09-01 20:21:53.716170+00:00
,,c611f453-1e00-477d-bed6-9b3b84c8facb,0c49166273014487baa157c538b5a932,USGS-03274615,00065,00011,2023-02-11 07:00:00+00:00,2.51,ft,Approved,,2025-09-01 20:21:53.716170+00:00
,,a9da5319-b95b-48e4-bb25-b00ae5e49e8e,0c49166273014487baa157c538b5a932,USGS-03274615,00065,00011,2023-02-11 06:45:00+00:00,2.50,ft,Approved,,2025-09-01 20:21:53.716170+00:00
,,39be5017-7ea2-4a21-bb7a-b7e474e21fb1,0c49166273014487baa157c538b5a932,USGS-03274615,00065,00011,2023-02-11 06:30:00+00:00,2.50,ft,Approved,,2025-09-01 20:21:53.716170+00:00
,,358aa054-b179-4869-8926-06952b3d545a,0c49166273014487baa157c538b5a932,USGS-03274615,00065,00011,2023-02-11 06:15:00+00:00,2.47,ft,Approved,,2025-09-01 20:21:53.716170+00:00
,,0e55a16d-1437-4853-94bb-a6df12fbb3df,0c49166273014487baa157c538b5a932,USGS-03274615,00065,00011,2023-02-11 06:00:00+00:00,2.46,ft,Approved,,2025-09-01 20:21:53.716170+00:00
,,d4351b60-e139-450b-bd9c-53ea6c2a9ffc,0c49166273014487baa157c538b5a932,USGS-03274615,00065,00011,2023-02-11 05:45:00+00:00,2.44,ft,Approved,,2025-09-01 20:21:53.716170+00:00
,,5c1e18b3-8f83-4ac0-a048-60f7915cbc4e,0c49166273014487baa157c538b5a932,USGS-03274615,00065,00011,2023-02-11 05:30:00+00:00,2.44,ft,Approved,,2025-09-01 20:21:53.716170+00:00
,,e73f0b2c-0c5b-41d4-99f2-3f7668547c39,0c49166273014487baa157c538b5a932,USGS-03274615,00065,00011,2023-02-11 05:15:00+00:00,2.42,ft,Approved,,2025-09-01 20:21:53.716170+00:00
,,742d6a9c-66d1-42e6-9f8d-6951723510a1,0c49166273014487baa157c538b5a932,USGS-03274615,00065,00011,2023-02-11 05:00:00+00:00,2.41,ft,Approved,,2025-09-01 20:21:53.716170+00:00
,,3d6f4c5f-fd3d-4f2b-9fe5-24f911e690bd,0c49166273014487baa157c538b5a932,USGS-03274615,00065,00011,2023-02-11 04:45:00+00:00,2.41,ft,Approved,,2025-09-01 20:21:53.716170+00:00
,,2fef5f5e-eef7-42c7-a702-4c01b626ade1,0c49166273014487baa157c538b5a932,USGS-03274615,00065,00011,2023-02-11 04:30:00+00:00,2.39,ft,Approved,,2025-09-01 20:21:53.716170+00:00
,,a24b1e3b-f87f-491c-b3ae-9c8a007a6516,0c49166273014487baa157c538b5a932,USGS-03274615,00065,00011,2023-02-11 04:15:00+00:00,2.38,ft,Approved,,2025-09-01 20:21:53.716170+00:00
,,a04374b1-05c3-4472-85fd-90868407c027,0c49166273014487baa157c538b5a932,USGS-03274615,00065,00011,2023-02-11 04:00:00+00:00,2.37,ft,Approved,,2025-09-01 20:21:53.716170+00:00
,,c613c0b8-e16d-4bfc-b55e-0a23511e9fbb,0c49166273014487baa157c538b5a932,USGS-03274615,00065,00011,2023-02-11 03:45:00+00:00,2.36,ft,Approved,,2025-09-01 20:21:53.716170+00:00
,,00c04128-7146-482c-969e-fc0b5e7b3824,0c49166273014487baa157c538b5a932,USGS-03274615,00065,00011,2023-02-11 03:30:00+00:00,2.35,ft,Approved,,2025-09-01 20:21:53.716170+00:00
,,d6995995-f003-4ce8-b11a-3116fb39370a,0c49166273014487baa157c538b5a932,USGS-03274615,00065,00011,2023-02-11 03:15:00+00:00,2.34,ft,Approved,,2025-09-01 20:21:53.716170+00:00
,,3d9f0326-d36d-4ff5-a6fc-cb74b5df17e2,0c49166273014487baa157c538b5a932,USGS-03274615,00065,00011,2023-02-11 03:00:00+00:00,2.34,ft,Approved,,2025-09-01 20:21:53.716170+00:00
,,619f0eb6-c931-460c-90ce-eec49812cb75,0c49166273014487baa157c538b5a932,USGS-03274615,00065,00011,2023-02-11 02:45:00+00:00,2.32,ft,Approved,,2025-09-01 20:21:53.716170+00:00
,,fdff40ab-9b9c-4fca-bb90-0cc578bc9f60,0c49166273014487baa157c538b5a932,USGS-03274615,00065,00011,2023-02-11 02:30:00+00:00,2.33,ft,Approved,,2025-09-01 20:21:53.716170+00:00
,,3889c9d7-c859-4ca7-8af8-c8339ddd275a,0c49166273014487baa157c538b5a932,USGS-03274615,00065,00011,2023-02-11 02:15:00+00:00,2.32,ft,Approved,,2025-09-01 20:21:53.716170+00:00
,,6c1386a3-b44f-4e1d-914b-6e96b404f029,0c49166273014487baa157c538b5a932,USGS-03274615,00065,00011,2023-02-11 02:00:00+00:00,2.31,ft,Approved,,2025-09-01 20:21:53.716170+00:00
,,0c6f137b-55b5-478a-a0f4-b1d1d7cb0d89,0c49166273014487baa157c538b5a932,USGS-03274615,00065,00011,2023-02-11 01:45:00+00:00,2.31,ft,Approved,,2025-09-01 20:21:53.716170+00:00
,,6bf8c03a-d607-40e2-9527-227677f67909,0c49166273014487baa157c538b5a932,USGS-03274615,00065,00011,2023-02-11 01:30:00+00:00,2.30,ft,Approved,,2025-09-01 20:21:53.716170+00:00
,,5aa98b78-bc27-4b45-9729-316b09c344ea,0c49166273014487baa157c538b5a932,USGS-03274615,00065,00011,2023-02-11 01:15:00+00:00,2.30,ft,Approved,,2025-09-01 20:21:53.716170+00:00
,,d04833df-4842-48eb-a186-53062d2aaf56,0c49166273014487baa157c538b5a932,USGS-03274615,00065,00011,2023-02-11 01:00:00+00:00,2.29,ft,Approved,,2025-09-01 20:21:53.716170+00:00
,,d04e7b69-b682-4d4e-bd94-98b1aee95cc3,0c49166273014487baa157c538b5a932,USGS-03274615,00065,00011,2023-02-11 00:45:00+00:00,2.29,ft,Approved,,2025-09-01 20:21:53.716170+00:00
,,c45d0be7-8836-44b3-98b2-4f7dc9d32bcb,0c49166273014487baa157c538b5a932,USGS-03274615,00065,00011,2023-02-11 00:30:00+00:00,2.30,ft,Approved,,2025-09-01 20:21:53.716170+00:00
,,d491cd71-3d33-4cb7-ab1a-fe344ad9f6c4,0c49166273014487baa157c538b5a932,USGS-03274615,00065,00011,2023-02-11 00:15:00+00:00,2.29,ft,Approved,,2025-09-01 20:21:53.716170+00:00
,,3058f39f-30a6-4f0a-b3d1-726415c86471,0c49166273014487baa157c538b5a932,USGS-03274615,00065,00011,2023-02-11 00:00:00+00:00,2.28,ft,Approved,,2025-09-01 20:21:53.716170+00:00
,,a58d775b-77dc-4f9b-a4ac-94f9340884ee,0c49166273014487baa157c538b5a932,USGS-03274615,00065,00011,2023-02-10 23:45:00+00:00,2.28,ft,Approved,,2025-09-01 20:21:53.716170+00:00
,,31acbeaa-24a5-4606-81d8-40ba15fa173b,0c49166273014487baa157c538b5a932,USGS-03274615,00065,00011,2023-02-10 23:30:00+00:00,2.28,ft,Approved,,2025-09-01 20:21:53.716170+00:00
,,6e33458b-bf48-4944-8b16-fda1a6f4a534,0c49166273014487baa157c538b5a932,USGS-03274615,00065,00011,2023-02-10 23:15:00+00:00,2.27,ft,Approved,,2025-09-01 20:21:53.716170+00:00
,,66d0b8bd-f72c-4dbd-9d21-7ed82600848b,0c49166273014487baa157c538b5a932,USGS-03274615,00065,00011,2023-02-10 23:00:00+00:00,2.27,ft,Approved,,2025-09-01 20:21:53.716170+00:00
,,fe318728-18ae-41b5-8912-a1fcda38b28c,0c49166273014487baa157c538b5a932,USGS-03274615,00065,00011,2023-02-10 22:45:00+00:00,2.24,ft,Approved,,2025-09-01 20:21:53.716170+00:00
,,3fe7e1be-cab1-4ba6-9a22-9b931fe5719b,0c49166273014487baa157c538b5a932,USGS-03274615,00065,00011,2023-02-10 22:30:00+00:00,2.29,ft,Approved,,2025-09-01 20:21:53.716170+00:00
,,4814278c-9643-4797-b6b8-3e8bef37f065,0c49166273014487baa157c538b5a932,USGS-03274615,00065,00011,2023-02-10 22:15:00+00:00,2.28,ft,Approved,,2025-09-01 20:21:53.716170+00:00
,,8ad87b67-5f0c-4d6b-ba31-51a4849e9d86,0c49166273014487baa157c538b5a932,USGS-03274615,00065,00011,2023-02-10 22:00:00+00:00,2.29,ft,Approved,,2025-09-01 20:21:53.716170+00:00
,,2724c965-3149-443e-a86f-ab0f4126f200,0c49166273014487baa157c538b5a932,USGS-03274615,00065,00011,2023-02-10 21:45:00+00:00,2.29,ft,Approved,,2025-09-01 20:21:53.716170+00:00
,,46b3927c-d871-407c-9173-a57d80854d1e,0c49166273014487baa157c538b5a932,USGS-03274615,00065,00011,2023-02-10 21:30:00+00:00,2.29,ft,Approved,,2025-09-01 20:21:53.716170+00:00
,,a0e65926-2277-409e-81ed-fc888ffc4af1,0c49166273014487baa157c538b5a932,USGS-03274615,00065,00011,2023-02-10 21:15:00+00:00,2.30,ft,Approved,,2025-09-01 20:21:53.716170+00:00
,,37fc7180-cd5a-4bfb-9963-10e79a2898b0,0c49166273014487baa157c538b5a932,USGS-03274615,00065,00011,2023-02-10 21:00:00+00:00,2.29,ft,Approved,,2025-09-01 20:21:53.716170+00:00
,,afe55c42-de76-4a4b-999b-f9660bafac0d,0c49166273014487baa157c538b5a932,USGS-03274615,00065,00011,2023-02-10 20:45:00+00:00,2.27,ft,Approved,,2025-09-01 20:21:53.716170+00:00
,,ed0a8422-717d-46dd-b269-d7c9c8985056,0c49166273014487baa157c538b5a932,USGS-03274615,00065,00011,2023-02-10 20:30:00+00:00,2.28,ft,Approved,,2025-09-01 20:21:53.716170+00:00
,,b591c1f8-c56c-4b77-bb12-feb0413113a2,0c49166273014487baa157c538b5a932,USGS-03274615,00065,00011,2023-02-10 20:15:00+00:00,2.29,ft,Approved,,2025-09-01 20:21:53.716170+00:00
,,22d9a7cd-82bf-48df-84fd-01b92b1770e4,0c49166273014487baa157c538b5a932,USGS-03274615,00065,00011,2023-02-10 20:00:00+00:00,2.28,ft,Approved,,2025-09-01 20:21:53.716170+00:00
,,5b8fb54e-63c8-4d3c-886b-f60ac41fc158,0c49166273014487baa157c538b5a932,USGS-03274615,00065,00011,2023-02-10 19:45:00+00:00,2.28,ft,Approved,,2025-09-01 20:21:53.716170+00:00
,,9b31c372-1f16-4cc5-87c5-ece9b3986ee2,0c49166273014487baa157c538b5a932,USGS-03274615,00065,00011,2023-02-10 19:30:00+00:00,2.29,ft,Approved,,2025-09-01 20:21:53.716170+00:00
,,3d54ba76-a2db-4eb3-b811-e4f62c164365,0c49166273014487baa157c538b5a932,USGS-03274615,00065,00011,2023-02-10 19:15:00+00:00,2.28,ft,Approved,,2025-09-01 20:21:53.716170+00:00
,,8fe91248-ccfd-4b0e-aec3-3bf09aa2c9b5,0c49166273014487baa157c538b5a932,USGS-03274615,00065,00011,2023-02-10 19:00:00+00:00,2.28,ft,Approved,,2025-09-01 20:21:53.716170+00:00
,,e9757738-7337-45e8-9db8-a0d1a5e9ec12,0c49166273014487baa157c538b5a932,USGS-03274615,00065,00011,2023-02-10 18:45:00+00:00,2.28,ft,Approved,,2025-09-01 20:21:53.716170+00:00
,,170792db-192f-4575-9f05-d71f03a19c98,0c49166273014487baa157c538b5a932,USGS-03274615,00065,00011,2023-02-10 18:30:00+00:00,2.28,ft,Approved,,2025-09-01 20:21:53.716170+00:00
,,1ffaa243-c557-4546-a2d5-3a34a6a93930,0c49166273014487baa157c538b5a932,USGS-03274615,00065,00011,2023-02-10 18:15:00+00:00,2.27,ft,Approved,,2025-09-01 20:21:53.716170+00:00
,,f60a6598-c94b-4f90-8c10-012b7edebecd,0c49166273014487baa157c538b5a932,USGS-03274615,00065,00011,2023-02-10 18:00:00+00:00,2.27,ft,Approved,,2025-09-01 20:21:53.716170+00:00
,,2a8d0c79-b8a4-4a36-acd5-ed5972fb1354,0c49166273014487baa157c538b5a932,USGS-03274615,00065,00011,2023-02-10 17:45:00+00:00,2.27,ft,Approved,,2025-09-01 20:21:53.716170+00:00
,,54adb314-033f-45f8-b9cf-79270e19644b,0c49166273014487baa157c538b5a932,USGS-03274615,00065,00011,2023-02-10 17:30:00+00:00,2.27,ft,Approved,,2025-09-01 20:21:53.716170+00:00
,,36fa71e9-8bfb-4d5f-9432-3c28fcda3cfd,0c49166273014487baa157c538b5a932,USGS-03274615,00065,00011,2023-02-10 17:15:00+00:00,2.27,ft,Approved,,2025-09-01 20:21:53.716170+00:00
,,3b406086-3b4c-472c-98c2-7290f1aa6634,0c49166273014487baa157c538b5a932,USGS-03274615,00065,00011,2023-02-10 17:00:00+00:00,2.25,ft,Approved,,2025-09-01 20:21:53.716170+00:00
,,5e768ff8-a09c-402b-9799-9e779b735f33,0c49166273014487baa157c538b5a932,USGS-03274615,00065,00011,2023-02-10 16:45:00+00:00,2.21,ft,Approved,,2025-09-01 20:21:53.716170+00:00
,,284493d5-da2d-4738-a643-a7a9af275dcd,0c49166273014487baa157c538b5a932,USGS-03274615,00065,00011,2023-02-10 16:30:00+00:00,2.25,ft,Approved,,2025-09-01 20:21:53.716170+00:00
,,a7d3a8b9-c58a-47d7-bad3-86bd3f23ef91,0c49166273014487baa157c538b5a932,USGS-03274615,00065,00011,2023-02-10 16:15:00+00:00,2.20,ft,Approved,,2025-09-01 20:21:53.716170+00:00
,,8667aa46-afdc-4423-856b-35a927036213,0c49166273014487baa157c538b5a932,USGS-03274615,00065,00011,2023-02-10 16:00:00+00:00,2.17,ft,Approved,,2025-09-01 20:21:53.716170+00:00
,,d32b41e5-425d-4ea4-b9ed-a57c4007686b,0c49166273014487baa157c538b5a932,USGS-03274615,00065,00011,2023-02-10 15:45:00+00:00,2.24,ft,Approved,,2025-09-01 20:21:53.716170+00:00
,,7784811c-cc37-4e26-b629-76fae3e62002,0c49166273014487baa157c538b5a932,USGS-03274615,00065,00011,2023-02-10 15:30:00+00:00,2.24,ft,Approved,,2025-09-01 20:21:53.716170+00:00
,,5bba2b69-b12f-4040-ad5b-f07c49141873,0c49166273014487baa157c538b5a932,USGS-03274615,00065,00011,2023-02-10 15:15:00+00:00,2.23,ft,Approved,,2025-09-01 20:21:53.716170+00:00
,,53ef1112-358f-4a57-952e-d4eefa100e81,0c49166273014487baa157c538b5a932,USGS-03274615,00065,00011,2023-02-10 15:00:00+00:00,2.21,ft,Approved,,2025-09-01 20:21:53.716170+00:00
,,25f4f163-fc4b-4888-9b99-b716324f4346,0c49166273014487baa157c538b5a932,USGS-03274615,00065,00011,2023-02-10 14:45:00+00:00,2.19,ft,Approved,,2025-09-01 20:21:53.716170+00:00
,,3d25a2c0-bac5-4c61-85c3-9dd160bccab0,0c49166273014487baa157c538b5a932,USGS-03274615,00065,00011,2023-02-10 14:30:00+00:00,2.20,ft,Approved,,2025-09-01 20:21:53.716170+00:00
,,fecd3603-9a01-4478-b980-eb0fe6ed38a1,0c49166273014487baa157c538b5a932,USGS-03274615,00065,00011,2023-02-10 14:15:00+00:00,2.21,ft,Approved,,2025-09-01 20:21:53.716170+00:00
,,a958fcc4-9d91-45a2-8623-675cd35481ec,0c49166273014487baa157c538b5a932,USGS-03274615,00065,00011,2023-02-10 14:00:00+00:00,2.19,ft,Approved,,2025-09-01 20:21:53.716170+00:00
,,2a1026b0-b4d4-45c0-a078-85c95baa79bb,0c49166273014487baa157c538b5a932,USGS-03274615,00065,00011,2023-02-10 13:45:00+00:00,2.19,ft,Approved,,2025-09-01 20:21:53.716170+00:00
,,49468896-f2de-4900-b721-b84375a7de72,0c49166273014487baa157c538b5a932,USGS-03274615,00065,00011,2023-02-10 13:30:00+00:00,2.18,ft,Approved,,2025-09-01 20:21:53.716170+00:00
,,3e7fdbef-1aac-4b06-86d7-5e8703fcc094,0c49166273014487baa157c538b5a932,USGS-03274615,00065,00011,2023-02-10 13:15:00+00:00,2.18,ft,Approved,,2025-09-01 20:21:53.716170+00:00
,,9d3a32cb-a5ff-4b61-ad7c-9167ef23806a,0c49166273014487baa157c538b5a932,USGS-03274615,00065,00011,2023-02-10 13:00:00+00:00,2.17,ft,Approved,,2025-09-01 20:21:53.716170+00:00
,,6cd6a8d3-7a48-418b-981f-eb9a1215f0aa,0c49166273014487baa157c538b5a932,USGS-03274615,00065,00011,2023-02-10 12:45:00+00:00,2.17,ft,Approved,,2025-09-01 20:21:53.716170+00:00
,,7ae73af3-e281-4c77-a46e-7588be64a9f2,0c49166273014487baa157c538b5a932,USGS-03274615,00065,00011,2023-02-10 12:30:00+00:00,2.17,ft,Approved,,2025-09-01 20:21:53.716170+00:00
,,82eebb96-f3a4-4e92-be66-625ec17405a3,0c49166273014487baa157c538b5a932,USGS-03274615,00065,00011,2023-02-10 12:15:00+00:00,2.16,ft,Approved,,2025-09-01 20:21:53.716170+00:00
,,4462df4a-61b0-44e2-ab4c-cb1a937810a5,0c49166273014487baa157c538b5a932,USGS-03274615,00065,00011,2023-02-10 12:00:00+00:00,2.16,ft,Approved,,2025-09-01 20:21:53.716170+00:00
,,9687fde1-d88e-4de0-b8af-10a8048cf99c,0c49166273014487baa157c538b5a932,USGS-03274615,00065,00011,2023-02-10 11:45:00+00:00,2.16,ft,Approved,,2025-09-01 20:21:53.716170+00:00
,,4d9336ab-c065-4841-b5b0-7cee915d85ce,0c49166273014487baa157c538b5a932,USGS-03274615,00065,00011,2023-02-10 11:30:00+00:00,2.16,ft,Approved,,2025-09-01 20:21:53.716170+00:00
,,aa441da1-1cd9-4882-944a-d2d23b3de648,0c49166273014487baa157c538b5a932,USGS-03274615,00065,00011,2023-02-10 11:15:00+00:00,2.15,ft,Approved,,2025-09-01 20:21:53.716170+00:00
,,625a34c1-e04e-462d-bef8-57caf1f187f9,0c49166273014487baa157c538b5a932,USGS-03274615,00065,00011,2023-02-10 11:00:00+00:00,2.15,ft,Approved,,2025-09-01 20:21:53.716170+00:00
,,38b86ca4-1924-408b-8b14-bed60701329d,0c49166273014487baa157c538b5a932,USGS-03274615,00065,00011,2023-02-10 10:45:00+00:00,2.15,ft,Approved,,2025-09-01 20:21:53.716170+00:00
,,46f5d8e6-c90e-4f42-b98f-49aa04f1054d,0c49166273014487baa157c538b5a932,USGS-03274615,00065,00011,2023-02-10 10:30:00+00:00,2.14,ft,Approved,,2025-09-01 20:21:53.716170+00:00
,,319f53aa-4d22-4b05-9b5b-6b80bbd1ad46,0c49166273014487baa157c538b5a932,USGS-03274615,00065,00011,2023-02-10 10:15:00+00:00,2.14,ft,Approved,,2025-09-01 20:21:53.716170+00:00
,,c53fd669-fed5-42a8-af30-a0b91af05106,0c49166273014487baa157c538b5a932,USGS-03274615,00065,00011,2023-02-10 10:00:00+00:00,2.14,ft,Approved,,2025-09-01 20:21:53.716170+00:00
,,df7f45db-618f-47be-af04-23a8e4f4c431,0c49166273014487baa157c538b5a932,USGS-03274615,00065,00011,2023-02-10 09:45:00+00:00,2.13,ft,Approved,,2025-09-01 20:21:53.716170+00:00
,,dd84658e-0994-4af5-8c24-ace949130bef,0c49166273014487baa157c538b5a932,USGS-03274615,00065,00011,2023-02-10 09:30:00+00:00,2.13,ft,Approved,,2025-09-01 20:21:53.716170+00:00
,,0802f2d8-5128-4d78-b7e7-cd00a0bf11d4,0c49166273014487baa157c538b5a932,USGS-03274615,00065,00011,2023-02-10 09:15:00+00:00,2.14,ft,Approved,,2025-09-01 20:21:53.716170+00:00
,,62ff6aba-0b54-4326-bde3-85f6d8a293f2,0c49166273014487baa157c538b5a932,USGS-03274615,00065,00011,2023-02-10 09:00:00+00:00,2.14,ft,Approved,,2025-09-01 20:21:53.716170+00:00
,,09b9fbe5-9718-4b55-a418-26d10821a3b4,0c49166273014487baa157c538b5a932,USGS-03274615,00065,00011,2023-02-10 08:45:00+00:00,2.12,ft,Approved,,2025-09-01 20:21:53.716170+00:00
,,6adafc82-67c5-47b8-8b40-123117ea0bef,0c49166273014487baa157c538b5a932,USGS-03274615,00065,00011,2023-02-10 08:30:00+00:00,2.10,ft,Approved,,2025-09-01 20:21:53.716170+00:00
,,40078446-7d50-4ec7-8e48-8b6503aed2b7,0c49166273014487baa157c538b5a932,USGS-03274615,00065,00011,2023-02-10 08:15:00+00:00,2.13,ft,Approved,,2025-09-01 20:21:53.716170+00:00
,,c4ccac0e-1b7c-4101-ba0e-76bf506f378c,0c49166273014487baa157c538b5a932,USGS-03274615,00065,00011,2023-02-10 08:00:00+00:00,2.13,ft,Approved,,2025-09-01 20:21:53.716170+00:00
,,391dc54f-56aa-495d-bb49-739c6ae9cf08,0c49166273014487baa157c538b5a932,USGS-03274615,00065,00011,2023-02-10 07:45:00+00:00,2.13,ft,Approved,,2025-09-01 20:21:53.716170+00:00
,,69618111-8857-4f19-a580-69bfc5190e92,0c49166273014487baa157c538b5a932,USGS-03274615,00065,00011,2023-02-10 07:30:00+00:00,2.12,ft,Approved,,2025-09-01 20:21:53.716170+00:00
,,60861835-6e7f-4588-b24d-e04cd5e54bf3,0c49166273014487baa157c538b5a932,USGS-03274615,00065,00011,2023-02-10 07:15:00+00:00,2.12,ft,Approved,,2025-09-01 20:21:53.716170+00:00
,,bb382076-5c7d-4267-b217-190724a213ea,0c49166273014487baa157c538b5a932,USGS-03274615,00065,00011,2023-02-10 07:00:00+00:00,2.12,ft,Approved,,2025-09-01 20:21:53.716170+00:00
,,64709a2f-3e3e-4bdc-8b68-9916f01efde2,0c49166273014487baa157c538b5a932,USGS-03274615,00065,00011,2023-02-10 06:45:00+00:00,2.11,ft,Approved,,2025-09-01 20:21:53.716170+00:00
,,3c6883e5-fb65-4393-a3d2-962312aad21e,0c49166273014487baa157c538b5a932,USGS-03274615,00065,00011,2023-02-10 06:30:00+00:00,2.11,ft,Approved,,2025-09-01 20:21:53.716170+00:00
,,29605f99-d566-41b8-ab95-52ed5c916b3e,0c49166273014487baa157c538b5a932,USGS-03274615,00065,00011,2023-02-10 06:15:00+00:00,2.10,ft,Approved,,2025-09-01 20:21:53.716170+00:00
,,2471f1ed-d71b-41d1-9ade-940ae84bceb3,0c49166273014487baa157c538b5a932,USGS-03274615,00065,00011,2023-02-10 06:00:00+00:00,2.10,ft,Approved,,2025-09-01 20:21:53.716170+00:00
,,03097393-a09f-4427-ba38-bd0a61b2ee45,0c49166273014487baa157c538b5a932,USGS-03274615,00065,00011,2023-02-10 05:45:00+00:00,2.10,ft,Approved,,2025-09-01 20:21:53.716170+00:00
,,b81d45cd-0190-4360-bee7-d3e0fb9e084c,0c49166273014487baa157c538b5a932,USGS-03274615,00065,00011,2023-02-10 05:30:00+00:00,2.10,ft,Approved,,2025-09-01 20:21:53.716170+00:00
,,f4892be4-3bb1-4409-9ad0-6213b58b1ea9,0c49166273014487baa157c538b5a932,USGS-03274615,00065,00011,2023-02-10 05:15:00+00:00,2.11,ft,Approved,,2025-09-01 20:21:53.716170+00:00
,,a3949fe7-9a28-45f6-b9ce-8e26cd7d6aa1,0c49166273014487baa157c538b5a932,USGS-03274615,00065,00011,2023-02-10 05:00:00+00:00,2.10,ft,Approved,,2025-09-01 20:21:53.716170+00:00
,,8a21bf50-3cea-4fe8-b6ce-c6af029bf965,0c49166273014487baa157c538b5a932,USGS-03274615,00065,00011,2023-02-10 04:45:00+00:00,2.09,ft,Approved,,2025-09-01 20:21:53.716170+00:00
,,bcc3ff97-8920-41d2-998f-e535605abd2a,0c49166273014487baa157c538b5a932,USGS-03274615,00065,00011,2023-02-10 04:30:00+00:00,2.09,ft,Approved,,2025-09-01 20:21:53.716170+00:00
,,36d20647-d8bc-495c-8fc8-c3c971bbd751,0c49166273014487baa157c538b5a932,USGS-03274615,00065,00011,2023-02-10 04:15:00+00:00,2.09,ft,Approved,,2025-09-01 20:21:53.716170+00:00
,,59ab0c51-d6f6-4437-846f-49729b2b4f56,0c49166273014487baa157c538b5a932,USGS-03274615,00065,00011,2023-02-10 04:00:00+00:00,2.09,ft,Approved,,2025-09-01 20:21:53.716170+00:00
,,2cab4f8f-a4e2-42a2-8a9f-a89b876e6a79,0c49166273014487baa157c538b5a932,USGS-03274615,00065,00011,2023-02-10 03:45:00+00:00,2.07,ft,Approved,,2025-09-01 20:21:53.716170+00:00
,,9b97aa0a-7f9b-49dc-acb3-35c0d21af4f6,0c49166273014487baa157c538b5a932,USGS-03274615,00065,00011,2023-02-10 03:30:00+00:00,2.08,ft,Approved,,2025-09-01 20:21:53.716170+00:00
,,174ae0e6-507c-463c-b416-cdc0742949d3,0c49166273014487baa157c538b5a932,USGS-03274615,00065,00011,2023-02-10 03:15:00+00:00,2.08,ft,Approved,,2025-09-01 20:21:53.716170+00:00
,,aae0478f-0062-4ddc-8c29-c34e41d5da49,0c49166273014487baa157c538b5a932,USGS-03274615,00065,00011,2023-02-10 03:00:00+00:00,2.07,ft,Approved,,2025-09-01 20:21:53.716170+00:00
,,0b9b5cd9-e548-4cd8-99b2-f9c554f25daa,0c49166273014487baa157c538b5a932,USGS-03274615,00065,00011,2023-02-10 02:45:00+00:00,2.05,ft,Approved,,2025-09-01 20:21:53.716170+00:00
,,8032d236-8192-4af4-ac65-e908cde2185c,0c49166273014487baa157c538b5a932,USGS-03274615,00065,00011,2023-02-10 02:30:00+00:00,2.02,ft,Approved,,2025-09-01 20:21:53.716170+00:00
,,1eeec7c4-7d02-44b9-951b-aefa12f208e6,0c49166273014487baa157c538b5a932,USGS-03274615,00065,00011,2023-02-10 02:15:00+00:00,2.04,ft,Approved,,2025-09-01 20:21:53.716170+00:00
,,3033e10f-9a63-4d31-b68e-2d543cb9cfe2,0c49166273014487baa157c538b5a932,USGS-03274615,00065,00011,2023-02-10 02:00:00+00:00,1.97,ft,Approved,,2025-09-01 20:21:53.716170+00:00
,,0f17bea5-25d2-474b-9d3d-b5183a854cee,0c49166273014487baa157c538b5a932,USGS-03274615,00065,00011,2023-02-10 01:45:00+00:00,1.98,ft,Approved,,2025-09-01 20:21:53.716170+00:00
,,4beea34b-5108-4705-a771-fa14c53d78b9,0c49166273014487baa157c538b5a932,USGS-03274615,00065,00011,2023-02-10 01:30:00+00:00,2.00,ft,Approved,,2025-09-01 20:21:53.716170+00:00
,,cbd3e24c-98bf-42b1-b345-6a5902158090,0c49166273014487baa157c538b5a932,USGS-03274615,00065,00011,2023-02-10 01:15:00+00:00,1.94,ft,Approved,,2025-09-01 20:21:53.716170+00:00
,,a4e5c668-7c92-49f4-982f-533172d37376,0c49166273014487baa157c538b5a932,USGS-03274615,00065,00011,2023-02-10 01:00:00+00:00,1.94,ft,Approved,,2025-09-01 20:21:53.716170+00:00
,,331dfa86-5695-4a9f-a0c8-904fb2d7edbd,0c49166273014487baa157c538b5a932,USGS-03274615,00065,00011,2023-02-10 00:45:00+00:00,1.85,ft,Approved,,2025-09-01 20:21:53.716170+00:00
,,c7ff81e8-cca3-4aa2-8c82-630c82e0b1b4,0c49166273014487baa157c538b5a932,USGS-03274615,00065,00011,2023-02-10 00:30:00+00:00,1.86,ft,Approved,,2025-09-01 20:21:53.716170+00:00
,,98156e01-aeac-4fd1-9961-093d0734791e,0c49166273014487baa157c538b5a932,USGS-03274615,00065,00011,2023-02-10 00:15:00+00:00,1.81,ft,Approved,,2025-09-01 20:21:53.716170+00:00
,,ad0d8efd-9dca-4dcf-83e0-2f22f35281f1,0c49166273014487baa157c538b5a932,USGS-03274615,00065,00011,2023-02-10 00:00:00+00:00,1.82,ft,Approved,,2025-09-01 20:21:53.716170+00:00
,,fd0f83b0-c2bc-4d6f-bda5-61b4168ae99f,0c49166273014487baa157c538b5a932,USGS-03274615,00065,00011,2023-02-09 23:45:00+00:00,1.81,ft,Approved,,2025-09-01 20:21:53.716170+00:00
,,98fff945-80b7-4ed5-85f7-870b266f89b8,0c49166273014487baa157c538b5a932,USGS-03274615,00065,00011,2023-02-09 23:30:00+00:00,1.80,ft,Approved,,2025-09-01 20:21:53.716170+00:00
,,4ecaeeaa-69c7-41f0-a210-95b6f7727734,0c49166273014487baa157c538b5a932,USGS-03274615,00065,00011,2023-02-09 23:15:00+00:00,1.80,ft,Approved,,2025-09-01 20:21:53.716170+00:00
,,8711453d-e475-46ed-b992-81d478cc6bcf,0c49166273014487baa157c538b5a932,USGS-03274615,00065,00011,2023-02-09 23:00:00+00:00,1.79,ft,Approved,,2025-09-01 20:21:53.716170+00:00
,,a76002fc-b4bc-4279-af54-50609915c418,0c49166273014487baa157c538b5a932,USGS-03274615,00065,00011,2023-02-09 22:45:00+00:00,1.75,ft,Approved,,2025-09-01 20:21:53.716170+00:00
,,70856c81-7bb0-4c07-b008-6c4f7772c3bd,0c49166273014487baa157c538b5a932,USGS-03274615,00065,00011,2023-02-09 22:30:00+00:00,1.77,ft,Approved,,2025-09-01 20:21:53.716170+00:00
,,8e6589df-a5a9-454d-abab-fa596dac724d,0c49166273014487baa157c538b5a932,USGS-03274615,00065,00011,2023-02-09 22:15:00+00:00,1.75,ft,Approved,,2025-09-01 20:21:53.716170+00:00
,,fa6a9104-71c3-49a1-96e0-15d8e7a31624,0c49166273014487baa157c538b5a932,USGS-03274615,00065,00011,2023-02-09 22:00:00+00:00,1.76,ft,Approved,,2025-09-01 20:21:53.716170+00:00
,,82a2fec5-62b4-4386-bee0-d8abd046d28d,0c49166273014487baa157c538b5a932,USGS-03274615,00065,00011,2023-02-09 21:45:00+00:00,1.68,ft,Approved,,2025-09-01 20:21:53.716170+00:00
,,99f39e63-39fe-43a5-8180-d284ca0c45d8,0c49166273014487baa157c538b5a932,USGS-03274615,00065,00011,2023-02-09 21:30:00+00:00,1.72,ft,Approved,,2025-09-01 20:21:53.716170+00:00
,,49e39a4a-80d9-44d6-b66c-cef82b3c02dc,0c49166273014487baa157c538b5a932,USGS-03274615,00065,00011,2023-02-09 21:15:00+00:00,1.75,ft,Approved,,2025-09-01 20:21:53.716170+00:00
,,f7cdc681-2cef-4a38-a9c3-197d66e305b9,0c49166273014487baa157c538b5a932,USGS-03274615,00065,00011,2023-02-09 21:00:00+00:00,1.73,ft,Approved,,2025-09-01 20:21:53.716170+00:00
,,ce280a1a-6782-478b-990b-af252092374a,0c49166273014487baa157c538b5a932,USGS-03274615,00065,00011,2023-02-09 20:45:00+00:00,1.65,ft,Approved,,2025-09-01 20:21:53.716170+00:00
,,9015e2a4-9ea7-44b2-ae63-c4d92b1a5752,0c49166273014487baa157c538b5a932,USGS-03274615,00065,00011,2023-02-09 20:30:00+00:00,1.68,ft,Approved,,2025-09-01 20:21:53.716170+00:00
,,c3494511-902c-4ebe-b829-8bc2875ba2ce,0c49166273014487baa157c538b5a932,USGS-03274615,00065,00011,2023-02-09 20:15:00+00:00,1.65,ft,Approved,,2025-09-01 20:21:53.716170+00:00
,,b0a2eba6-6595-4115-a0ec-8414a589d795,0c49166273014487baa157c538b5a932,USGS-03274615,00065,00011,2023-02-09 20:00:00+00:00,1.67,ft,Approved,,2025-09-01 20:21:53.716170+00:00
,,e0218061-a4cc-4ae7-b81c-987158a23470,0c49166273014487baa157c538b5a932,USGS-03274615,00065,00011,2023-02-09 19:45:00+00:00,1.68,ft,Approved,,2025-09-01 20:21:53.716170+00:00
,,49056a8f-3cf7-417d-b475-e6148f115d64,0c49166273014487baa157c538b5a932,USGS-03274615,00065,00011,2023-02-09 19:30:00+00:00,1.65,ft,Approved,,2025-09-01 20:21:53.716170+00:00
,,6fa21dde-248f-4f5c-9388-806f05775723,0c49166273014487baa157c538b5a932,USGS-03274615,00065,00011,2023-02-09 19:15:00+00:00,1.69,ft,Approved,,2025-09-01 20:21:53.716170+00:00
,,754063c3-7fd6-4f8f-97cd-4644cb3ff6c3,0c49166273014487baa157c538b5a932,USGS-03274615,00065,00011,2023-02-09 19:00:00+00:00,1.60,ft,Approved,,2025-09-01 20:21:53.716170+00:00
,,e14174e5-5fca-4ed9-be2e-343f5dbb0573,0c49166273014487baa157c538b5a932,USGS-03274615,00065,00011,2023-02-09 18:45:00+00:00,1.66,ft,Approved,,2025-09-01 20:21:53.716170+00:00
,,419258b0-0bd8-4c8d-a5a2-4eaf89c8fac0,0c49166273014487baa157c538b5a932,USGS-03274615,00065,00011,2023-02-09 18:30:00+00:00,1.65,ft,Approved,,2025-09-01 20:21:53.716170+00:00
,,bc20b18a-ab0e-43d5-a203-c7132d9b3ac2,0c49166273014487baa157c538b5a932,USGS-03274615,00065,00011,2023-02-09 18:15:00+00:00,1.64,ft,Approved,,2025-09-01 20:21:53.716170+00:00
,,4dbb00b1-b95c-4151-a357-233c0b50870f,0c49166273014487baa157c538b5a932,USGS-03274615,00065,00011,2023-02-09 18:00:00+00:00,1.66,ft,Approved,,2025-09-01 20:21:53.716170+00:00
,,89994887-67a3-4de2-bc62-351e25197f22,0c49166273014487baa157c538b5a932,USGS-03274615,00065,00011,2023-02-09 17:45:00+00:00,1.62,ft,Approved,,2025-09-01 20:21:53.716170+00:00
,,3962cc1f-95ec-477e-9e51-bb70c220e319,0c49166273014487baa157c538b5a932,USGS-03274615,00065,00011,2023-02-09 17:30:00+00:00,1.68,ft,Approved,,2025-09-01 20:21:53.716170+00:00
,,b299f64b-39d6-4fef-a041-68d34a895eae,0c49166273014487baa157c538b5a932,USGS-03274615,00065,00011,2023-02-09 17:15:00+00:00,1.62,ft,Approved,,2025-09-01 20:21:53.716170+00:00
,,aea620a1-30a6-44a3-9237-ee77fba6419a,0c49166273014487baa157c538b5a932,USGS-03274615,00065,00011,2023-02-09 17:00:00+00:00,1.66,ft,Approved,,2025-09-01 20:21:53.716170+00:00
,,e406cd13-ecea-49e7-afb2-ccb0f40cf6a9,0c49166273014487baa157c538b5a932,USGS-03274615,00065,00011,2023-02-09 16:45:00+00:00,1.64,ft,Approved,,2025-09-01 20:21:53.716170+00:00
,,29187187-2da0-4b2a-b7c1-26d0684cf144,0c49166273014487baa157c538b5a932,USGS-03274615,00065,00011,2023-02-09 16:30:00+00:00,1.61,ft,Approved,,2025-09-01 20:21:53.716170+00:00
,,d1c01377-016a-4258-8787-ea3647ab0fc4,0c49166273014487baa157c538b5a932,USGS-03274615,00065,00011,2023-02-09 16:15:00+00:00,1.55,ft,Approved,,2025-09-01 20:21:53.716170+00:00
,,57052eeb-049d-4b27-b4ab-b273c1b8cf50,0c49166273014487baa157c538b5a932,USGS-03274615,00065,00011,2023-02-09 16:00:00+00:00,1.63,ft,Approved,,2025-09-01 20:21:53.716170+00:00
,,e5829ad9-163f-41bc-a30d-1029f29c9cc1,0c49166273014487baa157c538b5a932,USGS-03274615,00065,00011,2023-02-09 15:45:00+00:00,1.64,ft,Approved,,2025-09-01 20:21:53.716170+00:00
,,530b6437-171c-45c4-9424-af914f6a7445,0c49166273014487baa157c538b5a932,USGS-03274615,00065,00011,2023-02-09 15:30:00+00:00,1.60,ft,Approved,,2025-09-01 20:21:53.716170+00:00
,,acd50863-5dd7-4d3c-b1b2-93911cd93c55,0c49166273014487baa157c538b5a932,USGS-03274615,00065,00011,2023-02-09 15:15:00+00:00,1.64,ft,Approved,,2025-09-01 20:21:53.716170+00:00
,,2674e6ed-797f-451a-be6a-e5ef2da56c61,0c49166273014487baa157c538b5a932,USGS-03274615,00065,00011,2023-02-09 15:00:00+00:00,1.64,ft,Approved,,2025-09-01 20:21:53.716170+00:00
,,0016b51b-de85-4c57-92e7-5c621a7ae9b7,0c49166273014487baa157c538b5a932,USGS-03274615,00065,00011,2023-02-09 14:45:00+00:00,1.62,ft,Approved,,2025-09-01 20:21:53.716170+00:00
,,1bf6391e-9546-4983-9679-03d9b78637c2,0c49166273014487baa157c538b5a932,USGS-03274615,00065,00011,2023-02-09 14:30:00+00:00,1.61,ft,Approved,,2025-09-01 20:21:53.716170+00:00
,,27e01c80-7169-46ba-b13f-93795c280d07,0c49166273014487baa157c538b5a932,USGS-03274615,00065,00011,2023-02-09 14:15:00+00:00,1.64,ft,Approved,,2025-09-01 20:21:53.716170+00:00
,,36ae4a39-dd43-4bdb-9a1d-a501c82488aa,0c49166273014487baa157c538b5a932,USGS-03274615,00065,00011,2023-02-09 14:00:00+00:00,1.64,ft,Approved,,2025-09-01 20:21:53.716170+00:00
,,dc6264b4-2d7b-4f06-9da4-614525fe3645,0c49166273014487baa157c538b5a932,USGS-03274615,00065,00011,2023-02-09 13:45:00+00:00,1.63,ft,Approved,,2025-09-01 20:21:53.716170+00:00
,,6695734a-2f13-4941-a639-42c18ebbd149,0c49166273014487baa157c538b5a932,USGS-03274615,00065,00011,2023-02-09 13:30:00+00:00,1.63,ft,Approved,,2025-09-01 20:21:53.716170+00:00
,,24dcfa62-948d-4690-9472-7fdefae47263,0c49166273014487baa157c538b5a932,USGS-03274615,00065,00011,2023-02-09 13:15:00+00:00,1.63,ft,Approved,,2025-09-01 20:21:53.716170+00:00
,,734e076c-6dd7-4e92-a20d-874fdca996a3,0c49166273014487baa157c538b5a932,USGS-03274615,00065,00011,2023-02-09 13:00:00+00:00,1.61,ft,Approved,,2025-09-01 20:21:53.716170+00:00
,,45f44aa5-9e62-4b35-8967-9fae21f384c1,0c49166273014487baa157c538b5a932,USGS-03274615,00065,00011,2023-02-09 12:45:00+00:00,1.63,ft,Approved,,2025-09-01 20:21:53.716170+00:00
,,ec0d204c-3e6f-4edb-89f6-0ffeaccc6103,0c49166273014487baa157c538b5a932,USGS-03274615,00065,00011,2023-02-09 12:30:00+00:00,1.64,ft,Approved,,2025-09-01 20:21:53.716170+00:00
,,6deb2678-360d-4f8a-a3d8-329fcc4bd866,0c49166273014487baa157c538b5a932,USGS-03274615,00065,00011,2023-02-09 12:15:00+00:00,1.62,ft,Approved,,2025-09-01 20:21:53.716170+00:00
,,55aca747-a5ba-4d9c-8328-653dc414958f,0c49166273014487baa157c538b5a932,USGS-03274615,00065,00011,2023-02-09 12:00:00+00:00,1.64,ft,Approved,,2025-09-01 20:21:53.716170+00:00
,,80761648-1a64-48e0-a2d4-a8d76abdcf63,0c49166273014487baa157c538b5a932,USGS-03274615,00065,00011,2023-02-09 11:45:00+00:00,1.65,ft,Approved,,2025-09-01 20:21:53.716170+00:00
,,67973338-ad67-481e-a999-eaa2fa9c3e77,0c49166273014487baa157c538b5a932,USGS-03274615,00065,00011,2023-02-09 11:30:00+00:00,1.56,ft,Approved,,2025-09-01 20:21:53.716170+00:00
,,134fdeda-8962-463b-b1f7-b257160723dd,0c49166273014487baa157c538b5a932,USGS-03274615,00065,00011,2023-02-09 11:15:00+00:00,1.62,ft,Approved,,2025-09-01 20:21:53.716170+00:00
,,13d0582f-1af9-4976-a26a-a0a8d2f692da,0c49166273014487baa157c538b5a932,USGS-03274615,00065,00011,2023-02-09 11:00:00+00:00,1.66,ft,Approved,,2025-09-01 20:21:53.716170+00:00
,,9c781cc4-481b-4e10-b2eb-c91727a7258f,0c49166273014487baa157c538b5a932,USGS-03274615,00065,00011,2023-02-09 10:45:00+00:00,1.59,ft,Approved,,2025-09-01 20:21:53.716170+00:00
,,ae1f706d-4668-4c83-83c2-e2e4d7a8b58d,0c49166273014487baa157c538b5a932,USGS-03274615,00065,00011,2023-02-09 10:30:00+00:00,1.57,ft,Approved,,2025-09-01 20:21:53.716170+00:00
,,605b283c-fa29-49e9-bd56-2c825a4d964e,0c49166273014487baa157c538b5a932,USGS-03274615,00065,00011,2023-02-09 10:15:00+00:00,1.61,ft,Approved,,2025-09-01 20:21:53.716170+00:00
,,6d053952-1000-4b3b-87cf-022c573b800f,0c49166273014487baa157c538b5a932,USGS-03274615,00065,00011,2023-02-09 10:00:00+00:00,1.61,ft,Approved,,2025-09-01 20:21:53.716170+00:00
,,c751ff3b-7b46-43c4-aec7-61b82c891174,0c49166273014487baa157c538b5a932,USGS-03274615,00065,00011,2023-02-09 09:45:00+00:00,1.64,ft,Approved,,2025-09-01 20:21:53.716170+00:00
,,51f0e56f-912f-4fa8-9809-548189222c9f,0c49166273014487baa157c538b5a932,USGS-03274615,00065,00011,2023-02-09 09:30:00+00:00,1.58,ft,Approved,,2025-09-01 20:21:53.716170+00:00
,,66f39e8b-dbd3-45d7-bf66-d61bfee3d1bd,0c49166273014487baa157c538b5a932,USGS-03274615,00065,00011,2023-02-09 09:15:00+00:00,1.61,ft,Approved,,2025-09-01 20:21:53.716170+00:00
,,81658fa4-ad1f-4c96-b586-6e9642e1f3ca,0c49166273014487baa157c538b5a932,USGS-03274615,00065,00011,2023-02-09 09:00:00+00:00,1.66,ft,Approved,,2025-09-01 20:21:53.716170+00:00
,,f842970f-ec72-4718-a922-1f7ee92ae1c4,0c49166273014487baa157c538b5a932,USGS-03274615,00065,00011,2023-02-09 08:45:00+00:00,1.61,ft,Approved,,2025-09-01 20:21:53.716170+00:00
,,3fa37425-78ec-4aef-b427-132248be6c70,0c49166273014487baa157c538b5a932,USGS-03274615,00065,00011,2023-02-09 08:30:00+00:00,1.57,ft,Approved,,2025-09-01 20:21:53.716170+00:00
,,953a3af5-4b20-4640-ac5f-54c3561ed213,0c49166273014487baa157c538b5a932,USGS-03274615,00065,00011,2023-02-09 08:15:00+00:00,1.62,ft,Approved,,2025-09-01 20:21:53.716170+00:00
,,0a4c6819-574f-4fc0-83e3-d31073310b33,0c49166273014487baa157c538b5a932,USGS-03274615,00065,00011,2023-02-09 08:00:00+00:00,1.69,ft,Approved,,2025-09-01 20:21:53.716170+00:00
,,d6c2d66e-e5a1-412e-8f32-7cbd3e93e0dc,0c49166273014487baa157c538b5a932,USGS-03274615,00065,00011,2023-02-09 07:45:00+00:00,1.68,ft,Approved,,2025-09-01 20:21:53.716170+00:00
,,5093397b-8588-44be-bcde-e2cc68c7a6d9,0c49166273014487baa157c538b5a932,USGS-03274615,00065,00011,2023-02-09 07:30:00+00:00,1.68,ft,Approved,,2025-09-01 20:21:53.716170+00:00
,,6226e66e-affc-449c-870b-5a7eefe51d6d,0c49166273014487baa157c538b5a932,USGS-03274615,00065,00011,2023-02-09 07:15:00+00:00,1.69,ft,Approved,,2025-09-01 20:21:53.716170+00:00
,,5b5ed8d4-6f0b-4d60-b848-b314d7f41f66,0c49166273014487baa157c538b5a932,USGS-03274615,00065,00011,2023-02-09 07:00:00+00:00,1.69,ft,Approved,,2025-09-01 20:21:53.716170+00:00
,,f022bb8f-15ee-4061-9d34-eb8d0d0e529b,0c49166273014487baa157c538b5a932,USGS-03274615,00065,00011,2023-02-09 06:45:00+00:00,1.69,ft,Approved,,2025-09-01 20:21:53.716170+00:00
,,a46723df-0b4b-426c-ac32-854befcf0461,0c49166273014487baa157c538b5a932,USGS-03274615,00065,00011,2023-02-09 06:30:00+00:00,1.69,ft,Approved,,2025-09-01 20:21:53.716170+00:00
,,eb70ac16-bdc4-4d36-9819-9eb420045b25,0c49166273014487baa157c538b5a932,USGS-03274615,00065,00011,2023-02-09 06:15:00+00:00,1.67,ft,Approved,,2025-09-01 20:21:53.716170+00:00
,,89e7eade-3172-4342-af98-27cbf7819da1,0c49166273014487baa157c538b5a932,USGS-03274615,00065,00011,2023-02-09 06:00:00+00:00,1.67,ft,Approved,,2025-09-01 20:21:53.716170+00:00
,,f620461c-7ab1-4f06-8729-429459e856ca,0c49166273014487baa157c538b5a932,USGS-03274615,00065,00011,2023-02-09 05:45:00+00:00,1.69,ft,Approved,,2025-09-01 20:21:53.716170+00:00
,,2892c559-645c-4fb0-8813-50b48eff69af,0c49166273014487baa157c538b5a932,USGS-03274615,00065,00011,2023-02-09 05:30:00+00:00,1.68,ft,Approved,,2025-09-01 20:21:53.716170+00:00
,,bb1c9cbb-ea33-4a54-ad74-06308f56077f,0c49166273014487baa157c538b5a932,USGS-03274615,00065,00011,2023-02-09 05:15:00+00:00,1.66,ft,Approved,,2025-09-01 20:21:53.716170+00:00
,,f111af82-d11b-44a7-99bc-4878596870d3,0c49166273014487baa157c538b5a932,USGS-03274615,00065,00011,2023-02-09 05:00:00+00:00,1.69,ft,Approved,,2025-09-01 20:21:53.716170+00:00
,,dfe78e6b-5324-4fa1-9bb2-76253a5474f1,0c49166273014487baa157c538b5a932,USGS-03274615,00065,00011,2023-02-09 04:45:00+00:00,1.68,ft,Approved,,2025-09-01 20:21:53.716170+00:00
,,d6b4e071-a2b9-4e00-98e2-dbd8b8873059,0c49166273014487baa157c538b5a932,USGS-03274615,00065,00011,2023-02-09 04:30:00+00:00,1.68,ft,Approved,,2025-09-01 20:21:53.716170+00:00
,,66041efe-f707-4fde-a9b2-6f3410902862,0c49166273014487baa157c538b5a932,USGS-03274615,00065,00011,2023-02-09 04:15:00+00:00,1.69,ft,Approved,,2025-09-01 20:21:53.716170+00:00
,,5fa693fe-515a-4287-95d6-5c5781d7bd35,0c49166273014487baa157c538b5a932,USGS-03274615,00065,00011,2023-02-09 04:00:00+00:00,1.69,ft,Approved,,2025-09-01 20:21:53.716170+00:00
,,9d1d8372-526c-4481-a6ed-52ad8b4b4d9c,0c49166273014487baa157c538b5a932,USGS-03274615,00065,00011,2023-02-09 03:45:00+00:00,1.67,ft,Approved,,2025-09-01 20:21:53.716170+00:00
,,60e718eb-4f1e-4fa1-a990-bda84c2f030f,0c49166273014487baa157c538b5a932,USGS-03274615,00065,00011,2023-02-09 03:30:00+00:00,1.69,ft,Approved,,2025-09-01 20:21:53.716170+00:00
,,f997bbde-5ab6-406f-99b9-6a8d51bd9aab,0c49166273014487baa157c538b5a932,USGS-03274615,00065,00011,2023-02-09 03:15:00+00:00,1.69,ft,Approved,,2025-09-01 20:21:53.716170+00:00
,,ab9c71bc-8afa-4070-b1fe-5e1d16556f44,0c49166273014487baa157c538b5a932,USGS-03274615,00065,00011,2023-02-09 03:00:00+00:00,1.69,ft,Approved,,2025-09-01 20:21:53.716170+00:00
,,a93d83eb-67f4-4138-b5d9-d7365d555d71,0c49166273014487baa157c538b5a932,USGS-03274615,00065,00011,2023-02-09 02:45:00+00:00,1.68,ft,Approved,,2025-09-01 20:21:53.716170+00:00
,,6d942a04-5c04-402f-a3e8-937a56ca08bb,0c49166273014487baa157c538b5a932,USGS-03274615,00065,00011,2023-02-09 02:30:00+00:00,1.68,ft,Approved,,2025-09-01 20:21:53.716170+00:00
,,0b36ffa4-e89b-4f8a-acbf-6a69eddac88a,0c49166273014487baa157c538b5a932,USGS-03274615,00065,00011,2023-02-09 02:15:00+00:00,1.69,ft,Approved,,2025-09-01 20:21:53.716170+00:00
,,bcd752fc-fd07-4bb8-9184-c1261b170e3c,0c49166273014487baa157c538b5a932,USGS-03274615,00065,00011,2023-02-09 02:00:00+00:00,1.69,ft,Approved,,2025-09-01 20:21:53.716170+00:00
,,47f1f885-7fe3-4275-9d2b-2e58d3ec2463,0c49166273014487baa157c538b5a932,USGS-03274615,00065,00011,2023-02-09 01:45:00+00:00,1.69,ft,Approved,,2025-09-01 20:21:53.716170+00:00
,,841fc729-b6a8-4e9d-b1bb-3c4cc47ecc8a,0c49166273014487baa157c538b5a932,USGS-03274615,00065,00011,2023-02-09 01:30:00+00:00,1.68,ft,Approved,,2025-09-01 20:21:53.716170+00:00
,,9407acd6-5282-48f1-ac4d-27a2b2a37ce1,0c49166273014487baa157c538b5a932,USGS-03274615,00065,00011,2023-02-09 01:15:00+00:00,1.69,ft,Approved,,2025-09-01 20:21:53.716170+00:00
,,dfd3393d-d76f-42dd-8688-caf0265d95ee,0c49166273014487baa157c538b5a932,USGS-03274615,00065,00011,2023-02-09 01:00:00+00:00,1.69,ft,Approved,,2025-09-01 20:21:53.716170+00:00
,,eca1f8ec-2d63-427e-b77e-da705edf5649,0c49166273014487baa157c538b5a932,USGS-03274615,00065,00011,2023-02-09 00:45:00+00:00,1.69,ft,Approved,,2025-09-01 20:21:53.716170+00:00
,,422d25d9-2e6d-4774-a8ed-6db4455113cc,0c49166273014487baa157c538b5a932,USGS-03274615,00065,00011,2023-02-09 00:30:00+00:00,1.69,ft,Approved,,2025-09-01 20:21:53.716170+00:00
,,47d96433-0650-40d4-b688-d5d6dc509e4c,0c49166273014487baa157c538b5a932,USGS-03274615,00065,00011,2023-02-09 00:15:00+00:00,1.69,ft,Approved,,2025-09-01 20:21:53.716170+00:00
,,b21787bd-47b6-4b7e-b8e7-18f17fe250b7,0c49166273014487baa157c538b5a932,USGS-03274615,00065,00011,2023-02-09 00:00:00+00:00,1.69,ft,Approved,,2025-09-01 20:21:53.716170+00:00
,,8abfc16b-7a69-4871-a5af-56a96263e58f,0c49166273014487baa157c538b5a932,USGS-03274615,00065,00011,2023-02-08 23:45:00+00:00,1.69,ft,Approved,,2025-09-01 20:21:53.716170+00:00
,,ea10b44d-61de-4f1f-bc83-99384040c080,0c49166273014487baa157c538b5a932,USGS-03274615,00065,00011,2023-02-08 23:30:00+00:00,1.69,ft,Approved,,2025-09-01 20:21:53.716170+00:00
,,66c5ad95-bdd5-4ac0-8f3f-fd743b6ed0ad,0c49166273014487baa157c538b5a932,USGS-03274615,00065,00011,2023-02-08 23:15:00+00:00,1.69,ft,Approved,,2025-09-01 20:21:53.716170+00:00
,,2259cc55-2188-4a58-9804-ebf623bed3d1,0c49166273014487baa157c538b5a932,USGS-03274615,00065,00011,2023-02-08 23:00:00+00:00,1.69,ft,Approved,,2025-09-01 20:21:53.716170+00:00
,,c36a808a-639d-4a0a-8b9b-dd3f7fdb319f,0c49166273014487baa157c538b5a932,USGS-03274615,00065,00011,2023-02-08 22:45:00+00:00,1.70,ft,Approved,,2025-09-01 20:21:53.716170+00:00
,,a3ebfe2e-eef3-45f0-a2d4-ea400f8f8174,0c49166273014487baa157c538b5a932,USGS-03274615,00065,00011,2023-02-08 22:30:00+00:00,1.70,ft,Approved,,2025-09-01 20:21:53.716170+00:00
,,327d31a7-cf94-4af2-89b0-543edda49303,0c49166273014487baa157c538b5a932,USGS-03274615,00065,00011,2023-02-08 22:15:00+00:00,1.70,ft,Approved,,2025-09-01 20:21:53.716170+00:00
,,fbe5a5c6-428c-47d0-8d6b-58b0aa801d6f,0c49166273014487baa157c538b5a932,USGS-03274615,00065,00011,2023-02-08 22:00:00+00:00,1.70,ft,Approved,,2025-09-01 20:21:53.716170+00:00
,,ef604b94-a003-4bf7-8403-e25405ee8eb4,0c49166273014487baa157c538b5a932,USGS-03274615,00065,00011,2023-02-08 21:45:00+00:00,1.69,ft,Approved,,2025-09-01 20:21:53.716170+00:00
,,af9a3149-16dc-457b-af15-c7fa95ce0eba,0c49166273014487baa157c538b5a932,USGS-03274615,00065,00011,2023-02-08 21:30:00+00:00,1.70,ft,Approved,,2025-09-01 20:21:53.716170+00:00
,,742a5ad3-b52d-4fa1-a63f-772e651bb8ba,0c49166273014487baa157c538b5a932,USGS-03274615,00065,00011,2023-02-08 21:15:00+00:00,1.70,ft,Approved,,2025-09-01 20:21:53.716170+00:00
,,9f4dc0ef-4c57-469f-8e64-ae06c15d1953,0c49166273014487baa157c538b5a932,USGS-03274615,00065,00011,2023-02-08 21:00:00+00:00,1.70,ft,Approved,,2025-09-01 20:21:53.716170+00:00
,,a090434f-9294-4724-848c-ff33d07aec39,0c49166273014487baa157c538b5a932,USGS-03274615,00065,00011,2023-02-08 20:45:00+00:00,1.69,ft,Approved,,2025-09-01 20:21:53.716170+00:00
,,b404c636-d35e-48ec-ad13-1bd20de055da,0c49166273014487baa157c538b5a932,USGS-03274615,00065,00011,2023-02-08 20:30:00+00:00,1.70,ft,Approved,,2025-09-01 20:21:53.716170+00:00
,,28c49004-ac54-4bdd-a44e-c5738bc5c8f5,0c49166273014487baa157c538b5a932,USGS-03274615,00065,00011,2023-02-08 20:15:00+00:00,1.70,ft,Approved,,2025-09-01 20:21:53.716170+00:00
,,718dd861-deb0-4cc7-9a96-8ad66166b02f,0c49166273014487baa157c538b5a932,USGS-03274615,00065,00011,2023-02-08 20:00:00+00:00,1.70,ft,Approved,,2025-09-01 20:21:53.716170+00:00
,,605df3c3-4a09-4a5c-a8a5-e1381429e25b,0c49166273014487baa157c538b5a932,USGS-03274615,00065,00011,2023-02-08 19:45:00+00:00,1.70,ft,Approved,,2025-09-01 20:21:53.716170+00:00
,,7dd56f22-ee62-4606-b927-437801a21f3b,0c49166273014487baa157c538b5a932,USGS-03274615,00065,00011,2023-02-08 19:30:00+00:00,1.70,ft,Approved,,2025-09-01 20:21:53.716170+00:00
,,18ebec7e-54e0-411b-b6ff-7421327570b3,0c49166273014487baa157c538b5a932,USGS-03274615,00065,00011,2023-02-08 19:15:00+00:00,1.70,ft,Approved,,2025-09-01 20:21:53.716170+00:00
,,91e198d9-c088-4eaf-8c20-4d4c2200b3c4,0c49166273014487baa157c538b5a932,USGS-03274615,00065,00011,2023-02-08 19:00:00+00:00,1.69,ft,Approved,,2025-09-01 20:21:53.716170+00:00
,,361f6c4e-eea4-4d9d-82ae-047e3ee55a2f,0c49166273014487baa157c538b5a932,USGS-03274615,00065,00011,2023-02-08 18:45:00+00:00,1.70,ft,Approved,,2025-09-01 20:21:53.716170+00:00
,,afddeb27-bb7c-45bd-b150-6e873fe7038e,0c49166273014487baa157c538b5a932,USGS-03274615,00065,00011,2023-02-08 18:30:00+00:00,1.70,ft,Approved,,2025-09-01 20:21:53.716170+00:00
,,f5ad8749-812d-41d5-a47c-59e7e500c521,0c49166273014487baa157c538b5a932,USGS-03274615,00065,00011,2023-02-08 18:15:00+00:00,1.71,ft,Approved,,2025-09-01 20:21:53.716170+00:00
,,1767a2de-6a89-405e-87f6-4b79cd836e89,0c49166273014487baa157c538b5a932,USGS-03274615,00065,00011,2023-02-08 18:00:00+00:00,1.71,ft,Approved,,2025-09-01 20:21:53.716170+00:00
,,296e667d-3f93-464e-a3f8-8cfc5827ce1a,0c49166273014487baa157c538b5a932,USGS-03274615,00065,00011,2023-02-08 17:45:00+00:00,1.71,ft,Approved,,2025-09-01 20:21:53.716170+00:00
,,de914786-7d7d-40e0-9367-88a2917869cc,0c49166273014487baa157c538b5a932,USGS-03274615,00065,00011,2023-02-08 17:30:00+00:00,1.70,ft,Approved,,2025-09-01 20:21:53.716170+00:00
,,8edf866c-e7e2-4ee8-8ff0-9d4cbf23bb88,0c49166273014487baa157c538b5a932,USGS-03274615,00065,00011,2023-02-08 17:00:00+00:00,1.71,ft,Approved,,2025-09-01 20:21:53.716170+00:00
,,57112e27-b4db-4332-ae45-1953b7463894,0c49166273014487baa157c538b5a932,USGS-03274615,00065,00011,2023-02-08 16:45:00+00:00,1.71,ft,Approved,,2025-09-01 20:21:53.716170+00:00
,,41d192f6-c307-4951-8706-f4617bb22122,0c49166273014487baa157c538b5a932,USGS-03274615,00065,00011,2023-02-08 16:30:00+00:00,1.72,ft,Approved,,2025-09-01 20:21:53.716170+00:00
,,d85d8491-24d5-4882-9a32-d685ebcdb9fd,0c49166273014487baa157c538b5a932,USGS-03274615,00065,00011,2023-02-08 16:15:00+00:00,1.70,ft,Approved,,2025-09-01 20:21:53.716170+00:00
,,7994f323-15f8-412b-a945-0efbf5d38749,0c49166273014487baa157c538b5a932,USGS-03274615,00065,00011,2023-02-08 16:00:00+00:00,1.72,ft,Approved,,2025-09-01 20:21:53.716170+00:00
,,4f8de82c-34d0-4cdb-aed1-e80e37d632e6,0c49166273014487baa157c538b5a932,USGS-03274615,00065,00011,2023-02-08 15:45:00+00:00,1.72,ft,Approved,,2025-09-01 20:21:53.716170+00:00
,,7d53d6e6-3047-4746-b606-303cb3f529b9,0c49166273014487baa157c538b5a932,USGS-03274615,00065,00011,2023-02-08 15:30:00+00:00,1.72,ft,Approved,,2025-09-01 20:21:53.716170+00:00
,,124caa62-5ec8-4a02-89ea-dda177af6218,0c49166273014487baa157c538b5a932,USGS-03274615,00065,00011,2023-02-08 15:15:00+00:00,1.72,ft,Approved,,2025-09-01 20:21:53.716170+00:00
,,21e050ee-63b6-4997-af2b-e5a111c41638,0c49166273014487baa157c538b5a932,USGS-03274615,00065,00011,2023-02-08 15:00:00+00:00,1.72,ft,Approved,,2025-09-01 20:21:53.716170+00:00
,,d5e7b755-0611-4a8f-9cb0-10f3909c80c8,0c49166273014487baa157c538b5a932,USGS-03274615,00065,00011,2023-02-08 14:45:00+00:00,1.72,ft,Approved,,2025-09-01 20:21:53.716170+00:00
,,7c2de727-8340-4aa0-b2c3-8e976cdef878,0c49166273014487baa157c538b5a932,USGS-03274615,00065,00011,2023-02-08 14:30:00+00:00,1.72,ft,Approved,,2025-09-01 20:21:53.716170+00:00
,,74a9e91e-ab10-4c3a-ac4d-fab9e4b53d18,0c49166273014487baa157c538b5a932,USGS-03274615,00065,00011,2023-02-08 14:15:00+00:00,1.72,ft,Approved,,2025-09-01 20:21:53.716170+00:00
,,1169b477-9629-4212-a51f-9b1d26fdb9d8,0c49166273014487baa157c538b5a932,USGS-03274615,00065,00011,2023-02-08 14:00:00+00:00,1.72,ft,Approved,,2025-09-01 20:21:53.716170+00:00
,,01f3a871-38ee-470f-829c-805577562f30,0c49166273014487baa157c538b5a932,USGS-03274615,00065,00011,2023-02-08 13:45:00+00:00,1.72,ft,Approved,,2025-09-01 20:21:53.716170+00:00
,,2d9e4530-4ebc-48d7-86cd-53b0897a85bd,0c49166273014487baa157c538b5a932,USGS-03274615,00065,00011,2023-02-08 13:30:00+00:00,1.72,ft,Approved,,2025-09-01 20:21:53.716170+00:00
,,82199b02-e6a5-4ed9-8e29-4fdacf8406ed,0c49166273014487baa157c538b5a932,USGS-03274615,00065,00011,2023-02-08 13:15:00+00:00,1.72,ft,Approved,,2025-09-01 20:21:53.716170+00:00
,,be8e4b21-8536-4366-89d6-df56c4c4f68f,0c49166273014487baa157c538b5a932,USGS-03274615,00065,00011,2023-02-08 13:00:00+00:00,1.72,ft,Approved,,2025-09-01 20:21:53.716170+00:00
,,82695dcf-d2e0-4b3d-b88f-08c7be5dff82,0c49166273014487baa157c538b5a932,USGS-03274615,00065,00011,2023-02-08 12:45:00+00:00,1.73,ft,Approved,,2025-09-01 20:21:53.716170+00:00
,,4909e4cc-7bfa-4de9-8cb7-2d7964b18cdb,0c49166273014487baa157c538b5a932,USGS-03274615,00065,00011,2023-02-08 12:30:00+00:00,1.72,ft,Approved,,2025-09-01 20:21:53.716170+00:00
,,97868d3d-ffbb-4970-bb2f-6d66aa18c6ec,0c49166273014487baa157c538b5a932,USGS-03274615,00065,00011,2023-02-08 12:15:00+00:00,1.72,ft,Approved,,2025-09-01 20:21:53.716170+00:00
,,96f1e3f1-19c8-4b05-9b87-3d7b6049cebc,0c49166273014487baa157c538b5a932,USGS-03274615,00065,00011,2023-02-08 12:00:00+00:00,1.73,ft,Approved,,2025-09-01 20:21:53.716170+00:00
,,f12b0b28-d5b4-4366-8a1b-0e785fa32aa9,0c49166273014487baa157c538b5a932,USGS-03274615,00065,00011,2023-02-08 11:45:00+00:00,1.73,ft,Approved,,2025-09-01 20:21:53.716170+00:00
,,489be2e8-308f-4c82-8f00-173b2b9014ed,0c49166273014487baa157c538b5a932,USGS-03274615,00065,00011,2023-02-08 11:30:00+00:00,1.73,ft,Approved,,2025-09-01 20:21:53.716170+00:00
,,9a30c4e6-97a5-4091-8de0-b555cccd4ef1,0c49166273014487baa157c538b5a932,USGS-03274615,00065,00011,2023-02-08 11:15:00+00:00,1.73,ft,Approved,,2025-09-01 20:21:53.716170+00:00
,,5b6c87f1-dda3-4987-87f2-f7f5e567dd9c,0c49166273014487baa157c538b5a932,USGS-03274615,00065,00011,2023-02-08 11:00:00+00:00,1.73,ft,Approved,,2025-09-01 20:21:53.716170+00:00
,,66a41994-eeac-403c-93d4-63d6dbd06ab5,0c49166273014487baa157c538b5a932,USGS-03274615,00065,00011,2023-02-08 10:45:00+00:00,1.73,ft,Approved,,2025-09-01 20:21:53.716170+00:00
,,4ed40040-c3d5-4078-a84b-a7a6574441ce,0c49166273014487baa157c538b5a932,USGS-03274615,00065,00011,2023-02-08 10:30:00+00:00,1.73,ft,Approved,,2025-09-01 20:21:53.716170+00:00
,,7c0f471f-14e7-4900-8acb-3dfe0438e94f,0c49166273014487baa157c538b5a932,USGS-03274615,00065,00011,2023-02-08 10:15:00+00:00,1.73,ft,Approved,,2025-09-01 20:21:53.716170+00:00
,,a9d0a90c-886d-41ce-bdf4-f0c7b976f803,0c49166273014487baa157c538b5a932,USGS-03274615,00065,00011,2023-02-08 10:00:00+00:00,1.73,ft,Approved,,2025-09-01 20:21:53.716170+00:00
,,293f9a9a-f22a-4d8f-ba51-3474d13ac621,0c49166273014487baa157c538b5a932,USGS-03274615,00065,00011,2023-02-08 09:45:00+00:00,1.73,ft,Approved,,2025-09-01 20:21:53.716170+00:00
,,f4bc1105-debd-4928-b1d9-52f3218bc502,0c49166273014487baa157c538b5a932,USGS-03274615,00065,00011,2023-02-08 09:30:00+00:00,1.73,ft,Approved,,2025-09-01 20:21:53.716170+00:00
,,b085e5e8-d0b9-4672-8cb0-39e832c1fa6a,0c49166273014487baa157c538b5a932,USGS-03274615,00065,00011,2023-02-08 09:15:00+00:00,1.73,ft,Approved,,2025-09-01 20:21:53.716170+00:00
,,706e9014-ae6f-4738-86e0-74fbf66c795a,0c49166273014487baa157c538b5a932,USGS-03274615,00065,00011,2023-02-08 09:00:00+00:00,1.73,ft,Approved,,2025-09-01 20:21:53.716170+00:00
,,e9f55d09-f658-47e7-b65d-d807df505996,0c49166273014487baa157c538b5a932,USGS-03274615,00065,00011,2023-02-08 08:45:00+00:00,1.73,ft,Approved,,2025-09-01 20:21:53.716170+00:00
,,590a7e8c-8de6-4d88-8aad-bd2670543873,0c49166273014487baa157c538b5a932,USGS-03274615,00065,00011,2023-02-08 08:30:00+00:00,1.73,ft,Approved,,2025-09-01 20:21:53.716170+00:00
,,b01177a0-ff15-47ef-aabd-3c377f899277,0c49166273014487baa157c538b5a932,USGS-03274615,00065,00011,2023-02-08 08:15:00+00:00,1.74,ft,Approved,,2025-09-01 20:21:53.716170+00:00
,,c67fe0e7-9213-4d92-b3a6-40421e798821,0c49166273014487baa157c538b5a932,USGS-03274615,00065,00011,2023-02-08 08:00:00+00:00,1.73,ft,Approved,,2025-09-01 20:21:53.716170+00:00
,,9cf71f21-7712-4635-8cd1-dcb32d082bf1,0c49166273014487baa157c538b5a932,USGS-03274615,00065,00011,2023-02-08 07:45:00+00:00,1.74,ft,Approved,,2025-09-01 20:21:53.716170+00:00
,,16b216c6-8798-4532-af26-42fd7200923b,0c49166273014487baa157c538b5a932,USGS-03274615,00065,00011,2023-02-08 07:30:00+00:00,1.73,ft,Approved,,2025-09-01 20:21:53.716170+00:00
,,71145eee-35a9-49a0-87af-1bc660e2b566,0c49166273014487baa157c538b5a932,USGS-03274615,00065,00011,2023-02-08 07:15:00+00:00,1.74,ft,Approved,,2025-09-01 20:21:53.716170+00:00
,,c03aef09-6bf2-4fc7-a3e9-b88a643f1056,0c49166273014487baa157c538b5a932,USGS-03274615,00065,00011,2023-02-08 07:00:00+00:00,1.74,ft,Approved,,2025-09-01 20:21:53.716170+00:00
,,fdeda05c-cd4b-4bd7-9b25-bd18f7ee18d2,0c49166273014487baa157c538b5a932,USGS-03274615,00065,00011,2023-02-08 06:45:00+00:00,1.74,ft,Approved,,2025-09-01 20:21:53.716170+00:00
,,db278e3b-945b-4bc3-a3f8-c84676c6d8e4,0c49166273014487baa157c538b5a932,USGS-03274615,00065,00011,2023-02-08 06:30:00+00:00,1.74,ft,Approved,,2025-09-01 20:21:53.716170+00:00
,,95c47d2e-4f4f-4b2d-bf30-fadc969b352b,0c49166273014487baa157c538b5a932,USGS-03274615,00065,00011,2023-02-08 06:15:00+00:00,1.73,ft,Approved,,2025-09-01 20:21:53.716170+00:00
,,d04770bf-c64c-4946-a327-3ab0391c2e8d,0c49166273014487baa157c538b5a932,USGS-03274615,00065,00011,2023-02-08 06:00:00+00:00,1.74,ft,Approved,,2025-09-01 20:21:53.716170+00:00
,,44883e3b-7848-446a-8ce5-e625b7fa5eb2,0c49166273014487baa157c538b5a932,USGS-03274615,00065,00011,2023-02-08 05:45:00+00:00,1.75,ft,Approved,,2025-09-01 20:21:53.716170+00:00
,,f62e2290-7f97-465a-877e-9df376f27561,0c49166273014487baa157c538b5a932,USGS-03274615,00065,00011,2023-02-08 05:30:00+00:00,1.74,ft,Approved,,2025-09-01 20:21:53.716170+00:00
,,70e6eb0f-a0d3-4216-8002-dc2389c9892f,0c49166273014487baa157c538b5a932,USGS-03274615,00065,00011,2023-02-08 05:15:00+00:00,1.74,ft,Approved,,2025-09-01 20:21:53.716170+00:00
,,d79d176c-ea7d-43b5-90d7-b30814fc9a84,0c49166273014487baa157c538b5a932,USGS-03274615,00065,00011,2023-02-08 05:00:00+00:00,1.75,ft,Approved,,2025-09-01 20:21:53.716170+00:00
,,7f92665b-1482-4c25-8a3a-0c6a2d800dbe,0c49166273014487baa157c538b5a932,USGS-03274615,00065,00011,2023-02-08 04:45:00+00:00,1.75,ft,Approved,,2025-09-01 20:21:53.716170+00:00
,,69d7deae-4cc9-4ec1-b5b0-52890c68b157,0c49166273014487baa157c538b5a932,USGS-03274615,00065,00011,2023-02-08 04:30:00+00:00,1.75,ft,Approved,,2025-09-01 20:21:53.716170+00:00
,,318c256f-bfc2-4bfa-8a57-215f3ee35fb3,0c49166273014487baa157c538b5a932,USGS-03274615,00065,00011,2023-02-08 04:15:00+00:00,1.75,ft,Approved,,2025-09-01 20:21:53.716170+00:00
,,0549c425-71d3-482e-9a4a-31d35e89690f,0c49166273014487baa157c538b5a932,USGS-03274615,00065,00011,2023-02-08 04:00:00+00:00,1.75,ft,Approved,,2025-09-01 20:21:53.716170+00:00
,,84a20626-4819-433b-92a9-84d247ce41ac,0c49166273014487baa157c538b5a932,USGS-03274615,00065,00011,2023-02-08 03:45:00+00:00,1.75,ft,Approved,,2025-09-01 20:21:53.716170+00:00
,,6749e6d2-f794-4be3-96ca-19cacbb15771,0c49166273014487baa157c538b5a932,USGS-03274615,00065,00011,2023-02-08 03:30:00+00:00,1.75,ft,Approved,,2025-09-01 20:21:53.716170+00:00
,,5080e297-68f7-471b-ac88-c3163f53a368,0c49166273014487baa157c538b5a932,USGS-03274615,00065,00011,2023-02-08 03:15:00+00:00,1.76,ft,Approved,,2025-09-01 20:21:53.716170+00:00
,,e528a657-a8d9-43b7-86b6-26a1399b3590,0c49166273014487baa157c538b5a932,USGS-03274615,00065,00011,2023-02-08 03:00:00+00:00,1.76,ft,Approved,,2025-09-01 20:21:53.716170+00:00
,,80dfe509-7b41-4e11-afa3-f03f376bfe15,0c49166273014487baa157c538b5a932,USGS-03274615,00065,00011,2023-02-08 02:45:00+00:00,1.76,ft,Approved,,2025-09-01 20:21:53.716170+00:00
,,377a349e-95cd-4e65-a846-951bca974d41,0c49166273014487baa157c538b5a932,USGS-03274615,00065,00011,2023-02-08 02:30:00+00:00,1.76,ft,Approved,,2025-09-01 20:21:53.716170+00:00
,,acaf54eb-f6ab-44a1-92ba-bf64dc8c2c73,0c49166273014487baa157c538b5a932,USGS-03274615,00065,00011,2023-02-08 02:15:00+00:00,1.76,ft,Approved,,2025-09-01 20:21:53.716170+00:00
,,0f143fb5-a3b7-4e08-bba8-989fcef35a5c,0c49166273014487baa157c538b5a932,USGS-03274615,00065,00011,2023-02-08 02:00:00+00:00,1.76,ft,Approved,,2025-09-01 20:21:53.716170+00:00
,,3cbcf559-b47a-427a-93b2-27e05c6977c1,0c49166273014487baa157c538b5a932,USGS-03274615,00065,00011,2023-02-08 01:45:00+00:00,1.77,ft,Approved,,2025-09-01 20:21:53.716170+00:00
,,a0470100-81f2-4135-a913-cca8f8df01a9,0c49166273014487baa157c538b5a932,USGS-03274615,00065,00011,2023-02-08 01:30:00+00:00,1.76,ft,Approved,,2025-09-01 20:21:53.716170+00:00
,,6f62da8b-13d8-48d4-8334-686fad9c170d,0c49166273014487baa157c538b5a932,USGS-03274615,00065,00011,2023-02-08 01:15:00+00:00,1.77,ft,Approved,,2025-09-01 20:21:53.716170+00:00
,,8a0d25fa-501b-4cfe-83b8-8c5fe73228fe,0c49166273014487baa157c538b5a932,USGS-03274615,00065,00011,2023-02-08 01:00:00+00:00,1.77,ft,Approved,,2025-09-01 20:21:53.716170+00:00
,,5127eceb-119c-4ad2-9f8f-b8f58f1f461e,0c49166273014487baa157c538b5a932,USGS-03274615,00065,00011,2023-02-08 00:45:00+00:00,1.77,ft,Approved,,2025-09-01 20:21:53.716170+00:00
,,e18ef48c-f295-422f-b234-9091cc87333e,0c49166273014487baa157c538b5a932,USGS-03274615,00065,00011,2023-02-08 00:30:00+00:00,1.77,ft,Approved,,2025-09-01 20:21:53.716170+00:00
,,bb95a289-c69a-427e-81d7-2938024b83ef,0c49166273014487baa157c538b5a932,USGS-03274615,00065,00011,2023-02-08 00:15:00+00:00,1.78,ft,Approved,,2025-09-01 20:21:53.716170+00:00
,,e9ca4ee1-c12e-4163-bfe6-37f11542f582,0c49166273014487baa157c538b5a932,USGS-03274615,00065,00011,2023-02-08 00:00:00+00:00,1.77,ft,Approved,,2025-09-01 20:21:53.716170+00:00
,,2f195db8-b705-45ff-ab2e-51b952a956cc,0c49166273014487baa157c538b5a932,USGS-03274615,00065,00011,2023-02-07 23:45:00+00:00,1.78,ft,Approved,,2025-09-01 20:21:53.716170+00:00
,,34aaef04-d0e6-4554-8c32-61031fcadab7,0c49166273014487baa157c538b5a932,USGS-03274615,00065,00011,2023-02-07 23:30:00+00:00,1.78,ft,Approved,,2025-09-01 20:21:53.716170+00:00
,,956edc14-85aa-4505-bc34-0cd5f847b664,0c49166273014487baa157c538b5a932,USGS-03274615,00065,00011,2023-02-07 23:15:00+00:00,1.78,ft,Approved,,2025-09-01 20:21:53.716170+00:00
,,1fe0165f-70f7-486f-8812-e8cf55be2e53,0c49166273014487baa157c538b5a932,USGS-03274615,00065,00011,2023-02-07 23:00:00+00:00,1.78,ft,Approved,,2025-09-01 20:21:53.716170+00:00
,,a53aa401-3e17-42e1-8e40-0b1933b3ba36,0c49166273014487baa157c538b5a932,USGS-03274615,00065,00011,2023-02-07 22:45:00+00:00,1.78,ft,Approved,,2025-09-01 20:21:53.716170+00:00
,,92dda511-e606-45b9-9ff6-f498a17842d1,0c49166273014487baa157c538b5a932,USGS-03274615,00065,00011,2023-02-07 22:30:00+00:00,1.78,ft,Approved,,2025-09-01 20:21:53.716170+00:00
,,c71e3165-2467-44c4-9694-70879c3f2f5c,0c49166273014487baa157c538b5a932,USGS-03274615,00065,00011,2023-02-07 22:15:00+00:00,1.78,ft,Approved,,2025-09-01 20:21:53.716170+00:00
,,390d737a-e5a8-494d-a5ad-1b54940a192a,0c49166273014487baa157c538b5a932,USGS-03274615,00065,00011,2023-02-07 22:00:00+00:00,1.78,ft,Approved,,2025-09-01 20:21:53.716170+00:00
,,d1288db3-97ee-4109-92ff-5c9686abbdcb,0c49166273014487baa157c538b5a932,USGS-03274615,00065,00011,2023-02-07 21:45:00+00:00,1.78,ft,Approved,,2025-09-01 20:21:53.716170+00:00
,,f13423bc-66bd-445f-89b7-d4b7e38d86b3,0c49166273014487baa157c538b5a932,USGS-03274615,00065,00011,2023-02-07 21:30:00+00:00,1.78,ft,Approved,,2025-09-01 20:21:53.716170+00:00
,,efc1dd13-7c13-4528-bbcd-5a92c5029cd7,0c49166273014487baa157c538b5a932,USGS-03274615,00065,00011,2023-02-07 21:15:00+00:00,1.79,ft,Approved,,2025-09-01 20:21:53.716170+00:00
,,982af77f-e3e1-4178-b587-0be94ca8f385,0c49166273014487baa157c538b5a932,USGS-03274615,00065,00011,2023-02-07 21:00:00+00:00,1.78,ft,Approved,,2025-09-01 20:21:53.716170+00:00
,,fec508bc-5503-4054-806e-d217a62c4b6b,0c49166273014487baa157c538b5a932,USGS-03274615,00065,00011,2023-02-07 20:45:00+00:00,1.79,ft,Approved,,2025-09-01 20:21:53.716170+00:00
,,7ff40b4a-9f03-45ed-afc8-53b5c39dcf8d,0c49166273014487baa157c538b5a932,USGS-03274615,00065,00011,2023-02-07 20:30:00+00:00,1.79,ft,Approved,,2025-09-01 20:21:53.716170+00:00
,,1a94f1e9-87e4-4271-935b-1e0a28c26af2,0c49166273014487baa157c538b5a932,USGS-03274615,00065,00011,2023-02-07 20:15:00+00:00,1.78,ft,Approved,,2025-09-01 20:21:53.716170+00:00
,,e5b67194-90cb-43ba-b6e0-a888e0130107,0c49166273014487baa157c538b5a932,USGS-03274615,00065,00011,2023-02-07 20:00:00+00:00,1.73,ft,Approved,,2025-09-01 20:21:53.716170+00:00
,,76e12f7a-304d-481c-a202-db001dec47a3,0c49166273014487baa157c538b5a932,USGS-03274615,00065,00011,2023-02-07 19:45:00+00:00,1.77,ft,Approved,,2025-09-01 20:21:53.716170+00:00
,,e58d13a6-0fe7-4b91-a5de-8bebacfaec53,0c49166273014487baa157c538b5a932,USGS-03274615,00065,00011,2023-02-07 19:30:00+00:00,1.75,ft,Approved,,2025-09-01 20:21:53.716170+00:00
,,a80a3f0d-c72b-4ab5-929b-e5f15cba74fd,0c49166273014487baa157c538b5a932,USGS-03274615,00065,00011,2023-02-07 19:15:00+00:00,1.78,ft,Approved,,2025-09-01 20:21:53.716170+00:00
,,e87079c1-f85e-4b67-8135-4c79fc612ecb,0c49166273014487baa157c538b5a932,USGS-03274615,00065,00011,2023-02-07 18:45:00+00:00,1.75,ft,Approved,,2025-09-01 20:21:53.716170+00:00
,,b3f3585f-e652-44a9-bca2-cd1e3460cc07,0c49166273014487baa157c538b5a932,USGS-03274615,00065,00011,2023-02-07 18:30:00+00:00,1.78,ft,Approved,,2025-09-01 20:21:53.716170+00:00
,,e15493eb-bb6a-47da-9d23-71c7d0208a55,0c49166273014487baa157c538b5a932,USGS-03274615,00065,00011,2023-02-07 18:00:00+00:00,1.78,ft,Approved,,2025-09-01 20:21:53.716170+00:00
,,eb95063b-cab5-4663-ae8d-adea4dcb5c9f,0c49166273014487baa157c538b5a932,USGS-03274615,00065,00011,2023-02-07 17:30:00+00:00,1.79,ft,Approved,,2025-09-01 20:21:53.716170+00:00
,,4fc80f92-0998-463a-ac24-e05553972005,0c49166273014487baa157c538b5a932,USGS-03274615,00065,00011,2023-02-07 17:15:00+00:00,1.74,ft,Approved,['FORCEINTERPOLATION'],2025-09-01 20:24:54.157692+00:00
,,d3df6f56-6396-47bf-aca3-b9060de01070,0c49166273014487baa157c538b5a932,USGS-03274615,00065,00011,2023-02-07 16:00:00+00:00,1.75,ft,Approved,['FORCEINTERPOLATION'],2025-09-01 20:24:54.157692+00:00
,,a4eb1d25-277b-4501-86b9-b022127f2fdc,0c49166273014487baa157c538b5a932,USGS-03274615,00065,00011,2023-02-07 15:45:00+00:00,1.75,ft,Approved,['FORCEINTERPOLATION'],2025-09-01 20:24:54.157692+00:00
,,44e1984d-5cca-4fff-8773-96293f7404d4,0c49166273014487baa157c538b5a932,USGS-03274615,00065,00011,2023-02-07 14:30:00+00:00,1.76,ft,Approved,['FORCEINTERPOLATION'],2025-09-01 20:24:54.157692+00:00
,,d9d1af6c-6998-4ef0-9e13-e0f8327919ae,0c49166273014487baa157c538b5a932,USGS-03274615,00065,00011,2023-02-07 14:15:00+00:00,1.76,ft,Approved,,2025-09-01 20:21:53.716170+00:00
,,71b336cb-68b4-4091-81f9-c049ad891160,0c49166273014487baa157c538b5a932,USGS-03274615,00065,00011,2023-02-07 14:00:00+00:00,1.76,ft,Approved,,2025-09-01 20:21:53.716170+00:00
,,e3a97b30-16d9-4678-8138-c2d89bd7b95f,0c49166273014487baa157c538b5a932,USGS-03274615,00065,00011,2023-02-07 13:45:00+00:00,1.76,ft,Approved,,2025-09-01 20:21:53.716170+00:00
,,f93fe623-4b29-4e3f-989c-ee2a52223a06,0c49166273014487baa157c538b5a932,USGS-03274615,00065,00011,2023-02-07 13:30:00+00:00,1.77,ft,Approved,,2025-09-01 20:21:53.716170+00:00
,,e5d5c1d2-8e0c-4cc1-ad3a-d1f5d930d746,0c49166273014487baa157c538b5a932,USGS-03274615,00065,00011,2023-02-07 13:15:00+00:00,1.76,ft,Approved,,2025-09-01 20:21:53.716170+00:00
,,60b62df2-9de6-482d-ab7c-9c6230716b1b,0c49166273014487baa157c538b5a932,USGS-03274615,00065,00011,2023-02-07 13:00:00+00:00,1.80,ft,Approved,,2025-09-01 20:21:53.716170+00:00
,,c76743f5-b43f-4b7f-83c5-b61160394c1a,0c49166273014487baa157c538b5a932,USGS-03274615,00065,00011,2023-02-07 12:45:00+00:00,1.81,ft,Approved,,2025-09-01 20:21:53.716170+00:00
,,4a3cb480-b383-4426-a0b3-8e76505df638,0c49166273014487baa157c538b5a932,USGS-03274615,00065,00011,2023-02-07 12:30:00+00:00,1.81,ft,Approved,,2025-09-01 20:21:53.716170+00:00
,,e0434db8-deac-4b34-b086-81e540ce2ff3,0c49166273014487baa157c538b5a932,USGS-03274615,00065,00011,2023-02-07 12:15:00+00:00,1.81,ft,Approved,,2025-09-01 20:21:53.716170+00:00
,,62548d3c-0e0d-4390-bd27-4c2870e9d49d,0c49166273014487baa157c538b5a932,USGS-03274615,00065,00011,2023-02-07 12:00:00+00:00,1.81,ft,Approved,,2025-09-01 20:21:53.716170+00:00
,,a9b2f78f-3166-4d07-9581-329a72903a69,0c49166273014487baa157c538b5a932,USGS-03274615,00065,00011,2023-02-07 11:45:00+00:00,1.81,ft,Approved,,2025-09-01 20:21:53.716170+00:00
,,90c8f3b8-5458-4cf0-b166-3d5d225df276,0c49166273014487baa157c538b5a932,USGS-03274615,00065,00011,2023-02-07 11:30:00+00:00,1.83,ft,Approved,,2025-09-01 20:21:53.716170+00:00
,,3319176d-ff89-48e1-b5ab-6b096245340b,0c49166273014487baa157c538b5a932,USGS-03274615,00065,00011,2023-02-07 11:15:00+00:00,1.82,ft,Approved,,2025-09-01 20:21:53.716170+00:00
,,64687da9-015a-4622-91be-007097994fb5,0c49166273014487baa157c538b5a932,USGS-03274615,00065,00011,2023-02-07 11:00:00+00:00,1.83,ft,Approved,,2025-09-01 20:21:53.716170+00:00
,,7fa227f1-c1ed-41ae-af11-6b805a579869,0c49166273014487baa157c538b5a932,USGS-03274615,00065,00011,2023-02-07 10:45:00+00:00,1.82,ft,Approved,,2025-09-01 20:21:53.716170+00:00
,,ee1ecaa5-a285-4eb5-966d-8cdc2765ab18,0c49166273014487baa157c538b5a932,USGS-03274615,00065,00011,2023-02-07 10:30:00+00:00,1.83,ft,Approved,,2025-09-01 20:21:53.716170+00:00
,,3164a864-2ca5-41ad-9b96-48e75f1fd41d,0c49166273014487baa157c538b5a932,USGS-03274615,00065,00011,2023-02-07 10:15:00+00:00,1.83,ft,Approved,,2025-09-01 20:21:53.716170+00:00
,,c6240855-6eda-4843-b9a9-49fd56acb9de,0c49166273014487baa157c538b5a932,USGS-03274615,00065,00011,2023-02-07 10:00:00+00:00,1.83,ft,Approved,,2025-09-01 20:21:53.716170+00:00
,,931f2ff2-ad75-404a-b1cf-da5c61edb1ea,0c49166273014487baa157c538b5a932,USGS-03274615,00065,00011,2023-02-07 09:45:00+00:00,1.84,ft,Approved,,2025-09-01 20:21:53.716170+00:00
,,505fe488-eaa9-4696-9b2c-f2cb610bd412,0c49166273014487baa157c538b5a932,USGS-03274615,00065,00011,2023-02-07 09:30:00+00:00,1.84,ft,Approved,,2025-09-01 20:21:53.716170+00:00
,,e51d2af4-efc5-4f1a-ae2e-306cfacb0666,0c49166273014487baa157c538b5a932,USGS-03274615,00065,00011,2023-02-07 09:15:00+00:00,1.85,ft,Approved,,2025-09-01 20:21:53.716170+00:00
,,c439f150-9d64-4dd6-8595-678d69919f0e,0c49166273014487baa157c538b5a932,USGS-03274615,00065,00011,2023-02-07 09:00:00+00:00,1.85,ft,Approved,,2025-09-01 20:21:53.716170+00:00
,,5e07fe5e-2ff4-48df-a221-78baf275f962,0c49166273014487baa157c538b5a932,USGS-03274615,00065,00011,2023-02-07 08:45:00+00:00,1.86,ft,Approved,,2025-09-01 20:21:53.716170+00:00
,,58797c74-28f4-4355-8f14-40465916fe82,0c49166273014487baa157c538b5a932,USGS-03274615,00065,00011,2023-02-07 08:30:00+00:00,1.86,ft,Approved,,2025-09-01 20:21:53.716170+00:00
,,0ba49dba-598a-4a37-9299-18b832560008,0c49166273014487baa157c538b5a932,USGS-03274615,00065,00011,2023-02-07 08:15:00+00:00,1.86,ft,Approved,,2025-09-01 20:21:53.716170+00:00
,,31d73598-439b-47ad-b7de-e0bc962af0b0,0c49166273014487baa157c538b5a932,USGS-03274615,00065,00011,2023-02-07 08:00:00+00:00,1.87,ft,Approved,,2025-09-01 20:21:53.716170+00:00
,,580b2850-2e90-4149-9033-3d0ea231fda4,0c49166273014487baa157c538b5a932,USGS-03274615,00065,00011,2023-02-07 07:45:00+00:00,1.87,ft,Approved,,2025-09-01 20:21:53.716170+00:00
,,58d4b5f1-1879-4080-bf8b-aa28f7345831,0c49166273014487baa157c538b5a932,USGS-03274615,00065,00011,2023-02-07 07:30:00+00:00,1.88,ft,Approved,,2025-09-01 20:21:53.716170+00:00
,,95f56ca8-2997-4c6f-885e-a0903bbcadc2,0c49166273014487baa157c538b5a932,USGS-03274615,00065,00011,2023-02-07 07:15:00+00:00,1.88,ft,Approved,,2025-09-01 20:21:53.716170+00:00
,,e5cdc04a-d06f-4d7f-a4f4-0c9b4c279887,0c49166273014487baa157c538b5a932,USGS-03274615,00065,00011,2023-02-07 07:00:00+00:00,1.89,ft,Approved,,2025-09-01 20:21:53.716170+00:00
,,3103d397-75ff-4d4a-ad26-c19521079b67,0c49166273014487baa157c538b5a932,USGS-03274615,00065,00011,2023-02-07 06:45:00+00:00,1.90,ft,Approved,,2025-09-01 20:21:53.716170+00:00
,,5e83055c-088e-44c1-bb5e-bc01da96875e,0c49166273014487baa157c538b5a932,USGS-03274615,00065,00011,2023-02-07 06:30:00+00:00,1.90,ft,Approved,,2025-09-01 20:21:53.716170+00:00
,,269730fe-012b-4724-819a-305a690ef336,0c49166273014487baa157c538b5a932,USGS-03274615,00065,00011,2023-02-07 06:15:00+00:00,1.90,ft,Approved,,2025-09-01 20:21:53.716170+00:00
,,1e07a700-337e-4dd1-9d7f-f4d8cf129f3d,0c49166273014487baa157c538b5a932,USGS-03274615,00065,00011,2023-02-07 06:00:00+00:00,1.91,ft,Approved,,2025-09-01 20:21:53.716170+00:00
,,63653095-c186-4dec-a40a-32967f256a19,0c49166273014487baa157c538b5a932,USGS-03274615,00065,00011,2023-02-07 05:45:00+00:00,1.92,ft,Approved,,2025-09-01 20:21:53.716170+00:00
,,963e433c-0739-4771-838d-cec5f9018bb5,0c49166273014487baa157c538b5a932,USGS-03274615,00065,00011,2023-02-07 05:30:00+00:00,1.91,ft,Approved,,2025-09-01 20:21:53.716170+00:00
,,11e7d583-befc-4789-ab5d-f5cc117d47d1,0c49166273014487baa157c538b5a932,USGS-03274615,00065,00011,2023-02-07 05:15:00+00:00,1.88,ft,Approved,,2025-09-01 20:21:53.716170+00:00
,,af098b1f-a9f6-4406-a53a-1319eaeb4ec3,0c49166273014487baa157c538b5a932,USGS-03274615,00065,00011,2023-02-07 05:00:00+00:00,1.93,ft,Approved,,2025-09-01 20:21:53.716170+00:00
,,b70155cf-1225-4b2b-9209-2324384d78bd,0c49166273014487baa157c538b5a932,USGS-03274615,00065,00011,2023-02-07 04:45:00+00:00,1.94,ft,Approved,,2025-09-01 20:21:53.716170+00:00
,,9de140da-bfa1-442b-9764-b5f254d91d64,0c49166273014487baa157c538b5a932,USGS-03274615,00065,00011,2023-02-07 04:30:00+00:00,1.94,ft,Approved,,2025-09-01 20:21:53.716170+00:00
,,a572eca4-8c15-4fc0-8d97-d5672981dc7e,0c49166273014487baa157c538b5a932,USGS-03274615,00065,00011,2023-02-07 04:15:00+00:00,1.95,ft,Approved,,2025-09-01 20:21:53.716170+00:00
,,f4aaacc5-fd41-4b0a-86af-a0f000909364,0c49166273014487baa157c538b5a932,USGS-03274615,00065,00011,2023-02-07 04:00:00+00:00,1.94,ft,Approved,,2025-09-01 20:21:53.716170+00:00
,,320964b6-44c6-47b8-9dff-1d8990e7c069,0c49166273014487baa157c538b5a932,USGS-03274615,00065,00011,2023-02-07 03:45:00+00:00,1.93,ft,Approved,,2025-09-01 20:21:53.716170+00:00
,,0d7d123a-eed4-452a-bdff-4cd11a4016e8,0c49166273014487baa157c538b5a932,USGS-03274615,00065,00011,2023-02-07 03:30:00+00:00,1.92,ft,Approved,,2025-09-01 20:21:53.716170+00:00
,,29000509-c79e-4880-95af-826760396a65,0c49166273014487baa157c538b5a932,USGS-03274615,00065,00011,2023-02-07 03:15:00+00:00,1.92,ft,Approved,,2025-09-01 20:21:53.716170+00:00
,,f15c1672-19f8-4239-9a02-b64e649a3952,0c49166273014487baa157c538b5a932,USGS-03274615,00065,00011,2023-02-07 03:00:00+00:00,1.90,ft,Approved,,2025-09-01 20:21:53.716170+00:00
,,b69e7c55-5941-4a96-89c4-ad809b8db746,0c49166273014487baa157c538b5a932,USGS-03274615,00065,00011,2023-02-07 02:45:00+00:00,1.88,ft,Approved,,2025-09-01 20:21:53.716170+00:00
,,9d03769e-ceb9-45aa-9225-cae0049408a6,0c49166273014487baa157c538b5a932,USGS-03274615,00065,00011,2023-02-07 02:30:00+00:00,1.87,ft,Approved,,2025-09-01 20:21:53.716170+00:00
,,3b53c5a3-ed9f-4a1c-a3d9-aa9370bcf791,0c49166273014487baa157c538b5a932,USGS-03274615,00065,00011,2023-02-07 02:15:00+00:00,1.84,ft,Approved,,2025-09-01 20:21:53.716170+00:00
,,69603bf1-5476-4f52-b886-26a7900d0a10,0c49166273014487baa157c538b5a932,USGS-03274615,00065,00011,2023-02-07 02:00:00+00:00,1.83,ft,Approved,,2025-09-01 20:21:53.716170+00:00
,,d031e9bd-ed79-4615-a709-ea4383ce7f51,0c49166273014487baa157c538b5a932,USGS-03274615,00065,00011,2023-02-07 01:45:00+00:00,1.81,ft,Approved,,2025-09-01 20:21:53.716170+00:00
,,5cc7b1f2-77b3-4b24-9f0e-473bc41cca94,0c49166273014487baa157c538b5a932,USGS-03274615,00065,00011,2023-02-07 01:30:00+00:00,1.80,ft,Approved,,2025-09-01 20:21:53.716170+00:00
,,8c7fdcf2-1310-4daf-874d-8abe350e4bc5,0c49166273014487baa157c538b5a932,USGS-03274615,00065,00011,2023-02-07 01:15:00+00:00,1.78,ft,Approved,,2025-09-01 20:21:53.716170+00:00
,,e452178c-db55-45b8-a950-1970826d164a,0c49166273014487baa157c538b5a932,USGS-03274615,00065,00011,2023-02-07 01:00:00+00:00,1.78,ft,Approved,,2025-09-01 20:21:53.716170+00:00
,,ccd785b0-0165-484c-ab63-ff8d45978ad7,0c49166273014487baa157c538b5a932,USGS-03274615,00065,00011,2023-02-07 00:45:00+00:00,1.77,ft,Approved,,2025-09-01 20:21:53.716170+00:00
,,0372051e-0c6e-424d-bcb5-2cae36e3d32e,0c49166273014487baa157c538b5a932,USGS-03274615,00065,00011,2023-02-07 00:30:00+00:00,1.78,ft,Approved,,2025-09-01 20:21:53.716170+00:00
,,7aeab7c9-11ad-43a6-85ce-ab619aa02c36,0c49166273014487baa157c538b5a932,USGS-03274615,00065,00011,2023-02-07 00:15:00+00:00,1.78,ft,Approved,,2025-09-01 20:21:53.716170+00:00
,,67f521a0-ee6c-4362-95a1-4704859ef4cf,0c49166273014487baa157c538b5a932,USGS-03274615,00065,00011,2023-02-07 00:00:00+00:00,1.80,ft,Approved,,2025-09-01 20:21:53.716170+00:00
,,c4590d9a-d366-4a24-83cc-25f56884d9b0,0c49166273014487baa157c538b5a932,USGS-03274615,00065,00011,2023-02-06 23:45:00+00:00,1.80,ft,Approved,,2025-09-01 20:21:53.716170+00:00
,,90c2a724-b70f-46af-b0c3-a6121a6773ef,0c49166273014487baa157c538b5a932,USGS-03274615,00065,00011,2023-02-06 23:30:00+00:00,1.81,ft,Approved,,2025-09-01 20:21:53.716170+00:00
,,678dcf40-461e-44e8-8872-50721d78421f,0c49166273014487baa157c538b5a932,USGS-03274615,00065,00011,2023-02-06 23:15:00+00:00,1.83,ft,Approved,,2025-09-01 20:21:53.716170+00:00
,,6def63f7-0e08-4461-a4e2-e0b24f2d4a04,0c49166273014487baa157c538b5a932,USGS-03274615,00065,00011,2023-02-06 23:00:00+00:00,1.84,ft,Approved,,2025-09-01 20:21:53.716170+00:00
,,4bd42414-804c-4aad-a31a-d402ccf6c7f5,0c49166273014487baa157c538b5a932,USGS-03274615,00065,00011,2023-02-06 22:45:00+00:00,1.85,ft,Approved,,2025-09-01 20:21:53.716170+00:00
,,2c41a51a-087a-46f4-b69e-ee40241bf4b5,0c49166273014487baa157c538b5a932,USGS-03274615,00065,00011,2023-02-06 22:30:00+00:00,1.86,ft,Approved,,2025-09-01 20:21:53.716170+00:00
,,4888c275-15f7-440d-9750-e26aa39112d1,0c49166273014487baa157c538b5a932,USGS-03274615,00065,00011,2023-02-06 22:15:00+00:00,1.88,ft,Approved,,2025-09-01 20:21:53.716170+00:00
,,c66d5045-9f47-4994-bb7a-373ec391b8e7,0c49166273014487baa157c538b5a932,USGS-03274615,00065,00011,2023-02-06 22:00:00+00:00,1.88,ft,Approved,,2025-09-01 20:21:53.716170+00:00
,,833d4348-3d95-46a9-91f6-98c65a1a6848,0c49166273014487baa157c538b5a932,USGS-03274615,00065,00011,2023-02-06 21:45:00+00:00,1.89,ft,Approved,,2025-09-01 20:21:53.716170+00:00
,,7ebe69d1-bfbf-4f60-94b8-69a16abf8ccb,0c49166273014487baa157c538b5a932,USGS-03274615,00065,00011,2023-02-06 21:30:00+00:00,1.89,ft,Approved,,2025-09-01 20:21:53.716170+00:00
,,008556ab-37c6-430a-aae9-1b86a4d8f555,0c49166273014487baa157c538b5a932,USGS-03274615,00065,00011,2023-02-06 21:15:00+00:00,1.90,ft,Approved,,2025-09-01 20:21:53.716170+00:00
,,a0df687b-0fea-4081-98b8-6eee59523672,0c49166273014487baa157c538b5a932,USGS-03274615,00065,00011,2023-02-06 21:00:00+00:00,1.89,ft,Approved,,2025-09-01 20:21:53.716170+00:00
,,c63a2a6c-601a-4934-ac48-68966d05aa66,0c49166273014487baa157c538b5a932,USGS-03274615,00065,00011,2023-02-06 20:45:00+00:00,1.90,ft,Approved,,2025-09-01 20:21:53.716170+00:00
,,bdd5dcdb-53a4-45e8-95c0-711c55bd7921,0c49166273014487baa157c538b5a932,USGS-03274615,00065,00011,2023-02-06 20:30:00+00:00,1.90,ft,Approved,,2025-09-01 20:21:53.716170+00:00
,,76c25d18-bcb0-44fc-8351-e45cb2a1ebb0,0c49166273014487baa157c538b5a932,USGS-03274615,00065,00011,2023-02-06 20:15:00+00:00,1.90,ft,Approved,,2025-09-01 20:21:53.716170+00:00
,,d98e70a2-68c1-46b0-a9d0-0e30335c7344,0c49166273014487baa157c538b5a932,USGS-03274615,00065,00011,2023-02-06 20:00:00+00:00,1.90,ft,Approved,,2025-09-01 20:21:53.716170+00:00
,,7ac83b2e-3f84-4c14-b6de-592f8a03e3ea,0c49166273014487baa157c538b5a932,USGS-03274615,00065,00011,2023-02-06 19:45:00+00:00,1.92,ft,Approved,,2025-09-01 20:21:53.716170+00:00
,,b9a17530-10bb-4c51-bfdf-834c1fcc6950,0c49166273014487baa157c538b5a932,USGS-03274615,00065,00011,2023-02-06 19:30:00+00:00,1.90,ft,Approved,,2025-09-01 20:21:53.716170+00:00
,,13680106-b40e-4790-8b5c-c92170cce0a9,0c49166273014487baa157c538b5a932,USGS-03274615,00065,00011,2023-02-06 19:15:00+00:00,1.87,ft,Approved,,2025-09-01 20:21:53.716170+00:00
,,2dff9c9e-30a2-4894-bc8c-2a9785b36f3a,0c49166273014487baa157c538b5a932,USGS-03274615,00065,00011,2023-02-06 19:00:00+00:00,1.91,ft,Approved,,2025-09-01 20:21:53.716170+00:00
,,1a6f7388-052e-4544-ad00-2f57ad965acb,0c49166273014487baa157c538b5a932,USGS-03274615,00065,00011,2023-02-06 18:45:00+00:00,1.90,ft,Approved,,2025-09-01 20:21:53.716170+00:00
,,05088783-18ec-421d-bfb4-d8c94701bffa,0c49166273014487baa157c538b5a932,USGS-03274615,00065,00011,2023-02-06 18:30:00+00:00,1.90,ft,Approved,,2025-09-01 20:21:53.716170+00:00
,,2916f785-a4f0-46b8-9705-f843d5790717,0c49166273014487baa157c538b5a932,USGS-03274615,00065,00011,2023-02-06 18:15:00+00:00,1.89,ft,Approved,,2025-09-01 20:21:53.716170+00:00
,,9252b49f-7f68-481f-8516-c11231bb1276,0c49166273014487baa157c538b5a932,USGS-03274615,00065,00011,2023-02-06 18:00:00+00:00,1.90,ft,Approved,,2025-09-01 20:21:53.716170+00:00
,,33928952-b9a2-4eb0-a499-92474a4f181d,0c49166273014487baa157c538b5a932,USGS-03274615,00065,00011,2023-02-06 17:45:00+00:00,1.89,ft,Approved,,2025-09-01 20:21:53.716170+00:00
,,6994b1e4-143d-4aaf-81b0-112896e080d7,0c49166273014487baa157c538b5a932,USGS-03274615,00065,00011,2023-02-06 17:30:00+00:00,1.90,ft,Approved,,2025-09-01 20:21:53.716170+00:00
,,8f02236d-8834-47a1-80ea-9099f794486e,0c49166273014487baa157c538b5a932,USGS-03274615,00065,00011,2023-02-06 17:15:00+00:00,1.89,ft,Approved,,2025-09-01 20:21:53.716170+00:00
,,cc172733-c005-46ed-9f3d-777761e24769,0c49166273014487baa157c538b5a932,USGS-03274615,00065,00011,2023-02-06 17:00:00+00:00,1.90,ft,Approved,,2025-09-01 20:21:53.716170+00:00
,,7982b6ee-887d-4a4e-a85f-7531731378b8,0c49166273014487baa157c538b5a932,USGS-03274615,00065,00011,2023-02-06 16:45:00+00:00,1.89,ft,Approved,,2025-09-01 20:21:53.716170+00:00
,,75d281f3-fdc0-4f11-818d-b0cb0be61595,0c49166273014487baa157c538b5a932,USGS-03274615,00065,00011,2023-02-06 16:30:00+00:00,1.89,ft,Approved,,2025-09-01 20:21:53.716170+00:00
,,f69b824a-941a-4b4f-8d34-5bc0d8cb9ba7,0c49166273014487baa157c538b5a932,USGS-03274615,00065,00011,2023-02-06 16:15:00+00:00,1.89,ft,Approved,,2025-09-01 20:21:53.716170+00:00
,,c3df0073-6f3f-4eb0-b8ee-524be101186d,0c49166273014487baa157c538b5a932,USGS-03274615,00065,00011,2023-02-06 16:00:00+00:00,1.89,ft,Approved,,2025-09-01 20:21:53.716170+00:00
,,96e830a2-e5c7-400f-a6db-435533345d22,0c49166273014487baa157c538b5a932,USGS-03274615,00065,00011,2023-02-06 15:45:00+00:00,1.90,ft,Approved,,2025-09-01 20:21:53.716170+00:00
,,9dd78ead-2e13-4fa5-ba85-c6a770c36346,0c49166273014487baa157c538b5a932,USGS-03274615,00065,00011,2023-02-06 15:30:00+00:00,1.89,ft,Approved,,2025-09-01 20:21:53.716170+00:00
,,5ec3db88-6f5c-49e8-80e1-fc84d77b827c,0c49166273014487baa157c538b5a932,USGS-03274615,00065,00011,2023-02-06 15:15:00+00:00,1.90,ft,Approved,,2025-09-01 20:21:53.716170+00:00
,,7753f5be-3ccb-4fa5-930f-e1e51b3ce772,0c49166273014487baa157c538b5a932,USGS-03274615,00065,00011,2023-02-06 15:00:00+00:00,1.90,ft,Approved,,2025-09-01 20:21:53.716170+00:00
,,4446c131-ef61-4be3-8113-4b0f91141cd2,0c49166273014487baa157c538b5a932,USGS-03274615,00065,00011,2023-02-06 14:45:00+00:00,1.91,ft,Approved,,2025-09-01 20:21:53.716170+00:00
,,20c30fa7-9bee-4dee-9f22-75fdbf8e85b6,0c49166273014487baa157c538b5a932,USGS-03274615,00065,00011,2023-02-06 14:30:00+00:00,1.89,ft,Approved,,2025-09-01 20:21:53.716170+00:00
,,3a5990ce-e5fa-4135-9105-d63e7ed71983,0c49166273014487baa157c538b5a932,USGS-03274615,00065,00011,2023-02-06 14:15:00+00:00,1.90,ft,Approved,,2025-09-01 20:21:53.716170+00:00
,,922a7576-b8e2-4bd6-987f-75a3883330b8,0c49166273014487baa157c538b5a932,USGS-03274615,00065,00011,2023-02-06 14:00:00+00:00,1.88,ft,Approved,,2025-09-01 20:21:53.716170+00:00
,,c031ad80-cb73-45ae-9ae7-2e0c99211904,0c49166273014487baa157c538b5a932,USGS-03274615,00065,00011,2023-02-06 13:45:00+00:00,1.90,ft,Approved,,2025-09-01 20:21:53.716170+00:00
,,b43efde4-07e3-45f3-b01d-aca540c3f44c,0c49166273014487baa157c538b5a932,USGS-03274615,00065,00011,2023-02-06 13:30:00+00:00,1.90,ft,Approved,,2025-09-01 20:21:53.716170+00:00
,,0e90fb42-3a5b-4e28-91e7-e7f627f86841,0c49166273014487baa157c538b5a932,USGS-03274615,00065,00011,2023-02-06 13:15:00+00:00,1.90,ft,Approved,,2025-09-01 20:21:53.716170+00:00
,,9372d7ab-9cdb-4334-9699-10c97216d5da,0c49166273014487baa157c538b5a932,USGS-03274615,00065,00011,2023-02-06 13:00:00+00:00,1.90,ft,Approved,,2025-09-01 20:21:53.716170+00:00
,,90a1ea05-9667-43e7-a19b-ecc1b03a79e6,0c49166273014487baa157c538b5a932,USGS-03274615,00065,00011,2023-02-06 12:45:00+00:00,1.90,ft,Approved,,2025-09-01 20:21:53.716170+00:00
,,76917075-f444-4d6e-b893-ddf5ed018f65,0c49166273014487baa157c538b5a932,USGS-03274615,00065,00011,2023-02-06 12:30:00+00:00,1.90,ft,Approved,,2025-09-01 20:21:53.716170+00:00
,,0e29c528-0072-4991-aa02-2a915ae50b79,0c49166273014487baa157c538b5a932,USGS-03274615,00065,00011,2023-02-06 12:15:00+00:00,1.90,ft,Approved,,2025-09-01 20:21:53.716170+00:00
,,64722f9b-7bb4-4f0c-8490-f6eaba8e8210,0c49166273014487baa157c538b5a932,USGS-03274615,00065,00011,2023-02-06 12:00:00+00:00,1.91,ft,Approved,,2025-09-01 20:21:53.716170+00:00
,,a5fd4e64-755a-4d4f-86fa-c40a12c091fb,0c49166273014487baa157c538b5a932,USGS-03274615,00065,00011,2023-02-06 11:45:00+00:00,1.91,ft,Approved,,2025-09-01 20:21:53.716170+00:00
,,44f078ca-792d-496d-887a-cd9e8e61cee7,0c49166273014487baa157c538b5a932,USGS-03274615,00065,00011,2023-02-06 11:30:00+00:00,1.91,ft,Approved,,2025-09-01 20:21:53.716170+00:00
,,648f3829-8600-4971-861e-7b7e387a4d06,0c49166273014487baa157c538b5a932,USGS-03274615,00065,00011,2023-02-06 11:15:00+00:00,1.90,ft,Approved,,2025-09-01 20:21:53.716170+00:00
,,4bd7b905-ab83-46ca-950b-cd0267534a4c,0c49166273014487baa157c538b5a932,USGS-03274615,00065,00011,2023-02-06 11:00:00+00:00,1.90,ft,Approved,,2025-09-01 20:21:53.716170+00:00
,,fb95fea7-afd3-4c83-98f2-5f8157e75a86,0c49166273014487baa157c538b5a932,USGS-03274615,00065,00011,2023-02-06 10:45:00+00:00,1.90,ft,Approved,,2025-09-01 20:21:53.716170+00:00
,,660eec6b-192d-41dd-a6e0-c7ce9e82fba1,0c49166273014487baa157c538b5a932,USGS-03274615,00065,00011,2023-02-06 10:30:00+00:00,1.91,ft,Approved,,2025-09-01 20:21:53.716170+00:00
,,960a968c-7d34-423e-8492-59bff5c1be3f,0c49166273014487baa157c538b5a932,USGS-03274615,00065,00011,2023-02-06 10:15:00+00:00,1.91,ft,Approved,,2025-09-01 20:21:53.716170+00:00
,,9a9603bd-5ad3-46b1-b509-fc54ad5724ae,0c49166273014487baa157c538b5a932,USGS-03274615,00065,00011,2023-02-06 10:00:00+00:00,1.91,ft,Approved,,2025-09-01 20:21:53.716170+00:00
,,7ce0e707-5935-43da-9e0d-c26b45acd1fa,0c49166273014487baa157c538b5a932,USGS-03274615,00065,00011,2023-02-06 09:45:00+00:00,1.91,ft,Approved,,2025-09-01 20:21:53.716170+00:00
,,84f7e5a3-e94e-4f55-baa2-68bfa0c6828c,0c49166273014487baa157c538b5a932,USGS-03274615,00065,00011,2023-02-06 09:30:00+00:00,1.91,ft,Approved,,2025-09-01 20:21:53.716170+00:00
,,bb20676d-e496-4d89-b599-cf04af343c7b,0c49166273014487baa157c538b5a932,USGS-03274615,00065,00011,2023-02-06 09:15:00+00:00,1.91,ft,Approved,,2025-09-01 20:21:53.716170+00:00
,,87a8474c-97cd-417c-8a7b-ee94594c6f43,0c49166273014487baa157c538b5a932,USGS-03274615,00065,00011,2023-02-06 09:00:00+00:00,1.91,ft,Approved,,2025-09-01 20:21:53.716170+00:00
,,a73a3a80-c74a-4113-8e61-ef951052677e,0c49166273014487baa157c538b5a932,USGS-03274615,00065,00011,2023-02-06 08:45:00+00:00,1.91,ft,Approved,,2025-09-01 20:21:53.716170+00:00
,,576f7d47-b41d-4216-ad51-4449341d4968,0c49166273014487baa157c538b5a932,USGS-03274615,00065,00011,2023-02-06 08:30:00+00:00,1.91,ft,Approved,,2025-09-01 20:21:53.716170+00:00
,,23ee7867-24f9-4043-bcb9-504d6c648d7d,0c49166273014487baa157c538b5a932,USGS-03274615,00065,00011,2023-02-06 08:15:00+00:00,1.90,ft,Approved,,2025-09-01 20:21:53.716170+00:00
,,4ff09591-5aff-4e44-9639-50e44564a381,0c49166273014487baa157c538b5a932,USGS-03274615,00065,00011,2023-02-06 08:00:00+00:00,1.91,ft,Approved,,2025-09-01 20:21:53.716170+00:00
,,f0ca58ac-6464-4d44-9bf8-13186333f703,0c49166273014487baa157c538b5a932,USGS-03274615,00065,00011,2023-02-06 07:45:00+00:00,1.91,ft,Approved,,2025-09-01 20:21:53.716170+00:00
,,dd5eeff9-2ef5-4fe3-8f66-5f3c66caa04c,0c49166273014487baa157c538b5a932,USGS-03274615,00065,00011,2023-02-06 07:30:00+00:00,1.90,ft,Approved,,2025-09-01 20:21:53.716170+00:00
,,419e2878-5f58-4bc4-a289-cf04bd397f0c,0c49166273014487baa157c538b5a932,USGS-03274615,00065,00011,2023-02-06 07:15:00+00:00,1.91,ft,Approved,,2025-09-01 20:21:53.716170+00:00
,,89d36af3-05a0-45c6-a7b4-c58210855bb3,0c49166273014487baa157c538b5a932,USGS-03274615,00065,00011,2023-02-06 07:00:00+00:00,1.90,ft,Approved,,2025-09-01 20:21:53.716170+00:00
,,b2a5139f-f2d5-4c74-a0a8-4de33d190864,0c49166273014487baa157c538b5a932,USGS-03274615,00065,00011,2023-02-06 06:45:00+00:00,1.91,ft,Approved,,2025-09-01 20:21:53.716170+00:00
,,de8b3174-651c-49f9-9fe2-543caee2333c,0c49166273014487baa157c538b5a932,USGS-03274615,00065,00011,2023-02-06 06:30:00+00:00,1.90,ft,Approved,,2025-09-01 20:21:53.716170+00:00
,,1521c3bf-12c7-46a8-a95e-db379c44f632,0c49166273014487baa157c538b5a932,USGS-03274615,00065,00011,2023-02-06 06:15:00+00:00,1.91,ft,Approved,,2025-09-01 20:21:53.716170+00:00
,,5fa587b7-94bf-4a5d-95d0-4d474083ed12,0c49166273014487baa157c538b5a932,USGS-03274615,00065,00011,2023-02-06 06:00:00+00:00,1.91,ft,Approved,,2025-09-01 20:21:53.716170+00:00
,,49fb64a7-d717-4356-ab7f-b383a2aeaacb,0c49166273014487baa157c538b5a932,USGS-03274615,00065,00011,2023-02-06 05:45:00+00:00,1.90,ft,Approved,,2025-09-01 20:21:53.716170+00:00
,,2d27f9b4-7fa6-44c1-90eb-3e215d28d09e,0c49166273014487baa157c538b5a932,USGS-03274615,00065,00011,2023-02-06 05:30:00+00:00,1.90,ft,Approved,,2025-09-01 20:21:53.716170+00:00
,,28a6303d-7cca-4578-bdfb-66a773d4bc33,0c49166273014487baa157c538b5a932,USGS-03274615,00065,00011,2023-02-06 05:15:00+00:00,1.90,ft,Approved,,2025-09-01 20:21:53.716170+00:00
,,c2efa149-200e-46cc-9a44-c1dbdbe79797,0c49166273014487baa157c538b5a932,USGS-03274615,00065,00011,2023-02-06 05:00:00+00:00,1.90,ft,Approved,,2025-09-01 20:21:53.716170+00:00
,,a7637366-aa34-4bea-9ab3-741327eb2575,0c49166273014487baa157c538b5a932,USGS-03274615,00065,00011,2023-02-06 04:45:00+00:00,1.90,ft,Approved,,2025-09-01 20:21:53.716170+00:00
,,757d27dd-2c66-4f53-9f2e-652032a24705,0c49166273014487baa157c538b5a932,USGS-03274615,00065,00011,2023-02-06 04:30:00+00:00,1.90,ft,Approved,,2025-09-01 20:21:53.716170+00:00
,,130f3e4e-cf9f-4d46-b656-1b0630a1bbe1,0c49166273014487baa157c538b5a932,USGS-03274615,00065,00011,2023-02-06 04:15:00+00:00,1.89,ft,Approved,,2025-09-01 20:21:53.716170+00:00
,,0f7baa65-b048-4896-b1d4-c1574d724cd0,0c49166273014487baa157c538b5a932,USGS-03274615,00065,00011,2023-02-06 04:00:00+00:00,1.89,ft,Approved,,2025-09-01 20:21:53.716170+00:00
,,42a9287e-4da0-4c4b-b015-dff24fcf14a7,0c49166273014487baa157c538b5a932,USGS-03274615,00065,00011,2023-02-06 03:45:00+00:00,1.89,ft,Approved,,2025-09-01 20:21:53.716170+00:00
,,0eab52a2-1285-48e4-93a3-35f866be8501,0c49166273014487baa157c538b5a932,USGS-03274615,00065,00011,2023-02-06 03:30:00+00:00,1.89,ft,Approved,,2025-09-01 20:21:53.716170+00:00
,,87924f58-9bc5-4d4a-aba2-5bd4e6cba91b,0c49166273014487baa157c538b5a932,USGS-03274615,00065,00011,2023-02-06 03:15:00+00:00,1.89,ft,Approved,,2025-09-01 20:21:53.716170+00:00
,,c6008dc0-939c-41f7-91ef-ca6430d90697,0c49166273014487baa157c538b5a932,USGS-03274615,00065,00011,2023-02-06 03:00:00+00:00,1.89,ft,Approved,,2025-09-01 20:21:53.716170+00:00
,,69e1e845-8dd1-4499-93aa-b4e768713da7,0c49166273014487baa157c538b5a932,USGS-03274615,00065,00011,2023-02-06 02:45:00+00:00,1.89,ft,Approved,,2025-09-01 20:21:53.716170+00:00
,,40c55a97-c697-4740-bea0-b7df49706704,0c49166273014487baa157c538b5a932,USGS-03274615,00065,00011,2023-02-06 02:30:00+00:00,1.89,ft,Approved,,2025-09-01 20:21:53.716170+00:00
,,c0dc607b-76fb-4e95-893a-8c93cf968504,0c49166273014487baa157c538b5a932,USGS-03274615,00065,00011,2023-02-06 02:15:00+00:00,1.89,ft,Approved,,2025-09-01 20:21:53.716170+00:00
,,7dca6cb1-19f8-445f-9a57-f6e36aa1b99e,0c49166273014487baa157c538b5a932,USGS-03274615,00065,00011,2023-02-06 02:00:00+00:00,1.89,ft,Approved,,2025-09-01 20:21:53.716170+00:00
,,354ce805-8249-40b5-9eee-7355993c24f5,0c49166273014487baa157c538b5a932,USGS-03274615,00065,00011,2023-02-06 01:45:00+00:00,1.89,ft,Approved,,2025-09-01 20:21:53.716170+00:00
,,e29e3c98-1025-4597-8a3e-c52c036f89f1,0c49166273014487baa157c538b5a932,USGS-03274615,00065,00011,2023-02-06 01:30:00+00:00,1.89,ft,Approved,,2025-09-01 20:21:53.716170+00:00
,,c2d8bc51-8bff-4de9-aa37-d34242fb0201,0c49166273014487baa157c538b5a932,USGS-03274615,00065,00011,2023-02-06 01:15:00+00:00,1.89,ft,Approved,,2025-09-01 20:21:53.716170+00:00
,,d89def3c-c9e5-4673-afdb-d3a9c7a78541,0c49166273014487baa157c538b5a932,USGS-03274615,00065,00011,2023-02-06 01:00:00+00:00,1.90,ft,Approved,,2025-09-01 20:21:53.716170+00:00
,,a2c6ac35-0e0b-416d-8b89-c2cd80d36f06,0c49166273014487baa157c538b5a932,USGS-03274615,00065,00011,2023-02-06 00:45:00+00:00,1.90,ft,Approved,,2025-09-01 20:21:53.716170+00:00
,,ed1ffa37-8d7f-4ab4-a8fa-56c263d98c33,0c49166273014487baa157c538b5a932,USGS-03274615,00065,00011,2023-02-06 00:30:00+00:00,1.90,ft,Approved,,2025-09-01 20:21:53.716170+00:00
,,ca1afd31-bf28-4bdb-b661-1e8d164af6b8,0c49166273014487baa157c538b5a932,USGS-03274615,00065,00011,2023-02-06 00:15:00+00:00,1.90,ft,Approved,,2025-09-01 20:21:53.716170+00:00
,,5c02c2e9-bc83-43c4-81c3-686bc0033288,0c49166273014487baa157c538b5a932,USGS-03274615,00065,00011,2023-02-06 00:00:00+00:00,1.91,ft,Approved,,2025-09-01 20:21:53.716170+00:00
,,7a24e0d5-2de5-4d78-8b12-43e142c8a8b5,0c49166273014487baa157c538b5a932,USGS-03274615,00065,00011,2023-02-05 23:45:00+00:00,1.91,ft,Approved,,2025-09-01 20:21:53.716170+00:00
,,f6954e5b-2c39-40a3-bdfe-423557836734,0c49166273014487baa157c538b5a932,USGS-03274615,00065,00011,2023-02-05 23:30:00+00:00,1.91,ft,Approved,,2025-09-01 20:21:53.716170+00:00
,,c641549a-2902-41fb-a756-fe01dd986791,0c49166273014487baa157c538b5a932,USGS-03274615,00065,00011,2023-02-05 23:15:00+00:00,1.91,ft,Approved,,2025-09-01 20:21:53.716170+00:00
,,da185389-d0b4-4d18-8d26-ca4b66cd2483,0c49166273014487baa157c538b5a932,USGS-03274615,00065,00011,2023-02-05 23:00:00+00:00,1.91,ft,Approved,,2025-09-01 20:21:53.716170+00:00
,,4220ff4c-b6f1-453d-b2b3-84b2fb39a6aa,0c49166273014487baa157c538b5a932,USGS-03274615,00065,00011,2023-02-05 22:45:00+00:00,1.90,ft,Approved,,2025-09-01 20:21:53.716170+00:00
,,7af980fc-6621-4ec9-88d1-bcc732e8e225,0c49166273014487baa157c538b5a932,USGS-03274615,00065,00011,2023-02-05 22:30:00+00:00,1.91,ft,Approved,,2025-09-01 20:21:53.716170+00:00
,,ce867bcd-e7bc-48d2-a298-3f845bc1342f,0c49166273014487baa157c538b5a932,USGS-03274615,00065,00011,2023-02-05 22:15:00+00:00,1.82,ft,Approved,,2025-09-01 20:21:53.716170+00:00
,,8b972531-5b94-4771-9cea-1dff8781d238,0c49166273014487baa157c538b5a932,USGS-03274615,00065,00011,2023-02-05 22:00:00+00:00,1.91,ft,Approved,,2025-09-01 20:21:53.716170+00:00
,,3cb56b09-6afe-40ae-8c4f-451da588ed3d,0c49166273014487baa157c538b5a932,USGS-03274615,00065,00011,2023-02-05 21:45:00+00:00,1.87,ft,Approved,,2025-09-01 20:21:53.716170+00:00
,,74445343-5f53-49e1-9fc5-35f2f7000a29,0c49166273014487baa157c538b5a932,USGS-03274615,00065,00011,2023-02-05 21:30:00+00:00,1.84,ft,Approved,,2025-09-01 20:21:53.716170+00:00
,,b6a73a51-798d-4a93-9258-526eb47bb9a5,0c49166273014487baa157c538b5a932,USGS-03274615,00065,00011,2023-02-05 21:00:00+00:00,1.82,ft,Approved,,2025-09-01 20:21:53.716170+00:00
,,37f28137-dd28-49cf-a1ad-7b08ef01189e,0c49166273014487baa157c538b5a932,USGS-03274615,00065,00011,2023-02-05 20:45:00+00:00,1.84,ft,Approved,,2025-09-01 20:21:53.716170+00:00
,,bf414bf8-bf85-47e7-b8dd-1d0d09aacded,0c49166273014487baa157c538b5a932,USGS-03274615,00065,00011,2023-02-05 20:15:00+00:00,1.85,ft,Approved,,2025-09-01 20:21:53.716170+00:00
,,e017dbd0-7d52-4568-9699-e8006a54ad3e,0c49166273014487baa157c538b5a932,USGS-03274615,00065,00011,2023-02-05 20:00:00+00:00,1.80,ft,Approved,,2025-09-01 20:21:53.716170+00:00
,,a1ed2093-87f5-48c3-aabf-4a462719c29a,0c49166273014487baa157c538b5a932,USGS-03274615,00065,00011,2023-02-05 19:45:00+00:00,1.81,ft,Approved,,2025-09-01 20:21:53.716170+00:00
,,3145c7a1-15e3-4d72-b295-87287372c30e,0c49166273014487baa157c538b5a932,USGS-03274615,00065,00011,2023-02-05 19:30:00+00:00,1.79,ft,Approved,,2025-09-01 20:21:53.716170+00:00
,,106ce4c4-8221-4d62-8319-4c00fc6d45af,0c49166273014487baa157c538b5a932,USGS-03274615,00065,00011,2023-02-05 19:15:00+00:00,1.86,ft,Approved,,2025-09-01 20:21:53.716170+00:00
,,993f3d68-4148-4e63-80ce-ce4715dd1491,0c49166273014487baa157c538b5a932,USGS-03274615,00065,00011,2023-02-05 19:00:00+00:00,1.82,ft,Approved,,2025-09-01 20:21:53.716170+00:00
,,e27f5ca4-fe3a-499d-a1c4-9388b18fd480,0c49166273014487baa157c538b5a932,USGS-03274615,00065,00011,2023-02-05 18:45:00+00:00,1.82,ft,Approved,,2025-09-01 20:21:53.716170+00:00
,,43c04dbf-9f21-4392-94af-8d273b6912fd,0c49166273014487baa157c538b5a932,USGS-03274615,00065,00011,2023-02-05 18:30:00+00:00,1.83,ft,Approved,,2025-09-01 20:21:53.716170+00:00
,,89502b88-89a3-4951-af1e-8f5a8aac72b1,0c49166273014487baa157c538b5a932,USGS-03274615,00065,00011,2023-02-05 18:15:00+00:00,1.78,ft,Approved,,2025-09-01 20:21:53.716170+00:00
,,7fa4cf6e-7359-460d-a3f8-0edc37b9d44e,0c49166273014487baa157c538b5a932,USGS-03274615,00065,00011,2023-02-05 18:00:00+00:00,1.83,ft,Approved,,2025-09-01 20:21:53.716170+00:00
,,51599a48-9bef-408e-a481-396e152feb72,0c49166273014487baa157c538b5a932,USGS-03274615,00065,00011,2023-02-05 17:45:00+00:00,1.84,ft,Approved,,2025-09-01 20:21:53.716170+00:00
,,ba15da7c-833e-4286-b371-622d6026f184,0c49166273014487baa157c538b5a932,USGS-03274615,00065,00011,2023-02-05 17:30:00+00:00,1.80,ft,Approved,,2025-09-01 20:21:53.716170+00:00
,,9fbee35a-22e8-41e4-9986-7b456dca3433,0c49166273014487baa157c538b5a932,USGS-03274615,00065,00011,2023-02-05 17:15:00+00:00,1.82,ft,Approved,,2025-09-01 20:21:53.716170+00:00
,,3e11bc1e-a91f-4fbe-b409-26eb7774d8a6,0c49166273014487baa157c538b5a932,USGS-03274615,00065,00011,2023-02-05 17:00:00+00:00,1.80,ft,Approved,,2025-09-01 20:21:53.716170+00:00
,,b32c4265-e165-45b1-a8aa-f4e102615094,0c49166273014487baa157c538b5a932,USGS-03274615,00065,00011,2023-02-05 16:45:00+00:00,1.81,ft,Approved,,2025-09-01 20:21:53.716170+00:00
,,05aab3df-d7dd-46cd-b9d2-52eed43cb9a3,0c49166273014487baa157c538b5a932,USGS-03274615,00065,00011,2023-02-05 16:30:00+00:00,1.86,ft,Approved,,2025-09-01 20:21:53.716170+00:00
,,984713ec-b619-4ae4-b812-c36bebe8fbb8,0c49166273014487baa157c538b5a932,USGS-03274615,00065,00011,2023-02-05 16:15:00+00:00,1.81,ft,Approved,,2025-09-01 20:21:53.716170+00:00
,,3597da1c-bd77-4d19-a2de-472b54e0ffe5,0c49166273014487baa157c538b5a932,USGS-03274615,00065,00011,2023-02-05 16:00:00+00:00,1.78,ft,Approved,,2025-09-01 20:21:53.716170+00:00
,,5becd656-9aa3-4503-b282-53e4390726a3,0c49166273014487baa157c538b5a932,USGS-03274615,00065,00011,2023-02-05 15:45:00+00:00,1.80,ft,Approved,,2025-09-01 20:21:53.716170+00:00
,,3e74d8ec-4e0f-41b2-816f-01ced2c329d1,0c49166273014487baa157c538b5a932,USGS-03274615,00065,00011,2023-02-05 15:30:00+00:00,1.78,ft,Approved,,2025-09-01 20:21:53.716170+00:00
,,f47cef12-b69a-41df-be4b-3b489b8d8e6f,0c49166273014487baa157c538b5a932,USGS-03274615,00065,00011,2023-02-05 15:15:00+00:00,1.76,ft,Approved,,2025-09-01 20:21:53.716170+00:00
,,d99272fb-7529-48e7-8f95-3b2db11b629d,0c49166273014487baa157c538b5a932,USGS-03274615,00065,00011,2023-02-05 15:00:00+00:00,1.80,ft,Approved,,2025-09-01 20:21:53.716170+00:00
,,44719921-8009-4dbc-9504-b6c17bb6d13c,0c49166273014487baa157c538b5a932,USGS-03274615,00065,00011,2023-02-05 14:45:00+00:00,1.82,ft,Approved,,2025-09-01 20:21:53.716170+00:00
,,f3f0c85f-78f5-4c78-bd19-8bf93b84911e,0c49166273014487baa157c538b5a932,USGS-03274615,00065,00011,2023-02-05 14:30:00+00:00,1.83,ft,Approved,,2025-09-01 20:21:53.716170+00:00
,,a67d6a5b-9791-490b-b25b-fbb445846a5f,0c49166273014487baa157c538b5a932,USGS-03274615,00065,00011,2023-02-05 14:15:00+00:00,1.86,ft,Approved,,2025-09-01 20:21:53.716170+00:00
,,249a540f-bfc6-4497-a995-806f4e3963a9,0c49166273014487baa157c538b5a932,USGS-03274615,00065,00011,2023-02-05 14:00:00+00:00,1.85,ft,Approved,,2025-09-01 20:21:53.716170+00:00
,,78fee7d8-92af-44a9-8ae6-da7ce5c2b0c4,0c49166273014487baa157c538b5a932,USGS-03274615,00065,00011,2023-02-05 13:45:00+00:00,1.88,ft,Approved,,2025-09-01 20:21:53.716170+00:00
,,0f6c7ab9-2753-481c-857b-cdf41cf07d5a,0c49166273014487baa157c538b5a932,USGS-03274615,00065,00011,2023-02-05 13:30:00+00:00,1.88,ft,Approved,,2025-09-01 20:21:53.716170+00:00
,,a9b9f834-b7e6-4641-8deb-f7a7a00abf7b,0c49166273014487baa157c538b5a932,USGS-03274615,00065,00011,2023-02-05 13:15:00+00:00,1.90,ft,Approved,,2025-09-01 20:21:53.716170+00:00
,,9047b326-8559-4a10-956e-64c49a4743d9,0c49166273014487baa157c538b5a932,USGS-03274615,00065,00011,2023-02-05 13:00:00+00:00,1.92,ft,Approved,,2025-09-01 20:21:53.716170+00:00
,,29548dd0-513c-4b3b-a1af-35c3eea98ce8,0c49166273014487baa157c538b5a932,USGS-03274615,00065,00011,2023-02-05 12:45:00+00:00,1.93,ft,Approved,,2025-09-01 20:21:53.716170+00:00
,,2797ddb9-7d60-4aa5-9c34-5f10dd125ed4,0c49166273014487baa157c538b5a932,USGS-03274615,00065,00011,2023-02-05 12:30:00+00:00,1.92,ft,Approved,,2025-09-01 20:21:53.716170+00:00
,,1e23429c-20e7-406a-b471-2ec552b4f0f7,0c49166273014487baa157c538b5a932,USGS-03274615,00065,00011,2023-02-05 12:15:00+00:00,1.93,ft,Approved,,2025-09-01 20:21:53.716170+00:00
,,049e1433-5e8f-4b8f-826b-93e2641e84d8,0c49166273014487baa157c538b5a932,USGS-03274615,00065,00011,2023-02-05 12:00:00+00:00,1.93,ft,Approved,,2025-09-01 20:21:53.716170+00:00
,,40974b31-89b6-41ce-8571-aba7e2384d68,0c49166273014487baa157c538b5a932,USGS-03274615,00065,00011,2023-02-05 11:45:00+00:00,1.95,ft,Approved,,2025-09-01 20:21:53.716170+00:00
,,e16fc554-869d-4d69-91dc-2ce0890d1008,0c49166273014487baa157c538b5a932,USGS-03274615,00065,00011,2023-02-05 11:30:00+00:00,1.95,ft,Approved,,2025-09-01 20:21:53.716170+00:00
,,f9ba3640-ac6f-4a2c-b96e-ec3b8adf520a,0c49166273014487baa157c538b5a932,USGS-03274615,00065,00011,2023-02-05 11:15:00+00:00,1.95,ft,Approved,,2025-09-01 20:21:53.716170+00:00
,,7e26ff55-5a51-4fdb-81a7-73d174556da6,0c49166273014487baa157c538b5a932,USGS-03274615,00065,00011,2023-02-05 11:00:00+00:00,1.96,ft,Approved,,2025-09-01 20:21:53.716170+00:00
,,1f2fa041-f112-4d45-bc53-5c4181f32e3c,0c49166273014487baa157c538b5a932,USGS-03274615,00065,00011,2023-02-05 10:45:00+00:00,1.95,ft,Approved,,2025-09-01 20:21:53.716170+00:00
,,b5255e63-18bd-47d5-8749-f00871c66125,0c49166273014487baa157c538b5a932,USGS-03274615,00065,00011,2023-02-05 10:30:00+00:00,1.97,ft,Approved,,2025-09-01 20:21:53.716170+00:00
,,ca27d641-5c65-466c-87b8-2cd2261cb2ef,0c49166273014487baa157c538b5a932,USGS-03274615,00065,00011,2023-02-05 10:15:00+00:00,1.94,ft,Approved,,2025-09-01 20:21:53.716170+00:00
,,b6d48f3f-d612-425c-a87c-986c38ce5c69,0c49166273014487baa157c538b5a932,USGS-03274615,00065,00011,2023-02-05 10:00:00+00:00,1.98,ft,Approved,,2025-09-01 20:21:53.716170+00:00
,,4bac32b4-204d-4c6c-b7b7-1235d67318da,0c49166273014487baa157c538b5a932,USGS-03274615,00065,00011,2023-02-05 09:45:00+00:00,1.98,ft,Approved,,2025-09-01 20:21:53.716170+00:00
,,5d633065-73fe-43b7-bfa3-b242929737ac,0c49166273014487baa157c538b5a932,USGS-03274615,00065,00011,2023-02-05 09:30:00+00:00,1.98,ft,Approved,,2025-09-01 20:21:53.716170+00:00
,,7e1c6115-48f2-4023-8464-1e1efef5039e,0c49166273014487baa157c538b5a932,USGS-03274615,00065,00011,2023-02-05 09:15:00+00:00,1.99,ft,Approved,,2025-09-01 20:21:53.716170+00:00
,,482909d6-9a99-4994-92e0-e677812560c6,0c49166273014487baa157c538b5a932,USGS-03274615,00065,00011,2023-02-05 09:00:00+00:00,1.97,ft,Approved,,2025-09-01 20:21:53.716170+00:00
,,3703f690-8f21-465f-9ff2-6cc80efe40e1,0c49166273014487baa157c538b5a932,USGS-03274615,00065,00011,2023-02-05 08:45:00+00:00,1.96,ft,Approved,,2025-09-01 20:21:53.716170+00:00
,,71fbf44b-ca95-4a85-bf18-a9dfbc9c0d76,0c49166273014487baa157c538b5a932,USGS-03274615,00065,00011,2023-02-05 08:30:00+00:00,2.00,ft,Approved,,2025-09-01 20:21:53.716170+00:00
,,a4a2d64a-75f9-4398-b939-b644c3428a29,0c49166273014487baa157c538b5a932,USGS-03274615,00065,00011,2023-02-05 08:15:00+00:00,1.99,ft,Approved,,2025-09-01 20:21:53.716170+00:00
,,15f79504-bd79-403a-b194-4787501dbb8c,0c49166273014487baa157c538b5a932,USGS-03274615,00065,00011,2023-02-05 08:00:00+00:00,1.97,ft,Approved,,2025-09-01 20:21:53.716170+00:00
,,5a1f0fe0-4158-4ceb-8fac-f53a202db4a7,0c49166273014487baa157c538b5a932,USGS-03274615,00065,00011,2023-02-05 07:45:00+00:00,2.00,ft,Approved,,2025-09-01 20:21:53.716170+00:00
,,e755a243-8ca2-4119-9351-0500b83b1aed,0c49166273014487baa157c538b5a932,USGS-03274615,00065,00011,2023-02-05 07:30:00+00:00,2.02,ft,Approved,,2025-09-01 20:21:53.716170+00:00
,,a891cb6d-979b-43cb-8e66-080c4d723dbd,0c49166273014487baa157c538b5a932,USGS-03274615,00065,00011,2023-02-05 07:15:00+00:00,2.03,ft,Approved,,2025-09-01 20:21:53.716170+00:00
,,629039e1-d99f-41c2-b99a-b8b27a64bf58,0c49166273014487baa157c538b5a932,USGS-03274615,00065,00011,2023-02-05 07:00:00+00:00,1.96,ft,Approved,,2025-09-01 20:21:53.716170+00:00
,,a0aa360d-ec5f-43a5-9260-456a19a9e366,0c49166273014487baa157c538b5a932,USGS-03274615,00065,00011,2023-02-05 06:45:00+00:00,1.94,ft,Approved,,2025-09-01 20:21:53.716170+00:00
,,4432ff71-b5b5-4414-91c5-3372540f0dc3,0c49166273014487baa157c538b5a932,USGS-03274615,00065,00011,2023-02-05 06:30:00+00:00,1.96,ft,Approved,,2025-09-01 20:21:53.716170+00:00
,,98a0753b-d7bf-4754-8a8f-338eed2e2a3d,0c49166273014487baa157c538b5a932,USGS-03274615,00065,00011,2023-02-05 06:15:00+00:00,1.97,ft,Approved,,2025-09-01 20:21:53.716170+00:00
,,1a76321a-e655-4c9e-af4e-d02e664bbfab,0c49166273014487baa157c538b5a932,USGS-03274615,00065,00011,2023-02-05 06:00:00+00:00,1.92,ft,Approved,,2025-09-01 20:21:53.716170+00:00
,,3038e478-4343-47e7-b96a-b445e6fef1da,0c49166273014487baa157c538b5a932,USGS-03274615,00065,00011,2023-02-05 05:45:00+00:00,1.96,ft,Approved,,2025-09-01 20:21:53.716170+00:00
,,6d5ce434-1cd7-4f5e-ae80-18db1035623e,0c49166273014487baa157c538b5a932,USGS-03274615,00065,00011,2023-02-05 05:30:00+00:00,1.97,ft,Approved,,2025-09-01 20:21:53.716170+00:00
,,2293c3d1-7671-4d9a-87bf-358c9fd34c40,0c49166273014487baa157c538b5a932,USGS-03274615,00065,00011,2023-02-05 05:15:00+00:00,1.99,ft,Approved,,2025-09-01 20:21:53.716170+00:00
,,4732132b-3c3c-43d3-8375-8287e18f2f7d,0c49166273014487baa157c538b5a932,USGS-03274615,00065,00011,2023-02-05 05:00:00+00:00,2.01,ft,Approved,,2025-09-01 20:21:53.716170+00:00
,,7f3d63a7-f2b4-4ed8-a8f6-7dfadef7b2e0,0c49166273014487baa157c538b5a932,USGS-03274615,00065,00011,2023-02-05 04:30:00+00:00,1.99,ft,Approved,,2025-09-01 20:21:53.716170+00:00
,,c5b6707b-8884-435b-81ac-48defe5e3b52,0c49166273014487baa157c538b5a932,USGS-03274615,00065,00011,2023-02-05 04:15:00+00:00,2.01,ft,Approved,,2025-09-01 20:21:53.716170+00:00
,,34cf61f8-8f24-4ba3-ba06-c45ec9e63468,0c49166273014487baa157c538b5a932,USGS-03274615,00065,00011,2023-02-05 04:00:00+00:00,1.97,ft,Approved,,2025-09-01 20:21:53.716170+00:00
,,de02269a-7ea6-4676-a048-450d7a02998d,0c49166273014487baa157c538b5a932,USGS-03274615,00065,00011,2023-02-05 03:45:00+00:00,2.02,ft,Approved,,2025-09-01 20:21:53.716170+00:00
,,d15d58e1-95e1-4656-b501-a597b6083430,0c49166273014487baa157c538b5a932,USGS-03274615,00065,00011,2023-02-05 03:30:00+00:00,2.00,ft,Approved,,2025-09-01 20:21:53.716170+00:00
,,bdccd1e9-ce20-4d9b-8b62-6cf9bbd0697c,0c49166273014487baa157c538b5a932,USGS-03274615,00065,00011,2023-02-05 03:15:00+00:00,1.95,ft,Approved,,2025-09-01 20:21:53.716170+00:00
,,ec44ab98-6421-4852-b31d-617fb019d7f1,0c49166273014487baa157c538b5a932,USGS-03274615,00065,00011,2023-02-05 03:00:00+00:00,1.96,ft,Approved,,2025-09-01 20:21:53.716170+00:00
,,2c2cf067-94c7-4cb2-8ae0-a1f5db9b08ab,0c49166273014487baa157c538b5a932,USGS-03274615,00065,00011,2023-02-05 02:45:00+00:00,1.95,ft,Approved,,2025-09-01 20:21:53.716170+00:00
,,8ad617f6-72bb-4e1d-8ec1-54100a368861,0c49166273014487baa157c538b5a932,USGS-03274615,00065,00011,2023-02-05 02:30:00+00:00,1.93,ft,Approved,,2025-09-01 20:21:53.716170+00:00
,,75c07449-a080-45b5-bd69-4ccf9fade7e1,0c49166273014487baa157c538b5a932,USGS-03274615,00065,00011,2023-02-05 02:15:00+00:00,1.95,ft,Approved,,2025-09-01 20:21:53.716170+00:00
,,3f2dc943-9b2f-4ae9-8a8e-cd8665928f86,0c49166273014487baa157c538b5a932,USGS-03274615,00065,00011,2023-02-05 01:45:00+00:00,1.96,ft,Approved,,2025-09-01 20:21:53.716170+00:00
,,aa100c39-af72-4f3d-a1fb-91f8efbfb1e1,0c49166273014487baa157c538b5a932,USGS-03274615,00065,00011,2023-02-05 01:30:00+00:00,2.00,ft,Approved,,2025-09-01 20:21:53.716170+00:00
,,8ed9beaa-542f-40f5-81cd-390170d2a71e,0c49166273014487baa157c538b5a932,USGS-03274615,00065,00011,2023-02-05 01:15:00+00:00,1.95,ft,Approved,,2025-09-01 20:21:53.716170+00:00
,,283a4925-7e30-4709-a4f7-f8f8cf08bae5,0c49166273014487baa157c538b5a932,USGS-03274615,00065,00011,2023-02-05 01:00:00+00:00,1.99,ft,Approved,,2025-09-01 20:21:53.716170+00:00
,,5f109866-43c4-404f-82fb-32be8291ad9a,0c49166273014487baa157c538b5a932,USGS-03274615,00065,00011,2023-02-05 00:45:00+00:00,1.97,ft,Approved,,2025-09-01 20:21:53.716170+00:00
,,46464e2a-adc0-4007-8788-81a9b411d9e6,0c49166273014487baa157c538b5a932,USGS-03274615,00065,00011,2023-02-05 00:30:00+00:00,1.95,ft,Approved,,2025-09-01 20:21:53.716170+00:00
,,66434c66-beec-4987-9c6d-c1e507150f90,0c49166273014487baa157c538b5a932,USGS-03274615,00065,00011,2023-02-05 00:15:00+00:00,1.95,ft,Approved,,2025-09-01 20:21:53.716170+00:00
,,4af4c2bb-eb0c-413a-a4c7-d11bf295c0cb,0c49166273014487baa157c538b5a932,USGS-03274615,00065,00011,2023-02-05 00:00:00+00:00,2.00,ft,Approved,,2025-09-01 20:21:53.716170+00:00
,,5b9d8f1b-bae4-4a55-a311-ded4644f82cb,0c49166273014487baa157c538b5a932,USGS-03274615,00065,00011,2023-02-04 23:45:00+00:00,2.01,ft,Approved,,2025-09-01 20:21:53.716170+00:00
,,d0151f8e-aeeb-45b2-9ab4-ed6ff7378bc1,0c49166273014487baa157c538b5a932,USGS-03274615,00065,00011,2023-02-04 23:30:00+00:00,2.00,ft,Approved,,2025-09-01 20:21:53.716170+00:00
,,28adc628-acb7-4afa-a3e9-13001c29147e,0c49166273014487baa157c538b5a932,USGS-03274615,00065,00011,2023-02-04 23:15:00+00:00,2.00,ft,Approved,,2025-09-01 20:21:53.716170+00:00
,,e0bdea82-ef0b-45ec-919a-0669eff36273,0c49166273014487baa157c538b5a932,USGS-03274615,00065,00011,2023-02-04 23:00:00+00:00,2.00,ft,Approved,,2025-09-01 20:21:53.716170+00:00
,,169eb274-61ac-4407-ab0f-ebb59d685f82,0c49166273014487baa157c538b5a932,USGS-03274615,00065,00011,2023-02-04 22:45:00+00:00,1.96,ft,Approved,,2025-09-01 20:21:53.716170+00:00
,,4f53d666-fc13-4f8e-8901-18da2910d7aa,0c49166273014487baa157c538b5a932,USGS-03274615,00065,00011,2023-02-04 22:30:00+00:00,2.00,ft,Approved,,2025-09-01 20:21:53.716170+00:00
,,866a4a13-b6ff-4769-b8d6-70032a08dff3,0c49166273014487baa157c538b5a932,USGS-03274615,00065,00011,2023-02-04 22:15:00+00:00,1.94,ft,Approved,,2025-09-01 20:21:53.716170+00:00
,,0e7955b5-7081-4aae-b576-a27ba640b4e5,0c49166273014487baa157c538b5a932,USGS-03274615,00065,00011,2023-02-04 21:45:00+00:00,1.94,ft,Approved,,2025-09-01 20:21:53.716170+00:00
,,a0ed7f8f-71cc-4375-ad3e-63bc745c409f,0c49166273014487baa157c538b5a932,USGS-03274615,00065,00011,2023-02-04 21:30:00+00:00,1.95,ft,Approved,,2025-09-01 20:21:53.716170+00:00
,,25565ac2-c655-425a-9dd4-1ed153f4dad2,0c49166273014487baa157c538b5a932,USGS-03274615,00065,00011,2023-02-04 21:15:00+00:00,1.98,ft,Approved,,2025-09-01 20:21:53.716170+00:00
,,67047b1e-0722-4683-8847-23a03186cae9,0c49166273014487baa157c538b5a932,USGS-03274615,00065,00011,2023-02-04 21:00:00+00:00,1.95,ft,Approved,,2025-09-01 20:21:53.716170+00:00
,,dd2307c9-d2de-4384-8a0d-9fc9530c2563,0c49166273014487baa157c538b5a932,USGS-03274615,00065,00011,2023-02-04 20:45:00+00:00,1.96,ft,Approved,,2025-09-01 20:21:53.716170+00:00
,,4d432bfd-a101-4d7c-b612-b12e13c929db,0c49166273014487baa157c538b5a932,USGS-03274615,00065,00011,2023-02-04 20:30:00+00:00,1.96,ft,Approved,,2025-09-01 20:21:53.716170+00:00
,,ce412bdc-d664-4fff-9572-d592b287449c,0c49166273014487baa157c538b5a932,USGS-03274615,00065,00011,2023-02-04 20:15:00+00:00,1.99,ft,Approved,,2025-09-01 20:21:53.716170+00:00
,,30721ac0-16ff-450e-b1e9-b323438e5f22,0c49166273014487baa157c538b5a932,USGS-03274615,00065,00011,2023-02-04 20:00:00+00:00,1.99,ft,Approved,,2025-09-01 20:21:53.716170+00:00
,,c0094aed-6515-42b7-b20e-0bce7ab4bae7,0c49166273014487baa157c538b5a932,USGS-03274615,00065,00011,2023-02-04 19:45:00+00:00,1.96,ft,Approved,,2025-09-01 20:21:53.716170+00:00
,,7b6220e6-221e-4b91-96cb-4ea681a36c04,0c49166273014487baa157c538b5a932,USGS-03274615,00065,00011,2023-02-04 19:30:00+00:00,1.98,ft,Approved,,2025-09-01 20:21:53.716170+00:00
,,f6e205a2-fd6d-4d07-a1a8-a8e5ba6e7933,0c49166273014487baa157c538b5a932,USGS-03274615,00065,00011,2023-02-04 19:15:00+00:00,1.96,ft,Approved,,2025-09-01 20:21:53.716170+00:00
,,a680d831-c125-4724-aaf9-185c4250b94b,0c49166273014487baa157c538b5a932,USGS-03274615,00065,00011,2023-02-04 19:00:00+00:00,2.01,ft,Approved,,2025-09-01 20:21:53.716170+00:00
,,59f529f6-5e2f-4015-846b-812351cb5f2b,0c49166273014487baa157c538b5a932,USGS-03274615,00065,00011,2023-02-04 18:45:00+00:00,1.98,ft,Approved,,2025-09-01 20:21:53.716170+00:00
,,111f8f57-a1f1-4c89-9161-62d71d502986,0c49166273014487baa157c538b5a932,USGS-03274615,00065,00011,2023-02-04 18:30:00+00:00,2.04,ft,Approved,,2025-09-01 20:21:53.716170+00:00
,,70e551a2-869b-43a1-9c8b-be324b6f8947,0c49166273014487baa157c538b5a932,USGS-03274615,00065,00011,2023-02-04 18:15:00+00:00,1.99,ft,Approved,,2025-09-01 20:21:53.716170+00:00
,,ae33c850-8618-4364-a5c0-422d6107c000,0c49166273014487baa157c538b5a932,USGS-03274615,00065,00011,2023-02-04 18:00:00+00:00,1.97,ft,Approved,,2025-09-01 20:21:53.716170+00:00
,,d99a19e3-21bb-409d-b6aa-7a2b4c7f7139,0c49166273014487baa157c538b5a932,USGS-03274615,00065,00011,2023-02-04 17:45:00+00:00,2.03,ft,Approved,,2025-09-01 20:21:53.716170+00:00
,,52eb6c70-59af-49ae-8ebd-2107b1370bc7,0c49166273014487baa157c538b5a932,USGS-03274615,00065,00011,2023-02-04 17:30:00+00:00,2.02,ft,Approved,,2025-09-01 20:21:53.716170+00:00
,,ff10a609-b6be-4b73-99f7-193d2d5a180c,0c49166273014487baa157c538b5a932,USGS-03274615,00065,00011,2023-02-04 17:15:00+00:00,2.01,ft,Approved,,2025-09-01 20:21:53.716170+00:00
,,80c7d290-0df8-419b-bdd0-a6878ed6de34,0c49166273014487baa157c538b5a932,USGS-03274615,00065,00011,2023-02-04 17:00:00+00:00,2.03,ft,Approved,,2025-09-01 20:21:53.716170+00:00
,,cd73d9bb-f05c-4f51-be70-dd324b2adde0,0c49166273014487baa157c538b5a932,USGS-03274615,00065,00011,2023-02-04 16:45:00+00:00,2.01,ft,Approved,,2025-09-01 20:21:53.716170+00:00
,,40784f22-8682-4dbb-9cce-2c4de8fe4d34,0c49166273014487baa157c538b5a932,USGS-03274615,00065,00011,2023-02-04 16:30:00+00:00,2.02,ft,Approved,,2025-09-01 20:21:53.716170+00:00
,,c2644c31-e161-413b-abd1-bdb62b608d13,0c49166273014487baa157c538b5a932,USGS-03274615,00065,00011,2023-02-04 16:15:00+00:00,2.08,ft,Approved,,2025-09-01 20:21:53.716170+00:00
,,43028717-500d-4e33-99ed-2bafb1998cb7,0c49166273014487baa157c538b5a932,USGS-03274615,00065,00011,2023-02-04 16:00:00+00:00,2.03,ft,Approved,,2025-09-01 20:21:53.716170+00:00
,,39c34fa8-dcc5-4f14-bcae-693d824299c6,0c49166273014487baa157c538b5a932,USGS-03274615,00065,00011,2023-02-04 15:45:00+00:00,2.02,ft,Approved,,2025-09-01 20:21:53.716170+00:00
,,8fda6b97-6dd1-4d3f-a0e9-1aa93d8ab770,0c49166273014487baa157c538b5a932,USGS-03274615,00065,00011,2023-02-04 15:30:00+00:00,2.06,ft,Approved,,2025-09-01 20:21:53.716170+00:00
,,51d32ddc-03a0-4d1f-92ca-3aadc418ecef,0c49166273014487baa157c538b5a932,USGS-03274615,00065,00011,2023-02-04 15:15:00+00:00,2.05,ft,Approved,,2025-09-01 20:21:53.716170+00:00
,,8956e4a7-05aa-4557-bc41-e36cb1cf6a25,0c49166273014487baa157c538b5a932,USGS-03274615,00065,00011,2023-02-04 15:00:00+00:00,2.12,ft,Approved,,2025-09-01 20:21:53.716170+00:00
,,307b7977-22f8-4254-9f3a-5c84af395498,0c49166273014487baa157c538b5a932,USGS-03274615,00065,00011,2023-02-04 14:45:00+00:00,2.16,ft,Approved,,2025-09-01 20:21:53.716170+00:00
,,7fd8eb69-4996-4edd-9bfd-d18971257eb6,0c49166273014487baa157c538b5a932,USGS-03274615,00065,00011,2023-02-04 14:30:00+00:00,2.15,ft,Approved,,2025-09-01 20:21:53.716170+00:00
,,c5c0342e-331c-4421-b094-28edac8b18af,0c49166273014487baa157c538b5a932,USGS-03274615,00065,00011,2023-02-04 14:15:00+00:00,2.12,ft,Approved,,2025-09-01 20:21:53.716170+00:00
,,a7daa334-497a-4b8c-b7b2-d90918afa07c,0c49166273014487baa157c538b5a932,USGS-03274615,00065,00011,2023-02-04 14:00:00+00:00,2.18,ft,Approved,,2025-09-01 20:21:53.716170+00:00
,,5bf68387-b87e-44c1-ad69-a1ac216ac625,0c49166273014487baa157c538b5a932,USGS-03274615,00065,00011,2023-02-04 13:45:00+00:00,2.20,ft,Approved,,2025-09-01 20:21:53.716170+00:00
,,51b781c5-b1ba-4ba2-b763-fa17b572a1c0,0c49166273014487baa157c538b5a932,USGS-03274615,00065,00011,2023-02-04 13:30:00+00:00,2.16,ft,Approved,,2025-09-01 20:21:53.716170+00:00
,,ceb8c04d-1827-40c7-86ea-b42c599986c0,0c49166273014487baa157c538b5a932,USGS-03274615,00065,00011,2023-02-04 13:15:00+00:00,2.18,ft,Approved,,2025-09-01 20:21:53.716170+00:00
,,989b4c04-35fb-46e6-a916-0b9be5a57448,0c49166273014487baa157c538b5a932,USGS-03274615,00065,00011,2023-02-04 13:00:00+00:00,2.22,ft,Approved,,2025-09-01 20:21:53.716170+00:00
,,959a15e0-eb9a-4317-a9ac-53494829fdf2,0c49166273014487baa157c538b5a932,USGS-03274615,00065,00011,2023-02-04 12:45:00+00:00,2.22,ft,Approved,,2025-09-01 20:21:53.716170+00:00
,,df4b2b3b-867b-42f4-9427-1dea6d2402bb,0c49166273014487baa157c538b5a932,USGS-03274615,00065,00011,2023-02-04 12:30:00+00:00,2.23,ft,Approved,,2025-09-01 20:21:53.716170+00:00
,,fa2599b3-5e20-415b-8776-3cd724e6ea0e,0c49166273014487baa157c538b5a932,USGS-03274615,00065,00011,2023-02-04 12:15:00+00:00,2.22,ft,Approved,,2025-09-01 20:21:53.716170+00:00
,,2a6dc557-bc1f-40e2-a217-d7b67b64dbc5,0c49166273014487baa157c538b5a932,USGS-03274615,00065,00011,2023-02-04 12:00:00+00:00,2.23,ft,Approved,,2025-09-01 20:21:53.716170+00:00
,,288e22dd-2227-4ebf-a5fb-d0427755fbe3,0c49166273014487baa157c538b5a932,USGS-03274615,00065,00011,2023-02-04 11:45:00+00:00,2.23,ft,Approved,,2025-09-01 20:21:53.716170+00:00
,,a98a2355-8e24-4464-8c1c-1911cfcdd234,0c49166273014487baa157c538b5a932,USGS-03274615,00065,00011,2023-02-04 11:30:00+00:00,2.23,ft,Approved,,2025-09-01 20:21:53.716170+00:00
,,28f88a62-0dd5-4c9a-b450-afe74a9685e6,0c49166273014487baa157c538b5a932,USGS-03274615,00065,00011,2023-02-04 11:15:00+00:00,2.24,ft,Approved,,2025-09-01 20:21:53.716170+00:00
,,a6e5c898-d7ab-4874-82c3-4b220781ef8b,0c49166273014487baa157c538b5a932,USGS-03274615,00065,00011,2023-02-04 11:00:00+00:00,2.24,ft,Approved,,2025-09-01 20:21:53.716170+00:00
,,339016ed-776a-4929-ad8d-ecc54b9b1972,0c49166273014487baa157c538b5a932,USGS-03274615,00065,00011,2023-02-04 10:45:00+00:00,2.24,ft,Approved,,2025-09-01 20:21:53.716170+00:00
,,fad7de21-0401-4941-8830-44143d78c23c,0c49166273014487baa157c538b5a932,USGS-03274615,00065,00011,2023-02-04 10:30:00+00:00,2.25,ft,Approved,,2025-09-01 20:21:53.716170+00:00
,,e9f05acc-c179-4bf9-967c-7fe66632a5af,0c49166273014487baa157c538b5a932,USGS-03274615,00065,00011,2023-02-04 10:15:00+00:00,2.25,ft,Approved,,2025-09-01 20:21:53.716170+00:00
,,6880a41e-361e-423a-b485-2536d717636f,0c49166273014487baa157c538b5a932,USGS-03274615,00065,00011,2023-02-04 10:00:00+00:00,2.25,ft,Approved,,2025-09-01 20:21:53.716170+00:00
,,cfcb47a6-5ae7-43ea-b0bf-d9ac3a0bc0f1,0c49166273014487baa157c538b5a932,USGS-03274615,00065,00011,2023-02-04 09:45:00+00:00,2.26,ft,Approved,,2025-09-01 20:21:53.716170+00:00
,,592b39d8-99d1-4c8c-93d6-006ae0595343,0c49166273014487baa157c538b5a932,USGS-03274615,00065,00011,2023-02-04 09:30:00+00:00,2.26,ft,Approved,,2025-09-01 20:21:53.716170+00:00
,,42001c09-67dc-44c7-bf96-058b8e370542,0c49166273014487baa157c538b5a932,USGS-03274615,00065,00011,2023-02-04 09:15:00+00:00,2.25,ft,Approved,,2025-09-01 20:21:53.716170+00:00
,,3c655884-77d7-4099-a402-5b0aaef96657,0c49166273014487baa157c538b5a932,USGS-03274615,00065,00011,2023-02-04 09:00:00+00:00,2.25,ft,Approved,,2025-09-01 20:21:53.716170+00:00
,,5f9ffdac-917a-40b6-95fc-b974a686c8cb,0c49166273014487baa157c538b5a932,USGS-03274615,00065,00011,2023-02-04 08:45:00+00:00,2.26,ft,Approved,,2025-09-01 20:21:53.716170+00:00
,,3a3e167a-df84-44dd-a8c7-f1e2fa50f181,0c49166273014487baa157c538b5a932,USGS-03274615,00065,00011,2023-02-04 08:30:00+00:00,2.26,ft,Approved,,2025-09-01 20:21:53.716170+00:00
,,3993fbb2-b238-4537-b3e6-7b2b4fa56bf1,0c49166273014487baa157c538b5a932,USGS-03274615,00065,00011,2023-02-04 08:15:00+00:00,2.27,ft,Approved,,2025-09-01 20:21:53.716170+00:00
,,775d66e1-67a7-4c16-850a-ecccdbf7efbd,0c49166273014487baa157c538b5a932,USGS-03274615,00065,00011,2023-02-04 08:00:00+00:00,2.26,ft,Approved,,2025-09-01 20:21:53.716170+00:00
,,9ac7a71f-b00a-4aa6-873a-165afceaf4e1,0c49166273014487baa157c538b5a932,USGS-03274615,00065,00011,2023-02-04 07:45:00+00:00,2.27,ft,Approved,,2025-09-01 20:21:53.716170+00:00
,,37f67bbf-25ea-4042-ab7d-2d06572c0e30,0c49166273014487baa157c538b5a932,USGS-03274615,00065,00011,2023-02-04 07:30:00+00:00,2.26,ft,Approved,,2025-09-01 20:21:53.716170+00:00
,,2850f62f-f568-4b47-8eb9-6f799e239eea,0c49166273014487baa157c538b5a932,USGS-03274615,00065,00011,2023-02-04 07:15:00+00:00,2.27,ft,Approved,,2025-09-01 20:21:53.716170+00:00
,,8edfe87d-2414-4636-9800-e46501029f87,0c49166273014487baa157c538b5a932,USGS-03274615,00065,00011,2023-02-04 07:00:00+00:00,2.27,ft,Approved,,2025-09-01 20:21:53.716170+00:00
,,97e65d07-177d-4acd-a9de-3cb687bd9027,0c49166273014487baa157c538b5a932,USGS-03274615,00065,00011,2023-02-04 06:45:00+00:00,2.28,ft,Approved,,2025-09-01 20:21:53.716170+00:00
,,109bfeb9-a594-4620-8473-f87e02c8aa81,0c49166273014487baa157c538b5a932,USGS-03274615,00065,00011,2023-02-04 06:30:00+00:00,2.27,ft,Approved,,2025-09-01 20:21:53.716170+00:00
,,55dbe21f-565a-40b9-9a03-a55707711e4c,0c49166273014487baa157c538b5a932,USGS-03274615,00065,00011,2023-02-04 06:15:00+00:00,2.27,ft,Approved,,2025-09-01 20:21:53.716170+00:00
,,32989e86-c611-433e-9c41-f529b8500e93,0c49166273014487baa157c538b5a932,USGS-03274615,00065,00011,2023-02-04 06:00:00+00:00,2.27,ft,Approved,,2025-09-01 20:21:53.716170+00:00
,,c6a538df-018d-40f0-b493-bbb0b4fb735a,0c49166273014487baa157c538b5a932,USGS-03274615,00065,00011,2023-02-04 05:45:00+00:00,2.27,ft,Approved,,2025-09-01 20:21:53.716170+00:00
,,a20925e5-edad-461d-b01d-5ce5a8e80123,0c49166273014487baa157c538b5a932,USGS-03274615,00065,00011,2023-02-04 05:30:00+00:00,2.28,ft,Approved,,2025-09-01 20:21:53.716170+00:00
,,f7dbdd0e-cdc7-4877-8cb2-707c4a1928fb,0c49166273014487baa157c538b5a932,USGS-03274615,00065,00011,2023-02-04 05:15:00+00:00,2.28,ft,Approved,,2025-09-01 20:21:53.716170+00:00
,,c1467793-552d-47c9-afe7-62f775df98c5,0c49166273014487baa157c538b5a932,USGS-03274615,00065,00011,2023-02-04 05:00:00+00:00,2.28,ft,Approved,,2025-09-01 20:21:53.716170+00:00
,,73f6702e-aa05-4c2c-936e-42aa05946ec3,0c49166273014487baa157c538b5a932,USGS-03274615,00065,00011,2023-02-04 04:45:00+00:00,2.28,ft,Approved,,2025-09-01 20:21:53.716170+00:00
,,10923a7b-2df5-4d15-87e9-f8f91b1204f9,0c49166273014487baa157c538b5a932,USGS-03274615,00065,00011,2023-02-04 04:30:00+00:00,2.28,ft,Approved,,2025-09-01 20:21:53.716170+00:00
,,eac5e06e-59b6-4467-a129-e87f0ddefeff,0c49166273014487baa157c538b5a932,USGS-03274615,00065,00011,2023-02-04 04:15:00+00:00,2.27,ft,Approved,,2025-09-01 20:21:53.716170+00:00
,,a6f89a06-3e91-420e-8789-4558301b8202,0c49166273014487baa157c538b5a932,USGS-03274615,00065,00011,2023-02-04 04:00:00+00:00,2.29,ft,Approved,,2025-09-01 20:21:53.716170+00:00
,,910e2b85-c7b9-4e04-bf2f-0780c34b6796,0c49166273014487baa157c538b5a932,USGS-03274615,00065,00011,2023-02-04 03:45:00+00:00,2.29,ft,Approved,,2025-09-01 20:21:53.716170+00:00
,,8c306377-90fe-4a31-928d-d52df158fb5d,0c49166273014487baa157c538b5a932,USGS-03274615,00065,00011,2023-02-04 03:30:00+00:00,2.28,ft,Approved,,2025-09-01 20:21:53.716170+00:00
,,718eec0e-a17f-45d3-9fd3-903de90e35f0,0c49166273014487baa157c538b5a932,USGS-03274615,00065,00011,2023-02-04 03:15:00+00:00,2.29,ft,Approved,,2025-09-01 20:21:53.716170+00:00
,,04299826-6a8b-4250-a3da-4a28bac65896,0c49166273014487baa157c538b5a932,USGS-03274615,00065,00011,2023-02-04 03:00:00+00:00,2.29,ft,Approved,,2025-09-01 20:21:53.716170+00:00
,,d2907811-3ad2-4a89-8843-76820ca06eb5,0c49166273014487baa157c538b5a932,USGS-03274615,00065,00011,2023-02-04 02:45:00+00:00,2.29,ft,Approved,,2025-09-01 20:21:53.716170+00:00
,,93099baf-b947-45f9-93f1-3bbbc3399c47,0c49166273014487baa157c538b5a932,USGS-03274615,00065,00011,2023-02-04 02:30:00+00:00,2.29,ft,Approved,,2025-09-01 20:21:53.716170+00:00
,,378f4da8-97c9-441d-b2b2-4fe7ea57e29f,0c49166273014487baa157c538b5a932,USGS-03274615,00065,00011,2023-02-04 02:15:00+00:00,2.29,ft,Approved,,2025-09-01 20:21:53.716170+00:00
,,6f3214bb-6c26-4e1a-8329-f248d7f09703,0c49166273014487baa157c538b5a932,USGS-03274615,00065,00011,2023-02-04 02:00:00+00:00,2.29,ft,Approved,,2025-09-01 20:21:53.716170+00:00
,,9e5ec927-d292-47bb-88eb-ece1b83595d9,0c49166273014487baa157c538b5a932,USGS-03274615,00065,00011,2023-02-04 01:45:00+00:00,2.30,ft,Approved,,2025-09-01 20:21:53.716170+00:00
,,00868303-9fd1-4ada-8998-e59d6ba972d8,0c49166273014487baa157c538b5a932,USGS-03274615,00065,00011,2023-02-04 01:30:00+00:00,2.30,ft,Approved,,2025-09-01 20:21:53.716170+00:00
,,ba9afb98-45f2-4706-a5ff-1e88f1509032,0c49166273014487baa157c538b5a932,USGS-03274615,00065,00011,2023-02-04 01:15:00+00:00,2.30,ft,Approved,,2025-09-01 20:21:53.716170+00:00
,,27b3a954-97fe-46ca-9cfa-ad179926bb07,0c49166273014487baa157c538b5a932,USGS-03274615,00065,00011,2023-02-04 01:00:00+00:00,2.30,ft,Approved,,2025-09-01 20:21:53.716170+00:00
,,7eaea683-7c61-47a3-ace9-2b50910c4969,0c49166273014487baa157c538b5a932,USGS-03274615,00065,00011,2023-02-04 00:45:00+00:00,2.30,ft,Approved,,2025-09-01 20:21:53.716170+00:00
,,9594016d-a567-4763-973e-93ac33aec513,0c49166273014487baa157c538b5a932,USGS-03274615,00065,00011,2023-02-04 00:30:00+00:00,2.31,ft,Approved,,2025-09-01 20:21:53.716170+00:00
,,02d3d8eb-28ec-407c-b66a-63081b8dc40c,0c49166273014487baa157c538b5a932,USGS-03274615,00065,00011,2023-02-04 00:15:00+00:00,2.31,ft,Approved,,2025-09-01 20:21:53.716170+00:00
,,2268f70c-a2a3-40fa-b434-c67c7296fb8c,0c49166273014487baa157c538b5a932,USGS-03274615,00065,00011,2023-02-04 00:00:00+00:00,2.32,ft,Approved,,2025-09-01 20:21:53.716170+00:00
,,2d74b185-5882-4843-8cd0-47f1aa8185cb,0c49166273014487baa157c538b5a932,USGS-03274615,00065,00011,2023-02-03 23:45:00+00:00,2.31,ft,Approved,,2025-09-01 20:21:53.716170+00:00
,,5d708468-c14a-4e3d-821a-2248e1c9ab6e,0c49166273014487baa157c538b5a932,USGS-03274615,00065,00011,2023-02-03 23:30:00+00:00,2.31,ft,Approved,,2025-09-01 20:21:53.716170+00:00
,,ee43ee83-3cea-4a9d-b349-034c580cf434,0c49166273014487baa157c538b5a932,USGS-03274615,00065,00011,2023-02-03 23:15:00+00:00,2.32,ft,Approved,,2025-09-01 20:21:53.716170+00:00
,,3e18095b-2c76-47d2-9526-f57bdf44f327,0c49166273014487baa157c538b5a932,USGS-03274615,00065,00011,2023-02-03 23:00:00+00:00,2.32,ft,Approved,,2025-09-01 20:21:53.716170+00:00
,,749a7c85-397e-4962-a584-601e466d975a,0c49166273014487baa157c538b5a932,USGS-03274615,00065,00011,2023-02-03 22:45:00+00:00,2.33,ft,Approved,,2025-09-01 20:21:53.716170+00:00
,,520d9f71-2acc-41c0-a8ec-d5b91422c235,0c49166273014487baa157c538b5a932,USGS-03274615,00065,00011,2023-02-03 22:30:00+00:00,2.34,ft,Approved,,2025-09-01 20:21:53.716170+00:00
,,82a3462c-2934-4019-b6b6-fea47b7c4d6a,0c49166273014487baa157c538b5a932,USGS-03274615,00065,00011,2023-02-03 22:15:00+00:00,2.34,ft,Approved,,2025-09-01 20:21:53.716170+00:00
,,a54f328b-7505-4fba-a97e-701511478937,0c49166273014487baa157c538b5a932,USGS-03274615,00065,00011,2023-02-03 22:00:00+00:00,2.31,ft,Approved,,2025-09-01 20:21:53.716170+00:00
,,5a9de2a4-f661-4bee-883d-b8e878b3edb8,0c49166273014487baa157c538b5a932,USGS-03274615,00065,00011,2023-02-03 21:45:00+00:00,2.33,ft,Approved,,2025-09-01 20:21:53.716170+00:00
,,b0ece1fd-c65f-4061-828d-83b07b25d8e8,0c49166273014487baa157c538b5a932,USGS-03274615,00065,00011,2023-02-03 21:30:00+00:00,2.33,ft,Approved,,2025-09-01 20:21:53.716170+00:00
,,9173421a-7ad2-4fe8-b389-20ba674ab831,0c49166273014487baa157c538b5a932,USGS-03274615,00065,00011,2023-02-03 21:00:00+00:00,2.33,ft,Approved,,2025-09-01 20:21:53.716170+00:00
,,30846d9d-7b96-4a08-929c-c5564faca647,0c49166273014487baa157c538b5a932,USGS-03274615,00065,00011,2023-02-03 20:15:00+00:00,2.30,ft,Approved,,2025-09-01 20:21:53.716170+00:00
,,8ddf0be4-0bb1-430a-81ec-5c7c0e7e67a1,0c49166273014487baa157c538b5a932,USGS-03274615,00065,00011,2023-02-03 20:00:00+00:00,2.33,ft,Approved,,2025-09-01 20:21:53.716170+00:00
,,559b5ca3-9e54-4886-8b60-0ad5bbd34ffc,0c49166273014487baa157c538b5a932,USGS-03274615,00065,00011,2023-02-03 19:45:00+00:00,2.33,ft,Approved,,2025-09-01 20:21:53.716170+00:00
,,7900c744-d275-48db-beee-735a3704531f,0c49166273014487baa157c538b5a932,USGS-03274615,00065,00011,2023-02-03 19:30:00+00:00,2.31,ft,Approved,,2025-09-01 20:21:53.716170+00:00
,,4e8bc3d9-36a3-4139-ab9a-fed2217b6b90,0c49166273014487baa157c538b5a932,USGS-03274615,00065,00011,2023-02-03 19:15:00+00:00,2.40,ft,Approved,,2025-09-01 20:21:53.716170+00:00
,,58c66956-46b2-44a2-a68b-921b4aae9cd5,0c49166273014487baa157c538b5a932,USGS-03274615,00065,00011,2023-02-03 19:00:00+00:00,2.40,ft,Approved,,2025-09-01 20:21:53.716170+00:00
,,b069d751-4b52-409f-bfec-4740cdd10b26,0c49166273014487baa157c538b5a932,USGS-03274615,00065,00011,2023-02-03 18:45:00+00:00,2.37,ft,Approved,,2025-09-01 20:21:53.716170+00:00
,,26bfe2a8-f628-47e8-927d-9b6f2968e8e5,0c49166273014487baa157c538b5a932,USGS-03274615,00065,00011,2023-02-03 18:30:00+00:00,2.41,ft,Approved,,2025-09-01 20:21:53.716170+00:00
,,a6b7d40a-ae38-41bd-aca8-0b2ae336f93f,0c49166273014487baa157c538b5a932,USGS-03274615,00065,00011,2023-02-03 18:15:00+00:00,2.37,ft,Approved,,2025-09-01 20:21:53.716170+00:00
,,9ee577f4-2525-4a01-8055-7d9907a4666c,0c49166273014487baa157c538b5a932,USGS-03274615,00065,00011,2023-02-03 18:00:00+00:00,2.41,ft,Approved,,2025-09-01 20:21:53.716170+00:00
,,bf35f12f-d475-4217-8521-3e8b6452ee37,0c49166273014487baa157c538b5a932,USGS-03274615,00065,00011,2023-02-03 17:45:00+00:00,2.37,ft,Approved,,2025-09-01 20:21:53.716170+00:00
,,90e1043d-1d23-43b7-8f85-519bffacee0b,0c49166273014487baa157c538b5a932,USGS-03274615,00065,00011,2023-02-03 17:30:00+00:00,2.37,ft,Approved,,2025-09-01 20:21:53.716170+00:00
,,b292d5cc-8247-4325-a5e4-634f2daff044,0c49166273014487baa157c538b5a932,USGS-03274615,00065,00011,2023-02-03 17:15:00+00:00,2.42,ft,Approved,,2025-09-01 20:21:53.716170+00:00
,,9501a522-5d2c-4232-8fdc-597069966dc0,0c49166273014487baa157c538b5a932,USGS-03274615,00065,00011,2023-02-03 17:00:00+00:00,2.36,ft,Approved,,2025-09-01 20:21:53.716170+00:00
,,6f72ee72-7c67-4cc9-88e3-02566c5ce226,0c49166273014487baa157c538b5a932,USGS-03274615,00065,00011,2023-02-03 16:45:00+00:00,2.42,ft,Approved,,2025-09-01 20:21:53.716170+00:00
,,e32258be-31f0-4d08-bd11-3581790e87ba,0c49166273014487baa157c538b5a932,USGS-03274615,00065,00011,2023-02-03 16:30:00+00:00,2.41,ft,Approved,,2025-09-01 20:21:53.716170+00:00
,,de58a8f3-e3d7-41a1-98d2-c547e6e38fcf,0c49166273014487baa157c538b5a932,USGS-03274615,00065,00011,2023-02-03 16:15:00+00:00,2.40,ft,Approved,,2025-09-01 20:21:53.716170+00:00
,,f933ee30-139c-4544-aa86-3fef313fc25a,0c49166273014487baa157c538b5a932,USGS-03274615,00065,00011,2023-02-03 15:45:00+00:00,2.42,ft,Approved,,2025-09-01 20:21:53.716170+00:00
,,f58dcf87-2065-49ed-9c0f-3268400c6d98,0c49166273014487baa157c538b5a932,USGS-03274615,00065,00011,2023-02-03 15:15:00+00:00,2.40,ft,Approved,,2025-09-01 20:21:53.716170+00:00
,,805bfe7e-1bdf-4cb6-bd65-9d879f7df7bb,0c49166273014487baa157c538b5a932,USGS-03274615,00065,00011,2023-02-03 15:00:00+00:00,2.39,ft,Approved,,2025-09-01 20:21:53.716170+00:00
,,3f864522-25da-43a3-aef2-ceca0b1df908,0c49166273014487baa157c538b5a932,USGS-03274615,00065,00011,2023-02-03 14:45:00+00:00,2.39,ft,Approved,,2025-09-01 20:21:53.716170+00:00
,,ea00656d-4114-47d3-9b93-7524f92e1d59,0c49166273014487baa157c538b5a932,USGS-03274615,00065,00011,2023-02-03 14:30:00+00:00,2.43,ft,Approved,,2025-09-01 20:21:53.716170+00:00
,,8f6257cb-2174-45e1-915c-767e82d2d461,0c49166273014487baa157c538b5a932,USGS-03274615,00065,00011,2023-02-03 14:15:00+00:00,2.41,ft,Approved,,2025-09-01 20:21:53.716170+00:00
,,e6a4c2f1-a7bc-4e8c-8912-37bbf1affedc,0c49166273014487baa157c538b5a932,USGS-03274615,00065,00011,2023-02-03 14:00:00+00:00,2.40,ft,Approved,,2025-09-01 20:21:53.716170+00:00
,,1cbb0cc9-b46f-4a97-ae88-3607592c7a84,0c49166273014487baa157c538b5a932,USGS-03274615,00065,00011,2023-02-03 13:45:00+00:00,2.46,ft,Approved,,2025-09-01 20:21:53.716170+00:00
,,2a2fd4ab-92a7-4d1c-b662-cd9e04de25dc,0c49166273014487baa157c538b5a932,USGS-03274615,00065,00011,2023-02-03 13:30:00+00:00,2.50,ft,Approved,,2025-09-01 20:21:53.716170+00:00
,,2dc76155-6607-445e-8017-ee3320df13b7,0c49166273014487baa157c538b5a932,USGS-03274615,00065,00011,2023-02-03 13:15:00+00:00,2.49,ft,Approved,,2025-09-01 20:21:53.716170+00:00
,,bd158d43-9ea0-4b5d-99af-ff254d34e710,0c49166273014487baa157c538b5a932,USGS-03274615,00065,00011,2023-02-03 13:00:00+00:00,2.49,ft,Approved,,2025-09-01 20:21:53.716170+00:00
,,9e19d258-5880-442e-896f-c921580cc847,0c49166273014487baa157c538b5a932,USGS-03274615,00065,00011,2023-02-03 12:45:00+00:00,2.50,ft,Approved,,2025-09-01 20:21:53.716170+00:00
,,c76ce3df-be8f-4e3f-a2cc-37ea770f8ab9,0c49166273014487baa157c538b5a932,USGS-03274615,00065,00011,2023-02-03 12:30:00+00:00,2.51,ft,Approved,,2025-09-01 20:21:53.716170+00:00
,,4751665d-c371-4586-b278-b4954f7d0405,0c49166273014487baa157c538b5a932,USGS-03274615,00065,00011,2023-02-03 12:15:00+00:00,2.51,ft,Approved,,2025-09-01 20:21:53.716170+00:00
,,3d1a972a-3dbc-4531-bc97-9cf357ea6cb2,0c49166273014487baa157c538b5a932,USGS-03274615,00065,00011,2023-02-03 12:00:00+00:00,2.50,ft,Approved,,2025-09-01 20:21:53.716170+00:00
,,cc0f1c59-efdc-4c14-9d97-ed5ef39118d1,0c49166273014487baa157c538b5a932,USGS-03274615,00065,00011,2023-02-03 11:45:00+00:00,2.51,ft,Approved,,2025-09-01 20:21:53.716170+00:00
,,615134df-b7af-4810-aff9-50e878dabec5,0c49166273014487baa157c538b5a932,USGS-03274615,00065,00011,2023-02-03 11:30:00+00:00,2.51,ft,Approved,,2025-09-01 20:21:53.716170+00:00
,,36d861a5-499e-4d38-982a-028d6b1ea1db,0c49166273014487baa157c538b5a932,USGS-03274615,00065,00011,2023-02-03 11:15:00+00:00,2.53,ft,Approved,,2025-09-01 20:21:53.716170+00:00
,,94ff9a18-ff54-46f3-b673-6bb1ebc15099,0c49166273014487baa157c538b5a932,USGS-03274615,00065,00011,2023-02-03 11:00:00+00:00,2.52,ft,Approved,,2025-09-01 20:21:53.716170+00:00
,,34437830-498c-4ed1-b990-d6b2c0f3aadd,0c49166273014487baa157c538b5a932,USGS-03274615,00065,00011,2023-02-03 10:45:00+00:00,2.52,ft,Approved,,2025-09-01 20:21:53.716170+00:00
,,7eb650f2-b2f2-4ce1-9800-a99de352b45d,0c49166273014487baa157c538b5a932,USGS-03274615,00065,00011,2023-02-03 10:30:00+00:00,2.53,ft,Approved,,2025-09-01 20:21:53.716170+00:00
,,a789489b-c80b-4b28-b9e8-aa86ede57ba1,0c49166273014487baa157c538b5a932,USGS-03274615,00065,00011,2023-02-03 10:15:00+00:00,2.53,ft,Approved,,2025-09-01 20:21:53.716170+00:00
,,e374efc3-06bb-4c9b-bae9-83e7852a7ba7,0c49166273014487baa157c538b5a932,USGS-03274615,00065,00011,2023-02-03 10:00:00+00:00,2.52,ft,Approved,,2025-09-01 20:21:53.716170+00:00
,,89e5c2d7-8eb7-4c46-b630-17f70e83d21f,0c49166273014487baa157c538b5a932,USGS-03274615,00065,00011,2023-02-03 09:45:00+00:00,2.53,ft,Approved,,2025-09-01 20:21:53.716170+00:00
,,baa9fc4e-9b14-49dc-a352-0df570793511,0c49166273014487baa157c538b5a932,USGS-03274615,00065,00011,2023-02-03 09:30:00+00:00,2.52,ft,Approved,,2025-09-01 20:21:53.716170+00:00
,,0b03269b-00ec-4601-a66d-1098972b693f,0c49166273014487baa157c538b5a932,USGS-03274615,00065,00011,2023-02-03 09:15:00+00:00,2.53,ft,Approved,,2025-09-01 20:21:53.716170+00:00
,,b3a043a7-21e6-4adf-8eb8-80474d30c9fd,0c49166273014487baa157c538b5a932,USGS-03274615,00065,00011,2023-02-03 09:00:00+00:00,2.53,ft,Approved,,2025-09-01 20:21:53.716170+00:00
,,8eda8e73-c243-4561-9c25-207405c3fe32,0c49166273014487baa157c538b5a932,USGS-03274615,00065,00011,2023-02-03 08:45:00+00:00,2.53,ft,Approved,,2025-09-01 20:21:53.716170+00:00
,,6168326f-5522-4899-a6fd-7d7018bdad44,0c49166273014487baa157c538b5a932,USGS-03274615,00065,00011,2023-02-03 08:30:00+00:00,2.52,ft,Approved,,2025-09-01 20:21:53.716170+00:00
,,1751cb5c-9dab-4027-ab8a-2bf50c3e144c,0c49166273014487baa157c538b5a932,USGS-03274615,00065,00011,2023-02-03 08:15:00+00:00,2.52,ft,Approved,,2025-09-01 20:21:53.716170+00:00
,,5782a114-9d7a-4181-8030-622e23cd8672,0c49166273014487baa157c538b5a932,USGS-03274615,00065,00011,2023-02-03 08:00:00+00:00,2.51,ft,Approved,,2025-09-01 20:21:53.716170+00:00
,,be505fd2-f8f0-4cbd-b8ac-ccff477bcb29,0c49166273014487baa157c538b5a932,USGS-03274615,00065,00011,2023-02-03 07:45:00+00:00,2.54,ft,Approved,,2025-09-01 20:21:53.716170+00:00
,,8d4a9abd-d941-4bb1-a629-2ed99ee7d2b3,0c49166273014487baa157c538b5a932,USGS-03274615,00065,00011,2023-02-03 07:30:00+00:00,2.56,ft,Approved,,2025-09-01 20:21:53.716170+00:00
,,ec188120-8080-47c0-964a-23c4c1b8cf10,0c49166273014487baa157c538b5a932,USGS-03274615,00065,00011,2023-02-03 07:15:00+00:00,2.55,ft,Approved,,2025-09-01 20:21:53.716170+00:00
,,fed41657-64a6-4395-95e8-21b3bc49eaa2,0c49166273014487baa157c538b5a932,USGS-03274615,00065,00011,2023-02-03 07:00:00+00:00,2.56,ft,Approved,,2025-09-01 20:21:53.716170+00:00
,,b1496db6-a79f-411b-9256-841dcc72225c,0c49166273014487baa157c538b5a932,USGS-03274615,00065,00011,2023-02-03 06:45:00+00:00,2.56,ft,Approved,,2025-09-01 20:21:53.716170+00:00
,,be53759d-a010-4178-b453-57a89e1cb8b8,0c49166273014487baa157c538b5a932,USGS-03274615,00065,00011,2023-02-03 06:30:00+00:00,2.57,ft,Approved,,2025-09-01 20:21:53.716170+00:00
,,ba3306b0-b05f-4888-8bcc-e03f3b35532a,0c49166273014487baa157c538b5a932,USGS-03274615,00065,00011,2023-02-03 06:15:00+00:00,2.56,ft,Approved,,2025-09-01 20:21:53.716170+00:00
,,9b7237b1-3c2d-49dc-b0e1-8ad3c6da0930,0c49166273014487baa157c538b5a932,USGS-03274615,00065,00011,2023-02-03 06:00:00+00:00,2.54,ft,Approved,,2025-09-01 20:21:53.716170+00:00
,,68e2bc03-456b-4ef6-afc0-22d405f440dd,0c49166273014487baa157c538b5a932,USGS-03274615,00065,00011,2023-02-03 05:45:00+00:00,2.57,ft,Approved,,2025-09-01 20:21:53.716170+00:00
,,2c85030f-43cb-46f3-a073-ecd6afb50c72,0c49166273014487baa157c538b5a932,USGS-03274615,00065,00011,2023-02-03 05:15:00+00:00,2.54,ft,Approved,,2025-09-01 20:21:53.716170+00:00
,,9e472040-02ec-48cf-95af-7a60a2a78afb,0c49166273014487baa157c538b5a932,USGS-03274615,00065,00011,2023-02-03 05:00:00+00:00,2.58,ft,Approved,,2025-09-01 20:21:53.716170+00:00
,,237c95d7-dfc8-48e4-b63d-b74a1e868362,0c49166273014487baa157c538b5a932,USGS-03274615,00065,00011,2023-02-03 04:45:00+00:00,2.58,ft,Approved,,2025-09-01 20:21:53.716170+00:00
,,fd822930-c61d-4e30-a42b-e462ce56b82c,0c49166273014487baa157c538b5a932,USGS-03274615,00065,00011,2023-02-03 04:30:00+00:00,2.59,ft,Approved,,2025-09-01 20:21:53.716170+00:00
,,0e359e05-a421-4523-826b-13fcf904ff40,0c49166273014487baa157c538b5a932,USGS-03274615,00065,00011,2023-02-03 04:15:00+00:00,2.59,ft,Approved,,2025-09-01 20:21:53.716170+00:00
,,c0bf5f96-5159-4bdb-a1b4-bc974b16a894,0c49166273014487baa157c538b5a932,USGS-03274615,00065,00011,2023-02-03 04:00:00+00:00,2.59,ft,Approved,,2025-09-01 20:21:53.716170+00:00
,,e9f53ebb-ef7e-4ce8-8ae7-a8dcf59e5c0f,0c49166273014487baa157c538b5a932,USGS-03274615,00065,00011,2023-02-03 03:45:00+00:00,2.60,ft,Approved,,2025-09-01 20:21:53.716170+00:00
,,9e88279f-7dec-4076-ac6a-946fde97e0f2,0c49166273014487baa157c538b5a932,USGS-03274615,00065,00011,2023-02-03 03:30:00+00:00,2.58,ft,Approved,,2025-09-01 20:21:53.716170+00:00
,,e1db9211-2a88-4a8a-aeca-c4730a5db60f,0c49166273014487baa157c538b5a932,USGS-03274615,00065,00011,2023-02-03 03:15:00+00:00,2.61,ft,Approved,,2025-09-01 20:21:53.716170+00:00
,,70c24a57-6988-4285-b4e2-ebc45075dc6f,0c49166273014487baa157c538b5a932,USGS-03274615,00065,00011,2023-02-03 03:00:00+00:00,2.61,ft,Approved,,2025-09-01 20:21:53.716170+00:00
,,a5b02cf4-880c-4937-bae5-1e42a21a3dc2,0c49166273014487baa157c538b5a932,USGS-03274615,00065,00011,2023-02-03 02:45:00+00:00,2.61,ft,Approved,,2025-09-01 20:21:53.716170+00:00
,,f94f1260-8f3b-4343-8bb0-28a7d7ed748e,0c49166273014487baa157c538b5a932,USGS-03274615,00065,00011,2023-02-03 02:30:00+00:00,2.61,ft,Approved,,2025-09-01 20:21:53.716170+00:00
,,d4599514-caf9-4b52-96bf-4c33fd17a09d,0c49166273014487baa157c538b5a932,USGS-03274615,00065,00011,2023-02-03 02:15:00+00:00,2.62,ft,Approved,,2025-09-01 20:21:53.716170+00:00
,,9185a3a9-9233-4b73-a8e0-4f646ba6f759,0c49166273014487baa157c538b5a932,USGS-03274615,00065,00011,2023-02-03 02:00:00+00:00,2.63,ft,Approved,,2025-09-01 20:21:53.716170+00:00
,,d4c31b2a-2718-4f62-8652-12c236873a29,0c49166273014487baa157c538b5a932,USGS-03274615,00065,00011,2023-02-03 01:45:00+00:00,2.63,ft,Approved,,2025-09-01 20:21:53.716170+00:00
,,2d1a5e06-f6a5-4f9a-ab50-ad444d91d79e,0c49166273014487baa157c538b5a932,USGS-03274615,00065,00011,2023-02-03 01:30:00+00:00,2.63,ft,Approved,,2025-09-01 20:21:53.716170+00:00
,,5aa800c3-2f9b-4fd7-bf65-61190529dfb8,0c49166273014487baa157c538b5a932,USGS-03274615,00065,00011,2023-02-03 01:15:00+00:00,2.64,ft,Approved,,2025-09-01 20:21:53.716170+00:00
,,47783a3d-3dc4-48fe-b4e4-9b8d6b9021bc,0c49166273014487baa157c538b5a932,USGS-03274615,00065,00011,2023-02-03 01:00:00+00:00,2.63,ft,Approved,,2025-09-01 20:21:53.716170+00:00
,,1ad866d2-3f48-4ded-8061-f6130d342f43,0c49166273014487baa157c538b5a932,USGS-03274615,00065,00011,2023-02-03 00:45:00+00:00,2.65,ft,Approved,,2025-09-01 20:21:53.716170+00:00
,,7dd5b7d0-2d3f-4b57-b3bb-112c32771484,0c49166273014487baa157c538b5a932,USGS-03274615,00065,00011,2023-02-03 00:30:00+00:00,2.65,ft,Approved,,2025-09-01 20:21:53.716170+00:00
,,d99e7d63-1e27-442d-9453-b25723aac114,0c49166273014487baa157c538b5a932,USGS-03274615,00065,00011,2023-02-03 00:15:00+00:00,2.67,ft,Approved,,2025-09-01 20:21:53.716170+00:00
,,95d60c12-7fdb-42bb-b9d3-679c9fbbdb80,0c49166273014487baa157c538b5a932,USGS-03274615,00065,00011,2023-02-03 00:00:00+00:00,2.67,ft,Approved,,2025-09-01 20:21:53.716170+00:00
,,442bfff5-eafa-4d1e-afb8-98c08a31f23b,0c49166273014487baa157c538b5a932,USGS-03274615,00065,00011,2023-02-02 23:45:00+00:00,2.65,ft,Approved,,2025-09-01 20:21:53.716170+00:00
,,cb4dbd23-f95c-4df2-b053-8ec23e7627dc,0c49166273014487baa157c538b5a932,USGS-03274615,00065,00011,2023-02-02 23:30:00+00:00,2.65,ft,Approved,,2025-09-01 20:21:53.716170+00:00
,,e78668f4-13cd-4c2c-921e-e7ca6926ce24,0c49166273014487baa157c538b5a932,USGS-03274615,00065,00011,2023-02-02 23:15:00+00:00,2.64,ft,Approved,,2025-09-01 20:21:53.716170+00:00
,,f2242b2b-d606-4369-9ae4-467d3b622f75,0c49166273014487baa157c538b5a932,USGS-03274615,00065,00011,2023-02-02 23:00:00+00:00,2.60,ft,Approved,,2025-09-01 20:21:53.716170+00:00
,,07898ffd-0bc2-4d5e-bede-16f8c2c3a1e4,0c49166273014487baa157c538b5a932,USGS-03274615,00065,00011,2023-02-02 22:45:00+00:00,2.66,ft,Approved,,2025-09-01 20:21:53.716170+00:00
,,8480e837-93f6-465f-b01d-c575f03f0638,0c49166273014487baa157c538b5a932,USGS-03274615,00065,00011,2023-02-02 22:30:00+00:00,2.64,ft,Approved,,2025-09-01 20:21:53.716170+00:00
,,a2cff143-5b91-4805-b7f7-bdde3353991c,0c49166273014487baa157c538b5a932,USGS-03274615,00065,00011,2023-02-02 22:15:00+00:00,2.69,ft,Approved,,2025-09-01 20:21:53.716170+00:00
,,b9014958-8bd5-4a9a-bd07-fc614ea2ebc5,0c49166273014487baa157c538b5a932,USGS-03274615,00065,00011,2023-02-02 22:00:00+00:00,2.69,ft,Approved,,2025-09-01 20:21:53.716170+00:00
,,e0e0c35d-d874-48c0-bd63-a99915813230,0c49166273014487baa157c538b5a932,USGS-03274615,00065,00011,2023-02-02 21:45:00+00:00,2.69,ft,Approved,,2025-09-01 20:21:53.716170+00:00
,,0403e605-3f1f-4a8c-a6cc-5db3fc6b7334,0c49166273014487baa157c538b5a932,USGS-03274615,00065,00011,2023-02-02 21:30:00+00:00,2.66,ft,Approved,,2025-09-01 20:21:53.716170+00:00
,,82b6555b-6ab5-4449-a957-e46d828db178,0c49166273014487baa157c538b5a932,USGS-03274615,00065,00011,2023-02-02 21:15:00+00:00,2.67,ft,Approved,,2025-09-01 20:21:53.716170+00:00
,,3f0b981e-705c-4983-84f7-9036f57a2ab0,0c49166273014487baa157c538b5a932,USGS-03274615,00065,00011,2023-02-02 21:00:00+00:00,2.65,ft,Approved,,2025-09-01 20:21:53.716170+00:00
,,fa9d1cc5-cbff-4f0a-9ae8-4e844e34dc11,0c49166273014487baa157c538b5a932,USGS-03274615,00065,00011,2023-02-02 20:45:00+00:00,2.64,ft,Approved,,2025-09-01 20:21:53.716170+00:00
,,c65a213d-524a-4045-81f4-a866bedaf8d6,0c49166273014487baa157c538b5a932,USGS-03274615,00065,00011,2023-02-02 20:30:00+00:00,2.72,ft,Approved,,2025-09-01 20:21:53.716170+00:00
,,21f1a9d3-1871-4704-887f-e64a42060bc6,0c49166273014487baa157c538b5a932,USGS-03274615,00065,00011,2023-02-02 20:15:00+00:00,2.67,ft,Approved,,2025-09-01 20:21:53.716170+00:00
,,9a2b223c-5b78-41e4-870a-aa3fc9536a30,0c49166273014487baa157c538b5a932,USGS-03274615,00065,00011,2023-02-02 20:00:00+00:00,2.74,ft,Approved,,2025-09-01 20:21:53.716170+00:00
,,1ae7b0df-e89f-400b-8a23-948207a4345c,0c49166273014487baa157c538b5a932,USGS-03274615,00065,00011,2023-02-02 19:45:00+00:00,2.67,ft,Approved,,2025-09-01 20:21:53.716170+00:00
,,9ef84f95-23c0-4d29-b92b-9c43fbd6bd97,0c49166273014487baa157c538b5a932,USGS-03274615,00065,00011,2023-02-02 19:30:00+00:00,2.68,ft,Approved,,2025-09-01 20:21:53.716170+00:00
,,f0bcd75a-cb62-48ca-a242-3dfc1144531e,0c49166273014487baa157c538b5a932,USGS-03274615,00065,00011,2023-02-02 19:15:00+00:00,2.74,ft,Approved,,2025-09-01 20:21:53.716170+00:00
,,94bbc8db-7eab-4c3b-8b42-4b20e1b40c6a,0c49166273014487baa157c538b5a932,USGS-03274615,00065,00011,2023-02-02 19:00:00+00:00,2.75,ft,Approved,,2025-09-01 20:21:53.716170+00:00
,,4df32df4-d750-4aa5-b650-746212fe6e0f,0c49166273014487baa157c538b5a932,USGS-03274615,00065,00011,2023-02-02 18:45:00+00:00,2.76,ft,Approved,,2025-09-01 20:21:53.716170+00:00
,,490e5cd8-a792-4216-8dd1-a7b17282a89b,0c49166273014487baa157c538b5a932,USGS-03274615,00065,00011,2023-02-02 18:30:00+00:00,2.77,ft,Approved,,2025-09-01 20:21:53.716170+00:00
,,884a23bd-5fd2-4ebf-8112-e96afd0b67e6,0c49166273014487baa157c538b5a932,USGS-03274615,00065,00011,2023-02-02 18:15:00+00:00,2.76,ft,Approved,,2025-09-01 20:21:53.716170+00:00
,,0741ddaf-c9b3-4a45-9018-4b0a04d75b2d,0c49166273014487baa157c538b5a932,USGS-03274615,00065,00011,2023-02-02 18:00:00+00:00,2.73,ft,Approved,,2025-09-01 20:21:53.716170+00:00
,,7fe1b784-feb5-481f-ace5-eb51ddc96168,0c49166273014487baa157c538b5a932,USGS-03274615,00065,00011,2023-02-02 17:45:00+00:00,2.72,ft,Approved,,2025-09-01 20:21:53.716170+00:00
,,35d96ca9-c118-4a82-8e36-7cbe7e373d54,0c49166273014487baa157c538b5a932,USGS-03274615,00065,00011,2023-02-02 17:30:00+00:00,2.78,ft,Approved,,2025-09-01 20:21:53.716170+00:00
,,37a1fde5-fb66-48f7-9410-6a95adc53729,0c49166273014487baa157c538b5a932,USGS-03274615,00065,00011,2023-02-02 17:15:00+00:00,2.79,ft,Approved,,2025-09-01 20:21:53.716170+00:00
,,4f624114-9350-4290-ae59-934109ab6168,0c49166273014487baa157c538b5a932,USGS-03274615,00065,00011,2023-02-02 17:00:00+00:00,2.74,ft,Approved,,2025-09-01 20:21:53.716170+00:00
,,e29e4ffb-80af-4dc0-b78c-faa65bd4001e,0c49166273014487baa157c538b5a932,USGS-03274615,00065,00011,2023-02-02 16:45:00+00:00,2.80,ft,Approved,,2025-09-01 20:21:53.716170+00:00
,,0b50b460-19c1-443d-993d-85bc9bd39430,0c49166273014487baa157c538b5a932,USGS-03274615,00065,00011,2023-02-02 16:30:00+00:00,2.83,ft,Approved,,2025-09-01 20:21:53.716170+00:00
,,24d9fc18-cc4f-48f6-8f20-3be400f7fad5,0c49166273014487baa157c538b5a932,USGS-03274615,00065,00011,2023-02-02 16:15:00+00:00,2.84,ft,Approved,,2025-09-01 20:21:53.716170+00:00
,,00b14bce-20b5-4fbb-89e6-486c90416ef2,0c49166273014487baa157c538b5a932,USGS-03274615,00065,00011,2023-02-02 16:00:00+00:00,2.78,ft,Approved,,2025-09-01 20:21:53.716170+00:00
,,f6f1879c-b762-43a5-a54e-ff929ef32573,0c49166273014487baa157c538b5a932,USGS-03274615,00065,00011,2023-02-02 15:45:00+00:00,2.81,ft,Approved,,2025-09-01 20:21:53.716170+00:00
,,738550a4-aa4c-4729-9af1-707c9bcf3f8f,0c49166273014487baa157c538b5a932,USGS-03274615,00065,00011,2023-02-02 15:30:00+00:00,2.81,ft,Approved,,2025-09-01 20:21:53.716170+00:00
,,2c3adbfc-12f5-430b-9d65-05f5723f8294,0c49166273014487baa157c538b5a932,USGS-03274615,00065,00011,2023-02-02 15:15:00+00:00,2.87,ft,Approved,,2025-09-01 20:21:53.716170+00:00
,,66f043af-34f6-4324-8764-67886c986cbb,0c49166273014487baa157c538b5a932,USGS-03274615,00065,00011,2023-02-02 15:00:00+00:00,2.89,ft,Approved,,2025-09-01 20:21:53.716170+00:00
,,b1c7d969-e998-4282-81d3-8059283f79f7,0c49166273014487baa157c538b5a932,USGS-03274615,00065,00011,2023-02-02 14:45:00+00:00,2.88,ft,Approved,,2025-09-01 20:21:53.716170+00:00
,,9321e6cd-c4eb-41a7-a93f-00b81b0d488d,0c49166273014487baa157c538b5a932,USGS-03274615,00065,00011,2023-02-02 14:30:00+00:00,2.90,ft,Approved,,2025-09-01 20:21:53.716170+00:00
,,35dcf2df-3141-4aa6-9b8d-f68b751fde2d,0c49166273014487baa157c538b5a932,USGS-03274615,00065,00011,2023-02-02 14:15:00+00:00,2.90,ft,Approved,,2025-09-01 20:21:53.716170+00:00
,,37117cfb-c2c6-43b3-9be7-675d34550d05,0c49166273014487baa157c538b5a932,USGS-03274615,00065,00011,2023-02-02 14:00:00+00:00,2.91,ft,Approved,,2025-09-01 20:21:53.716170+00:00
,,669e954e-3226-4c2c-8e9c-b233ec164c3d,0c49166273014487baa157c538b5a932,USGS-03274615,00065,00011,2023-02-02 13:45:00+00:00,2.91,ft,Approved,,2025-09-01 20:21:53.716170+00:00
,,17080de7-c4ae-4688-aa3a-0f1d4dccffb8,0c49166273014487baa157c538b5a932,USGS-03274615,00065,00011,2023-02-02 13:30:00+00:00,2.91,ft,Approved,,2025-09-01 20:21:53.716170+00:00
,,b2347ded-bd68-4b9b-a092-2fb0af5bc630,0c49166273014487baa157c538b5a932,USGS-03274615,00065,00011,2023-02-02 13:15:00+00:00,2.92,ft,Approved,,2025-09-01 20:21:53.716170+00:00
,,3cf2f6dd-edbb-4956-8a94-26e7fc1771bb,0c49166273014487baa157c538b5a932,USGS-03274615,00065,00011,2023-02-02 13:00:00+00:00,2.92,ft,Approved,,2025-09-01 20:21:53.716170+00:00
,,37b7b3ca-db5a-45bb-95c6-b5e60fedf2c9,0c49166273014487baa157c538b5a932,USGS-03274615,00065,00011,2023-02-02 12:45:00+00:00,2.93,ft,Approved,,2025-09-01 20:21:53.716170+00:00
,,dc78917c-9ff5-47e2-bcfb-29317909da68,0c49166273014487baa157c538b5a932,USGS-03274615,00065,00011,2023-02-02 12:30:00+00:00,2.93,ft,Approved,,2025-09-01 20:21:53.716170+00:00
,,bf513917-16f1-4121-8009-eeecd5a2db83,0c49166273014487baa157c538b5a932,USGS-03274615,00065,00011,2023-02-02 12:15:00+00:00,2.94,ft,Approved,,2025-09-01 20:21:53.716170+00:00
,,53172f49-cf7b-46da-ae09-242d8af12209,0c49166273014487baa157c538b5a932,USGS-03274615,00065,00011,2023-02-02 12:00:00+00:00,2.94,ft,Approved,,2025-09-01 20:21:53.716170+00:00
,,9a43d811-0f2b-4bdb-b2b9-c28588d55caf,0c49166273014487baa157c538b5a932,USGS-03274615,00065,00011,2023-02-02 11:45:00+00:00,2.95,ft,Approved,,2025-09-01 20:21:53.716170+00:00
,,5dea3e50-d690-4628-8c82-2bd98e123943,0c49166273014487baa157c538b5a932,USGS-03274615,00065,00011,2023-02-02 11:30:00+00:00,2.95,ft,Approved,,2025-09-01 20:21:53.716170+00:00
,,aa5177bc-7465-41a2-80eb-103a915959b4,0c49166273014487baa157c538b5a932,USGS-03274615,00065,00011,2023-02-02 11:15:00+00:00,2.96,ft,Approved,,2025-09-01 20:21:53.716170+00:00
,,eb3e611b-7722-47de-8318-5a903d387912,0c49166273014487baa157c538b5a932,USGS-03274615,00065,00011,2023-02-02 11:00:00+00:00,2.97,ft,Approved,,2025-09-01 20:21:53.716170+00:00
,,51c49e04-ed0b-464a-805e-1ad27839ded7,0c49166273014487baa157c538b5a932,USGS-03274615,00065,00011,2023-02-02 10:45:00+00:00,2.97,ft,Approved,,2025-09-01 20:21:53.716170+00:00
,,58252848-b4a5-42ea-adeb-84d730d75a92,0c49166273014487baa157c538b5a932,USGS-03274615,00065,00011,2023-02-02 10:30:00+00:00,2.97,ft,Approved,,2025-09-01 20:21:53.716170+00:00
,,4edeaf86-f9d0-4540-abcd-21ce5b491907,0c49166273014487baa157c538b5a932,USGS-03274615,00065,00011,2023-02-02 10:15:00+00:00,2.97,ft,Approved,,2025-09-01 20:21:53.716170+00:00
,,2ee628c9-42e4-480c-8045-79abf2a92662,0c49166273014487baa157c538b5a932,USGS-03274615,00065,00011,2023-02-02 10:00:00+00:00,2.98,ft,Approved,,2025-09-01 20:21:53.716170+00:00
,,f23cfe5b-65e2-4c72-87cd-6c05a3f94bd1,0c49166273014487baa157c538b5a932,USGS-03274615,00065,00011,2023-02-02 09:45:00+00:00,2.99,ft,Approved,,2025-09-01 20:21:53.716170+00:00
,,8f0ded7f-8c1a-480b-b5c0-e1a032fa6eb9,0c49166273014487baa157c538b5a932,USGS-03274615,00065,00011,2023-02-02 09:30:00+00:00,3.00,ft,Approved,,2025-09-01 20:21:53.716170+00:00
,,83a10df5-08ae-4cb8-b927-0c4af2134c72,0c49166273014487baa157c538b5a932,USGS-03274615,00065,00011,2023-02-02 09:15:00+00:00,2.98,ft,Approved,,2025-09-01 20:21:53.716170+00:00
,,ba46372e-da0f-407c-b5ef-4cbecab5dccd,0c49166273014487baa157c538b5a932,USGS-03274615,00065,00011,2023-02-02 09:00:00+00:00,3.01,ft,Approved,,2025-09-01 20:21:53.716170+00:00
,,2e6e6c5a-14dd-4bac-9172-fd2d43cc3651,0c49166273014487baa157c538b5a932,USGS-03274615,00065,00011,2023-02-02 08:45:00+00:00,3.00,ft,Approved,,2025-09-01 20:21:53.716170+00:00
,,7626cfae-5fb8-4afd-a516-8355e74218db,0c49166273014487baa157c538b5a932,USGS-03274615,00065,00011,2023-02-02 08:30:00+00:00,3.01,ft,Approved,,2025-09-01 20:21:53.716170+00:00
,,07695378-c927-421e-a0c0-59351e13a0af,0c49166273014487baa157c538b5a932,USGS-03274615,00065,00011,2023-02-02 08:15:00+00:00,3.01,ft,Approved,,2025-09-01 20:21:53.716170+00:00
,,374a5e41-c452-4ffc-8700-ae3c859282cc,0c49166273014487baa157c538b5a932,USGS-03274615,00065,00011,2023-02-02 08:00:00+00:00,3.03,ft,Approved,,2025-09-01 20:21:53.716170+00:00
,,fbca3ddb-80d3-4af8-9d06-aecbe488be60,0c49166273014487baa157c538b5a932,USGS-03274615,00065,00011,2023-02-02 07:45:00+00:00,3.02,ft,Approved,,2025-09-01 20:21:53.716170+00:00
,,fccb0180-ae33-4aa8-9d0c-4f1fd6b6516e,0c49166273014487baa157c538b5a932,USGS-03274615,00065,00011,2023-02-02 07:30:00+00:00,3.03,ft,Approved,,2025-09-01 20:21:53.716170+00:00
,,6d60284b-8141-4b28-b6ee-1435788f8434,0c49166273014487baa157c538b5a932,USGS-03274615,00065,00011,2023-02-02 07:15:00+00:00,3.04,ft,Approved,,2025-09-01 20:21:53.716170+00:00
,,a1b53a2d-0ece-4f60-8c32-5bdce5eefe3c,0c49166273014487baa157c538b5a932,USGS-03274615,00065,00011,2023-02-02 07:00:00+00:00,3.04,ft,Approved,,2025-09-01 20:21:53.716170+00:00
,,b976915f-880f-4c1b-ad28-c3180346d447,0c49166273014487baa157c538b5a932,USGS-03274615,00065,00011,2023-02-02 06:45:00+00:00,3.05,ft,Approved,,2025-09-01 20:21:53.716170+00:00
,,25254636-57c4-4730-9f2a-f9c76ab404cf,0c49166273014487baa157c538b5a932,USGS-03274615,00065,00011,2023-02-02 06:30:00+00:00,3.05,ft,Approved,,2025-09-01 20:21:53.716170+00:00
,,1b1f3121-0c7d-4311-93d5-c85814c8c46c,0c49166273014487baa157c538b5a932,USGS-03274615,00065,00011,2023-02-02 06:15:00+00:00,3.05,ft,Approved,,2025-09-01 20:21:53.716170+00:00
,,fbaba76a-0674-4ff7-a063-36d778475586,0c49166273014487baa157c538b5a932,USGS-03274615,00065,00011,2023-02-02 06:00:00+00:00,3.07,ft,Approved,,2025-09-01 20:21:53.716170+00:00
,,7ddf3444-7a86-4a23-85ba-2c1cfb0de306,0c49166273014487baa157c538b5a932,USGS-03274615,00065,00011,2023-02-02 05:45:00+00:00,3.05,ft,Approved,,2025-09-01 20:21:53.716170+00:00
,,1a12cfad-30d0-455a-919f-96bba980bc55,0c49166273014487baa157c538b5a932,USGS-03274615,00065,00011,2023-02-02 05:30:00+00:00,3.06,ft,Approved,,2025-09-01 20:21:53.716170+00:00
,,3be8eb24-fc1f-4ee3-b4c7-4338627d5b2a,0c49166273014487baa157c538b5a932,USGS-03274615,00065,00011,2023-02-02 05:15:00+00:00,3.07,ft,Approved,,2025-09-01 20:21:53.716170+00:00
,,c52a3161-844f-4627-8d4c-081a8a4e7d48,0c49166273014487baa157c538b5a932,USGS-03274615,00065,00011,2023-02-02 05:00:00+00:00,3.09,ft,Approved,,2025-09-01 20:21:53.716170+00:00
,,7671cef3-8b5a-4a4c-99cb-e9579017b949,0c49166273014487baa157c538b5a932,USGS-03274615,00065,00011,2023-02-02 04:45:00+00:00,3.08,ft,Approved,,2025-09-01 20:21:53.716170+00:00
,,be823ad4-8675-4572-8193-ed2f72615734,0c49166273014487baa157c538b5a932,USGS-03274615,00065,00011,2023-02-02 04:30:00+00:00,3.09,ft,Approved,,2025-09-01 20:21:53.716170+00:00
,,bc318880-4504-48aa-af1e-952eb7d558eb,0c49166273014487baa157c538b5a932,USGS-03274615,00065,00011,2023-02-02 04:15:00+00:00,3.10,ft,Approved,,2025-09-01 20:21:53.716170+00:00
,,d80364cf-f196-4b0c-870e-8c99bb9d44a6,0c49166273014487baa157c538b5a932,USGS-03274615,00065,00011,2023-02-02 04:00:00+00:00,3.11,ft,Approved,,2025-09-01 20:21:53.716170+00:00
,,03efdb25-a1a3-4340-a981-309e14b9b8b1,0c49166273014487baa157c538b5a932,USGS-03274615,00065,00011,2023-02-02 03:45:00+00:00,3.09,ft,Approved,,2025-09-01 20:21:53.716170+00:00
,,2f2ebbba-ac50-4f82-a389-3a7b26faf43d,0c49166273014487baa157c538b5a932,USGS-03274615,00065,00011,2023-02-02 03:30:00+00:00,3.11,ft,Approved,,2025-09-01 20:21:53.716170+00:00
,,97a4dfd6-9863-41bf-a2ab-392d15bf9155,0c49166273014487baa157c538b5a932,USGS-03274615,00065,00011,2023-02-02 03:15:00+00:00,3.12,ft,Approved,,2025-09-01 20:21:53.716170+00:00
,,52cb9dbb-e123-474c-b43d-e739f9539e09,0c49166273014487baa157c538b5a932,USGS-03274615,00065,00011,2023-02-02 03:00:00+00:00,3.12,ft,Approved,,2025-09-01 20:21:53.716170+00:00
,,ba8e31ee-ea34-47f4-a9c9-ecc7ca2370df,0c49166273014487baa157c538b5a932,USGS-03274615,00065,00011,2023-02-02 02:45:00+00:00,3.11,ft,Approved,,2025-09-01 20:21:53.716170+00:00
,,e2a5f507-3286-4de7-b0ad-ac86aaec69e4,0c49166273014487baa157c538b5a932,USGS-03274615,00065,00011,2023-02-02 02:30:00+00:00,3.12,ft,Approved,,2025-09-01 20:21:53.716170+00:00
,,a83c00d2-24fa-4f30-8257-5285d7a54d34,0c49166273014487baa157c538b5a932,USGS-03274615,00065,00011,2023-02-02 02:15:00+00:00,3.13,ft,Approved,,2025-09-01 20:21:53.716170+00:00
,,f3836f41-cca0-4015-ba14-67df9e92779c,0c49166273014487baa157c538b5a932,USGS-03274615,00065,00011,2023-02-02 02:00:00+00:00,3.15,ft,Approved,,2025-09-01 20:21:53.716170+00:00
,,ab6335b5-719b-4f97-acc6-4cb4a5ce039a,0c49166273014487baa157c538b5a932,USGS-03274615,00065,00011,2023-02-02 01:45:00+00:00,3.15,ft,Approved,,2025-09-01 20:21:53.716170+00:00
,,2bc59c2e-c85b-4d72-8aac-bd943c622d33,0c49166273014487baa157c538b5a932,USGS-03274615,00065,00011,2023-02-02 01:30:00+00:00,3.14,ft,Approved,,2025-09-01 20:21:53.716170+00:00
,,4739f66b-ed74-4712-81eb-b504421dc63d,0c49166273014487baa157c538b5a932,USGS-03274615,00065,00011,2023-02-02 01:15:00+00:00,3.16,ft,Approved,,2025-09-01 20:21:53.716170+00:00
,,f8bc224a-24c5-4ca0-a84f-ce3e8d530cf3,0c49166273014487baa157c538b5a932,USGS-03274615,00065,00011,2023-02-02 01:00:00+00:00,3.16,ft,Approved,,2025-09-01 20:21:53.716170+00:00
,,2efb3a92-f96c-41a0-abed-8cdfaba15664,0c49166273014487baa157c538b5a932,USGS-03274615,00065,00011,2023-02-02 00:45:00+00:00,3.16,ft,Approved,,2025-09-01 20:21:53.716170+00:00
,,325c92a3-58de-4270-878c-8e1f3880e85c,0c49166273014487baa157c538b5a932,USGS-03274615,00065,00011,2023-02-02 00:30:00+00:00,3.17,ft,Approved,,2025-09-01 20:21:53.716170+00:00
,,5585dbf7-27fd-4583-b670-0a5487390c56,0c49166273014487baa157c538b5a932,USGS-03274615,00065,00011,2023-02-02 00:15:00+00:00,3.17,ft,Approved,,2025-09-01 20:21:53.716170+00:00
,,fb6cf54c-2942-4642-b455-12047c8fc36f,0c49166273014487baa157c538b5a932,USGS-03274615,00065,00011,2023-02-02 00:00:00+00:00,3.19,ft,Approved,,2025-09-01 20:21:53.716170+00:00
,,d115e529-c134-4d09-bf58-dd2d15dc8569,0c49166273014487baa157c538b5a932,USGS-03274615,00065,00011,2023-02-01 23:45:00+00:00,3.20,ft,Approved,,2025-09-01 20:21:53.716170+00:00
,,89ecaf13-11cd-4124-b4b1-a3d1eb2ec85c,0c49166273014487baa157c538b5a932,USGS-03274615,00065,00011,2023-02-01 23:30:00+00:00,3.20,ft,Approved,,2025-09-01 20:21:53.716170+00:00
,,c18eb997-4af7-4799-830e-06048610514d,0c49166273014487baa157c538b5a932,USGS-03274615,00065,00011,2023-02-01 23:15:00+00:00,3.19,ft,Approved,,2025-09-01 20:21:53.716170+00:00
,,fc116479-73d5-46a7-806a-d3028f5ab616,0c49166273014487baa157c538b5a932,USGS-03274615,00065,00011,2023-02-01 23:00:00+00:00,3.23,ft,Approved,,2025-09-01 20:21:53.716170+00:00
,,8046520b-cf1a-4efb-85f1-8f501293f22f,0c49166273014487baa157c538b5a932,USGS-03274615,00065,00011,2023-02-01 22:45:00+00:00,3.21,ft,Approved,,2025-09-01 20:21:53.716170+00:00
,,77b38489-7c0f-418c-b5ee-66ae3304aab1,0c49166273014487baa157c538b5a932,USGS-03274615,00065,00011,2023-02-01 22:30:00+00:00,3.22,ft,Approved,,2025-09-01 20:21:53.716170+00:00
,,40c72da3-fc64-4f60-8c5d-2201b2decacb,0c49166273014487baa157c538b5a932,USGS-03274615,00065,00011,2023-02-01 22:15:00+00:00,3.23,ft,Approved,,2025-09-01 20:21:53.716170+00:00
,,bc0b734c-5b55-4deb-a4e1-05b0beff596c,0c49166273014487baa157c538b5a932,USGS-03274615,00065,00011,2023-02-01 22:00:00+00:00,3.23,ft,Approved,,2025-09-01 20:21:53.716170+00:00
,,c8066dd1-d070-443b-8c51-bbf8578d9b6b,0c49166273014487baa157c538b5a932,USGS-03274615,00065,00011,2023-02-01 21:45:00+00:00,3.22,ft,Approved,,2025-09-01 20:21:53.716170+00:00
,,a1a42f92-b131-4500-b689-c3af86377543,0c49166273014487baa157c538b5a932,USGS-03274615,00065,00011,2023-02-01 21:30:00+00:00,3.22,ft,Approved,,2025-09-01 20:21:53.716170+00:00
,,4ed834c1-69ee-4bc0-ac7d-a9700767eb5b,0c49166273014487baa157c538b5a932,USGS-03274615,00065,00011,2023-02-01 21:15:00+00:00,3.22,ft,Approved,,2025-09-01 20:21:53.716170+00:00
,,4d937601-7e17-45d4-8732-20f799189a38,0c49166273014487baa157c538b5a932,USGS-03274615,00065,00011,2023-02-01 21:00:00+00:00,3.25,ft,Approved,,2025-09-01 20:21:53.716170+00:00
,,80635ee4-bdcb-4a4d-a95d-0df358ffef84,0c49166273014487baa157c538b5a932,USGS-03274615,00065,00011,2023-02-01 20:45:00+00:00,3.25,ft,Approved,,2025-09-01 20:21:53.716170+00:00
,,56e8ae2a-e051-4a0b-8ef8-85f0ec7e80c7,0c49166273014487baa157c538b5a932,USGS-03274615,00065,00011,2023-02-01 20:30:00+00:00,3.26,ft,Approved,,2025-09-01 20:21:53.716170+00:00
,,8ed3aa47-bd03-4184-ab63-8cff2af7b265,0c49166273014487baa157c538b5a932,USGS-03274615,00065,00011,2023-02-01 20:15:00+00:00,3.23,ft,Approved,,2025-09-01 20:21:53.716170+00:00
,,044e55db-b8e7-4f5e-9e8b-3bbed5f056b5,0c49166273014487baa157c538b5a932,USGS-03274615,00065,00011,2023-02-01 20:00:00+00:00,3.28,ft,Approved,,2025-09-01 20:21:53.716170+00:00
,,b04fec99-a5ad-43eb-b2b2-ca7928583b19,0c49166273014487baa157c538b5a932,USGS-03274615,00065,00011,2023-02-01 19:45:00+00:00,3.29,ft,Approved,,2025-09-01 20:21:53.716170+00:00
,,1a7cc4a8-a477-4737-9f20-0db78f68240c,0c49166273014487baa157c538b5a932,USGS-03274615,00065,00011,2023-02-01 19:30:00+00:00,3.29,ft,Approved,,2025-09-01 20:21:53.716170+00:00
,,9cc7d90c-906d-472a-9738-183c2c21f062,0c49166273014487baa157c538b5a932,USGS-03274615,00065,00011,2023-02-01 19:15:00+00:00,3.29,ft,Approved,,2025-09-01 20:21:53.716170+00:00
,,b967ae99-db8e-4953-8317-e9ca06f9862b,0c49166273014487baa157c538b5a932,USGS-03274615,00065,00011,2023-02-01 19:00:00+00:00,3.31,ft,Approved,,2025-09-01 20:21:53.716170+00:00
,,b4145518-b2c0-4775-8073-8f4001c85876,0c49166273014487baa157c538b5a932,USGS-03274615,00065,00011,2023-02-01 18:45:00+00:00,3.31,ft,Approved,,2025-09-01 20:21:53.716170+00:00
,,40be0649-94e6-43ca-8cb0-74090e0a6f18,0c49166273014487baa157c538b5a932,USGS-03274615,00065,00011,2023-02-01 18:30:00+00:00,3.33,ft,Approved,,2025-09-01 20:21:53.716170+00:00
,,d932176e-0112-442f-915f-549558194ad5,0c49166273014487baa157c538b5a932,USGS-03274615,00065,00011,2023-02-01 18:15:00+00:00,3.32,ft,Approved,,2025-09-01 20:21:53.716170+00:00
,,6fa853f1-1f73-4bdc-9c3c-8ed4d93677aa,0c49166273014487baa157c538b5a932,USGS-03274615,00065,00011,2023-02-01 18:00:00+00:00,3.34,ft,Approved,,2025-09-01 20:21:53.716170+00:00
,,5286f7a8-b586-4061-bd7b-d132f15d0c9c,0c49166273014487baa157c538b5a932,USGS-03274615,00065,00011,2023-02-01 17:45:00+00:00,3.34,ft,Approved,,2025-09-01 20:21:53.716170+00:00
,,21d5a525-23c9-4c49-a6a0-bbe9866ddc13,0c49166273014487baa157c538b5a932,USGS-03274615,00065,00011,2023-02-01 17:30:00+00:00,3.35,ft,Approved,,2025-09-01 20:21:53.716170+00:00
,,1357ddbb-3d7a-481a-a7e7-bc879f9504bb,0c49166273014487baa157c538b5a932,USGS-03274615,00065,00011,2023-02-01 17:15:00+00:00,3.32,ft,Approved,,2025-09-01 20:21:53.716170+00:00
,,4351a309-819a-455a-a8ab-a973cc7bf745,0c49166273014487baa157c538b5a932,USGS-03274615,00065,00011,2023-02-01 17:00:00+00:00,3.36,ft,Approved,,2025-09-01 20:21:53.716170+00:00
,,1547f175-a2fc-4f0a-bdb1-44e49f379282,0c49166273014487baa157c538b5a932,USGS-03274615,00065,00011,2023-02-01 16:45:00+00:00,3.37,ft,Approved,,2025-09-01 20:21:53.716170+00:00
,,649ac0e2-8be6-497c-8c14-e5b4e6743299,0c49166273014487baa157c538b5a932,USGS-03274615,00065,00011,2023-02-01 16:30:00+00:00,3.37,ft,Approved,,2025-09-01 20:21:53.716170+00:00
,,0ef7c429-6412-4496-830e-d9117e07a042,0c49166273014487baa157c538b5a932,USGS-03274615,00065,00011,2023-02-01 16:15:00+00:00,3.38,ft,Approved,,2025-09-01 20:21:53.716170+00:00
,,dec32194-5411-4e6f-a037-fb868118e370,0c49166273014487baa157c538b5a932,USGS-03274615,00065,00011,2023-02-01 16:00:00+00:00,3.39,ft,Approved,,2025-09-01 20:21:53.716170+00:00
,,6ef786b2-d937-4d69-9229-8534302f0042,0c49166273014487baa157c538b5a932,USGS-03274615,00065,00011,2023-02-01 15:45:00+00:00,3.40,ft,Approved,,2025-09-01 20:21:53.716170+00:00
,,3220ab1c-b3bf-4bca-80d4-5ff772b1bbc5,0c49166273014487baa157c538b5a932,USGS-03274615,00065,00011,2023-02-01 15:30:00+00:00,3.41,ft,Approved,,2025-09-01 20:21:53.716170+00:00
,,390ea3e8-2c29-4ede-9ff9-567aa729a5b0,0c49166273014487baa157c538b5a932,USGS-03274615,00065,00011,2023-02-01 15:15:00+00:00,3.39,ft,Approved,,2025-09-01 20:21:53.716170+00:00
,,50185593-a7ca-4c27-b32e-e9573e72576f,0c49166273014487baa157c538b5a932,USGS-03274615,00065,00011,2023-02-01 15:00:00+00:00,3.42,ft,Approved,,2025-09-01 20:21:53.716170+00:00
,,ff3e8958-8839-41e9-abaa-8246fb177d21,0c49166273014487baa157c538b5a932,USGS-03274615,00065,00011,2023-02-01 14:45:00+00:00,3.43,ft,Approved,,2025-09-01 20:21:53.716170+00:00
,,f0ef9e56-81ae-42f4-96ff-e3a2981bbd65,0c49166273014487baa157c538b5a932,USGS-03274615,00065,00011,2023-02-01 14:30:00+00:00,3.43,ft,Approved,,2025-09-01 20:21:53.716170+00:00
,,35ef581b-4fce-43b9-97c3-05e8f7943c19,0c49166273014487baa157c538b5a932,USGS-03274615,00065,00011,2023-02-01 14:15:00+00:00,3.45,ft,Approved,,2025-09-01 20:21:53.716170+00:00
,,e0759748-009c-4871-afab-108f86ad468f,0c49166273014487baa157c538b5a932,USGS-03274615,00065,00011,2023-02-01 14:00:00+00:00,3.45,ft,Approved,,2025-09-01 20:21:53.716170+00:00
,,6fd36eba-0254-4d8a-abac-652363717e38,0c49166273014487baa157c538b5a932,USGS-03274615,00065,00011,2023-02-01 13:45:00+00:00,3.45,ft,Approved,,2025-09-01 20:21:53.716170+00:00
,,b2beb8a6-2aac-4a33-9d94-b788bf9c7d4c,0c49166273014487baa157c538b5a932,USGS-03274615,00065,00011,2023-02-01 13:30:00+00:00,3.48,ft,Approved,,2025-09-01 20:21:53.716170+00:00
,,fdd892ff-2395-4d18-b4f8-fcf24c6d6502,0c49166273014487baa157c538b5a932,USGS-03274615,00065,00011,2023-02-01 13:15:00+00:00,3.46,ft,Approved,,2025-09-01 20:21:53.716170+00:00
,,d8c58dde-26a3-4d1c-b0dd-39b847480388,0c49166273014487baa157c538b5a932,USGS-03274615,00065,00011,2023-02-01 13:00:00+00:00,3.49,ft,Approved,,2025-09-01 20:21:53.716170+00:00
,,17cf4cab-5d08-4194-bb3f-13f3d5eac966,0c49166273014487baa157c538b5a932,USGS-03274615,00065,00011,2023-02-01 12:45:00+00:00,3.48,ft,Approved,,2025-09-01 20:21:53.716170+00:00
,,a661c198-b579-4824-bc57-690f9cc9368c,0c49166273014487baa157c538b5a932,USGS-03274615,00065,00011,2023-02-01 12:30:00+00:00,3.49,ft,Approved,,2025-09-01 20:21:53.716170+00:00
,,3f38086c-6c80-44b7-840f-80e6e5601ef1,0c49166273014487baa157c538b5a932,USGS-03274615,00065,00011,2023-02-01 12:15:00+00:00,3.49,ft,Approved,,2025-09-01 20:21:53.716170+00:00
,,b7e3fda0-01e4-4411-9d67-2d284ccedd29,0c49166273014487baa157c538b5a932,USGS-03274615,00065,00011,2023-02-01 12:00:00+00:00,3.52,ft,Approved,,2025-09-01 20:21:53.716170+00:00
,,24e06431-e88f-416c-9189-e8cfcf5e01dd,0c49166273014487baa157c538b5a932,USGS-03274615,00065,00011,2023-02-01 11:45:00+00:00,3.52,ft,Approved,,2025-09-01 20:21:53.716170+00:00
,,9fc03a86-5d6d-4620-be07-2115ea3f59b9,0c49166273014487baa157c538b5a932,USGS-03274615,00065,00011,2023-02-01 11:30:00+00:00,3.53,ft,Approved,,2025-09-01 20:21:53.716170+00:00
,,d7adb756-f3a6-44cd-b0cf-e2a5afe2dabf,0c49166273014487baa157c538b5a932,USGS-03274615,00065,00011,2023-02-01 11:15:00+00:00,3.53,ft,Approved,,2025-09-01 20:21:53.716170+00:00
,,f2a6ba43-9641-4b63-93b8-fd35ce8e93ae,0c49166273014487baa157c538b5a932,USGS-03274615,00065,00011,2023-02-01 11:00:00+00:00,3.53,ft,Approved,,2025-09-01 20:21:53.716170+00:00
,,3e69654d-31c5-4fa3-b92c-df6bc64bc490,0c49166273014487baa157c538b5a932,USGS-03274615,00065,00011,2023-02-01 10:45:00+00:00,3.51,ft,Approved,,2025-09-01 20:21:53.716170+00:00
,,217b41ec-dbe2-4ba3-9255-99bf9c453630,0c49166273014487baa157c538b5a932,USGS-03274615,00065,00011,2023-02-01 10:30:00+00:00,3.55,ft,Approved,,2025-09-01 20:21:53.716170+00:00
,,bde52330-b5d4-4146-8b35-030e02c5a70e,0c49166273014487baa157c538b5a932,USGS-03274615,00065,00011,2023-02-01 10:15:00+00:00,3.55,ft,Approved,,2025-09-01 20:21:53.716170+00:00
,,d317d7ee-1c1f-4c74-9798-c0dd754d47ee,0c49166273014487baa157c538b5a932,USGS-03274615,00065,00011,2023-02-01 10:00:00+00:00,3.56,ft,Approved,,2025-09-01 20:21:53.716170+00:00
,,44ac24fa-aa8f-454c-bb0a-59b1231d09b8,0c49166273014487baa157c538b5a932,USGS-03274615,00065,00011,2023-02-01 09:45:00+00:00,3.58,ft,Approved,,2025-09-01 20:21:53.716170+00:00
,,5d68824c-bf03-49bf-a00a-e1e98c31d66f,0c49166273014487baa157c538b5a932,USGS-03274615,00065,00011,2023-02-01 09:30:00+00:00,3.58,ft,Approved,,2025-09-01 20:21:53.716170+00:00
,,417b3163-2014-4319-aa2d-4221bf40b242,0c49166273014487baa157c538b5a932,USGS-03274615,00065,00011,2023-02-01 09:15:00+00:00,3.56,ft,Approved,,2025-09-01 20:21:53.716170+00:00
,,80c977f0-e4d0-4a95-ab9c-0779f82dd2ca,0c49166273014487baa157c538b5a932,USGS-03274615,00065,00011,2023-02-01 09:00:00+00:00,3.60,ft,Approved,,2025-09-01 20:21:53.716170+00:00
,,ee255309-e676-4847-a5bf-b6dcb9ddb7a7,0c49166273014487baa157c538b5a932,USGS-03274615,00065,00011,2023-02-01 08:45:00+00:00,3.60,ft,Approved,,2025-09-01 20:21:53.716170+00:00
,,6496c89e-5146-4891-8cb7-4d91e5fd5096,0c49166273014487baa157c538b5a932,USGS-03274615,00065,00011,2023-02-01 08:30:00+00:00,3.61,ft,Approved,,2025-09-01 20:21:53.716170+00:00
,,471b98e3-7194-4ef2-af69-536b16fe973d,0c49166273014487baa157c538b5a932,USGS-03274615,00065,00011,2023-02-01 08:15:00+00:00,3.61,ft,Approved,,2025-09-01 20:21:53.716170+00:00
,,5c952205-2426-4fed-b8f9-34c1afef78b0,0c49166273014487baa157c538b5a932,USGS-03274615,00065,00011,2023-02-01 08:00:00+00:00,3.63,ft,Approved,,2025-09-01 20:21:53.716170+00:00
,,e0246920-2a9e-4322-9d1b-5bdfc6959b6e,0c49166273014487baa157c538b5a932,USGS-03274615,00065,00011,2023-02-01 07:45:00+00:00,3.64,ft,Approved,,2025-09-01 20:21:53.716170+00:00
,,682a6063-d243-4995-82d6-a80b5a884dd7,0c49166273014487baa157c538b5a932,USGS-03274615,00065,00011,2023-02-01 07:30:00+00:00,3.63,ft,Approved,,2025-09-01 20:21:53.716170+00:00
,,6e4ee635-0687-4820-bdd9-bd1fc559ee08,0c49166273014487baa157c538b5a932,USGS-03274615,00065,00011,2023-02-01 07:15:00+00:00,3.65,ft,Approved,,2025-09-01 20:21:53.716170+00:00
,,0cf69965-fda8-4012-876c-aaf8e730fea0,0c49166273014487baa157c538b5a932,USGS-03274615,00065,00011,2023-02-01 07:00:00+00:00,3.65,ft,Approved,,2025-09-01 20:21:53.716170+00:00
,,ba0ddb6f-6055-4bd9-ae79-a81712e6530e,0c49166273014487baa157c538b5a932,USGS-03274615,00065,00011,2023-02-01 06:45:00+00:00,3.65,ft,Approved,,2025-09-01 20:21:53.716170+00:00
,,6e71c9c1-2ab7-4c03-a032-e560ece868da,0c49166273014487baa157c538b5a932,USGS-03274615,00065,00011,2023-02-01 06:30:00+00:00,3.67,ft,Approved,,2025-09-01 20:21:53.716170+00:00
,,7ec70334-5f6a-406b-bf25-2d5ab326c711,0c49166273014487baa157c538b5a932,USGS-03274615,00065,00011,2023-02-01 06:15:00+00:00,3.66,ft,Approved,,2025-09-01 20:21:53.716170+00:00
,,badb4ec2-e3ea-48fb-b777-6a84727ab407,0c49166273014487baa157c538b5a932,USGS-03274615,00065,00011,2023-02-01 06:00:00+00:00,3.71,ft,Approved,,2025-09-01 20:21:53.716170+00:00
,,ec45e7cd-532f-42b1-ae65-ce7d9efedfd4,0c49166273014487baa157c538b5a932,USGS-03274615,00065,00011,2023-02-01 05:45:00+00:00,3.70,ft,Approved,,2025-09-01 20:21:53.716170+00:00
,,4bb86b5f-29aa-49f2-931a-3639f0b830de,0c49166273014487baa157c538b5a932,USGS-03274615,00065,00011,2023-02-01 05:30:00+00:00,3.69,ft,Approved,,2025-09-01 20:21:53.716170+00:00
,,95fe0363-28fb-4b67-bfcf-5243e0bb27ca,0c49166273014487baa157c538b5a932,USGS-03274615,00065,00011,2023-02-01 05:15:00+00:00,3.68,ft,Approved,,2025-09-01 20:21:53.716170+00:00
,,6d91912a-dbed-4d07-87f7-acc8f3a78e14,0c49166273014487baa157c538b5a932,USGS-03274615,00065,00011,2023-02-01 05:00:00+00:00,3.71,ft,Approved,,2025-09-01 20:21:53.716170+00:00
,,d067a4a3-db31-48ca-aa24-4c18ab2ff6cc,0c49166273014487baa157c538b5a932,USGS-03274615,00065,00011,2023-02-01 04:45:00+00:00,3.70,ft,Approved,,2025-09-01 20:21:53.716170+00:00
,,68882317-1add-4541-8063-8307fb00f6dc,0c49166273014487baa157c538b5a932,USGS-03274615,00065,00011,2023-02-01 04:30:00+00:00,3.73,ft,Approved,,2025-09-01 20:21:53.716170+00:00
,,be64fee6-7a8c-45a1-ab5f-276428ae2b76,0c49166273014487baa157c538b5a932,USGS-03274615,00065,00011,2023-02-01 04:15:00+00:00,3.73,ft,Approved,,2025-09-01 20:21:53.716170+00:00
,,0523b63b-29ac-42fa-8618-6cdf9a6216f9,0c49166273014487baa157c538b5a932,USGS-03274615,00065,00011,2023-02-01 04:00:00+00:00,3.72,ft,Approved,,2025-09-01 20:21:53.716170+00:00
,,a7037be1-3429-4f3e-a76e-3f112280b606,0c49166273014487baa157c538b5a932,USGS-03274615,00065,00011,2023-02-01 03:45:00+00:00,3.75,ft,Approved,,2025-09-01 20:21:53.716170+00:00
,,07807e77-d184-4b66-b0c5-5ebe25ca3f27,0c49166273014487baa157c538b5a932,USGS-03274615,00065,00011,2023-02-01 03:30:00+00:00,3.73,ft,Approved,,2025-09-01 20:21:53.716170+00:00
,,5b9341eb-8aed-4be6-b038-0ce5bd172199,0c49166273014487baa157c538b5a932,USGS-03274615,00065,00011,2023-02-01 03:15:00+00:00,3.73,ft,Approved,,2025-09-01 20:21:53.716170+00:00
,,41c9326a-cbbb-43ad-9645-64b3e3fcfe57,0c49166273014487baa157c538b5a932,USGS-03274615,00065,00011,2023-02-01 03:00:00+00:00,3.76,ft,Approved,,2025-09-01 20:21:53.716170+00:00
,,41fd3c17-e410-4a24-b5ab-8a70794fffad,0c49166273014487baa157c538b5a932,USGS-03274615,00065,00011,2023-02-01 02:45:00+00:00,3.77,ft,Approved,,2025-09-01 20:21:53.716170+00:00
,,d45eca83-1a50-4853-8c68-9fcca0568b33,0c49166273014487baa157c538b5a932,USGS-03274615,00065,00011,2023-02-01 02:30:00+00:00,3.77,ft,Approved,,2025-09-01 20:21:53.716170+00:00
,,a6420630-1df6-4833-8b12-dc1e0bb4946a,0c49166273014487baa157c538b5a932,USGS-03274615,00065,00011,2023-02-01 02:15:00+00:00,3.78,ft,Approved,,2025-09-01 20:21:53.716170+00:00
,,808df114-c30d-41d4-967b-3fc709b2ee32,0c49166273014487baa157c538b5a932,USGS-03274615,00065,00011,2023-02-01 02:00:00+00:00,3.78,ft,Approved,,2025-09-01 20:21:53.716170+00:00
,,cd9e109d-d3e5-4b28-91f2-bf84de06566b,0c49166273014487baa157c538b5a932,USGS-03274615,00065,00011,2023-02-01 01:45:00+00:00,3.79,ft,Approved,,2025-09-01 20:21:53.716170+00:00
,,140c35c1-9ef5-4901-93cb-96ae97362e9a,0c49166273014487baa157c538b5a932,USGS-03274615,00065,00011,2023-02-01 01:30:00+00:00,3.79,ft,Approved,,2025-09-01 20:21:53.716170+00:00
,,344689a7-ff1e-4cf4-a6b2-8ab443fb1ef6,0c49166273014487baa157c538b5a932,USGS-03274615,00065,00011,2023-02-01 01:15:00+00:00,3.81,ft,Approved,,2025-09-01 20:21:53.716170+00:00
,,1179c348-24b9-420b-8ff6-25131638e3a1,0c49166273014487baa157c538b5a932,USGS-03274615,00065,00011,2023-02-01 01:00:00+00:00,3.82,ft,Approved,,2025-09-01 20:21:53.716170+00:00
,,edad6ec5-368a-4e02-9c22-33eeb707e26a,0c49166273014487baa157c538b5a932,USGS-03274615,00065,00011,2023-02-01 00:45:00+00:00,3.79,ft,Approved,,2025-09-01 20:21:53.716170+00:00
,,47220f55-bd4d-4bfb-8f00-f14241f78c4d,0c49166273014487baa157c538b5a932,USGS-03274615,00065,00011,2023-02-01 00:30:00+00:00,3.81,ft,Approved,,2025-09-01 20:21:53.716170+00:00
,,776eff44-4b8a-4844-acd6-3e53bc9d2864,0c49166273014487baa157c538b5a932,USGS-03274615,00065,00011,2023-02-01 00:15:00+00:00,3.83,ft,Approved,,2025-09-01 20:21:53.716170+00:00
,,fbb28a0f-dd56-4cf4-8f78-1b81c53691b6,0c49166273014487baa157c538b5a932,USGS-03274615,00065,00011,2023-02-01 00:00:00+00:00,3.82,ft,Approved,,2025-09-01 20:21:53.716170+00:00
,,4b17a5f5-153f-4efe-ae0e-76b1fe7e9045,0c49166273014487baa157c538b5a932,USGS-03274615,00065,00011,2023-01-31 23:45:00+00:00,3.83,ft,Approved,,2025-09-01 20:21:53.716170+00:00
,,e635f109-8371-4747-b89d-3c3440146dc9,0c49166273014487baa157c538b5a932,USGS-03274615,00065,00011,2023-01-31 23:30:00+00:00,3.85,ft,Approved,,2025-09-01 20:21:53.716170+00:00
,,7ca69eac-f2de-4ea8-9b70-b952f3c08f87,0c49166273014487baa157c538b5a932,USGS-03274615,00065,00011,2023-01-31 23:15:00+00:00,3.84,ft,Approved,,2025-09-01 20:21:53.716170+00:00
,,1128df88-d228-423a-bd6f-2ae149384bd8,0c49166273014487baa157c538b5a932,USGS-03274615,00065,00011,2023-01-31 23:00:00+00:00,3.85,ft,Approved,,2025-09-01 20:21:53.716170+00:00
,,34524a36-f1b9-420e-b997-aad3e58eb75d,0c49166273014487baa157c538b5a932,USGS-03274615,00065,00011,2023-01-31 22:45:00+00:00,3.84,ft,Approved,,2025-09-01 20:21:53.716170+00:00
,,523af198-9786-4ed0-8d43-d18ce6d83e45,0c49166273014487baa157c538b5a932,USGS-03274615,00065,00011,2023-01-31 22:30:00+00:00,3.85,ft,Approved,,2025-09-01 20:21:53.716170+00:00
,,85660b79-39fd-4b75-8f20-a5b0b9fbdb30,0c49166273014487baa157c538b5a932,USGS-03274615,00065,00011,2023-01-31 22:15:00+00:00,3.87,ft,Approved,,2025-09-01 20:21:53.716170+00:00
,,c4c89e3a-411e-4519-b8d2-7108457314e5,0c49166273014487baa157c538b5a932,USGS-03274615,00065,00011,2023-01-31 22:00:00+00:00,3.85,ft,Approved,,2025-09-01 20:21:53.716170+00:00
,,5ae6c3e5-a7eb-4864-838b-8b18da772aa5,0c49166273014487baa157c538b5a932,USGS-03274615,00065,00011,2023-01-31 21:45:00+00:00,3.88,ft,Approved,,2025-09-01 20:21:53.716170+00:00
,,0ea5d1dd-1cd4-4018-ac22-32433d091b67,0c49166273014487baa157c538b5a932,USGS-03274615,00065,00011,2023-01-31 21:30:00+00:00,3.87,ft,Approved,,2025-09-01 20:21:53.716170+00:00
,,17aa2c35-b186-4fdf-b60a-1665f603cd87,0c49166273014487baa157c538b5a932,USGS-03274615,00065,00011,2023-01-31 21:15:00+00:00,3.89,ft,Approved,,2025-09-01 20:21:53.716170+00:00
,,0dc02eed-b1a5-445b-9fe3-7d58e56fa966,0c49166273014487baa157c538b5a932,USGS-03274615,00065,00011,2023-01-31 21:00:00+00:00,3.88,ft,Approved,,2025-09-01 20:21:53.716170+00:00
,,5650a8be-4cfa-4093-a182-a9d6f4e54e8d,0c49166273014487baa157c538b5a932,USGS-03274615,00065,00011,2023-01-31 20:45:00+00:00,3.90,ft,Approved,,2025-09-01 20:21:53.716170+00:00
,,f2f4ddf0-b90d-4053-8f52-e81e9b29a52b,0c49166273014487baa157c538b5a932,USGS-03274615,00065,00011,2023-01-31 20:30:00+00:00,3.90,ft,Approved,,2025-09-01 20:21:53.716170+00:00
,,f5a24dc6-f4af-46c6-8a23-ec93af2f8417,0c49166273014487baa157c538b5a932,USGS-03274615,00065,00011,2023-01-31 20:15:00+00:00,3.90,ft,Approved,,2025-09-01 20:21:53.716170+00:00
,,d6019452-ecc3-4d11-be7b-64f6298f8f44,0c49166273014487baa157c538b5a932,USGS-03274615,00065,00011,2023-01-31 20:00:00+00:00,3.91,ft,Approved,,2025-09-01 20:21:53.716170+00:00
,,d40d3df7-861e-4037-8434-794c0187ba99,0c49166273014487baa157c538b5a932,USGS-03274615,00065,00011,2023-01-31 19:45:00+00:00,3.91,ft,Approved,,2025-09-01 20:21:53.716170+00:00
,,647d4c5f-1eb3-4004-a227-d5c99af4fe48,0c49166273014487baa157c538b5a932,USGS-03274615,00065,00011,2023-01-31 19:30:00+00:00,3.91,ft,Approved,,2025-09-01 20:21:53.716170+00:00
,,b7111fa8-acfb-47f7-9a5b-bd28f5077661,0c49166273014487baa157c538b5a932,USGS-03274615,00065,00011,2023-01-31 19:15:00+00:00,3.91,ft,Approved,,2025-09-01 20:21:53.716170+00:00
,,59ac5ab0-4c2f-42b2-a25b-1f704ea1c947,0c49166273014487baa157c538b5a932,USGS-03274615,00065,00011,2023-01-31 19:00:00+00:00,3.93,ft,Approved,,2025-09-01 20:21:53.716170+00:00
,,514fd9f4-d150-423d-aed1-a0478b034aad,0c49166273014487baa157c538b5a932,USGS-03274615,00065,00011,2023-01-31 18:45:00+00:00,3.93,ft,Approved,,2025-09-01 20:21:53.716170+00:00
,,274c99d3-5e75-446f-b0d3-f7ab293bc411,0c49166273014487baa157c538b5a932,USGS-03274615,00065,00011,2023-01-31 18:30:00+00:00,3.93,ft,Approved,,2025-09-01 20:21:53.716170+00:00
,,0c74bb60-bfb9-4e4a-be92-974b5e144d75,0c49166273014487baa157c538b5a932,USGS-03274615,00065,00011,2023-01-31 18:15:00+00:00,3.93,ft,Approved,,2025-09-01 20:21:53.716170+00:00
,,ac69cbae-10c8-4f13-b58c-edb8469a3a84,0c49166273014487baa157c538b5a932,USGS-03274615,00065,00011,2023-01-31 18:00:00+00:00,3.91,ft,Approved,,2025-09-01 20:21:53.716170+00:00
,,43d5cb44-67f6-4626-b230-7e872cbba24c,0c49166273014487baa157c538b5a932,USGS-03274615,00065,00011,2023-01-31 17:45:00+00:00,3.93,ft,Approved,,2025-09-01 20:21:53.716170+00:00
,,00dd5f46-06c0-42bf-867c-b8189123e236,0c49166273014487baa157c538b5a932,USGS-03274615,00065,00011,2023-01-31 17:30:00+00:00,3.92,ft,Approved,,2025-09-01 20:21:53.716170+00:00
,,76b29328-4474-499a-8d54-17a150adb4e4,0c49166273014487baa157c538b5a932,USGS-03274615,00065,00011,2023-01-31 17:15:00+00:00,3.93,ft,Approved,,2025-09-01 20:21:53.716170+00:00
,,59e3b1c2-6c43-436b-a791-0fc90b2015f4,0c49166273014487baa157c538b5a932,USGS-03274615,00065,00011,2023-01-31 17:00:00+00:00,3.91,ft,Approved,,2025-09-01 20:21:53.716170+00:00
,,d2997375-a3c2-4add-bfb6-15998fa0b1c8,0c49166273014487baa157c538b5a932,USGS-03274615,00065,00011,2023-01-31 16:45:00+00:00,3.95,ft,Approved,,2025-09-01 20:21:53.716170+00:00
,,41cb77ae-a647-4e88-8c7e-e282d59fd7a0,0c49166273014487baa157c538b5a932,USGS-03274615,00065,00011,2023-01-31 16:30:00+00:00,3.93,ft,Approved,,2025-09-01 20:21:53.716170+00:00
,,43d3e227-4fed-47ed-b0e7-075c337780de,0c49166273014487baa157c538b5a932,USGS-03274615,00065,00011,2023-01-31 16:15:00+00:00,3.95,ft,Approved,,2025-09-01 20:21:53.716170+00:00
,,51afa15c-2673-44d9-a8dc-0b584f0fa623,0c49166273014487baa157c538b5a932,USGS-03274615,00065,00011,2023-01-31 16:00:00+00:00,3.95,ft,Approved,,2025-09-01 20:21:53.716170+00:00
,,e63e29d4-2ad7-4054-a19d-8aa15eb46b31,0c49166273014487baa157c538b5a932,USGS-03274615,00065,00011,2023-01-31 15:45:00+00:00,3.95,ft,Approved,,2025-09-01 20:21:53.716170+00:00
,,9dc84e88-d6ff-4869-8bf5-bc289cf8601c,0c49166273014487baa157c538b5a932,USGS-03274615,00065,00011,2023-01-31 15:30:00+00:00,3.94,ft,Approved,,2025-09-01 20:21:53.716170+00:00
,,f9f8fd0d-8806-473d-9a97-a641f3168bff,0c49166273014487baa157c538b5a932,USGS-03274615,00065,00011,2023-01-31 15:15:00+00:00,3.97,ft,Approved,,2025-09-01 20:21:53.716170+00:00
,,2210b348-48f6-43b2-bde0-507390180d59,0c49166273014487baa157c538b5a932,USGS-03274615,00065,00011,2023-01-31 15:00:00+00:00,3.94,ft,Approved,,2025-09-01 20:21:53.716170+00:00
,,d312807c-8a74-424e-9db5-d949ce3e4748,0c49166273014487baa157c538b5a932,USGS-03274615,00065,00011,2023-01-31 14:45:00+00:00,3.96,ft,Approved,,2025-09-01 20:21:53.716170+00:00
,,2f2d09b8-3c6f-49cb-89e1-2c0a21178d08,0c49166273014487baa157c538b5a932,USGS-03274615,00065,00011,2023-01-31 14:30:00+00:00,3.97,ft,Approved,,2025-09-01 20:21:53.716170+00:00
,,e9494353-497c-4699-b30b-a71081a32563,0c49166273014487baa157c538b5a932,USGS-03274615,00065,00011,2023-01-31 14:15:00+00:00,3.95,ft,Approved,,2025-09-01 20:21:53.716170+00:00
,,49c4e0de-7401-4f91-9998-a13aefb1c10a,0c49166273014487baa157c538b5a932,USGS-03274615,00065,00011,2023-01-31 14:00:00+00:00,3.97,ft,Approved,,2025-09-01 20:21:53.716170+00:00
,,3b5e0c64-6069-4984-a045-2e63c27d4e5b,0c49166273014487baa157c538b5a932,USGS-03274615,00065,00011,2023-01-31 13:45:00+00:00,3.95,ft,Approved,,2025-09-01 20:21:53.716170+00:00
,,53c2c45e-58cd-474d-b4e6-b6ea46d1a50d,0c49166273014487baa157c538b5a932,USGS-03274615,00065,00011,2023-01-31 13:30:00+00:00,3.96,ft,Approved,,2025-09-01 20:21:53.716170+00:00
,,e204a242-22dc-4c09-a28f-44b32b6c8370,0c49166273014487baa157c538b5a932,USGS-03274615,00065,00011,2023-01-31 13:15:00+00:00,3.96,ft,Approved,,2025-09-01 20:21:53.716170+00:00
,,8ccccfde-6dbc-4270-8ec5-8c6f16c48ed8,0c49166273014487baa157c538b5a932,USGS-03274615,00065,00011,2023-01-31 13:00:00+00:00,3.95,ft,Approved,,2025-09-01 20:21:53.716170+00:00
,,47813d8f-3ffd-48a5-b038-8403bfe40b1d,0c49166273014487baa157c538b5a932,USGS-03274615,00065,00011,2023-01-31 12:45:00+00:00,3.94,ft,Approved,,2025-09-01 20:21:53.716170+00:00
,,bf736a65-66fd-4820-94ec-968fc9dab85c,0c49166273014487baa157c538b5a932,USGS-03274615,00065,00011,2023-01-31 12:30:00+00:00,3.95,ft,Approved,,2025-09-01 20:21:53.716170+00:00
,,664d7fe2-b41e-4152-83a0-48302d6c6911,0c49166273014487baa157c538b5a932,USGS-03274615,00065,00011,2023-01-31 12:15:00+00:00,3.96,ft,Approved,,2025-09-01 20:21:53.716170+00:00
,,b2c13150-d6f6-44b0-8d3a-a27888d7d55b,0c49166273014487baa157c538b5a932,USGS-03274615,00065,00011,2023-01-31 12:00:00+00:00,3.95,ft,Approved,,2025-09-01 20:21:53.716170+00:00
,,b6b6ca47-737e-4217-843d-e217b342f124,0c49166273014487baa157c538b5a932,USGS-03274615,00065,00011,2023-01-31 11:45:00+00:00,3.92,ft,Approved,,2025-09-01 20:21:53.716170+00:00
,,86ca1f43-3621-4237-a4cb-10fbf76a6255,0c49166273014487baa157c538b5a932,USGS-03274615,00065,00011,2023-01-31 11:30:00+00:00,3.93,ft,Approved,,2025-09-01 20:21:53.716170+00:00
,,85068a43-4ee7-4f73-9a7a-e548e872f99e,0c49166273014487baa157c538b5a932,USGS-03274615,00065,00011,2023-01-31 11:15:00+00:00,3.92,ft,Approved,,2025-09-01 20:21:53.716170+00:00
,,fd82e522-183a-4fae-896c-1c2d43b41a8d,0c49166273014487baa157c538b5a932,USGS-03274615,00065,00011,2023-01-31 11:00:00+00:00,3.93,ft,Approved,,2025-09-01 20:21:53.716170+00:00
,,86f223c8-54f2-413b-b65d-498d540d6df1,0c49166273014487baa157c538b5a932,USGS-03274615,00065,00011,2023-01-31 10:45:00+00:00,3.93,ft,Approved,,2025-09-01 20:21:53.716170+00:00
,,2713f28d-4bb9-4dd3-bcce-8f06013d4306,0c49166273014487baa157c538b5a932,USGS-03274615,00065,00011,2023-01-31 10:30:00+00:00,3.93,ft,Approved,,2025-09-01 20:21:53.716170+00:00
,,f1f0bd30-1aab-42ae-bd54-20a094971d3b,0c49166273014487baa157c538b5a932,USGS-03274615,00065,00011,2023-01-31 10:15:00+00:00,3.94,ft,Approved,,2025-09-01 20:21:53.716170+00:00
,,d0231ff4-fafd-4e0f-9aee-d43102cd09b4,0c49166273014487baa157c538b5a932,USGS-03274615,00065,00011,2023-01-31 10:00:00+00:00,3.92,ft,Approved,,2025-09-01 20:21:53.716170+00:00
,,728a0b3d-ab6e-447e-ba8b-0dac2238235b,0c49166273014487baa157c538b5a932,USGS-03274615,00065,00011,2023-01-31 09:45:00+00:00,3.93,ft,Approved,,2025-09-01 20:21:53.716170+00:00
,,51dc89fc-b5d4-4996-8a4f-1ebfd6b9bec4,0c49166273014487baa157c538b5a932,USGS-03274615,00065,00011,2023-01-31 09:30:00+00:00,3.90,ft,Approved,,2025-09-01 20:21:53.716170+00:00
,,296b30cf-ef84-4a6a-801b-cf81bd3356b2,0c49166273014487baa157c538b5a932,USGS-03274615,00065,00011,2023-01-31 09:15:00+00:00,3.92,ft,Approved,,2025-09-01 20:21:53.716170+00:00
,,37a8b3c4-4662-4d65-9aca-0ba5423a1b56,0c49166273014487baa157c538b5a932,USGS-03274615,00065,00011,2023-01-31 09:00:00+00:00,3.91,ft,Approved,,2025-09-01 20:21:53.716170+00:00
,,cb0faa17-90eb-4be5-9e65-829da2f568dd,0c49166273014487baa157c538b5a932,USGS-03274615,00065,00011,2023-01-31 08:45:00+00:00,3.90,ft,Approved,,2025-09-01 20:21:53.716170+00:00
,,9eb5278b-c11b-4bae-bf5c-62a0c035d029,0c49166273014487baa157c538b5a932,USGS-03274615,00065,00011,2023-01-31 08:30:00+00:00,3.93,ft,Approved,,2025-09-01 20:21:53.716170+00:00
,,a5feab47-e53d-4140-aa57-a27198bed58a,0c49166273014487baa157c538b5a932,USGS-03274615,00065,00011,2023-01-31 08:15:00+00:00,3.91,ft,Approved,,2025-09-01 20:21:53.716170+00:00
,,69700fcc-3ed7-4087-95b7-e7e6ca30813c,0c49166273014487baa157c538b5a932,USGS-03274615,00065,00011,2023-01-31 08:00:00+00:00,3.91,ft,Approved,,2025-09-01 20:21:53.716170+00:00
,,31aed44a-c85e-4f44-bf39-61da29964dc8,0c49166273014487baa157c538b5a932,USGS-03274615,00065,00011,2023-01-31 07:45:00+00:00,3.93,ft,Approved,,2025-09-01 20:21:53.716170+00:00
,,38e8517f-2791-466d-90f3-8294d1215da1,0c49166273014487baa157c538b5a932,USGS-03274615,00065,00011,2023-01-31 07:30:00+00:00,3.91,ft,Approved,,2025-09-01 20:21:53.716170+00:00
,,d3213adf-3c32-4725-ac83-059efa56b752,0c49166273014487baa157c538b5a932,USGS-03274615,00065,00011,2023-01-31 07:15:00+00:00,3.93,ft,Approved,,2025-09-01 20:21:53.716170+00:00
,,d710f695-529c-4206-8a52-1df7ec681910,0c49166273014487baa157c538b5a932,USGS-03274615,00065,00011,2023-01-31 07:00:00+00:00,3.92,ft,Approved,,2025-09-01 20:21:53.716170+00:00
,,2e00fc55-0ea9-42b2-bd04-01cf82c88a75,0c49166273014487baa157c538b5a932,USGS-03274615,00065,00011,2023-01-31 06:45:00+00:00,3.94,ft,Approved,,2025-09-01 20:21:53.716170+00:00
,,5a3f93f0-ebb1-4208-8300-57d07f1facba,0c49166273014487baa157c538b5a932,USGS-03274615,00065,00011,2023-01-31 06:30:00+00:00,3.95,ft,Approved,,2025-09-01 20:21:53.716170+00:00
,,f7064d31-76a0-4300-9ad6-c422741f655e,0c49166273014487baa157c538b5a932,USGS-03274615,00065,00011,2023-01-31 06:15:00+00:00,3.93,ft,Approved,,2025-09-01 20:21:53.716170+00:00
,,1c0bf0ec-219b-4449-b1d6-fd0b77229ead,0c49166273014487baa157c538b5a932,USGS-03274615,00065,00011,2023-01-31 06:00:00+00:00,3.95,ft,Approved,,2025-09-01 20:21:53.716170+00:00
,,97fa81ac-097c-4407-a46f-1bfd7a58c07d,0c49166273014487baa157c538b5a932,USGS-03274615,00065,00011,2023-01-31 05:45:00+00:00,3.91,ft,Approved,,2025-09-01 20:21:53.716170+00:00
,,b82f3a2d-bf17-4fa8-9c82-f7203ab6f4eb,0c49166273014487baa157c538b5a932,USGS-03274615,00065,00011,2023-01-31 05:30:00+00:00,3.94,ft,Approved,,2025-09-01 20:21:53.716170+00:00
,,e7f5bb51-8bb2-4b6a-a854-83f282bb1137,0c49166273014487baa157c538b5a932,USGS-03274615,00065,00011,2023-01-31 05:15:00+00:00,3.91,ft,Approved,,2025-09-01 20:21:53.716170+00:00
,,aab1d14c-df44-4f75-966b-a3043dc2cead,0c49166273014487baa157c538b5a932,USGS-03274615,00065,00011,2023-01-31 05:00:00+00:00,3.91,ft,Approved,,2025-09-01 20:21:53.716170+00:00
,,0b259357-76f3-4848-a507-b9fb2a3db586,0c49166273014487baa157c538b5a932,USGS-03274615,00065,00011,2023-01-31 04:45:00+00:00,3.90,ft,Approved,,2025-09-01 20:21:53.716170+00:00
,,bb339ed0-7809-43d1-aac6-3b40fde5fa61,0c49166273014487baa157c538b5a932,USGS-03274615,00065,00011,2023-01-31 04:30:00+00:00,3.91,ft,Approved,,2025-09-01 20:21:53.716170+00:00
,,996112e0-970d-45cd-9b6a-34a07ecb2ca2,0c49166273014487baa157c538b5a932,USGS-03274615,00065,00011,2023-01-31 04:15:00+00:00,3.91,ft,Approved,,2025-09-01 20:21:53.716170+00:00
,,52220a54-c706-49ad-abdb-977c9d5420a3,0c49166273014487baa157c538b5a932,USGS-03274615,00065,00011,2023-01-31 04:00:00+00:00,3.91,ft,Approved,,2025-09-01 20:21:53.716170+00:00
,,640fd8d2-d879-42ac-aa97-0026f2332d4c,0c49166273014487baa157c538b5a932,USGS-03274615,00065,00011,2023-01-31 03:45:00+00:00,3.92,ft,Approved,,2025-09-01 20:21:53.716170+00:00
,,a53b0199-3c54-4063-add9-572da9a6720d,0c49166273014487baa157c538b5a932,USGS-03274615,00065,00011,2023-01-31 03:30:00+00:00,3.92,ft,Approved,,2025-09-01 20:21:53.716170+00:00
,,fa1d67e9-ef21-4460-86de-117109094346,0c49166273014487baa157c538b5a932,USGS-03274615,00065,00011,2023-01-31 03:15:00+00:00,3.89,ft,Approved,,2025-09-01 20:21:53.716170+00:00
,,2acc2dae-2454-4e12-bdad-10af20b7a617,0c49166273014487baa157c538b5a932,USGS-03274615,00065,00011,2023-01-31 03:00:00+00:00,3.93,ft,Approved,,2025-09-01 20:21:53.716170+00:00
,,08a3f297-0dd3-42a4-be96-c05901b0cba1,0c49166273014487baa157c538b5a932,USGS-03274615,00065,00011,2023-01-31 02:45:00+00:00,3.90,ft,Approved,,2025-09-01 20:21:53.716170+00:00
,,9e700786-5819-45f1-b7a1-a0109aa8da80,0c49166273014487baa157c538b5a932,USGS-03274615,00065,00011,2023-01-31 02:30:00+00:00,3.92,ft,Approved,,2025-09-01 20:21:53.716170+00:00
,,15975c92-91da-4075-ae21-7d3ec7ce4a80,0c49166273014487baa157c538b5a932,USGS-03274615,00065,00011,2023-01-31 02:15:00+00:00,3.89,ft,Approved,,2025-09-01 20:21:53.716170+00:00
,,859eaf39-f8c7-42a0-807b-407308d42281,0c49166273014487baa157c538b5a932,USGS-03274615,00065,00011,2023-01-31 02:00:00+00:00,3.90,ft,Approved,,2025-09-01 20:21:53.716170+00:00
,,591e2e38-dc9c-4e88-9d4b-54d391515bdf,0c49166273014487baa157c538b5a932,USGS-03274615,00065,00011,2023-01-31 01:45:00+00:00,3.90,ft,Approved,,2025-09-01 20:21:53.716170+00:00
,,75c018f8-8862-4b80-9334-479b74bdb9f6,0c49166273014487baa157c538b5a932,USGS-03274615,00065,00011,2023-01-31 01:30:00+00:00,3.92,ft,Approved,,2025-09-01 20:21:53.716170+00:00
,,682fd39f-da19-43a9-947f-b0b2c0f26824,0c49166273014487baa157c538b5a932,USGS-03274615,00065,00011,2023-01-31 01:15:00+00:00,3.90,ft,Approved,,2025-09-01 20:21:53.716170+00:00
,,d0349d70-ca48-434b-b33d-d78fb60af07a,0c49166273014487baa157c538b5a932,USGS-03274615,00065,00011,2023-01-31 01:00:00+00:00,3.90,ft,Approved,,2025-09-01 20:21:53.716170+00:00
,,b7b4725b-2419-4807-9495-e86bf07e2382,0c49166273014487baa157c538b5a932,USGS-03274615,00065,00011,2023-01-31 00:45:00+00:00,3.89,ft,Approved,,2025-09-01 20:21:53.716170+00:00
,,0691f1d1-5ebe-4f2f-970d-1b8a10b2a7b2,0c49166273014487baa157c538b5a932,USGS-03274615,00065,00011,2023-01-31 00:30:00+00:00,3.87,ft,Approved,,2025-09-01 20:21:53.716170+00:00
,,05bb0187-5e6d-4b24-bd2d-eaf4622e727c,0c49166273014487baa157c538b5a932,USGS-03274615,00065,00011,2023-01-31 00:15:00+00:00,3.88,ft,Approved,,2025-09-01 20:21:53.716170+00:00
,,ad043022-6bb4-4b55-9e1c-970d4fe5acf7,0c49166273014487baa157c538b5a932,USGS-03274615,00065,00011,2023-01-31 00:00:00+00:00,3.90,ft,Approved,,2025-09-01 20:21:53.716170+00:00
,,adb3fa4e-4dc0-4431-b3c2-2f88833d71a6,0c49166273014487baa157c538b5a932,USGS-03274615,00065,00011,2023-01-30 23:45:00+00:00,3.89,ft,Approved,,2025-09-01 20:21:53.716170+00:00
,,69f3a256-c21f-43d1-bcc8-7a4a4b802a9e,0c49166273014487baa157c538b5a932,USGS-03274615,00065,00011,2023-01-30 23:30:00+00:00,3.88,ft,Approved,,2025-09-01 20:21:53.716170+00:00
,,4125c155-7bc7-4d23-9682-e4968fc213c6,0c49166273014487baa157c538b5a932,USGS-03274615,00065,00011,2023-01-30 23:15:00+00:00,3.86,ft,Approved,,2025-09-01 20:21:53.716170+00:00
,,e4146212-8c18-4e00-b938-a2b3b414fa07,0c49166273014487baa157c538b5a932,USGS-03274615,00065,00011,2023-01-30 23:00:00+00:00,3.88,ft,Approved,,2025-09-01 20:21:53.716170+00:00
,,054d7556-3066-4fc1-aa1f-24c94e8e2a2b,0c49166273014487baa157c538b5a932,USGS-03274615,00065,00011,2023-01-30 22:45:00+00:00,3.83,ft,Approved,,2025-09-01 20:21:53.716170+00:00
,,c53b3719-76ff-4f17-a0cb-efbfd4d3731a,0c49166273014487baa157c538b5a932,USGS-03274615,00065,00011,2023-01-30 22:30:00+00:00,3.85,ft,Approved,,2025-09-01 20:21:53.716170+00:00
,,44df0185-4a4b-42b7-a7ad-fb713cac755a,0c49166273014487baa157c538b5a932,USGS-03274615,00065,00011,2023-01-30 22:15:00+00:00,3.84,ft,Approved,,2025-09-01 20:21:53.716170+00:00
,,290e5284-6bb0-4634-8ef8-66d40b116a35,0c49166273014487baa157c538b5a932,USGS-03274615,00065,00011,2023-01-30 22:00:00+00:00,3.84,ft,Approved,,2025-09-01 20:21:53.716170+00:00
,,96f12816-82d1-4ab1-a8ac-52fd0580df51,0c49166273014487baa157c538b5a932,USGS-03274615,00065,00011,2023-01-30 21:45:00+00:00,3.83,ft,Approved,,2025-09-01 20:21:53.716170+00:00
,,3cf83f7c-f56d-4f26-9236-913f83bd9977,0c49166273014487baa157c538b5a932,USGS-03274615,00065,00011,2023-01-30 21:30:00+00:00,3.84,ft,Approved,,2025-09-01 20:21:53.716170+00:00
,,e3d7a7d6-24e8-474e-89d5-08c09e60cceb,0c49166273014487baa157c538b5a932,USGS-03274615,00065,00011,2023-01-30 21:15:00+00:00,3.82,ft,Approved,,2025-09-01 20:21:53.716170+00:00
,,268ceac3-1b8a-449a-aa3b-844535e6587d,0c49166273014487baa157c538b5a932,USGS-03274615,00065,00011,2023-01-30 21:00:00+00:00,3.80,ft,Approved,,2025-09-01 20:21:53.716170+00:00
,,a28851e3-9448-48d3-8a8c-e65d82ed4ccb,0c49166273014487baa157c538b5a932,USGS-03274615,00065,00011,2023-01-30 20:45:00+00:00,3.81,ft,Approved,,2025-09-01 20:21:53.716170+00:00
,,ea41e3c1-fea9-496c-9b45-a87eca56cd3c,0c49166273014487baa157c538b5a932,USGS-03274615,00065,00011,2023-01-30 20:30:00+00:00,3.77,ft,Approved,,2025-09-01 20:21:53.716170+00:00
,,542dab29-3636-4cd2-825f-13d416ef2fac,0c49166273014487baa157c538b5a932,USGS-03274615,00065,00011,2023-01-30 20:15:00+00:00,3.80,ft,Approved,,2025-09-01 20:21:53.716170+00:00
,,e7ad0b1a-d8e7-4aeb-856d-bb557c59d0fe,0c49166273014487baa157c538b5a932,USGS-03274615,00065,00011,2023-01-30 20:00:00+00:00,3.79,ft,Approved,,2025-09-01 20:21:53.716170+00:00
,,d782fbcd-1ff2-49e7-b22f-d196a9e20f8f,0c49166273014487baa157c538b5a932,USGS-03274615,00065,00011,2023-01-30 19:45:00+00:00,3.79,ft,Approved,,2025-09-01 20:21:53.716170+00:00
,,3ccfc760-2e33-4697-937b-bcf2c5969650,0c49166273014487baa157c538b5a932,USGS-03274615,00065,00011,2023-01-30 19:30:00+00:00,3.78,ft,Approved,,2025-09-01 20:21:53.716170+00:00
,,27116221-a26a-4516-a221-d13f3b9fd183,0c49166273014487baa157c538b5a932,USGS-03274615,00065,00011,2023-01-30 19:15:00+00:00,3.76,ft,Approved,,2025-09-01 20:21:53.716170+00:00
,,1fcabe5a-8493-43d5-9267-5a3157dcbff3,0c49166273014487baa157c538b5a932,USGS-03274615,00065,00011,2023-01-30 19:00:00+00:00,3.75,ft,Approved,,2025-09-01 20:21:53.716170+00:00
,,4ef8e81b-6dd7-44d9-ac3c-23a886c67d2c,0c49166273014487baa157c538b5a932,USGS-03274615,00065,00011,2023-01-30 18:45:00+00:00,3.75,ft,Approved,,2025-09-01 20:21:53.716170+00:00
,,a06e1cdd-c0b5-4d6e-aaec-6937f05a9d04,0c49166273014487baa157c538b5a932,USGS-03274615,00065,00011,2023-01-30 18:30:00+00:00,3.74,ft,Approved,,2025-09-01 20:21:53.716170+00:00
,,0b257deb-1973-4f36-b50c-ce9deca8c810,0c49166273014487baa157c538b5a932,USGS-03274615,00065,00011,2023-01-30 18:15:00+00:00,3.72,ft,Approved,,2025-09-01 20:21:53.716170+00:00
,,cf1b7c0b-6928-4543-ab3a-6bc49bdc74b6,0c49166273014487baa157c538b5a932,USGS-03274615,00065,00011,2023-01-30 18:00:00+00:00,3.71,ft,Approved,,2025-09-01 20:21:53.716170+00:00
,,08ae8717-4d50-4726-9bfe-08c47c9e1c61,0c49166273014487baa157c538b5a932,USGS-03274615,00065,00011,2023-01-30 17:45:00+00:00,3.72,ft,Approved,,2025-09-01 20:21:53.716170+00:00
,,b7b6be98-f28e-4179-ba2a-c9cc2369dbad,0c49166273014487baa157c538b5a932,USGS-03274615,00065,00011,2023-01-30 17:30:00+00:00,3.68,ft,Approved,,2025-09-01 20:21:53.716170+00:00
,,850036e9-94d4-423c-9b98-7f460c232ce8,0c49166273014487baa157c538b5a932,USGS-03274615,00065,00011,2023-01-30 17:15:00+00:00,3.69,ft,Approved,,2025-09-01 20:21:53.716170+00:00
,,e025ecce-ceac-4166-8c6c-ddab7fb305e3,0c49166273014487baa157c538b5a932,USGS-03274615,00065,00011,2023-01-30 17:00:00+00:00,3.68,ft,Approved,,2025-09-01 20:21:53.716170+00:00
,,bb7526ed-297d-4616-8346-85485eef3a2c,0c49166273014487baa157c538b5a932,USGS-03274615,00065,00011,2023-01-30 16:45:00+00:00,3.66,ft,Approved,,2025-09-01 20:21:53.716170+00:00
,,f58b013f-9e43-4f75-a4d2-9dc789f14c6f,0c49166273014487baa157c538b5a932,USGS-03274615,00065,00011,2023-01-30 16:30:00+00:00,3.67,ft,Approved,,2025-09-01 20:21:53.716170+00:00
,,8b526969-a1b7-4d02-893f-124124b6e94a,0c49166273014487baa157c538b5a932,USGS-03274615,00065,00011,2023-01-30 16:15:00+00:00,3.67,ft,Approved,,2025-09-01 20:21:53.716170+00:00
,,36860dc1-76a1-4ab2-a56b-dc88b7a8597a,0c49166273014487baa157c538b5a932,USGS-03274615,00065,00011,2023-01-30 16:00:00+00:00,3.65,ft,Approved,,2025-09-01 20:21:53.716170+00:00
,,5240bae7-dbe1-4fae-aaad-6890e1ae60b8,0c49166273014487baa157c538b5a932,USGS-03274615,00065,00011,2023-01-30 15:45:00+00:00,3.64,ft,Approved,,2025-09-01 20:21:53.716170+00:00
,,e09d7f20-8ce4-4a79-abac-3a77bb4fe079,0c49166273014487baa157c538b5a932,USGS-03274615,00065,00011,2023-01-30 15:30:00+00:00,3.60,ft,Approved,,2025-09-01 20:21:53.716170+00:00
,,41cc8265-4d98-40dc-b05b-6becf0c7abf9,0c49166273014487baa157c538b5a932,USGS-03274615,00065,00011,2023-01-30 15:15:00+00:00,3.63,ft,Approved,,2025-09-01 20:21:53.716170+00:00
,,52672b20-b2bd-4563-8711-06b09d58bf91,0c49166273014487baa157c538b5a932,USGS-03274615,00065,00011,2023-01-30 15:00:00+00:00,3.62,ft,Approved,,2025-09-01 20:21:53.716170+00:00
,,c1d69cd2-328e-49e4-9e06-c8f8f42dfda8,0c49166273014487baa157c538b5a932,USGS-03274615,00065,00011,2023-01-30 14:45:00+00:00,3.61,ft,Approved,,2025-09-01 20:21:53.716170+00:00
,,51886cf0-2f9f-4ca7-8122-207a416dc79a,0c49166273014487baa157c538b5a932,USGS-03274615,00065,00011,2023-01-30 14:30:00+00:00,3.61,ft,Approved,,2025-09-01 20:21:53.716170+00:00
,,2d3086ba-4aeb-4138-bfb5-c64377e4b2a9,0c49166273014487baa157c538b5a932,USGS-03274615,00065,00011,2023-01-30 14:15:00+00:00,3.58,ft,Approved,,2025-09-01 20:21:53.716170+00:00
,,7ec19a7e-6fa3-4e31-9554-90cc80f60a7f,0c49166273014487baa157c538b5a932,USGS-03274615,00065,00011,2023-01-30 14:00:00+00:00,3.58,ft,Approved,,2025-09-01 20:21:53.716170+00:00
,,f5daace5-0575-480c-a7ec-2dd6287c1705,0c49166273014487baa157c538b5a932,USGS-03274615,00065,00011,2023-01-30 13:45:00+00:00,3.59,ft,Approved,,2025-09-01 20:21:53.716170+00:00
,,0e7a8f2f-76ee-49ac-940c-824090892bfb,0c49166273014487baa157c538b5a932,USGS-03274615,00065,00011,2023-01-30 13:30:00+00:00,3.58,ft,Approved,,2025-09-01 20:21:53.716170+00:00
,,9019bb70-60dd-49b5-a1f8-4690b395bd7e,0c49166273014487baa157c538b5a932,USGS-03274615,00065,00011,2023-01-30 13:15:00+00:00,3.57,ft,Approved,,2025-09-01 20:21:53.716170+00:00
,,0edacba5-898a-4169-a2d8-ee2f194b45bb,0c49166273014487baa157c538b5a932,USGS-03274615,00065,00011,2023-01-30 13:00:00+00:00,3.56,ft,Approved,,2025-09-01 20:21:53.716170+00:00
,,91c6e0bd-fffd-4d9e-8446-5dcc10f8f63d,0c49166273014487baa157c538b5a932,USGS-03274615,00065,00011,2023-01-30 12:45:00+00:00,3.55,ft,Approved,,2025-09-01 20:21:53.716170+00:00
,,59bca181-94c3-4407-a7c3-1b12811f349e,0c49166273014487baa157c538b5a932,USGS-03274615,00065,00011,2023-01-30 12:30:00+00:00,3.56,ft,Approved,,2025-09-01 20:21:53.716170+00:00
,,e16292b5-b0d2-4c62-9c1c-477f7de3dba9,0c49166273014487baa157c538b5a932,USGS-03274615,00065,00011,2023-01-30 12:15:00+00:00,3.55,ft,Approved,,2025-09-01 20:21:53.716170+00:00
,,52243415-2308-4e77-aaa6-72e44d5f42cb,0c49166273014487baa157c538b5a932,USGS-03274615,00065,00011,2023-01-30 12:00:00+00:00,3.54,ft,Approved,,2025-09-01 20:21:53.716170+00:00
,,e304e7e3-3591-4e1b-b383-d5d87bbd99f9,0c49166273014487baa157c538b5a932,USGS-03274615,00065,00011,2023-01-30 11:45:00+00:00,3.55,ft,Approved,,2025-09-01 20:21:53.716170+00:00
,,c68419f0-644c-44a8-8edd-9bb3f6f37129,0c49166273014487baa157c538b5a932,USGS-03274615,00065,00011,2023-01-30 11:30:00+00:00,3.56,ft,Approved,,2025-09-01 20:21:53.716170+00:00
,,dff11cdf-7c2d-4802-80bf-841e96b8a1b5,0c49166273014487baa157c538b5a932,USGS-03274615,00065,00011,2023-01-30 11:15:00+00:00,3.52,ft,Approved,,2025-09-01 20:21:53.716170+00:00
,,c59bcfc2-4976-448c-bde3-de44b52fe4b4,0c49166273014487baa157c538b5a932,USGS-03274615,00065,00011,2023-01-30 11:00:00+00:00,3.52,ft,Approved,,2025-09-01 20:21:53.716170+00:00
,,d462bddb-1b0e-4539-b184-6218ead20dcf,0c49166273014487baa157c538b5a932,USGS-03274615,00065,00011,2023-01-30 10:45:00+00:00,3.54,ft,Approved,,2025-09-01 20:21:53.716170+00:00
,,7377f840-4309-4841-a731-562fac640f3d,0c49166273014487baa157c538b5a932,USGS-03274615,00065,00011,2023-01-30 10:30:00+00:00,3.52,ft,Approved,,2025-09-01 20:21:53.716170+00:00
,,312a6b1d-89e9-46b3-82bb-a0549ebbee06,0c49166273014487baa157c538b5a932,USGS-03274615,00065,00011,2023-01-30 10:15:00+00:00,3.50,ft,Approved,,2025-09-01 20:21:53.716170+00:00
,,b0f7dbaa-121e-491d-b6dd-310071cce0a3,0c49166273014487baa157c538b5a932,USGS-03274615,00065,00011,2023-01-30 10:00:00+00:00,3.50,ft,Approved,,2025-09-01 20:21:53.716170+00:00
,,5df5a615-ea6a-46e2-a666-ec3c58057b59,0c49166273014487baa157c538b5a932,USGS-03274615,00065,00011,2023-01-30 09:45:00+00:00,3.53,ft,Approved,,2025-09-01 20:21:53.716170+00:00
,,80e9694a-fc6f-47e9-87fa-8a590e8c7a00,0c49166273014487baa157c538b5a932,USGS-03274615,00065,00011,2023-01-30 09:30:00+00:00,3.53,ft,Approved,,2025-09-01 20:21:53.716170+00:00
,,59dc3d24-2a30-4cee-8c29-ae64f675c11d,0c49166273014487baa157c538b5a932,USGS-03274615,00065,00011,2023-01-30 09:15:00+00:00,3.50,ft,Approved,,2025-09-01 20:21:53.716170+00:00
,,66365155-bae6-4cd0-9d75-990d6d180934,0c49166273014487baa157c538b5a932,USGS-03274615,00065,00011,2023-01-30 09:00:00+00:00,3.50,ft,Approved,,2025-09-01 20:21:53.716170+00:00
,,c84036b7-7fe5-4f2a-9d87-ac573770cf15,0c49166273014487baa157c538b5a932,USGS-03274615,00065,00011,2023-01-30 08:45:00+00:00,3.50,ft,Approved,,2025-09-01 20:21:53.716170+00:00
,,35154072-2c87-4441-bd48-024e76ca5930,0c49166273014487baa157c538b5a932,USGS-03274615,00065,00011,2023-01-30 08:30:00+00:00,3.50,ft,Approved,,2025-09-01 20:21:53.716170+00:00
,,d974d2b0-0608-4622-8633-02a951966201,0c49166273014487baa157c538b5a932,USGS-03274615,00065,00011,2023-01-30 08:15:00+00:00,3.48,ft,Approved,,2025-09-01 20:21:53.716170+00:00
,,c1e61ab3-e49a-45aa-a535-52c369ca4243,0c49166273014487baa157c538b5a932,USGS-03274615,00065,00011,2023-01-30 08:00:00+00:00,3.50,ft,Approved,,2025-09-01 20:21:53.716170+00:00
,,8c94f538-9b57-4d87-ae23-4435353bf7e1,0c49166273014487baa157c538b5a932,USGS-03274615,00065,00011,2023-01-30 07:45:00+00:00,3.50,ft,Approved,,2025-09-01 20:21:53.716170+00:00
,,c9e77603-7912-4ed4-ae01-6b859d452b7c,0c49166273014487baa157c538b5a932,USGS-03274615,00065,00011,2023-01-30 07:30:00+00:00,3.48,ft,Approved,,2025-09-01 20:21:53.716170+00:00
,,d6ab8f46-c323-46a8-94af-55b81472c0a8,0c49166273014487baa157c538b5a932,USGS-03274615,00065,00011,2023-01-30 07:15:00+00:00,3.48,ft,Approved,,2025-09-01 20:21:53.716170+00:00
,,c13e5f95-6b42-45cc-b194-03e2a8f19000,0c49166273014487baa157c538b5a932,USGS-03274615,00065,00011,2023-01-30 07:00:00+00:00,3.49,ft,Approved,,2025-09-01 20:21:53.716170+00:00
,,ce862128-8612-4cec-81ba-ba01a727c707,0c49166273014487baa157c538b5a932,USGS-03274615,00065,00011,2023-01-30 06:45:00+00:00,3.47,ft,Approved,,2025-09-01 20:21:53.716170+00:00
,,f14277ea-a85d-4cc3-b740-473b7cecdebc,0c49166273014487baa157c538b5a932,USGS-03274615,00065,00011,2023-01-30 06:30:00+00:00,3.48,ft,Approved,,2025-09-01 20:21:53.716170+00:00
,,e80e3c26-2439-408f-8bd5-f04b1f03c7d3,0c49166273014487baa157c538b5a932,USGS-03274615,00065,00011,2023-01-30 06:15:00+00:00,3.47,ft,Approved,,2025-09-01 20:21:53.716170+00:00
,,3715c55a-5c31-4a32-a920-5d4df3f19d4c,0c49166273014487baa157c538b5a932,USGS-03274615,00065,00011,2023-01-30 06:00:00+00:00,3.47,ft,Approved,,2025-09-01 20:21:53.716170+00:00
,,5aa29065-daf7-48e5-b255-a092153d6665,0c49166273014487baa157c538b5a932,USGS-03274615,00065,00011,2023-01-30 05:45:00+00:00,3.47,ft,Approved,,2025-09-01 20:21:53.716170+00:00
,,3792cb00-28bb-40cb-8feb-0294d5a481a2,0c49166273014487baa157c538b5a932,USGS-03274615,00065,00011,2023-01-30 05:30:00+00:00,3.45,ft,Approved,,2025-09-01 20:21:53.716170+00:00
,,2dcb99c3-b8a1-4e08-b82d-1e153fa6f823,0c49166273014487baa157c538b5a932,USGS-03274615,00065,00011,2023-01-30 05:15:00+00:00,3.47,ft,Approved,,2025-09-01 20:21:53.716170+00:00
,,9df6a2c3-53c8-4de0-bc3c-d7c292713d93,0c49166273014487baa157c538b5a932,USGS-03274615,00065,00011,2023-01-30 05:00:00+00:00,3.45,ft,Approved,,2025-09-01 20:21:53.716170+00:00
,,4458709e-b147-49ad-8ba8-560b7b6f3df4,0c49166273014487baa157c538b5a932,USGS-03274615,00065,00011,2023-01-30 04:45:00+00:00,3.46,ft,Approved,,2025-09-01 20:21:53.716170+00:00
,,758cab4a-f495-48a9-936f-b89cb8445d35,0c49166273014487baa157c538b5a932,USGS-03274615,00065,00011,2023-01-30 04:30:00+00:00,3.47,ft,Approved,,2025-09-01 20:21:53.716170+00:00
,,edc97925-a52c-47eb-8078-d905005e6a86,0c49166273014487baa157c538b5a932,USGS-03274615,00065,00011,2023-01-30 04:15:00+00:00,3.44,ft,Approved,,2025-09-01 20:21:53.716170+00:00
,,b7807a96-50a4-4d4c-856e-c0c6738e7581,0c49166273014487baa157c538b5a932,USGS-03274615,00065,00011,2023-01-30 04:00:00+00:00,3.46,ft,Approved,,2025-09-01 20:21:53.716170+00:00
,,a40a42e3-e476-45c5-86a6-c264bd4ea3d3,0c49166273014487baa157c538b5a932,USGS-03274615,00065,00011,2023-01-30 03:45:00+00:00,3.46,ft,Approved,,2025-09-01 20:21:53.716170+00:00
,,6c5fdf99-5a23-4ad7-a45c-f5f98dd68ca4,0c49166273014487baa157c538b5a932,USGS-03274615,00065,00011,2023-01-30 03:30:00+00:00,3.45,ft,Approved,,2025-09-01 20:21:53.716170+00:00
,,c830dafc-2785-4c0a-925c-47acac31c821,0c49166273014487baa157c538b5a932,USGS-03274615,00065,00011,2023-01-30 03:15:00+00:00,3.44,ft,Approved,,2025-09-01 20:21:53.716170+00:00
,,13d70ab9-8411-4c64-974d-13c27350ec81,0c49166273014487baa157c538b5a932,USGS-03274615,00065,00011,2023-01-30 03:00:00+00:00,3.47,ft,Approved,,2025-09-01 20:21:53.716170+00:00
,,eb6616b8-ac90-4139-af5a-ff9510ac7ecc,0c49166273014487baa157c538b5a932,USGS-03274615,00065,00011,2023-01-30 02:45:00+00:00,3.46,ft,Approved,,2025-09-01 20:21:53.716170+00:00
,,6dc53865-19cd-4846-9d60-33cd06a7aae5,0c49166273014487baa157c538b5a932,USGS-03274615,00065,00011,2023-01-30 02:30:00+00:00,3.44,ft,Approved,,2025-09-01 20:21:53.716170+00:00
,,8f01d09f-783a-400f-b48b-4d4b714a74d2,0c49166273014487baa157c538b5a932,USGS-03274615,00065,00011,2023-01-30 02:15:00+00:00,3.43,ft,Approved,,2025-09-01 20:21:53.716170+00:00
,,830c9653-240d-491e-9fc9-384281550ab1,0c49166273014487baa157c538b5a932,USGS-03274615,00065,00011,2023-01-30 02:00:00+00:00,3.46,ft,Approved,,2025-09-01 20:21:53.716170+00:00
,,f4ae601e-8c3a-4f9b-aea5-aa178805476b,0c49166273014487baa157c538b5a932,USGS-03274615,00065,00011,2023-01-30 01:45:00+00:00,3.44,ft,Approved,,2025-09-01 20:21:53.716170+00:00
,,ebcae2c9-ec66-4b5a-9bec-c01d0e5d6457,0c49166273014487baa157c538b5a932,USGS-03274615,00065,00011,2023-01-30 01:30:00+00:00,3.44,ft,Approved,,2025-09-01 20:21:53.716170+00:00
,,fc62ade2-eb55-4501-bab5-6d671e859b33,0c49166273014487baa157c538b5a932,USGS-03274615,00065,00011,2023-01-30 01:15:00+00:00,3.44,ft,Approved,,2025-09-01 20:21:53.716170+00:00
,,6949a50a-6f31-4c2a-b534-ad0693368969,0c49166273014487baa157c538b5a932,USGS-03274615,00065,00011,2023-01-30 01:00:00+00:00,3.44,ft,Approved,,2025-09-01 20:21:53.716170+00:00
,,6cd5bc7d-a29a-4960-97de-1aaf677e54f3,0c49166273014487baa157c538b5a932,USGS-03274615,00065,00011,2023-01-30 00:45:00+00:00,3.45,ft,Approved,,2025-09-01 20:21:53.716170+00:00
,,f89e70b5-0b28-44bc-9c8e-dd85abdc6b73,0c49166273014487baa157c538b5a932,USGS-03274615,00065,00011,2023-01-30 00:30:00+00:00,3.45,ft,Approved,,2025-09-01 20:21:53.716170+00:00
,,7cad6606-2fd7-42c8-8dac-e7061e337dda,0c49166273014487baa157c538b5a932,USGS-03274615,00065,00011,2023-01-30 00:15:00+00:00,3.44,ft,Approved,,2025-09-01 20:21:53.716170+00:00
,,462eb7ee-3cba-4a04-b9b0-c88c5678d749,0c49166273014487baa157c538b5a932,USGS-03274615,00065,00011,2023-01-30 00:00:00+00:00,3.44,ft,Approved,,2025-09-01 20:21:53.716170+00:00
,,97738aa1-cc42-4cd1-a4f6-7f796d241a2b,0c49166273014487baa157c538b5a932,USGS-03274615,00065,00011,2023-01-29 23:45:00+00:00,3.45,ft,Approved,,2025-09-01 20:21:53.716170+00:00
,,b6172c5d-f9f2-4a90-958d-6496b1290e4a,0c49166273014487baa157c538b5a932,USGS-03274615,00065,00011,2023-01-29 23:30:00+00:00,3.45,ft,Approved,,2025-09-01 20:21:53.716170+00:00
,,07789651-669b-430b-8c27-26270f479a35,0c49166273014487baa157c538b5a932,USGS-03274615,00065,00011,2023-01-29 23:15:00+00:00,3.44,ft,Approved,,2025-09-01 20:21:53.716170+00:00
,,945f23d9-10cf-49e3-a7b8-ebe12968704f,0c49166273014487baa157c538b5a932,USGS-03274615,00065,00011,2023-01-29 23:00:00+00:00,3.44,ft,Approved,,2025-09-01 20:21:53.716170+00:00
,,7d60b42c-9f7a-4886-9dbd-6eb541ae687e,0c49166273014487baa157c538b5a932,USGS-03274615,00065,00011,2023-01-29 22:45:00+00:00,3.45,ft,Approved,,2025-09-01 20:21:53.716170+00:00
,,b1c1faa7-42f0-47f4-8f43-cdd0df81ab44,0c49166273014487baa157c538b5a932,USGS-03274615,00065,00011,2023-01-29 22:30:00+00:00,3.45,ft,Approved,,2025-09-01 20:21:53.716170+00:00
,,5a2fdc00-0957-4491-aba5-7ed22d4ad7c5,0c49166273014487baa157c538b5a932,USGS-03274615,00065,00011,2023-01-29 22:15:00+00:00,3.44,ft,Approved,,2025-09-01 20:21:53.716170+00:00
,,f491eedb-98de-4fc0-b336-d13ed032554a,0c49166273014487baa157c538b5a932,USGS-03274615,00065,00011,2023-01-29 22:00:00+00:00,3.46,ft,Approved,,2025-09-01 20:21:53.716170+00:00
,,ea353403-618a-4924-b5e7-451c8ac41c85,0c49166273014487baa157c538b5a932,USGS-03274615,00065,00011,2023-01-29 21:45:00+00:00,3.46,ft,Approved,,2025-09-01 20:21:53.716170+00:00
,,f2ebf86f-0780-44cf-8109-b17243761f2c,0c49166273014487baa157c538b5a932,USGS-03274615,00065,00011,2023-01-29 21:30:00+00:00,3.46,ft,Approved,,2025-09-01 20:21:53.716170+00:00
,,447ed66a-6f88-44e8-82bf-9f241bec9147,0c49166273014487baa157c538b5a932,USGS-03274615,00065,00011,2023-01-29 21:15:00+00:00,3.48,ft,Approved,,2025-09-01 20:21:53.716170+00:00
,,25ad7a54-38d6-461a-b83f-c51795d2a3b0,0c49166273014487baa157c538b5a932,USGS-03274615,00065,00011,2023-01-29 21:00:00+00:00,3.49,ft,Approved,,2025-09-01 20:21:53.716170+00:00
,,2268fd9d-9cc1-4571-acb5-7d7e14efea13,0c49166273014487baa157c538b5a932,USGS-03274615,00065,00011,2023-01-29 20:45:00+00:00,3.46,ft,Approved,,2025-09-01 20:21:53.716170+00:00
,,56e5da1e-a41f-4e55-87bc-18e14dbc63fc,0c49166273014487baa157c538b5a932,USGS-03274615,00065,00011,2023-01-29 20:30:00+00:00,3.46,ft,Approved,,2025-09-01 20:21:53.716170+00:00
,,928f7eee-00cc-4d29-8325-ba4c0de42a08,0c49166273014487baa157c538b5a932,USGS-03274615,00065,00011,2023-01-29 20:15:00+00:00,3.43,ft,Approved,,2025-09-01 20:21:53.716170+00:00
,,2b050fe1-8a69-443e-8475-be20cbf6eb0a,0c49166273014487baa157c538b5a932,USGS-03274615,00065,00011,2023-01-29 20:00:00+00:00,3.47,ft,Approved,,2025-09-01 20:21:53.716170+00:00
,,3e6ef6b5-1c30-4d50-a757-eee6880dc99e,0c49166273014487baa157c538b5a932,USGS-03274615,00065,00011,2023-01-29 19:45:00+00:00,3.46,ft,Approved,,2025-09-01 20:21:53.716170+00:00
,,cdbac380-9017-473f-8b06-c7d1034b0325,0c49166273014487baa157c538b5a932,USGS-03274615,00065,00011,2023-01-29 19:30:00+00:00,3.45,ft,Approved,,2025-09-01 20:21:53.716170+00:00
,,deb4acd1-d0ab-41a6-93aa-862329c0cb04,0c49166273014487baa157c538b5a932,USGS-03274615,00065,00011,2023-01-29 19:15:00+00:00,3.46,ft,Approved,,2025-09-01 20:21:53.716170+00:00
,,37394ffd-527c-4167-b9fc-f3db3c011a87,0c49166273014487baa157c538b5a932,USGS-03274615,00065,00011,2023-01-29 19:00:00+00:00,3.47,ft,Approved,,2025-09-01 20:21:53.716170+00:00
,,f002199d-8d75-48cb-b6f0-5775435fc747,0c49166273014487baa157c538b5a932,USGS-03274615,00065,00011,2023-01-29 18:45:00+00:00,3.45,ft,Approved,,2025-09-01 20:21:53.716170+00:00
,,14ebe204-fdc2-4611-bb91-b41b8bd7edd2,0c49166273014487baa157c538b5a932,USGS-03274615,00065,00011,2023-01-29 18:30:00+00:00,3.45,ft,Approved,,2025-09-01 20:21:53.716170+00:00
,,a64286f9-632d-4834-9f1e-58a0b4e4e09b,0c49166273014487baa157c538b5a932,USGS-03274615,00065,00011,2023-01-29 18:15:00+00:00,3.46,ft,Approved,,2025-09-01 20:21:53.716170+00:00
,,83cea5e7-bd4a-415e-9666-fe076b2bda40,0c49166273014487baa157c538b5a932,USGS-03274615,00065,00011,2023-01-29 18:00:00+00:00,3.47,ft,Approved,,2025-09-01 20:21:53.716170+00:00
,,7343b760-aa7e-4b31-94eb-cba01e1b8e36,0c49166273014487baa157c538b5a932,USGS-03274615,00065,00011,2023-01-29 17:45:00+00:00,3.46,ft,Approved,,2025-09-01 20:21:53.716170+00:00
,,2238b487-e194-4ca7-8f8a-e876a0b5d17a,0c49166273014487baa157c538b5a932,USGS-03274615,00065,00011,2023-01-29 17:30:00+00:00,3.47,ft,Approved,,2025-09-01 20:21:53.716170+00:00
,,cf515700-94e6-4d81-9a22-37436f1d28e7,0c49166273014487baa157c538b5a932,USGS-03274615,00065,00011,2023-01-29 17:15:00+00:00,3.49,ft,Approved,,2025-09-01 20:21:53.716170+00:00
,,7b8b2f27-7660-4d6d-9a3c-91daec0991f3,0c49166273014487baa157c538b5a932,USGS-03274615,00065,00011,2023-01-29 17:00:00+00:00,3.46,ft,Approved,,2025-09-01 20:21:53.716170+00:00
,,9c6b5e51-a11c-4689-b0bf-cb40438bba4d,0c49166273014487baa157c538b5a932,USGS-03274615,00065,00011,2023-01-29 16:45:00+00:00,3.45,ft,Approved,,2025-09-01 20:21:53.716170+00:00
,,b6781797-13ba-4fbf-9f60-d121629b4759,0c49166273014487baa157c538b5a932,USGS-03274615,00065,00011,2023-01-29 16:30:00+00:00,3.49,ft,Approved,,2025-09-01 20:21:53.716170+00:00
,,5dc0c1ff-c11f-4e47-a023-39a182b70c7e,0c49166273014487baa157c538b5a932,USGS-03274615,00065,00011,2023-01-29 16:15:00+00:00,3.48,ft,Approved,,2025-09-01 20:21:53.716170+00:00
,,631ec8c7-e720-4a9b-9d2f-e83fec4d12e7,0c49166273014487baa157c538b5a932,USGS-03274615,00065,00011,2023-01-29 16:00:00+00:00,3.43,ft,Approved,,2025-09-01 20:21:53.716170+00:00
,,989d2ff1-b6fd-42fc-879f-8c6342d009cf,0c49166273014487baa157c538b5a932,USGS-03274615,00065,00011,2023-01-29 15:45:00+00:00,3.45,ft,Approved,,2025-09-01 20:21:53.716170+00:00
,,69ca390d-1687-44e0-8667-2fa007440b25,0c49166273014487baa157c538b5a932,USGS-03274615,00065,00011,2023-01-29 15:30:00+00:00,3.46,ft,Approved,,2025-09-01 20:21:53.716170+00:00
,,2b370d9f-a2a8-4ccb-9577-f63ad44b51a6,0c49166273014487baa157c538b5a932,USGS-03274615,00065,00011,2023-01-29 15:15:00+00:00,3.48,ft,Approved,,2025-09-01 20:21:53.716170+00:00
,,cf3d453a-adc9-4cd4-95ed-d358fca53d09,0c49166273014487baa157c538b5a932,USGS-03274615,00065,00011,2023-01-29 15:00:00+00:00,3.49,ft,Approved,,2025-09-01 20:21:53.716170+00:00
,,e9e4a8c9-7daf-46a1-bc66-12887d9ea947,0c49166273014487baa157c538b5a932,USGS-03274615,00065,00011,2023-01-29 14:45:00+00:00,3.45,ft,Approved,,2025-09-01 20:21:53.716170+00:00
,,9ec99d0d-2811-4aca-9f0e-4c1174d7389b,0c49166273014487baa157c538b5a932,USGS-03274615,00065,00011,2023-01-29 14:30:00+00:00,3.45,ft,Approved,,2025-09-01 20:21:53.716170+00:00
,,4f7fcc4a-e5e0-4621-98f6-b5011d8ed744,0c49166273014487baa157c538b5a932,USGS-03274615,00065,00011,2023-01-29 14:15:00+00:00,3.48,ft,Approved,,2025-09-01 20:21:53.716170+00:00
,,e5d2f62b-b889-4c9d-b488-96ebd10873ef,0c49166273014487baa157c538b5a932,USGS-03274615,00065,00011,2023-01-29 14:00:00+00:00,3.51,ft,Approved,,2025-09-01 20:21:53.716170+00:00
,,b6c596be-7ac3-46a1-b02c-46b1e41c6448,0c49166273014487baa157c538b5a932,USGS-03274615,00065,00011,2023-01-29 13:45:00+00:00,3.42,ft,Approved,,2025-09-01 20:21:53.716170+00:00
,,608c6d24-1e62-4461-9d90-e36635db0978,0c49166273014487baa157c538b5a932,USGS-03274615,00065,00011,2023-01-29 13:30:00+00:00,3.46,ft,Approved,,2025-09-01 20:21:53.716170+00:00
,,b78511e3-b28b-42b3-bd1e-325d48885aba,0c49166273014487baa157c538b5a932,USGS-03274615,00065,00011,2023-01-29 13:15:00+00:00,3.49,ft,Approved,,2025-09-01 20:21:53.716170+00:00
,,4f799f13-d49d-48b6-9a25-5c46ef65e7aa,0c49166273014487baa157c538b5a932,USGS-03274615,00065,00011,2023-01-29 13:00:00+00:00,3.47,ft,Approved,,2025-09-01 20:21:53.716170+00:00
,,cdd2b70f-653f-42d8-b615-2e23bc506ce0,0c49166273014487baa157c538b5a932,USGS-03274615,00065,00011,2023-01-29 12:45:00+00:00,3.45,ft,Approved,,2025-09-01 20:21:53.716170+00:00
,,21a27b6e-b28a-4c2c-b8d9-51f22f593595,0c49166273014487baa157c538b5a932,USGS-03274615,00065,00011,2023-01-29 12:30:00+00:00,3.47,ft,Approved,,2025-09-01 20:21:53.716170+00:00
,,fa42d4a9-e3ae-464e-932c-7af4a68bcfeb,0c49166273014487baa157c538b5a932,USGS-03274615,00065,00011,2023-01-29 12:15:00+00:00,3.41,ft,Approved,,2025-09-01 20:21:53.716170+00:00
,,8e94712e-6d63-49f6-987d-a4cd9120c0dc,0c49166273014487baa157c538b5a932,USGS-03274615,00065,00011,2023-01-29 12:00:00+00:00,3.43,ft,Approved,,2025-09-01 20:21:53.716170+00:00
,,97e5d2a7-07d7-4ed0-be76-afa9aa72b345,0c49166273014487baa157c538b5a932,USGS-03274615,00065,00011,2023-01-29 11:45:00+00:00,3.40,ft,Approved,,2025-09-01 20:21:53.716170+00:00
,,a85ca1de-36cc-4c57-8694-f9e917ab91b9,0c49166273014487baa157c538b5a932,USGS-03274615,00065,00011,2023-01-29 11:30:00+00:00,3.42,ft,Approved,,2025-09-01 20:21:53.716170+00:00
,,68d6a136-4e9a-47f0-ae66-f35eae6d2aef,0c49166273014487baa157c538b5a932,USGS-03274615,00065,00011,2023-01-29 11:15:00+00:00,3.42,ft,Approved,,2025-09-01 20:21:53.716170+00:00
,,79037add-ed07-448e-b3fa-2c15c74c1020,0c49166273014487baa157c538b5a932,USGS-03274615,00065,00011,2023-01-29 11:00:00+00:00,3.44,ft,Approved,,2025-09-01 20:21:53.716170+00:00
,,3043e919-0a16-419c-89a6-afdce5e61ff9,0c49166273014487baa157c538b5a932,USGS-03274615,00065,00011,2023-01-29 10:45:00+00:00,3.45,ft,Approved,,2025-09-01 20:21:53.716170+00:00
,,3fd8cf74-6adf-4dc6-85c6-94768b421844,0c49166273014487baa157c538b5a932,USGS-03274615,00065,00011,2023-01-29 10:30:00+00:00,3.47,ft,Approved,,2025-09-01 20:21:53.716170+00:00
,,7bc03728-64bb-42b6-8fe9-816a2429880e,0c49166273014487baa157c538b5a932,USGS-03274615,00065,00011,2023-01-29 10:15:00+00:00,3.51,ft,Approved,,2025-09-01 20:21:53.716170+00:00
,,3b555e39-6678-4547-991b-ea79422d0b0f,0c49166273014487baa157c538b5a932,USGS-03274615,00065,00011,2023-01-29 10:00:00+00:00,3.50,ft,Approved,,2025-09-01 20:21:53.716170+00:00
,,07d3ebca-d955-4d52-afd2-e3923b7ca49e,0c49166273014487baa157c538b5a932,USGS-03274615,00065,00011,2023-01-29 09:45:00+00:00,3.53,ft,Approved,,2025-09-01 20:21:53.716170+00:00
,,994ea3ef-3122-4221-8f1e-6d4aa5997c25,0c49166273014487baa157c538b5a932,USGS-03274615,00065,00011,2023-01-29 09:30:00+00:00,3.49,ft,Approved,,2025-09-01 20:21:53.716170+00:00
,,21c3aa68-d475-4fab-a502-df9f5bf1bc8d,0c49166273014487baa157c538b5a932,USGS-03274615,00065,00011,2023-01-29 09:15:00+00:00,3.53,ft,Approved,,2025-09-01 20:21:53.716170+00:00
,,1beab2c9-e113-49b8-b3f6-4390e109c732,0c49166273014487baa157c538b5a932,USGS-03274615,00065,00011,2023-01-29 09:00:00+00:00,3.51,ft,Approved,,2025-09-01 20:21:53.716170+00:00
,,cf4c7c24-074f-498d-9f0f-742def009f8f,0c49166273014487baa157c538b5a932,USGS-03274615,00065,00011,2023-01-29 08:45:00+00:00,3.52,ft,Approved,,2025-09-01 20:21:53.716170+00:00
,,165a31c4-1afa-40f5-a1d8-8459c61d897c,0c49166273014487baa157c538b5a932,USGS-03274615,00065,00011,2023-01-29 08:30:00+00:00,3.50,ft,Approved,,2025-09-01 20:21:53.716170+00:00
,,a1315bb9-7185-47e6-963c-ac1b6736ceb1,0c49166273014487baa157c538b5a932,USGS-03274615,00065,00011,2023-01-29 08:15:00+00:00,3.51,ft,Approved,,2025-09-01 20:21:53.716170+00:00
,,806e2de1-d850-4cd8-b83f-af4f9c63e0dd,0c49166273014487baa157c538b5a932,USGS-03274615,00065,00011,2023-01-29 08:00:00+00:00,3.50,ft,Approved,,2025-09-01 20:21:53.716170+00:00
,,b233a62e-4ff6-45a4-ab47-84a4da4daf8d,0c49166273014487baa157c538b5a932,USGS-03274615,00065,00011,2023-01-29 07:45:00+00:00,3.41,ft,Approved,,2025-09-01 20:21:53.716170+00:00
,,13a5e387-0d79-4e43-a54b-f72d1a16aaff,0c49166273014487baa157c538b5a932,USGS-03274615,00065,00011,2023-01-29 07:30:00+00:00,3.40,ft,Approved,,2025-09-01 20:21:53.716170+00:00
,,083907e2-99e6-42da-8082-5782710c7d92,0c49166273014487baa157c538b5a932,USGS-03274615,00065,00011,2023-01-29 07:15:00+00:00,3.44,ft,Approved,,2025-09-01 20:21:53.716170+00:00
,,9d16fe5c-a98b-4118-91b0-d18a63d3f871,0c49166273014487baa157c538b5a932,USGS-03274615,00065,00011,2023-01-29 07:00:00+00:00,3.45,ft,Approved,,2025-09-01 20:21:53.716170+00:00
,,0ceb9e58-a944-43ad-9e53-b5ca13c5ddd2,0c49166273014487baa157c538b5a932,USGS-03274615,00065,00011,2023-01-29 06:45:00+00:00,3.48,ft,Approved,,2025-09-01 20:21:53.716170+00:00
,,b0986653-b0a1-4c9b-94e1-0933f44f6267,0c49166273014487baa157c538b5a932,USGS-03274615,00065,00011,2023-01-29 06:30:00+00:00,3.52,ft,Approved,,2025-09-01 20:21:53.716170+00:00
,,a41e7aa2-5149-4ebf-b585-60aafaac744d,0c49166273014487baa157c538b5a932,USGS-03274615,00065,00011,2023-01-29 06:15:00+00:00,3.51,ft,Approved,,2025-09-01 20:21:53.716170+00:00
,,89cf9671-a034-4ac5-bf16-bea719a614a7,0c49166273014487baa157c538b5a932,USGS-03274615,00065,00011,2023-01-29 06:00:00+00:00,3.52,ft,Approved,,2025-09-01 20:21:53.716170+00:00
,,2f2eb3ab-8ee6-4d68-9fa6-c15be2c6e2d2,0c49166273014487baa157c538b5a932,USGS-03274615,00065,00011,2023-01-29 05:45:00+00:00,3.52,ft,Approved,,2025-09-01 20:21:53.716170+00:00
,,6a457efd-efda-4bfa-88b8-262dedd6e6ac,0c49166273014487baa157c538b5a932,USGS-03274615,00065,00011,2023-01-29 05:30:00+00:00,3.56,ft,Approved,,2025-09-01 20:21:53.716170+00:00
,,57e6db3b-43c0-46d4-ad42-a092f7d231a6,0c49166273014487baa157c538b5a932,USGS-03274615,00065,00011,2023-01-29 05:15:00+00:00,3.53,ft,Approved,,2025-09-01 20:21:53.716170+00:00
,,273449fe-783b-4412-9d9b-f4397fe0e154,0c49166273014487baa157c538b5a932,USGS-03274615,00065,00011,2023-01-29 05:00:00+00:00,3.40,ft,Approved,,2025-09-01 20:21:53.716170+00:00
,,c4c1fc69-c57f-49ea-80ac-880ef806c9dc,0c49166273014487baa157c538b5a932,USGS-03274615,00065,00011,2023-01-29 04:45:00+00:00,3.47,ft,Approved,,2025-09-01 20:21:53.716170+00:00
,,10eed8a3-1510-47de-9223-486ea9b7016d,0c49166273014487baa157c538b5a932,USGS-03274615,00065,00011,2023-01-29 04:30:00+00:00,3.50,ft,Approved,,2025-09-01 20:21:53.716170+00:00
,,18ca42d4-ef13-4e91-b897-efd8dc68071c,0c49166273014487baa157c538b5a932,USGS-03274615,00065,00011,2023-01-29 04:15:00+00:00,3.53,ft,Approved,,2025-09-01 20:21:53.716170+00:00
,,3dacee1c-103c-4749-85c4-804e304cbdc6,0c49166273014487baa157c538b5a932,USGS-03274615,00065,00011,2023-01-29 04:00:00+00:00,3.56,ft,Approved,,2025-09-01 20:21:53.716170+00:00
,,d17b5a49-d4f9-4c2e-98a9-9759e60121c4,0c49166273014487baa157c538b5a932,USGS-03274615,00065,00011,2023-01-29 03:45:00+00:00,3.51,ft,Approved,,2025-09-01 20:21:53.716170+00:00
,,d39f4250-3c70-4102-8124-b07073f4bc1b,0c49166273014487baa157c538b5a932,USGS-03274615,00065,00011,2023-01-29 03:30:00+00:00,3.55,ft,Approved,,2025-09-01 20:21:53.716170+00:00
,,72a09a57-e9ba-4ff3-a5fa-75a19c8217c1,0c49166273014487baa157c538b5a932,USGS-03274615,00065,00011,2023-01-29 03:15:00+00:00,3.56,ft,Approved,,2025-09-01 20:21:53.716170+00:00
,,e32903ec-6400-486c-aa42-b938d330fb7f,0c49166273014487baa157c538b5a932,USGS-03274615,00065,00011,2023-01-29 03:00:00+00:00,3.55,ft,Approved,,2025-09-01 20:21:53.716170+00:00
,,29dbb8ff-d17d-416e-93e3-d5585efdf1d5,0c49166273014487baa157c538b5a932,USGS-03274615,00065,00011,2023-01-29 02:45:00+00:00,3.58,ft,Approved,,2025-09-01 20:21:53.716170+00:00
,,36749212-506d-41db-9d00-daffb1f0f8d5,0c49166273014487baa157c538b5a932,USGS-03274615,00065,00011,2023-01-29 02:30:00+00:00,3.58,ft,Approved,,2025-09-01 20:21:53.716170+00:00
,,0d8ab1eb-c854-4248-8b9f-237f6fa01e69,0c49166273014487baa157c538b5a932,USGS-03274615,00065,00011,2023-01-29 02:15:00+00:00,3.58,ft,Approved,,2025-09-01 20:21:53.716170+00:00
,,fcd332b5-30fe-450d-84df-8e6aebe5ae8d,0c49166273014487baa157c538b5a932,USGS-03274615,00065,00011,2023-01-29 02:00:00+00:00,3.60,ft,Approved,,2025-09-01 20:21:53.716170+00:00
,,a10c80b8-f616-49b0-ab20-74d025a316d8,0c49166273014487baa157c538b5a932,USGS-03274615,00065,00011,2023-01-29 01:45:00+00:00,3.59,ft,Approved,,2025-09-01 20:21:53.716170+00:00
,,929e905d-556b-4e32-b795-82f08210d035,0c49166273014487baa157c538b5a932,USGS-03274615,00065,00011,2023-01-29 01:30:00+00:00,3.59,ft,Approved,,2025-09-01 20:21:53.716170+00:00
,,be5674bc-2a6c-4e9a-86dd-fbf9daf914ce,0c49166273014487baa157c538b5a932,USGS-03274615,00065,00011,2023-01-29 01:15:00+00:00,3.60,ft,Approved,,2025-09-01 20:21:53.716170+00:00
,,dbdaa0ef-3002-4e7c-af24-2a8d5e8d4092,0c49166273014487baa157c538b5a932,USGS-03274615,00065,00011,2023-01-29 01:00:00+00:00,3.62,ft,Approved,,2025-09-01 20:21:53.716170+00:00
,,e21860ec-0563-4579-9df3-577116d2de2d,0c49166273014487baa157c538b5a932,USGS-03274615,00065,00011,2023-01-29 00:45:00+00:00,3.62,ft,Approved,,2025-09-01 20:21:53.716170+00:00
,,a0f79fc4-8c6d-41ed-9b86-0629d7b08eb6,0c49166273014487baa157c538b5a932,USGS-03274615,00065,00011,2023-01-29 00:30:00+00:00,3.61,ft,Approved,,2025-09-01 20:21:53.716170+00:00
,,ddf016df-ccbb-4b72-bd17-9b762a20e4a8,0c49166273014487baa157c538b5a932,USGS-03274615,00065,00011,2023-01-29 00:15:00+00:00,3.63,ft,Approved,,2025-09-01 20:21:53.716170+00:00
,,670da010-3362-4fa1-89c4-86a1d92f575d,0c49166273014487baa157c538b5a932,USGS-03274615,00065,00011,2023-01-29 00:00:00+00:00,3.62,ft,Approved,,2025-09-01 20:21:53.716170+00:00
,,d222ea9f-0d93-46b9-bc05-a88b17aaf3ae,0c49166273014487baa157c538b5a932,USGS-03274615,00065,00011,2023-01-28 23:45:00+00:00,3.65,ft,Approved,,2025-09-01 20:21:53.716170+00:00
,,0cf0773f-bb05-4bc1-8323-d15a82e6c0f3,0c49166273014487baa157c538b5a932,USGS-03274615,00065,00011,2023-01-28 23:30:00+00:00,3.60,ft,Approved,,2025-09-01 20:21:53.716170+00:00
,,8f3472df-c31e-4bd7-a6b7-b5f5e71171f2,0c49166273014487baa157c538b5a932,USGS-03274615,00065,00011,2023-01-28 23:15:00+00:00,3.65,ft,Approved,,2025-09-01 20:21:53.716170+00:00
,,fefdd0e7-43ad-482e-afd7-756b86ca003e,0c49166273014487baa157c538b5a932,USGS-03274615,00065,00011,2023-01-28 23:00:00+00:00,3.67,ft,Approved,,2025-09-01 20:21:53.716170+00:00
,,20105ef0-c05f-45eb-a4d8-349af0f8b831,0c49166273014487baa157c538b5a932,USGS-03274615,00065,00011,2023-01-28 22:45:00+00:00,3.63,ft,Approved,,2025-09-01 20:21:53.716170+00:00
,,7b01fb93-bc2e-4c44-85c8-5a40707aa53a,0c49166273014487baa157c538b5a932,USGS-03274615,00065,00011,2023-01-28 22:30:00+00:00,3.65,ft,Approved,,2025-09-01 20:21:53.716170+00:00
,,3c03b5c6-2bd8-4186-a38a-2c5931260574,0c49166273014487baa157c538b5a932,USGS-03274615,00065,00011,2023-01-28 22:15:00+00:00,3.63,ft,Approved,,2025-09-01 20:21:53.716170+00:00
,,a62c0788-3aae-4257-bbfb-d9d15df6adc7,0c49166273014487baa157c538b5a932,USGS-03274615,00065,00011,2023-01-28 22:00:00+00:00,3.65,ft,Approved,,2025-09-01 20:21:53.716170+00:00
,,2b6ef376-a3c5-4179-8f35-0d6373c112a9,0c49166273014487baa157c538b5a932,USGS-03274615,00065,00011,2023-01-28 21:45:00+00:00,3.57,ft,Approved,,2025-09-01 20:21:53.716170+00:00
,,1b573802-5bd3-4dc6-acba-6a175037b1f3,0c49166273014487baa157c538b5a932,USGS-03274615,00065,00011,2023-01-28 21:30:00+00:00,3.62,ft,Approved,,2025-09-01 20:21:53.716170+00:00
,,8174c064-7415-4ce1-ac92-34cbb99a11a9,0c49166273014487baa157c538b5a932,USGS-03274615,00065,00011,2023-01-28 21:15:00+00:00,3.66,ft,Approved,,2025-09-01 20:21:53.716170+00:00
,,44b760d1-9b2e-43a7-9261-c6ec83d5baa6,0c49166273014487baa157c538b5a932,USGS-03274615,00065,00011,2023-01-28 21:00:00+00:00,3.67,ft,Approved,,2025-09-01 20:21:53.716170+00:00
,,b5a0b3b8-378f-417a-a175-028912e15a70,0c49166273014487baa157c538b5a932,USGS-03274615,00065,00011,2023-01-28 20:45:00+00:00,3.66,ft,Approved,,2025-09-01 20:21:53.716170+00:00
,,ac47a8bb-e6cc-4b81-9eb3-d194fd5eaac0,0c49166273014487baa157c538b5a932,USGS-03274615,00065,00011,2023-01-28 20:30:00+00:00,3.62,ft,Approved,,2025-09-01 20:21:53.716170+00:00
,,625c8238-fb4a-4827-881c-003ee1305b6b,0c49166273014487baa157c538b5a932,USGS-03274615,00065,00011,2023-01-28 20:15:00+00:00,3.75,ft,Approved,,2025-09-01 20:21:53.716170+00:00
,,b58393bf-cd48-4e4f-afc5-c128ef813660,0c49166273014487baa157c538b5a932,USGS-03274615,00065,00011,2023-01-28 20:00:00+00:00,3.66,ft,Approved,,2025-09-01 20:21:53.716170+00:00
,,ab037685-3804-467a-96ae-71e057ae896d,0c49166273014487baa157c538b5a932,USGS-03274615,00065,00011,2023-01-28 19:45:00+00:00,3.71,ft,Approved,,2025-09-01 20:21:53.716170+00:00
,,1a699b46-57bd-4a27-a0e9-dace35986330,0c49166273014487baa157c538b5a932,USGS-03274615,00065,00011,2023-01-28 19:30:00+00:00,3.66,ft,Approved,,2025-09-01 20:21:53.716170+00:00
,,010f5036-de6d-4f53-ac82-4d1b695bbc5d,0c49166273014487baa157c538b5a932,USGS-03274615,00065,00011,2023-01-28 19:15:00+00:00,3.73,ft,Approved,,2025-09-01 20:21:53.716170+00:00
,,65b35845-f8c2-4ef3-80ff-1ce3a20056fe,0c49166273014487baa157c538b5a932,USGS-03274615,00065,00011,2023-01-28 19:00:00+00:00,3.71,ft,Approved,,2025-09-01 20:21:53.716170+00:00
,,020e822d-cb57-478f-af09-1e6d7ad85a5d,0c49166273014487baa157c538b5a932,USGS-03274615,00065,00011,2023-01-28 18:45:00+00:00,3.77,ft,Approved,,2025-09-01 20:21:53.716170+00:00
,,c4ff145f-9ab0-4794-9a1a-0501155743bf,0c49166273014487baa157c538b5a932,USGS-03274615,00065,00011,2023-01-28 18:30:00+00:00,3.75,ft,Approved,,2025-09-01 20:21:53.716170+00:00
,,04cda875-8d2a-4701-aeb4-9d7d431f91aa,0c49166273014487baa157c538b5a932,USGS-03274615,00065,00011,2023-01-28 18:15:00+00:00,3.71,ft,Approved,,2025-09-01 20:21:53.716170+00:00
,,9cf6e93c-5d3c-46e1-a0e5-71e7dc125f7d,0c49166273014487baa157c538b5a932,USGS-03274615,00065,00011,2023-01-28 18:00:00+00:00,3.76,ft,Approved,,2025-09-01 20:21:53.716170+00:00
,,2016c220-4ffa-4c26-ad0d-2800bbb65d5b,0c49166273014487baa157c538b5a932,USGS-03274615,00065,00011,2023-01-28 17:45:00+00:00,3.79,ft,Approved,,2025-09-01 20:21:53.716170+00:00
,,259e2886-bfa2-44fa-abd6-40586b44729c,0c49166273014487baa157c538b5a932,USGS-03274615,00065,00011,2023-01-28 17:30:00+00:00,3.74,ft,Approved,,2025-09-01 20:21:53.716170+00:00
,,f1078704-4199-49d0-8d29-e8c215bc7f4a,0c49166273014487baa157c538b5a932,USGS-03274615,00065,00011,2023-01-28 17:15:00+00:00,3.83,ft,Approved,,2025-09-01 20:21:53.716170+00:00
,,cae9d0f8-136e-4337-8b8d-4e9fa6880329,0c49166273014487baa157c538b5a932,USGS-03274615,00065,00011,2023-01-28 17:00:00+00:00,3.81,ft,Approved,,2025-09-01 20:21:53.716170+00:00
,,93b98d36-49c2-40ab-bb62-206c3cba4e23,0c49166273014487baa157c538b5a932,USGS-03274615,00065,00011,2023-01-28 16:45:00+00:00,3.85,ft,Approved,,2025-09-01 20:21:53.716170+00:00
,,41224329-ddb3-4325-9dd6-9af480b6ad1b,0c49166273014487baa157c538b5a932,USGS-03274615,00065,00011,2023-01-28 16:30:00+00:00,3.84,ft,Approved,,2025-09-01 20:21:53.716170+00:00
,,1a672477-33c1-4fd1-8df8-29a96ce1bd88,0c49166273014487baa157c538b5a932,USGS-03274615,00065,00011,2023-01-28 16:15:00+00:00,3.78,ft,Approved,,2025-09-01 20:21:53.716170+00:00
,,776ba2fd-9793-4b09-ae4b-f3c4d6ec2bba,0c49166273014487baa157c538b5a932,USGS-03274615,00065,00011,2023-01-28 16:00:00+00:00,3.85,ft,Approved,,2025-09-01 20:21:53.716170+00:00
,,2f99bccb-25d5-405a-a7ed-8530447c4e02,0c49166273014487baa157c538b5a932,USGS-03274615,00065,00011,2023-01-28 15:45:00+00:00,3.88,ft,Approved,,2025-09-01 20:21:53.716170+00:00
,,02103a47-cff6-4d32-84d0-3cc89c785fe1,0c49166273014487baa157c538b5a932,USGS-03274615,00065,00011,2023-01-28 15:30:00+00:00,3.86,ft,Approved,,2025-09-01 20:21:53.716170+00:00
,,db8d1c27-be2a-4fd0-a3f7-46ba820066c9,0c49166273014487baa157c538b5a932,USGS-03274615,00065,00011,2023-01-28 15:15:00+00:00,3.88,ft,Approved,,2025-09-01 20:21:53.716170+00:00
,,52ad90f9-8d29-44cf-9a1c-49e4bbdf8d19,0c49166273014487baa157c538b5a932,USGS-03274615,00065,00011,2023-01-28 15:00:00+00:00,3.89,ft,Approved,,2025-09-01 20:21:53.716170+00:00
,,a4152bc4-c6e6-4d32-8937-465fe8b5567f,0c49166273014487baa157c538b5a932,USGS-03274615,00065,00011,2023-01-28 14:45:00+00:00,3.90,ft,Approved,,2025-09-01 20:21:53.716170+00:00
,,8d1f7b9f-28cd-4b78-ad0b-bbd0d7f8cbf3,0c49166273014487baa157c538b5a932,USGS-03274615,00065,00011,2023-01-28 14:30:00+00:00,3.93,ft,Approved,,2025-09-01 20:21:53.716170+00:00
,,4b5bbaa3-80e2-4fc3-82bc-04be5330c5ef,0c49166273014487baa157c538b5a932,USGS-03274615,00065,00011,2023-01-28 14:15:00+00:00,3.93,ft,Approved,,2025-09-01 20:21:53.716170+00:00
,,68b0099d-efde-47e9-8342-9c2cfb2b703e,0c49166273014487baa157c538b5a932,USGS-03274615,00065,00011,2023-01-28 14:00:00+00:00,3.93,ft,Approved,,2025-09-01 20:21:53.716170+00:00
,,b358d65e-be38-4cf0-93a7-c0b53eab5d1d,0c49166273014487baa157c538b5a932,USGS-03274615,00065,00011,2023-01-28 13:45:00+00:00,3.92,ft,Approved,,2025-09-01 20:21:53.716170+00:00
,,3a34c152-63d9-420b-9ff4-acf99ce62b9a,0c49166273014487baa157c538b5a932,USGS-03274615,00065,00011,2023-01-28 13:30:00+00:00,3.97,ft,Approved,,2025-09-01 20:21:53.716170+00:00
,,65f1d112-f89b-4305-81b2-2a074bf8dc04,0c49166273014487baa157c538b5a932,USGS-03274615,00065,00011,2023-01-28 13:15:00+00:00,3.95,ft,Approved,,2025-09-01 20:21:53.716170+00:00
,,75b328aa-13c0-455c-a60d-20943ebeb478,0c49166273014487baa157c538b5a932,USGS-03274615,00065,00011,2023-01-28 13:00:00+00:00,3.96,ft,Approved,,2025-09-01 20:21:53.716170+00:00
,,1c8bc989-8560-4e89-9383-82e4b2424dcf,0c49166273014487baa157c538b5a932,USGS-03274615,00065,00011,2023-01-28 12:45:00+00:00,3.95,ft,Approved,,2025-09-01 20:21:53.716170+00:00
,,e31ea46a-b02a-4ba7-b76c-4856752bd3aa,0c49166273014487baa157c538b5a932,USGS-03274615,00065,00011,2023-01-28 12:30:00+00:00,3.97,ft,Approved,,2025-09-01 20:21:53.716170+00:00
,,2c9f0fc5-aabf-444f-b5ff-366a67162728,0c49166273014487baa157c538b5a932,USGS-03274615,00065,00011,2023-01-28 12:15:00+00:00,3.98,ft,Approved,,2025-09-01 20:21:53.716170+00:00
,,dc6a9a4a-c223-44a7-ac08-e16ab86b05cf,0c49166273014487baa157c538b5a932,USGS-03274615,00065,00011,2023-01-28 12:00:00+00:00,3.99,ft,Approved,,2025-09-01 20:21:53.716170+00:00
,,2b6d067e-25cc-4b81-8b6c-1b1e7b386a10,0c49166273014487baa157c538b5a932,USGS-03274615,00065,00011,2023-01-28 11:45:00+00:00,3.98,ft,Approved,,2025-09-01 20:21:53.716170+00:00
,,837aaa83-76ee-4126-925a-414d8d3b55aa,0c49166273014487baa157c538b5a932,USGS-03274615,00065,00011,2023-01-28 11:30:00+00:00,4.01,ft,Approved,,2025-09-01 20:21:53.716170+00:00
,,70ed5ac5-ffd0-4d98-89a5-48d424c6f82f,0c49166273014487baa157c538b5a932,USGS-03274615,00065,00011,2023-01-28 11:15:00+00:00,4.02,ft,Approved,,2025-09-01 20:21:53.716170+00:00
,,4a6d8235-cf03-41ce-96a3-22b18934063b,0c49166273014487baa157c538b5a932,USGS-03274615,00065,00011,2023-01-28 11:00:00+00:00,4.03,ft,Approved,,2025-09-01 20:21:53.716170+00:00
,,db34bd2e-d998-4695-882e-ec1113f8a699,0c49166273014487baa157c538b5a932,USGS-03274615,00065,00011,2023-01-28 10:45:00+00:00,4.04,ft,Approved,,2025-09-01 20:21:53.716170+00:00
,,c751cc09-52ea-4e3f-aceb-c381beca41d2,0c49166273014487baa157c538b5a932,USGS-03274615,00065,00011,2023-01-28 10:30:00+00:00,4.03,ft,Approved,,2025-09-01 20:21:53.716170+00:00
,,50224793-5713-4042-ac9d-c94377035c02,0c49166273014487baa157c538b5a932,USGS-03274615,00065,00011,2023-01-28 10:15:00+00:00,4.04,ft,Approved,,2025-09-01 20:21:53.716170+00:00
,,86aa0cae-1eb0-4630-920a-35a02f443705,0c49166273014487baa157c538b5a932,USGS-03274615,00065,00011,2023-01-28 10:00:00+00:00,4.04,ft,Approved,,2025-09-01 20:21:53.716170+00:00
,,4a5a59e3-9659-4e6b-915e-3c0fccf5b349,0c49166273014487baa157c538b5a932,USGS-03274615,00065,00011,2023-01-28 09:45:00+00:00,4.04,ft,Approved,,2025-09-01 20:21:53.716170+00:00
,,5729a66e-785a-477a-a7ed-50bcccf4692d,0c49166273014487baa157c538b5a932,USGS-03274615,00065,00011,2023-01-28 09:30:00+00:00,4.06,ft,Approved,,2025-09-01 20:21:53.716170+00:00
,,a57e8b79-e5d2-424f-89e4-1196ba26359b,0c49166273014487baa157c538b5a932,USGS-03274615,00065,00011,2023-01-28 09:15:00+00:00,4.06,ft,Approved,,2025-09-01 20:21:53.716170+00:00
,,6f203647-ac18-4c1e-9f42-965e4580232d,0c49166273014487baa157c538b5a932,USGS-03274615,00065,00011,2023-01-28 09:00:00+00:00,4.05,ft,Approved,,2025-09-01 20:21:53.716170+00:00
,,5c353ff8-3abe-4e76-a4f6-7632960b6303,0c49166273014487baa157c538b5a932,USGS-03274615,00065,00011,2023-01-28 08:45:00+00:00,4.07,ft,Approved,,2025-09-01 20:21:53.716170+00:00
,,1aeb5e5c-5b6e-422e-b0ca-99aabf824bfe,0c49166273014487baa157c538b5a932,USGS-03274615,00065,00011,2023-01-28 08:30:00+00:00,4.08,ft,Approved,,2025-09-01 20:21:53.716170+00:00
,,273ff304-c589-43fd-8c19-cac06957d86c,0c49166273014487baa157c538b5a932,USGS-03274615,00065,00011,2023-01-28 08:15:00+00:00,4.09,ft,Approved,,2025-09-01 20:21:53.716170+00:00
,,88b027a5-4940-4ce2-89ec-19d0e280e47e,0c49166273014487baa157c538b5a932,USGS-03274615,00065,00011,2023-01-28 08:00:00+00:00,4.11,ft,Approved,,2025-09-01 20:21:53.716170+00:00
,,43781e7e-e57e-4366-8736-99fd0d37fc94,0c49166273014487baa157c538b5a932,USGS-03274615,00065,00011,2023-01-28 07:45:00+00:00,4.11,ft,Approved,,2025-09-01 20:21:53.716170+00:00
,,a2c513b6-3594-446a-90cf-e870ea65abbf,0c49166273014487baa157c538b5a932,USGS-03274615,00065,00011,2023-01-28 07:30:00+00:00,4.11,ft,Approved,,2025-09-01 20:21:53.716170+00:00
,,5a9e8354-9e72-4067-8428-470af9acc9af,0c49166273014487baa157c538b5a932,USGS-03274615,00065,00011,2023-01-28 07:15:00+00:00,4.15,ft,Approved,,2025-09-01 20:21:53.716170+00:00
,,a850652b-5379-44e9-b07c-afc5b85ea25d,0c49166273014487baa157c538b5a932,USGS-03274615,00065,00011,2023-01-28 07:00:00+00:00,4.14,ft,Approved,,2025-09-01 20:21:53.716170+00:00
,,1d84edc9-9108-4fd4-b607-d5f85dd985ac,0c49166273014487baa157c538b5a932,USGS-03274615,00065,00011,2023-01-28 06:45:00+00:00,4.12,ft,Approved,,2025-09-01 20:21:53.716170+00:00
,,a414fdfc-d4ce-4cd8-bfea-895ea04c36f5,0c49166273014487baa157c538b5a932,USGS-03274615,00065,00011,2023-01-28 06:30:00+00:00,4.14,ft,Approved,,2025-09-01 20:21:53.716170+00:00
,,afa9ad0b-8b15-4447-8077-45adf433fb12,0c49166273014487baa157c538b5a932,USGS-03274615,00065,00011,2023-01-28 06:15:00+00:00,4.14,ft,Approved,,2025-09-01 20:21:53.716170+00:00
,,964bca67-4182-47ef-8ebd-64ae596768c7,0c49166273014487baa157c538b5a932,USGS-03274615,00065,00011,2023-01-28 06:00:00+00:00,4.17,ft,Approved,,2025-09-01 20:21:53.716170+00:00
,,7b036551-c6e8-467d-9f23-ee2b6ebb9909,0c49166273014487baa157c538b5a932,USGS-03274615,00065,00011,2023-01-28 05:45:00+00:00,4.15,ft,Approved,,2025-09-01 20:21:53.716170+00:00
,,6029210e-ce2d-4b69-bd5a-e65c7837a64c,0c49166273014487baa157c538b5a932,USGS-03274615,00065,00011,2023-01-28 05:30:00+00:00,4.13,ft,Approved,,2025-09-01 20:21:53.716170+00:00
,,4dc535d1-4482-4a84-a555-c43f246a01b5,0c49166273014487baa157c538b5a932,USGS-03274615,00065,00011,2023-01-28 05:15:00+00:00,4.18,ft,Approved,,2025-09-01 20:21:53.716170+00:00
,,02bdecef-7a20-4c33-b1e8-8c8f90ae0941,0c49166273014487baa157c538b5a932,USGS-03274615,00065,00011,2023-01-28 05:00:00+00:00,4.17,ft,Approved,,2025-09-01 20:21:53.716170+00:00
,,2f517822-250a-4963-a3b4-48c30a620e5d,0c49166273014487baa157c538b5a932,USGS-03274615,00065,00011,2023-01-28 04:45:00+00:00,4.18,ft,Approved,,2025-09-01 20:21:53.716170+00:00
,,ac24b561-060c-4712-ace3-858ca6536963,0c49166273014487baa157c538b5a932,USGS-03274615,00065,00011,2023-01-28 04:30:00+00:00,4.20,ft,Approved,,2025-09-01 20:21:53.716170+00:00
,,cf10d1b3-0b14-41db-ade4-227891a54ed9,0c49166273014487baa157c538b5a932,USGS-03274615,00065,00011,2023-01-28 04:15:00+00:00,4.19,ft,Approved,,2025-09-01 20:21:53.716170+00:00
,,22666099-0d65-4488-919a-87836a1b5ec6,0c49166273014487baa157c538b5a932,USGS-03274615,00065,00011,2023-01-28 04:00:00+00:00,4.22,ft,Approved,,2025-09-01 20:21:53.716170+00:00
,,7fe3ea72-c8de-4fd3-a9f3-10dc0b17d62f,0c49166273014487baa157c538b5a932,USGS-03274615,00065,00011,2023-01-28 03:45:00+00:00,4.22,ft,Approved,,2025-09-01 20:21:53.716170+00:00
,,fab5af96-1298-44cc-a06d-253b9decfceb,0c49166273014487baa157c538b5a932,USGS-03274615,00065,00011,2023-01-28 03:30:00+00:00,4.21,ft,Approved,,2025-09-01 20:21:53.716170+00:00
,,1957bfc2-b580-43b5-899d-d3836ccdb178,0c49166273014487baa157c538b5a932,USGS-03274615,00065,00011,2023-01-28 03:15:00+00:00,4.23,ft,Approved,,2025-09-01 20:21:53.716170+00:00
,,d6e92723-9544-4f10-a7a8-103ae52e091e,0c49166273014487baa157c538b5a932,USGS-03274615,00065,00011,2023-01-28 03:00:00+00:00,4.24,ft,Approved,,2025-09-01 20:21:53.716170+00:00
,,343c4511-7ba9-4e85-8ecd-733519865a67,0c49166273014487baa157c538b5a932,USGS-03274615,00065,00011,2023-01-28 02:45:00+00:00,4.25,ft,Approved,,2025-09-01 20:21:53.716170+00:00
,,89820726-afa4-46db-bce8-f0d630ddbb24,0c49166273014487baa157c538b5a932,USGS-03274615,00065,00011,2023-01-28 02:30:00+00:00,4.25,ft,Approved,,2025-09-01 20:21:53.716170+00:00
,,aecceb6e-bbe9-46aa-a0a1-c6d45b5c90b2,0c49166273014487baa157c538b5a932,USGS-03274615,00065,00011,2023-01-28 02:15:00+00:00,4.25,ft,Approved,,2025-09-01 20:21:53.716170+00:00
,,e11b36ac-3e92-4474-b101-274f7a8a74d0,0c49166273014487baa157c538b5a932,USGS-03274615,00065,00011,2023-01-28 02:00:00+00:00,4.27,ft,Approved,,2025-09-01 20:21:53.716170+00:00
,,c527832c-11ae-4ade-8a35-8b5bf7602f44,0c49166273014487baa157c538b5a932,USGS-03274615,00065,00011,2023-01-28 01:45:00+00:00,4.30,ft,Approved,,2025-09-01 20:21:53.716170+00:00
,,04eefc90-0f96-49a5-9321-da88b54be678,0c49166273014487baa157c538b5a932,USGS-03274615,00065,00011,2023-01-28 01:30:00+00:00,4.28,ft,Approved,,2025-09-01 20:21:53.716170+00:00
,,f35be2a2-8c32-4959-9a73-2fe1c7c12995,0c49166273014487baa157c538b5a932,USGS-03274615,00065,00011,2023-01-28 01:15:00+00:00,4.30,ft,Approved,,2025-09-01 20:21:53.716170+00:00
,,23a9335a-999d-457d-a596-70aa74b1b58e,0c49166273014487baa157c538b5a932,USGS-03274615,00065,00011,2023-01-28 01:00:00+00:00,4.27,ft,Approved,,2025-09-01 20:21:53.716170+00:00
,,0470cba0-320a-4d2a-aad2-18e66f4fab84,0c49166273014487baa157c538b5a932,USGS-03274615,00065,00011,2023-01-28 00:45:00+00:00,4.30,ft,Approved,,2025-09-01 20:21:53.716170+00:00
,,8e150ab1-faf5-4151-aa34-2bf0f810259d,0c49166273014487baa157c538b5a932,USGS-03274615,00065,00011,2023-01-28 00:30:00+00:00,4.32,ft,Approved,,2025-09-01 20:21:53.716170+00:00
,,7bcd89fa-c14f-4fdb-a5bd-e21c6015bc27,0c49166273014487baa157c538b5a932,USGS-03274615,00065,00011,2023-01-28 00:15:00+00:00,4.31,ft,Approved,,2025-09-01 20:21:53.716170+00:00
,,be6857a0-11b2-4ef6-83cc-da3f32739a56,0c49166273014487baa157c538b5a932,USGS-03274615,00065,00011,2023-01-28 00:00:00+00:00,4.31,ft,Approved,,2025-09-01 20:21:53.716170+00:00
,,6ec489d0-103c-481c-990a-66e3b993599c,0c49166273014487baa157c538b5a932,USGS-03274615,00065,00011,2023-01-27 23:45:00+00:00,4.31,ft,Approved,,2025-09-01 20:21:53.716170+00:00
,,3debc7c3-dde9-44f0-90cd-2510d6203b86,0c49166273014487baa157c538b5a932,USGS-03274615,00065,00011,2023-01-27 23:30:00+00:00,4.32,ft,Approved,,2025-09-01 20:21:53.716170+00:00
,,dd63189d-64ac-46ee-a785-57f4d7360dc7,0c49166273014487baa157c538b5a932,USGS-03274615,00065,00011,2023-01-27 23:15:00+00:00,4.34,ft,Approved,,2025-09-01 20:21:53.716170+00:00
,,191a2de2-3c02-4646-bca8-5a632957530d,0c49166273014487baa157c538b5a932,USGS-03274615,00065,00011,2023-01-27 23:00:00+00:00,4.34,ft,Approved,,2025-09-01 20:21:53.716170+00:00
,,1922229e-6017-4f59-8518-4619ad5da68f,0c49166273014487baa157c538b5a932,USGS-03274615,00065,00011,2023-01-27 22:45:00+00:00,4.32,ft,Approved,,2025-09-01 20:21:53.716170+00:00
,,62e5d71f-072d-4875-b465-0a64ac4af807,0c49166273014487baa157c538b5a932,USGS-03274615,00065,00011,2023-01-27 22:30:00+00:00,4.30,ft,Approved,,2025-09-01 20:21:53.716170+00:00
,,3b952b98-6d2a-4c4a-a195-2965a69d597a,0c49166273014487baa157c538b5a932,USGS-03274615,00065,00011,2023-01-27 22:15:00+00:00,4.35,ft,Approved,,2025-09-01 20:21:53.716170+00:00
,,86c284a2-5aa8-4d2c-8361-7e82240ea572,0c49166273014487baa157c538b5a932,USGS-03274615,00065,00011,2023-01-27 22:00:00+00:00,4.28,ft,Approved,,2025-09-01 20:21:53.716170+00:00
,,c8cf5934-45cd-4e4b-b254-ce092116255d,0c49166273014487baa157c538b5a932,USGS-03274615,00065,00011,2023-01-27 21:45:00+00:00,4.29,ft,Approved,,2025-09-01 20:21:53.716170+00:00
,,c71a9757-9e84-4921-a8a7-0c6ac727b03e,0c49166273014487baa157c538b5a932,USGS-03274615,00065,00011,2023-01-27 21:30:00+00:00,4.32,ft,Approved,,2025-09-01 20:21:53.716170+00:00
,,780c73cd-02d2-48d4-9f04-e39d00bbae37,0c49166273014487baa157c538b5a932,USGS-03274615,00065,00011,2023-01-27 21:15:00+00:00,4.33,ft,Approved,,2025-09-01 20:21:53.716170+00:00
,,98df0c67-fa7a-4a55-9918-5480c7eb04d5,0c49166273014487baa157c538b5a932,USGS-03274615,00065,00011,2023-01-27 21:00:00+00:00,4.38,ft,Approved,,2025-09-01 20:21:53.716170+00:00
,,edc5a119-bbc9-4b8a-ac89-25f1d7325bae,0c49166273014487baa157c538b5a932,USGS-03274615,00065,00011,2023-01-27 20:45:00+00:00,4.34,ft,Approved,,2025-09-01 20:21:53.716170+00:00
,,1cdd592c-fa40-4f90-b928-94be3312c49c,0c49166273014487baa157c538b5a932,USGS-03274615,00065,00011,2023-01-27 20:30:00+00:00,4.34,ft,Approved,,2025-09-01 20:21:53.716170+00:00
,,c7de8e06-6e39-4383-ade7-40ff322ccf8d,0c49166273014487baa157c538b5a932,USGS-03274615,00065,00011,2023-01-27 20:15:00+00:00,4.37,ft,Approved,,2025-09-01 20:21:53.716170+00:00
,,cf17a46f-a2e7-4d80-8607-996fafc14b4c,0c49166273014487baa157c538b5a932,USGS-03274615,00065,00011,2023-01-27 20:00:00+00:00,4.36,ft,Approved,,2025-09-01 20:21:53.716170+00:00
,,1aec780c-3d9e-4c06-b133-f189c85619a3,0c49166273014487baa157c538b5a932,USGS-03274615,00065,00011,2023-01-27 19:45:00+00:00,4.35,ft,Approved,,2025-09-01 20:21:53.716170+00:00
,,1d005755-5c97-4d0d-9a67-81c49675f05d,0c49166273014487baa157c538b5a932,USGS-03274615,00065,00011,2023-01-27 19:30:00+00:00,4.38,ft,Approved,,2025-09-01 20:21:53.716170+00:00
,,134bb192-564e-42bf-8987-7931884b5dc2,0c49166273014487baa157c538b5a932,USGS-03274615,00065,00011,2023-01-27 19:15:00+00:00,4.35,ft,Approved,,2025-09-01 20:21:53.716170+00:00
,,7fcef3e3-b4bb-4a93-bcdf-abd02c9bc04d,0c49166273014487baa157c538b5a932,USGS-03274615,00065,00011,2023-01-27 19:00:00+00:00,4.32,ft,Approved,,2025-09-01 20:21:53.716170+00:00
,,c1c80886-e659-472f-8ce5-83e0e8bb4367,0c49166273014487baa157c538b5a932,USGS-03274615,00065,00011,2023-01-27 18:45:00+00:00,4.38,ft,Approved,,2025-09-01 20:21:53.716170+00:00
,,76be3b15-b05d-437b-88be-d6832d466b60,0c49166273014487baa157c538b5a932,USGS-03274615,00065,00011,2023-01-27 18:30:00+00:00,4.35,ft,Approved,,2025-09-01 20:21:53.716170+00:00
,,15bd5e8a-5096-4426-9fc6-ef1bbf8ad6d6,0c49166273014487baa157c538b5a932,USGS-03274615,00065,00011,2023-01-27 18:15:00+00:00,4.46,ft,Approved,,2025-09-01 20:21:53.716170+00:00
,,13f81422-153e-444e-ab60-d18bc0b18879,0c49166273014487baa157c538b5a932,USGS-03274615,00065,00011,2023-01-27 18:00:00+00:00,4.40,ft,Approved,,2025-09-01 20:21:53.716170+00:00
,,2d6c81b4-efce-49ff-888c-bef48051e3f6,0c49166273014487baa157c538b5a932,USGS-03274615,00065,00011,2023-01-27 17:45:00+00:00,4.38,ft,Approved,,2025-09-01 20:21:53.716170+00:00
,,db5b3a40-421f-4d5f-827c-8eaa374322cc,0c49166273014487baa157c538b5a932,USGS-03274615,00065,00011,2023-01-27 17:30:00+00:00,4.43,ft,Approved,,2025-09-01 20:21:53.716170+00:00
,,827a3c88-ae89-422c-99c7-0e0da0a1b7fb,0c49166273014487baa157c538b5a932,USGS-03274615,00065,00011,2023-01-27 17:15:00+00:00,4.43,ft,Approved,,2025-09-01 20:21:53.716170+00:00
,,a196af14-3df0-4cc5-8074-a042acab7d6e,0c49166273014487baa157c538b5a932,USGS-03274615,00065,00011,2023-01-27 17:00:00+00:00,4.42,ft,Approved,,2025-09-01 20:21:53.716170+00:00
,,234ff654-68cd-45a5-8974-851f1c25e7cb,0c49166273014487baa157c538b5a932,USGS-03274615,00065,00011,2023-01-27 16:45:00+00:00,4.40,ft,Approved,,2025-09-01 20:21:53.716170+00:00
,,2954dd31-f9f9-4348-b2a1-1443614ac0fb,0c49166273014487baa157c538b5a932,USGS-03274615,00065,00011,2023-01-27 16:30:00+00:00,4.40,ft,Approved,,2025-09-01 20:21:53.716170+00:00
,,675e62f4-7b8b-430d-9b35-bf777c70fdad,0c49166273014487baa157c538b5a932,USGS-03274615,00065,00011,2023-01-27 16:15:00+00:00,4.42,ft,Approved,,2025-09-01 20:21:53.716170+00:00
,,778388de-0814-44c1-bd34-101e6c9c4963,0c49166273014487baa157c538b5a932,USGS-03274615,00065,00011,2023-01-27 16:00:00+00:00,4.46,ft,Approved,,2025-09-01 20:21:53.716170+00:00
,,7dc2c22e-60f0-4747-8c4e-cba0f6d107ca,0c49166273014487baa157c538b5a932,USGS-03274615,00065,00011,2023-01-27 15:45:00+00:00,4.45,ft,Approved,,2025-09-01 20:21:53.716170+00:00
,,165099ad-a69e-4f2a-8361-182ecfddca61,0c49166273014487baa157c538b5a932,USGS-03274615,00065,00011,2023-01-27 15:30:00+00:00,4.47,ft,Approved,,2025-09-01 20:21:53.716170+00:00
,,905fe741-7952-43f5-9ca7-14b9729eb0c0,0c49166273014487baa157c538b5a932,USGS-03274615,00065,00011,2023-01-27 15:15:00+00:00,4.45,ft,Approved,,2025-09-01 20:21:53.716170+00:00
,,51c9a3ff-c7f4-4104-a0b9-ec3db68cf9c4,0c49166273014487baa157c538b5a932,USGS-03274615,00065,00011,2023-01-27 15:00:00+00:00,4.49,ft,Approved,,2025-09-01 20:21:53.716170+00:00
,,39f23953-c83b-4ee7-b5ec-24bfad65657f,0c49166273014487baa157c538b5a932,USGS-03274615,00065,00011,2023-01-27 14:45:00+00:00,4.46,ft,Approved,,2025-09-01 20:21:53.716170+00:00
,,a17b35fc-def8-4ec6-961e-4c621c6c929b,0c49166273014487baa157c538b5a932,USGS-03274615,00065,00011,2023-01-27 14:30:00+00:00,4.51,ft,Approved,,2025-09-01 20:21:53.716170+00:00
,,9c973ded-81a1-4104-b57d-d82fc6f5fe21,0c49166273014487baa157c538b5a932,USGS-03274615,00065,00011,2023-01-27 14:15:00+00:00,4.46,ft,Approved,,2025-09-01 20:21:53.716170+00:00
,,1197f617-30d5-440a-bc8a-4eeecbf97756,0c49166273014487baa157c538b5a932,USGS-03274615,00065,00011,2023-01-27 14:00:00+00:00,4.47,ft,Approved,,2025-09-01 20:21:53.716170+00:00
,,b99e8d66-7f83-4acf-8943-4420c6cc5d06,0c49166273014487baa157c538b5a932,USGS-03274615,00065,00011,2023-01-27 13:45:00+00:00,4.49,ft,Approved,,2025-09-01 20:21:53.716170+00:00
,,bcb2a1f7-16ed-4b48-b466-ad8161d538ec,0c49166273014487baa157c538b5a932,USGS-03274615,00065,00011,2023-01-27 13:30:00+00:00,4.51,ft,Approved,,2025-09-01 20:21:53.716170+00:00
,,eaa32de2-95bb-46ac-ac59-f70a00464ada,0c49166273014487baa157c538b5a932,USGS-03274615,00065,00011,2023-01-27 13:15:00+00:00,4.51,ft,Approved,,2025-09-01 20:21:53.716170+00:00
,,6be01208-d714-458c-80dc-7d45c2c25fd3,0c49166273014487baa157c538b5a932,USGS-03274615,00065,00011,2023-01-27 13:00:00+00:00,4.53,ft,Approved,,2025-09-01 20:21:53.716170+00:00
,,a16f0e0c-4fdc-4165-b7e0-7e32980a1307,0c49166273014487baa157c538b5a932,USGS-03274615,00065,00011,2023-01-27 12:45:00+00:00,4.51,ft,Approved,,2025-09-01 20:21:53.716170+00:00
,,d84d0a88-eae3-465d-83ba-5dde4051bd5c,0c49166273014487baa157c538b5a932,USGS-03274615,00065,00011,2023-01-27 12:30:00+00:00,4.51,ft,Approved,,2025-09-01 20:21:53.716170+00:00
,,4de9688e-47d5-4825-a6ba-b0caa25f66e6,0c49166273014487baa157c538b5a932,USGS-03274615,00065,00011,2023-01-27 12:15:00+00:00,4.50,ft,Approved,,2025-09-01 20:21:53.716170+00:00
,,028ffaca-c202-443a-b776-13fbae9801af,0c49166273014487baa157c538b5a932,USGS-03274615,00065,00011,2023-01-27 12:00:00+00:00,4.48,ft,Approved,,2025-09-01 20:21:53.716170+00:00
,,87e2426a-869a-486b-acd5-1c6c18de7f39,0c49166273014487baa157c538b5a932,USGS-03274615,00065,00011,2023-01-27 11:45:00+00:00,4.50,ft,Approved,,2025-09-01 20:21:53.716170+00:00
,,3ffd5052-7b89-4f4f-a206-44ef191c3574,0c49166273014487baa157c538b5a932,USGS-03274615,00065,00011,2023-01-27 11:30:00+00:00,4.50,ft,Approved,,2025-09-01 20:21:53.716170+00:00
,,5624d364-3b9b-4e21-9fb3-96b592773ecc,0c49166273014487baa157c538b5a932,USGS-03274615,00065,00011,2023-01-27 11:15:00+00:00,4.47,ft,Approved,,2025-09-01 20:21:53.716170+00:00
,,868d9e1c-ed49-4f9b-8d67-f8c498f66fe5,0c49166273014487baa157c538b5a932,USGS-03274615,00065,00011,2023-01-27 11:00:00+00:00,4.49,ft,Approved,,2025-09-01 20:21:53.716170+00:00
,,461eeb6f-ed7c-408f-8d21-fa65d1f638b3,0c49166273014487baa157c538b5a932,USGS-03274615,00065,00011,2023-01-27 10:45:00+00:00,4.50,ft,Approved,,2025-09-01 20:21:53.716170+00:00
,,b4d038bf-b28c-4045-97b8-df2ed25a2319,0c49166273014487baa157c538b5a932,USGS-03274615,00065,00011,2023-01-27 10:30:00+00:00,4.47,ft,Approved,,2025-09-01 20:21:53.716170+00:00
,,0962a32e-019f-47da-b0e4-91b9ce886d40,0c49166273014487baa157c538b5a932,USGS-03274615,00065,00011,2023-01-27 10:15:00+00:00,4.48,ft,Approved,,2025-09-01 20:21:53.716170+00:00
,,5fab9aff-d15b-424e-b299-bce821e6f368,0c49166273014487baa157c538b5a932,USGS-03274615,00065,00011,2023-01-27 10:00:00+00:00,4.49,ft,Approved,,2025-09-01 20:21:53.716170+00:00
,,35a0a4d8-3362-4a26-9781-f4ee4844d870,0c49166273014487baa157c538b5a932,USGS-03274615,00065,00011,2023-01-27 09:45:00+00:00,4.47,ft,Approved,,2025-09-01 20:21:53.716170+00:00
,,0d397517-6ec4-4c1b-a1c0-da6262a4a2f8,0c49166273014487baa157c538b5a932,USGS-03274615,00065,00011,2023-01-27 09:30:00+00:00,4.46,ft,Approved,,2025-09-01 20:21:53.716170+00:00
,,69371941-7964-4357-a97b-71ea6b9a2392,0c49166273014487baa157c538b5a932,USGS-03274615,00065,00011,2023-01-27 09:15:00+00:00,4.46,ft,Approved,,2025-09-01 20:21:53.716170+00:00
,,1ff8ec9b-8eb6-4132-81df-583ea4bcb120,0c49166273014487baa157c538b5a932,USGS-03274615,00065,00011,2023-01-27 09:00:00+00:00,4.47,ft,Approved,,2025-09-01 20:21:53.716170+00:00
,,44513854-98d1-47d5-b1ee-a9826cb95642,0c49166273014487baa157c538b5a932,USGS-03274615,00065,00011,2023-01-27 08:45:00+00:00,4.47,ft,Approved,,2025-09-01 20:21:53.716170+00:00
,,c2fad630-e980-46cf-a541-11df584f9be3,0c49166273014487baa157c538b5a932,USGS-03274615,00065,00011,2023-01-27 08:30:00+00:00,4.44,ft,Approved,,2025-09-01 20:21:53.716170+00:00
,,5bf54ed4-1dd2-4842-a036-79cb630f7d32,0c49166273014487baa157c538b5a932,USGS-03274615,00065,00011,2023-01-27 08:15:00+00:00,4.44,ft,Approved,,2025-09-01 20:21:53.716170+00:00
,,c738e154-d6bf-4f6a-8749-ab049c4a19e0,0c49166273014487baa157c538b5a932,USGS-03274615,00065,00011,2023-01-27 08:00:00+00:00,4.43,ft,Approved,,2025-09-01 20:21:53.716170+00:00
,,1a6217cf-516f-4526-aeec-ce5a0fc73dec,0c49166273014487baa157c538b5a932,USGS-03274615,00065,00011,2023-01-27 07:45:00+00:00,4.44,ft,Approved,,2025-09-01 20:21:53.716170+00:00
,,e4015784-4cb5-4817-8b00-c8f447f331d9,0c49166273014487baa157c538b5a932,USGS-03274615,00065,00011,2023-01-27 07:30:00+00:00,4.42,ft,Approved,,2025-09-01 20:21:53.716170+00:00
,,e2fc54ea-09ae-4cbe-b9e4-83a2aeb05a7d,0c49166273014487baa157c538b5a932,USGS-03274615,00065,00011,2023-01-27 07:15:00+00:00,4.42,ft,Approved,,2025-09-01 20:21:53.716170+00:00
,,134f48f0-b439-41da-a428-adfef3d77a44,0c49166273014487baa157c538b5a932,USGS-03274615,00065,00011,2023-01-27 07:00:00+00:00,4.41,ft,Approved,,2025-09-01 20:21:53.716170+00:00
,,6318690f-9b99-4562-a20e-2ed3e1694bf4,0c49166273014487baa157c538b5a932,USGS-03274615,00065,00011,2023-01-27 06:45:00+00:00,4.40,ft,Approved,,2025-09-01 20:21:53.716170+00:00
,,87a1fabc-229e-41f2-a78d-a8380efb28ea,0c49166273014487baa157c538b5a932,USGS-03274615,00065,00011,2023-01-27 06:30:00+00:00,4.41,ft,Approved,,2025-09-01 20:21:53.716170+00:00
,,5b751e6c-f4f6-42a0-ae62-fa3b8a92595e,0c49166273014487baa157c538b5a932,USGS-03274615,00065,00011,2023-01-27 06:15:00+00:00,4.39,ft,Approved,,2025-09-01 20:21:53.716170+00:00
,,aa35e29a-9a8c-4c8c-8719-28e3541633a1,0c49166273014487baa157c538b5a932,USGS-03274615,00065,00011,2023-01-27 06:00:00+00:00,4.41,ft,Approved,,2025-09-01 20:21:53.716170+00:00
,,ca0657dd-91e1-4ec8-9691-fad1392f2d96,0c49166273014487baa157c538b5a932,USGS-03274615,00065,00011,2023-01-27 05:45:00+00:00,4.37,ft,Approved,,2025-09-01 20:21:53.716170+00:00
,,abe81c06-bed4-4331-a7d3-3ef12271eadb,0c49166273014487baa157c538b5a932,USGS-03274615,00065,00011,2023-01-27 05:30:00+00:00,4.38,ft,Approved,,2025-09-01 20:21:53.716170+00:00
,,dc4c63af-ec45-48f0-8c17-4002ac62c4d6,0c49166273014487baa157c538b5a932,USGS-03274615,00065,00011,2023-01-27 05:15:00+00:00,4.37,ft,Approved,,2025-09-01 20:21:53.716170+00:00
,,272be163-4088-4cce-a33c-0249eb4a52ae,0c49166273014487baa157c538b5a932,USGS-03274615,00065,00011,2023-01-27 05:00:00+00:00,4.34,ft,Approved,,2025-09-01 20:21:53.716170+00:00
,,47c69b5e-bf9d-4894-b76e-3a933b43d5a0,0c49166273014487baa157c538b5a932,USGS-03274615,00065,00011,2023-01-27 04:45:00+00:00,4.34,ft,Approved,,2025-09-01 20:21:53.716170+00:00
,,335b4ec1-6feb-4dfa-a11b-8f351130407f,0c49166273014487baa157c538b5a932,USGS-03274615,00065,00011,2023-01-27 04:30:00+00:00,4.35,ft,Approved,,2025-09-01 20:21:53.716170+00:00
,,1796c774-a7a3-44d8-a9f6-35d9c26819c5,0c49166273014487baa157c538b5a932,USGS-03274615,00065,00011,2023-01-27 04:15:00+00:00,4.35,ft,Approved,,2025-09-01 20:21:53.716170+00:00
,,28675392-69c0-4e40-a76d-580706842a0c,0c49166273014487baa157c538b5a932,USGS-03274615,00065,00011,2023-01-27 04:00:00+00:00,4.35,ft,Approved,,2025-09-01 20:21:53.716170+00:00
,,70b36e0e-f363-4ca8-a45e-c2dec2fa2ca4,0c49166273014487baa157c538b5a932,USGS-03274615,00065,00011,2023-01-27 03:45:00+00:00,4.34,ft,Approved,,2025-09-01 20:21:53.716170+00:00
,,ebdb57d5-23f5-46cb-b44a-8e9912e96f8c,0c49166273014487baa157c538b5a932,USGS-03274615,00065,00011,2023-01-27 03:30:00+00:00,4.33,ft,Approved,,2025-09-01 20:21:53.716170+00:00
,,c95eae24-599f-49eb-9430-d33d217b9c4f,0c49166273014487baa157c538b5a932,USGS-03274615,00065,00011,2023-01-27 03:15:00+00:00,4.32,ft,Approved,,2025-09-01 20:21:53.716170+00:00
,,388eeeea-00c7-4c3f-876e-5cefa8024b45,0c49166273014487baa157c538b5a932,USGS-03274615,00065,00011,2023-01-27 03:00:00+00:00,4.31,ft,Approved,,2025-09-01 20:21:53.716170+00:00
,,b61d3814-6086-4c14-bb09-97590e2f6957,0c49166273014487baa157c538b5a932,USGS-03274615,00065,00011,2023-01-27 02:45:00+00:00,4.31,ft,Approved,,2025-09-01 20:21:53.716170+00:00
,,c8cc4a79-8a18-44ed-b5ff-f36ac6f2dd45,0c49166273014487baa157c538b5a932,USGS-03274615,00065,00011,2023-01-27 02:30:00+00:00,4.28,ft,Approved,,2025-09-01 20:21:53.716170+00:00
,,59106b99-85f0-4862-b436-5aee856913f3,0c49166273014487baa157c538b5a932,USGS-03274615,00065,00011,2023-01-27 02:15:00+00:00,4.29,ft,Approved,,2025-09-01 20:21:53.716170+00:00
,,84006638-102a-4c67-b551-fb684da6e682,0c49166273014487baa157c538b5a932,USGS-03274615,00065,00011,2023-01-27 02:00:00+00:00,4.29,ft,Approved,,2025-09-01 20:21:53.716170+00:00
,,da8de4bf-9b61-43fc-80f2-5a459489ea99,0c49166273014487baa157c538b5a932,USGS-03274615,00065,00011,2023-01-27 01:45:00+00:00,4.32,ft,Approved,,2025-09-01 20:21:53.716170+00:00
,,77ea1da6-5578-4c4c-816e-0a8c347881b9,0c49166273014487baa157c538b5a932,USGS-03274615,00065,00011,2023-01-27 01:30:00+00:00,4.27,ft,Approved,,2025-09-01 20:21:53.716170+00:00
,,7b256227-4480-4457-b06d-c7f172a58866,0c49166273014487baa157c538b5a932,USGS-03274615,00065,00011,2023-01-27 01:15:00+00:00,4.28,ft,Approved,,2025-09-01 20:21:53.716170+00:00
,,53930740-2e2e-4ef3-b81d-010241d7bde9,0c49166273014487baa157c538b5a932,USGS-03274615,00065,00011,2023-01-27 01:00:00+00:00,4.31,ft,Approved,,2025-09-01 20:21:53.716170+00:00
,,f6020cc2-b399-4a76-b2ad-43232136c1d3,0c49166273014487baa157c538b5a932,USGS-03274615,00065,00011,2023-01-27 00:45:00+00:00,4.31,ft,Approved,,2025-09-01 20:21:53.716170+00:00
,,1861bbd5-7185-4c2e-a0d9-2ffff8a6e631,0c49166273014487baa157c538b5a932,USGS-03274615,00065,00011,2023-01-27 00:30:00+00:00,4.33,ft,Approved,,2025-09-01 20:21:53.716170+00:00
,,303cb12e-382b-44a2-8126-1972067dec97,0c49166273014487baa157c538b5a932,USGS-03274615,00065,00011,2023-01-27 00:15:00+00:00,4.33,ft,Approved,,2025-09-01 20:21:53.716170+00:00
,,c33731ce-9e4a-4281-84e4-c78b3527758d,0c49166273014487baa157c538b5a932,USGS-03274615,00065,00011,2023-01-27 00:00:00+00:00,4.32,ft,Approved,,2025-09-01 20:21:53.716170+00:00
,,7ad1ca7d-1197-4f32-8a1d-d0cec79e5cb4,0c49166273014487baa157c538b5a932,USGS-03274615,00065,00011,2023-01-26 23:45:00+00:00,4.34,ft,Approved,,2025-09-01 20:21:53.716170+00:00
,,eddb5812-33e7-420f-985e-40a360846a16,0c49166273014487baa157c538b5a932,USGS-03274615,00065,00011,2023-01-26 23:30:00+00:00,4.36,ft,Approved,,2025-09-01 20:21:53.716170+00:00
,,e1ba9b50-cbf0-480b-ba72-d88ea6449c45,0c49166273014487baa157c538b5a932,USGS-03274615,00065,00011,2023-01-26 23:15:00+00:00,4.38,ft,Approved,,2025-09-01 20:21:53.716170+00:00
,,5df0db93-8391-45bb-ba94-82ccca7afe69,0c49166273014487baa157c538b5a932,USGS-03274615,00065,00011,2023-01-26 23:00:00+00:00,4.39,ft,Approved,,2025-09-01 20:21:53.716170+00:00
,,5ff7539d-4d74-49b7-8a5e-8d6a242c6ab9,0c49166273014487baa157c538b5a932,USGS-03274615,00065,00011,2023-01-26 22:45:00+00:00,4.39,ft,Approved,,2025-09-01 20:21:53.716170+00:00
,,0c221a95-a7f6-4215-b41e-63d2824c72a1,0c49166273014487baa157c538b5a932,USGS-03274615,00065,00011,2023-01-26 22:30:00+00:00,4.41,ft,Approved,,2025-09-01 20:21:53.716170+00:00
,,322a121e-0a90-4ced-82a8-071dec514dd6,0c49166273014487baa157c538b5a932,USGS-03274615,00065,00011,2023-01-26 22:15:00+00:00,4.39,ft,Approved,,2025-09-01 20:21:53.716170+00:00
,,bb4a5979-5cfb-473d-85b6-6c64ed2fe545,0c49166273014487baa157c538b5a932,USGS-03274615,00065,00011,2023-01-26 22:00:00+00:00,4.42,ft,Approved,,2025-09-01 20:21:53.716170+00:00
,,9bbf7512-deb7-4f69-b567-b3d818dbc29b,0c49166273014487baa157c538b5a932,USGS-03274615,00065,00011,2023-01-26 21:45:00+00:00,4.42,ft,Approved,,2025-09-01 20:21:53.716170+00:00
,,01c15bb0-c542-41a3-b5a1-74418e8f7736,0c49166273014487baa157c538b5a932,USGS-03274615,00065,00011,2023-01-26 21:30:00+00:00,4.41,ft,Approved,,2025-09-01 20:21:53.716170+00:00
,,27b33856-0415-4cae-843e-1f87ef7ff874,0c49166273014487baa157c538b5a932,USGS-03274615,00065,00011,2023-01-26 21:15:00+00:00,4.41,ft,Approved,,2025-09-01 20:21:53.716170+00:00
,,39ab3cc8-7f7c-499c-b763-642cf1274bdb,0c49166273014487baa157c538b5a932,USGS-03274615,00065,00011,2023-01-26 21:00:00+00:00,4.40,ft,Approved,,2025-09-01 20:21:53.716170+00:00
,,2108187a-f94a-4748-a554-0ab67a246211,0c49166273014487baa157c538b5a932,USGS-03274615,00065,00011,2023-01-26 20:45:00+00:00,4.40,ft,Approved,,2025-09-01 20:21:53.716170+00:00
,,1d4234ee-df2f-4398-ae9a-2b0e785f0c2e,0c49166273014487baa157c538b5a932,USGS-03274615,00065,00011,2023-01-26 20:30:00+00:00,4.42,ft,Approved,,2025-09-01 20:21:53.716170+00:00
,,07d18bbd-6253-4ecc-b819-139c9f6c90fd,0c49166273014487baa157c538b5a932,USGS-03274615,00065,00011,2023-01-26 20:15:00+00:00,4.39,ft,Approved,,2025-09-01 20:21:53.716170+00:00
,,55e90ba7-607e-4bf9-8aaa-d9a8758b7e79,0c49166273014487baa157c538b5a932,USGS-03274615,00065,00011,2023-01-26 20:00:00+00:00,4.34,ft,Approved,,2025-09-01 20:21:53.716170+00:00
,,9ccc9f1f-7cc9-4085-ab43-0f1c468cf2c5,0c49166273014487baa157c538b5a932,USGS-03274615,00065,00011,2023-01-26 19:45:00+00:00,4.40,ft,Approved,,2025-09-01 20:21:53.716170+00:00
,,f58313ac-2e5d-4f06-af10-9a950fa1f4b7,0c49166273014487baa157c538b5a932,USGS-03274615,00065,00011,2023-01-26 19:30:00+00:00,4.37,ft,Approved,,2025-09-01 20:21:53.716170+00:00
,,e88afbde-4f82-4ad8-96e8-d4be1752a434,0c49166273014487baa157c538b5a932,USGS-03274615,00065,00011,2023-01-26 19:15:00+00:00,4.33,ft,Approved,,2025-09-01 20:21:53.716170+00:00
,,248557da-e788-4bc7-babe-8b5947ad6227,0c49166273014487baa157c538b5a932,USGS-03274615,00065,00011,2023-01-26 19:00:00+00:00,4.37,ft,Approved,,2025-09-01 20:21:53.716170+00:00
,,7d27c8f3-2810-4677-a373-886f8a8082bd,0c49166273014487baa157c538b5a932,USGS-03274615,00065,00011,2023-01-26 18:45:00+00:00,4.36,ft,Approved,,2025-09-01 20:21:53.716170+00:00
,,026d747d-41a5-41da-8277-a1af16740383,0c49166273014487baa157c538b5a932,USGS-03274615,00065,00011,2023-01-26 18:30:00+00:00,4.36,ft,Approved,,2025-09-01 20:21:53.716170+00:00
,,8833ca3c-bebc-4886-94d0-e39f91c7fb64,0c49166273014487baa157c538b5a932,USGS-03274615,00065,00011,2023-01-26 18:15:00+00:00,4.37,ft,Approved,,2025-09-01 20:21:53.716170+00:00
,,362e6d77-d03c-4dcb-a699-ae5a3873a7aa,0c49166273014487baa157c538b5a932,USGS-03274615,00065,00011,2023-01-26 18:00:00+00:00,4.38,ft,Approved,,2025-09-01 20:21:53.716170+00:00
,,ede48c4e-344c-4f24-9de1-6fdc9a9c0184,0c49166273014487baa157c538b5a932,USGS-03274615,00065,00011,2023-01-26 17:45:00+00:00,4.39,ft,Approved,,2025-09-01 20:21:53.716170+00:00
,,eb965f10-f615-4972-97e3-5d1863706e66,0c49166273014487baa157c538b5a932,USGS-03274615,00065,00011,2023-01-26 17:30:00+00:00,4.44,ft,Approved,,2025-09-01 20:21:53.716170+00:00
,,b9a8aa4f-3c7f-4c9e-a0d8-758c884eea30,0c49166273014487baa157c538b5a932,USGS-03274615,00065,00011,2023-01-26 17:15:00+00:00,4.42,ft,Approved,,2025-09-01 20:21:53.716170+00:00
,,5a3924d7-2774-4f23-b6a7-c33ba9984453,0c49166273014487baa157c538b5a932,USGS-03274615,00065,00011,2023-01-26 17:00:00+00:00,4.38,ft,Approved,,2025-09-01 20:21:53.716170+00:00
,,9cfd6bf1-59f5-449e-965f-a2d42ba843d6,0c49166273014487baa157c538b5a932,USGS-03274615,00065,00011,2023-01-26 16:45:00+00:00,4.44,ft,Approved,,2025-09-01 20:21:53.716170+00:00
,,a0824040-2b19-4260-92a1-c3b841d28424,0c49166273014487baa157c538b5a932,USGS-03274615,00065,00011,2023-01-26 16:30:00+00:00,4.48,ft,Approved,,2025-09-01 20:21:53.716170+00:00
,,157a9801-d762-4bfa-9b1b-e24aa9d40fdd,0c49166273014487baa157c538b5a932,USGS-03274615,00065,00011,2023-01-26 16:15:00+00:00,4.53,ft,Approved,,2025-09-01 20:21:53.716170+00:00
,,3dce0b56-8d3e-44a9-94fb-824e69501bac,0c49166273014487baa157c538b5a932,USGS-03274615,00065,00011,2023-01-26 16:00:00+00:00,4.54,ft,Approved,,2025-09-01 20:21:53.716170+00:00
,,ac315703-e9de-48a8-b5f1-21b638c9616e,0c49166273014487baa157c538b5a932,USGS-03274615,00065,00011,2023-01-26 15:45:00+00:00,4.53,ft,Approved,,2025-09-01 20:21:53.716170+00:00
,,44f32f5d-5f81-4792-bc1d-f2a2617cdc18,0c49166273014487baa157c538b5a932,USGS-03274615,00065,00011,2023-01-26 15:30:00+00:00,4.55,ft,Approved,,2025-09-01 20:21:53.716170+00:00
,,1df24d0a-577a-48d3-a676-6a5d361b0acb,0c49166273014487baa157c538b5a932,USGS-03274615,00065,00011,2023-01-26 15:15:00+00:00,4.54,ft,Approved,,2025-09-01 20:21:53.716170+00:00
,,9261623d-0517-4b12-876d-5321aa075a0b,0c49166273014487baa157c538b5a932,USGS-03274615,00065,00011,2023-01-26 15:00:00+00:00,4.59,ft,Approved,,2025-09-01 20:21:53.716170+00:00
,,cde3757b-0f40-4e52-983a-f9bf5511ccf2,0c49166273014487baa157c538b5a932,USGS-03274615,00065,00011,2023-01-26 14:45:00+00:00,4.59,ft,Approved,,2025-09-01 20:21:53.716170+00:00
,,57812a56-bc93-41b7-887b-984f114abaa6,0c49166273014487baa157c538b5a932,USGS-03274615,00065,00011,2023-01-26 14:30:00+00:00,4.62,ft,Approved,,2025-09-01 20:21:53.716170+00:00
,,e88c28bc-02d0-4932-b21c-bd39626fada8,0c49166273014487baa157c538b5a932,USGS-03274615,00065,00011,2023-01-26 14:15:00+00:00,4.60,ft,Approved,,2025-09-01 20:21:53.716170+00:00
,,f80409ae-5f19-47fe-8321-2abc6cae8b4c,0c49166273014487baa157c538b5a932,USGS-03274615,00065,00011,2023-01-26 14:00:00+00:00,4.64,ft,Approved,,2025-09-01 20:21:53.716170+00:00
,,11e19ca8-dbb5-4e36-912a-2ffef8afe09a,0c49166273014487baa157c538b5a932,USGS-03274615,00065,00011,2023-01-26 13:45:00+00:00,4.68,ft,Approved,,2025-09-01 20:21:53.716170+00:00
,,86840cb3-9c1e-4348-8bf0-867b484f7a15,0c49166273014487baa157c538b5a932,USGS-03274615,00065,00011,2023-01-26 13:30:00+00:00,4.65,ft,Approved,,2025-09-01 20:21:53.716170+00:00
,,5caa9d8b-d532-48a9-b2da-54e31423410a,0c49166273014487baa157c538b5a932,USGS-03274615,00065,00011,2023-01-26 13:15:00+00:00,4.66,ft,Approved,,2025-09-01 20:21:53.716170+00:00
,,9d2bf559-3848-4e99-b1fe-c1458ec71fbf,0c49166273014487baa157c538b5a932,USGS-03274615,00065,00011,2023-01-26 13:00:00+00:00,4.66,ft,Approved,,2025-09-01 20:21:53.716170+00:00
,,ac361c66-a071-4bdb-87a1-d1ae35dc97e2,0c49166273014487baa157c538b5a932,USGS-03274615,00065,00011,2023-01-26 12:45:00+00:00,4.66,ft,Approved,,2025-09-01 20:21:53.716170+00:00
,,1ca29bd5-f31e-4e96-a666-a8858c8a50f9,0c49166273014487baa157c538b5a932,USGS-03274615,00065,00011,2023-01-26 12:30:00+00:00,4.66,ft,Approved,,2025-09-01 20:21:53.716170+00:00
,,664dedec-433e-47e4-9331-6e45ebced066,0c49166273014487baa157c538b5a932,USGS-03274615,00065,00011,2023-01-26 12:15:00+00:00,4.66,ft,Approved,,2025-09-01 20:21:53.716170+00:00
,,149c98e8-b42c-45b0-9961-e52b006c4a24,0c49166273014487baa157c538b5a932,USGS-03274615,00065,00011,2023-01-26 12:00:00+00:00,4.66,ft,Approved,,2025-09-01 20:21:53.716170+00:00
,,85d1ed85-f0f3-49dd-9484-62b91a260cc9,0c49166273014487baa157c538b5a932,USGS-03274615,00065,00011,2023-01-26 11:45:00+00:00,4.68,ft,Approved,,2025-09-01 20:21:53.716170+00:00
,,47208dd7-806d-4735-8fad-017de9ab6f70,0c49166273014487baa157c538b5a932,USGS-03274615,00065,00011,2023-01-26 11:30:00+00:00,4.68,ft,Approved,,2025-09-01 20:21:53.716170+00:00
,,86919cae-1ba7-44a8-8c05-5b31ede2b994,0c49166273014487baa157c538b5a932,USGS-03274615,00065,00011,2023-01-26 11:15:00+00:00,4.71,ft,Approved,,2025-09-01 20:21:53.716170+00:00
,,4298a1b4-2d23-48b7-9f5b-737e82b9e800,0c49166273014487baa157c538b5a932,USGS-03274615,00065,00011,2023-01-26 11:00:00+00:00,4.71,ft,Approved,,2025-09-01 20:21:53.716170+00:00
,,3a8572ca-e7ef-426c-bc7e-cd29e3ab7a4e,0c49166273014487baa157c538b5a932,USGS-03274615,00065,00011,2023-01-26 10:45:00+00:00,4.71,ft,Approved,,2025-09-01 20:21:53.716170+00:00
,,8631fbee-02c7-46f3-8cae-d06b35e21e79,0c49166273014487baa157c538b5a932,USGS-03274615,00065,00011,2023-01-26 10:30:00+00:00,4.71,ft,Approved,,2025-09-01 20:21:53.716170+00:00
,,924f673f-9fb1-4750-9786-08be88749fa9,0c49166273014487baa157c538b5a932,USGS-03274615,00065,00011,2023-01-26 10:15:00+00:00,4.70,ft,Approved,,2025-09-01 20:21:53.716170+00:00
,,97c32c8d-cca5-45fc-9154-c218d6de6551,0c49166273014487baa157c538b5a932,USGS-03274615,00065,00011,2023-01-26 10:00:00+00:00,4.70,ft,Approved,,2025-09-01 20:21:53.716170+00:00
,,9cd5561c-7300-4cbf-aeeb-de861f7afaaa,0c49166273014487baa157c538b5a932,USGS-03274615,00065,00011,2023-01-26 09:45:00+00:00,4.70,ft,Approved,,2025-09-01 20:21:53.716170+00:00
,,d5d16d87-d41d-49b5-9d2a-d4438eb85a56,0c49166273014487baa157c538b5a932,USGS-03274615,00065,00011,2023-01-26 09:30:00+00:00,4.69,ft,Approved,,2025-09-01 20:21:53.716170+00:00
,,eb2985b6-e118-420a-8cdb-ac26a007672c,0c49166273014487baa157c538b5a932,USGS-03274615,00065,00011,2023-01-26 09:15:00+00:00,4.67,ft,Approved,,2025-09-01 20:21:53.716170+00:00
,,d2c2c78e-4a53-4b9b-b882-3dafb6dd4efd,0c49166273014487baa157c538b5a932,USGS-03274615,00065,00011,2023-01-26 09:00:00+00:00,4.71,ft,Approved,,2025-09-01 20:21:53.716170+00:00
,,cf55e143-793d-450c-a597-8bf09fe82d64,0c49166273014487baa157c538b5a932,USGS-03274615,00065,00011,2023-01-26 08:45:00+00:00,4.65,ft,Approved,,2025-09-01 20:21:53.716170+00:00
,,a3d4a8a9-4bad-4f69-8d33-a7d31ab4a62c,0c49166273014487baa157c538b5a932,USGS-03274615,00065,00011,2023-01-26 08:30:00+00:00,4.67,ft,Approved,,2025-09-01 20:21:53.716170+00:00
,,29e3d040-1104-4958-9037-0ec4e753195c,0c49166273014487baa157c538b5a932,USGS-03274615,00065,00011,2023-01-26 08:15:00+00:00,4.66,ft,Approved,,2025-09-01 20:21:53.716170+00:00
,,54335c68-86c3-44a8-b6e4-b592c5f1bf5b,0c49166273014487baa157c538b5a932,USGS-03274615,00065,00011,2023-01-26 08:00:00+00:00,4.69,ft,Approved,,2025-09-01 20:21:53.716170+00:00
,,f4a0c5ed-ffb4-4a2e-a87c-e2cfba3e9c0b,0c49166273014487baa157c538b5a932,USGS-03274615,00065,00011,2023-01-26 07:45:00+00:00,4.66,ft,Approved,,2025-09-01 20:21:53.716170+00:00
,,d76c4765-62cc-4887-ba55-60e334d466e4,0c49166273014487baa157c538b5a932,USGS-03274615,00065,00011,2023-01-26 07:30:00+00:00,4.64,ft,Approved,,2025-09-01 20:21:53.716170+00:00
,,70558347-e165-4fe4-bf72-e9059df97ed7,0c49166273014487baa157c538b5a932,USGS-03274615,00065,00011,2023-01-26 07:15:00+00:00,4.61,ft,Approved,,2025-09-01 20:21:53.716170+00:00
,,f3a7380e-0559-4252-8644-6ae7c9135ef7,0c49166273014487baa157c538b5a932,USGS-03274615,00065,00011,2023-01-26 07:00:00+00:00,4.59,ft,Approved,,2025-09-01 20:21:53.716170+00:00
,,d6fc571c-31c9-4553-9228-74664ca32cb3,0c49166273014487baa157c538b5a932,USGS-03274615,00065,00011,2023-01-26 06:45:00+00:00,4.61,ft,Approved,,2025-09-01 20:21:53.716170+00:00
,,a97ca369-ed53-4e2d-bc46-b16505d671dc,0c49166273014487baa157c538b5a932,USGS-03274615,00065,00011,2023-01-26 06:30:00+00:00,4.58,ft,Approved,,2025-09-01 20:21:53.716170+00:00
,,f6829d21-d3d4-4ee2-8b31-a680d7626fc5,0c49166273014487baa157c538b5a932,USGS-03274615,00065,00011,2023-01-26 06:15:00+00:00,4.56,ft,Approved,,2025-09-01 20:21:53.716170+00:00
,,0c1df746-bc18-44d9-a0f3-8e64d4280878,0c49166273014487baa157c538b5a932,USGS-03274615,00065,00011,2023-01-26 06:00:00+00:00,4.55,ft,Approved,,2025-09-01 20:21:53.716170+00:00
,,a33644cf-6c59-4498-bb12-3615555134ec,0c49166273014487baa157c538b5a932,USGS-03274615,00065,00011,2023-01-26 05:45:00+00:00,4.50,ft,Approved,,2025-09-01 20:21:53.716170+00:00
,,fe3b8a08-97cd-4809-b257-6b14c6d229b4,0c49166273014487baa157c538b5a932,USGS-03274615,00065,00011,2023-01-26 05:30:00+00:00,4.49,ft,Approved,,2025-09-01 20:21:53.716170+00:00
,,ddbec3d1-0408-4e8f-b55f-1432c04d30a8,0c49166273014487baa157c538b5a932,USGS-03274615,00065,00011,2023-01-26 05:15:00+00:00,4.44,ft,Approved,,2025-09-01 20:21:53.716170+00:00
,,dacda8a7-1ecd-42de-9f47-dc1668542cb0,0c49166273014487baa157c538b5a932,USGS-03274615,00065,00011,2023-01-26 05:00:00+00:00,4.44,ft,Approved,,2025-09-01 20:21:53.716170+00:00
,,13644d74-4dbb-4c9b-ab83-08559da7d311,0c49166273014487baa157c538b5a932,USGS-03274615,00065,00011,2023-01-26 04:45:00+00:00,4.39,ft,Approved,,2025-09-01 20:21:53.716170+00:00
,,d30fb745-069f-4039-8405-af5e997eaf26,0c49166273014487baa157c538b5a932,USGS-03274615,00065,00011,2023-01-26 04:30:00+00:00,4.37,ft,Approved,,2025-09-01 20:21:53.716170+00:00
,,a0a83c38-0492-4f77-8828-f90115d5a938,0c49166273014487baa157c538b5a932,USGS-03274615,00065,00011,2023-01-26 04:15:00+00:00,4.35,ft,Approved,,2025-09-01 20:21:53.716170+00:00
,,3d727063-f845-46f0-8605-518d31771bf1,0c49166273014487baa157c538b5a932,USGS-03274615,00065,00011,2023-01-26 04:00:00+00:00,4.29,ft,Approved,,2025-09-01 20:21:53.716170+00:00
,,adbcecd4-15e1-4cfb-9bc9-e5ea5fb766f5,0c49166273014487baa157c538b5a932,USGS-03274615,00065,00011,2023-01-26 03:45:00+00:00,4.25,ft,Approved,,2025-09-01 20:21:53.716170+00:00
,,a7b520f6-4954-47dc-bb4f-3e574e97ed01,0c49166273014487baa157c538b5a932,USGS-03274615,00065,00011,2023-01-26 03:30:00+00:00,4.23,ft,Approved,,2025-09-01 20:21:53.716170+00:00
,,f5e9ce7f-199c-41d6-9557-952997e77141,0c49166273014487baa157c538b5a932,USGS-03274615,00065,00011,2023-01-26 03:15:00+00:00,4.17,ft,Approved,,2025-09-01 20:21:53.716170+00:00
,,b39f7b8c-c7e8-4461-baa6-d1ac3629da29,0c49166273014487baa157c538b5a932,USGS-03274615,00065,00011,2023-01-26 03:00:00+00:00,4.12,ft,Approved,,2025-09-01 20:21:53.716170+00:00
,,ccd5d3e5-9e05-4571-8ccd-38c64115bb35,0c49166273014487baa157c538b5a932,USGS-03274615,00065,00011,2023-01-26 02:45:00+00:00,4.11,ft,Approved,,2025-09-01 20:21:53.716170+00:00
,,592df75c-5b08-4f6c-aa39-c2718ce0fdd4,0c49166273014487baa157c538b5a932,USGS-03274615,00065,00011,2023-01-26 02:30:00+00:00,4.05,ft,Approved,,2025-09-01 20:21:53.716170+00:00
,,170b1a59-d6a1-4ff6-b572-fd1991b3ccc0,0c49166273014487baa157c538b5a932,USGS-03274615,00065,00011,2023-01-26 02:15:00+00:00,3.99,ft,Approved,,2025-09-01 20:21:53.716170+00:00
,,52b1fb5b-4c20-45dd-9630-ff9e12f9390b,0c49166273014487baa157c538b5a932,USGS-03274615,00065,00011,2023-01-26 02:00:00+00:00,3.93,ft,Approved,,2025-09-01 20:21:53.716170+00:00
,,6817faef-6633-4622-acd3-dad3548329ca,0c49166273014487baa157c538b5a932,USGS-03274615,00065,00011,2023-01-26 01:45:00+00:00,3.94,ft,Approved,,2025-09-01 20:21:53.716170+00:00
,,b61530f7-b204-4612-8250-b1b844330991,0c49166273014487baa157c538b5a932,USGS-03274615,00065,00011,2023-01-26 01:30:00+00:00,3.87,ft,Approved,,2025-09-01 20:21:53.716170+00:00
,,c2c18a1a-4bdc-4803-89bf-c2b0d38cbbfb,0c49166273014487baa157c538b5a932,USGS-03274615,00065,00011,2023-01-26 01:15:00+00:00,3.81,ft,Approved,,2025-09-01 20:21:53.716170+00:00
,,9cd5c482-194e-45f6-89bb-d22bdc2de130,0c49166273014487baa157c538b5a932,USGS-03274615,00065,00011,2023-01-26 01:00:00+00:00,3.77,ft,Approved,,2025-09-01 20:21:53.716170+00:00
,,92ef3f8c-c9df-4eb1-b882-4879703e7376,0c49166273014487baa157c538b5a932,USGS-03274615,00065,00011,2023-01-26 00:45:00+00:00,3.72,ft,Approved,,2025-09-01 20:21:53.716170+00:00
,,e305d5f1-515e-4920-b3ee-4cd2e9d66f43,0c49166273014487baa157c538b5a932,USGS-03274615,00065,00011,2023-01-26 00:30:00+00:00,3.68,ft,Approved,,2025-09-01 20:21:53.716170+00:00
,,67a74e94-4a56-4f80-be49-64b9c524f9f1,0c49166273014487baa157c538b5a932,USGS-03274615,00065,00011,2023-01-26 00:15:00+00:00,3.63,ft,Approved,,2025-09-01 20:21:53.716170+00:00
,,1dea5947-cc55-48e4-b445-cbcab52c81e5,0c49166273014487baa157c538b5a932,USGS-03274615,00065,00011,2023-01-26 00:00:00+00:00,3.59,ft,Approved,,2025-09-01 20:21:53.716170+00:00
,,0779acf6-bf6d-494a-a7b1-025756414e1c,0c49166273014487baa157c538b5a932,USGS-03274615,00065,00011,2023-01-25 23:45:00+00:00,3.54,ft,Approved,,2025-09-01 20:21:53.716170+00:00
,,8cd6940a-8740-4a18-87d8-5cace4702287,0c49166273014487baa157c538b5a932,USGS-03274615,00065,00011,2023-01-25 23:30:00+00:00,3.50,ft,Approved,,2025-09-01 20:21:53.716170+00:00
,,c7dd9bf1-5a73-422c-bdf5-05892c9cbca5,0c49166273014487baa157c538b5a932,USGS-03274615,00065,00011,2023-01-25 23:15:00+00:00,3.45,ft,Approved,,2025-09-01 20:21:53.716170+00:00
,,eb0c4dba-9af9-47a5-a1f8-202e76de61cf,0c49166273014487baa157c538b5a932,USGS-03274615,00065,00011,2023-01-25 23:00:00+00:00,3.39,ft,Approved,,2025-09-01 20:21:53.716170+00:00
,,aafbbacb-88bf-4e78-850a-2dcea32ce648,0c49166273014487baa157c538b5a932,USGS-03274615,00065,00011,2023-01-25 22:45:00+00:00,3.40,ft,Approved,,2025-09-01 20:21:53.716170+00:00
,,b421c99c-4b1b-4ea6-ba2c-d5684cee7b1d,0c49166273014487baa157c538b5a932,USGS-03274615,00065,00011,2023-01-25 22:30:00+00:00,3.34,ft,Approved,,2025-09-01 20:21:53.716170+00:00
,,7be86795-7a07-4364-9b89-c614696f1a4c,0c49166273014487baa157c538b5a932,USGS-03274615,00065,00011,2023-01-25 22:15:00+00:00,3.26,ft,Approved,,2025-09-01 20:21:53.716170+00:00
,,6509548f-3bc4-4974-aea4-18bc4d71e785,0c49166273014487baa157c538b5a932,USGS-03274615,00065,00011,2023-01-25 22:00:00+00:00,3.26,ft,Approved,,2025-09-01 20:21:53.716170+00:00
,,ac8bf82b-6092-4337-b5b1-fa0683dbb5a5,0c49166273014487baa157c538b5a932,USGS-03274615,00065,00011,2023-01-25 21:45:00+00:00,3.21,ft,Approved,,2025-09-01 20:21:53.716170+00:00
,,fbc23d22-2056-422c-a056-ddf1cd268924,0c49166273014487baa157c538b5a932,USGS-03274615,00065,00011,2023-01-25 21:30:00+00:00,3.17,ft,Approved,,2025-09-01 20:21:53.716170+00:00
,,75871bea-25d8-4a55-8e18-8b2415e1d659,0c49166273014487baa157c538b5a932,USGS-03274615,00065,00011,2023-01-25 21:15:00+00:00,3.13,ft,Approved,,2025-09-01 20:21:53.716170+00:00
,,373e6ea5-b57e-45dd-80e0-26294a43717f,0c49166273014487baa157c538b5a932,USGS-03274615,00065,00011,2023-01-25 21:00:00+00:00,3.10,ft,Approved,,2025-09-01 20:21:53.716170+00:00
,,da8789f1-d4e9-4082-899b-d9bbb7af7748,0c49166273014487baa157c538b5a932,USGS-03274615,00065,00011,2023-01-25 20:45:00+00:00,3.05,ft,Approved,,2025-09-01 20:21:53.716170+00:00
,,265f3976-2010-4558-b3d0-26d031cc6f05,0c49166273014487baa157c538b5a932,USGS-03274615,00065,00011,2023-01-25 20:30:00+00:00,2.99,ft,Approved,,2025-09-01 20:21:53.716170+00:00
,,90d9e991-b4f1-47c3-84d1-d2bcc9ed9b7a,0c49166273014487baa157c538b5a932,USGS-03274615,00065,00011,2023-01-25 20:15:00+00:00,2.95,ft,Approved,,2025-09-01 20:21:53.716170+00:00
,,c9795c4e-a4aa-45e7-a290-52de3937c441,0c49166273014487baa157c538b5a932,USGS-03274615,00065,00011,2023-01-25 20:00:00+00:00,2.95,ft,Approved,,2025-09-01 20:21:53.716170+00:00
,,326fc536-5273-43e3-a5f1-e09eb1d61fbf,0c49166273014487baa157c538b5a932,USGS-03274615,00065,00011,2023-01-25 19:45:00+00:00,2.86,ft,Approved,,2025-09-01 20:21:53.716170+00:00
,,ca03498b-1342-4f64-a9c6-4e34d668267f,0c49166273014487baa157c538b5a932,USGS-03274615,00065,00011,2023-01-25 19:30:00+00:00,2.80,ft,Approved,,2025-09-01 20:21:53.716170+00:00
,,4aca5be1-0466-4eee-8383-4054a2ec9226,0c49166273014487baa157c538b5a932,USGS-03274615,00065,00011,2023-01-25 19:15:00+00:00,2.80,ft,Approved,,2025-09-01 20:21:53.716170+00:00
,,c503b3f7-23ce-4334-a2d2-351a80e41696,0c49166273014487baa157c538b5a932,USGS-03274615,00065,00011,2023-01-25 19:00:00+00:00,2.68,ft,Approved,,2025-09-01 20:21:53.716170+00:00
,,960e1e5c-c94f-48ec-a52f-9c419e86a04a,0c49166273014487baa157c538b5a932,USGS-03274615,00065,00011,2023-01-25 18:45:00+00:00,2.72,ft,Approved,,2025-09-01 20:21:53.716170+00:00
,,76a0302f-bbdf-4a46-9354-6700a5d7116c,0c49166273014487baa157c538b5a932,USGS-03274615,00065,00011,2023-01-25 18:30:00+00:00,2.76,ft,Approved,,2025-09-01 20:21:53.716170+00:00
,,b31a3150-d3f7-4591-bc15-fd97480e8fc0,0c49166273014487baa157c538b5a932,USGS-03274615,00065,00011,2023-01-25 18:15:00+00:00,2.70,ft,Approved,,2025-09-01 20:21:53.716170+00:00
,,ff6f8982-2d64-40c1-8438-c9e310bb5adb,0c49166273014487baa157c538b5a932,USGS-03274615,00065,00011,2023-01-25 18:00:00+00:00,2.69,ft,Approved,,2025-09-01 20:21:53.716170+00:00
,,53c21a8e-7c61-400b-bde2-b015d3ac8436,0c49166273014487baa157c538b5a932,USGS-03274615,00065,00011,2023-01-25 17:45:00+00:00,2.65,ft,Approved,,2025-09-01 20:21:53.716170+00:00
,,61a5b931-6a18-4ab5-836e-10fa4416e9f7,0c49166273014487baa157c538b5a932,USGS-03274615,00065,00011,2023-01-25 17:30:00+00:00,2.70,ft,Approved,,2025-09-01 20:21:53.716170+00:00
,,777b81d8-9697-4698-ade5-f120b7078838,0c49166273014487baa157c538b5a932,USGS-03274615,00065,00011,2023-01-25 17:15:00+00:00,2.61,ft,Approved,,2025-09-01 20:21:53.716170+00:00
,,bdeb28ef-27eb-4405-98f4-cab74ce1f502,0c49166273014487baa157c538b5a932,USGS-03274615,00065,00011,2023-01-25 17:00:00+00:00,2.65,ft,Approved,,2025-09-01 20:21:53.716170+00:00
,,6637ef23-efc5-4209-86b5-4e71b32b213c,0c49166273014487baa157c538b5a932,USGS-03274615,00065,00011,2023-01-25 16:45:00+00:00,2.65,ft,Approved,,2025-09-01 20:21:53.716170+00:00
,,985ee877-40e1-484b-8327-b80e5a8cb0e6,0c49166273014487baa157c538b5a932,USGS-03274615,00065,00011,2023-01-25 16:30:00+00:00,2.59,ft,Approved,,2025-09-01 20:21:53.716170+00:00
,,60e15764-3820-44c8-a05f-535d0398d056,0c49166273014487baa157c538b5a932,USGS-03274615,00065,00011,2023-01-25 16:15:00+00:00,2.59,ft,Approved,,2025-09-01 20:21:53.716170+00:00
,,1258a60d-12e7-4aa7-9097-fb57f11f187f,0c49166273014487baa157c538b5a932,USGS-03274615,00065,00011,2023-01-25 16:00:00+00:00,2.58,ft,Approved,,2025-09-01 20:21:53.716170+00:00
,,86c65daa-d83f-4ed8-b346-5681774370b4,0c49166273014487baa157c538b5a932,USGS-03274615,00065,00011,2023-01-25 15:45:00+00:00,2.58,ft,Approved,,2025-09-01 20:21:53.716170+00:00
,,214b6e16-4598-4046-8de5-3040d06b0762,0c49166273014487baa157c538b5a932,USGS-03274615,00065,00011,2023-01-25 15:30:00+00:00,2.55,ft,Approved,,2025-09-01 20:21:53.716170+00:00
,,010c3f92-676d-4234-b69d-ae6924183049,0c49166273014487baa157c538b5a932,USGS-03274615,00065,00011,2023-01-25 15:15:00+00:00,2.53,ft,Approved,,2025-09-01 20:21:53.716170+00:00
,,8f181ef5-fc15-4dab-b3af-3d9a341c750d,0c49166273014487baa157c538b5a932,USGS-03274615,00065,00011,2023-01-25 15:00:00+00:00,2.47,ft,Approved,,2025-09-01 20:21:53.716170+00:00
,,f7910d86-4293-40a0-b00b-1a748f3780a7,0c49166273014487baa157c538b5a932,USGS-03274615,00065,00011,2023-01-25 14:45:00+00:00,2.47,ft,Approved,,2025-09-01 20:21:53.716170+00:00
,,1e08d1b4-eefc-4687-bf9e-b4078acc84f8,0c49166273014487baa157c538b5a932,USGS-03274615,00065,00011,2023-01-25 14:30:00+00:00,2.48,ft,Approved,,2025-09-01 20:21:53.716170+00:00
,,e27b6cef-732e-4502-b7db-63cf26f8c2f3,0c49166273014487baa157c538b5a932,USGS-03274615,00065,00011,2023-01-25 14:15:00+00:00,2.49,ft,Approved,,2025-09-01 20:21:53.716170+00:00
,,2a8098c1-636c-4b00-a546-44537f2b13f3,0c49166273014487baa157c538b5a932,USGS-03274615,00065,00011,2023-01-25 14:00:00+00:00,2.50,ft,Approved,,2025-09-01 20:21:53.716170+00:00
,,fdde4dfb-57db-4193-af7f-5b8916b1539c,0c49166273014487baa157c538b5a932,USGS-03274615,00065,00011,2023-01-25 13:45:00+00:00,2.50,ft,Approved,,2025-09-01 20:21:53.716170+00:00
,,15ab77f6-4026-479c-99bb-3d63d793add0,0c49166273014487baa157c538b5a932,USGS-03274615,00065,00011,2023-01-25 13:30:00+00:00,2.47,ft,Approved,,2025-09-01 20:21:53.716170+00:00
,,4b2315cc-6ca9-4d5d-8e03-8eda51360aaf,0c49166273014487baa157c538b5a932,USGS-03274615,00065,00011,2023-01-25 13:15:00+00:00,2.48,ft,Approved,,2025-09-01 20:21:53.716170+00:00
,,eacf58e1-1e85-43a3-97bd-281caa6bd95a,0c49166273014487baa157c538b5a932,USGS-03274615,00065,00011,2023-01-25 13:00:00+00:00,2.42,ft,Approved,,2025-09-01 20:21:53.716170+00:00
,,2d5db56b-1a06-450d-aea5-bf0c027c9cb7,0c49166273014487baa157c538b5a932,USGS-03274615,00065,00011,2023-01-25 12:45:00+00:00,2.46,ft,Approved,,2025-09-01 20:21:53.716170+00:00
,,b7208432-d20e-4d9b-bf9f-4fda2bfb74ba,0c49166273014487baa157c538b5a932,USGS-03274615,00065,00011,2023-01-25 12:30:00+00:00,2.47,ft,Approved,,2025-09-01 20:21:53.716170+00:00
,,e4ab550b-6659-4170-a855-0d29470d89f3,0c49166273014487baa157c538b5a932,USGS-03274615,00065,00011,2023-01-25 12:15:00+00:00,2.49,ft,Approved,,2025-09-01 20:21:53.716170+00:00
,,87bb423b-3d34-4994-904b-3f83a141de97,0c49166273014487baa157c538b5a932,USGS-03274615,00065,00011,2023-01-25 12:00:00+00:00,2.48,ft,Approved,,2025-09-01 20:21:53.716170+00:00
,,cd0ef9eb-0a03-4d1f-96db-ced52036ba1b,0c49166273014487baa157c538b5a932,USGS-03274615,00065,00011,2023-01-25 11:45:00+00:00,2.40,ft,Approved,,2025-09-01 20:21:53.716170+00:00
,,f97f9173-fa32-4d6a-87ad-3b86f9dea8ca,0c49166273014487baa157c538b5a932,USGS-03274615,00065,00011,2023-01-25 11:30:00+00:00,2.43,ft,Approved,,2025-09-01 20:21:53.716170+00:00
,,39865e32-f7e9-4e94-9a40-055c131efceb,0c49166273014487baa157c538b5a932,USGS-03274615,00065,00011,2023-01-25 11:15:00+00:00,2.43,ft,Approved,,2025-09-01 20:21:53.716170+00:00
,,8d4b031f-741c-44a5-ad45-56fbff02614a,0c49166273014487baa157c538b5a932,USGS-03274615,00065,00011,2023-01-25 11:00:00+00:00,2.39,ft,Approved,,2025-09-01 20:21:53.716170+00:00
,,1be46fa8-35a8-4e84-b589-97a54dd9dc2e,0c49166273014487baa157c538b5a932,USGS-03274615,00065,00011,2023-01-25 10:45:00+00:00,2.41,ft,Approved,,2025-09-01 20:21:53.716170+00:00
,,38b38564-2d49-4795-8516-f0c3ec7b0fa6,0c49166273014487baa157c538b5a932,USGS-03274615,00065,00011,2023-01-25 10:30:00+00:00,2.42,ft,Approved,,2025-09-01 20:21:53.716170+00:00
,,b4734a5b-93f6-4da5-8430-7f7d96dac3a3,0c49166273014487baa157c538b5a932,USGS-03274615,00065,00011,2023-01-25 10:15:00+00:00,2.41,ft,Approved,,2025-09-01 20:21:53.716170+00:00
,,d721c92a-626a-463b-80bc-28bccb8a892d,0c49166273014487baa157c538b5a932,USGS-03274615,00065,00011,2023-01-25 10:00:00+00:00,2.41,ft,Approved,,2025-09-01 20:21:53.716170+00:00
,,235991d4-5331-462c-8d49-09476fcec72c,0c49166273014487baa157c538b5a932,USGS-03274615,00065,00011,2023-01-25 09:45:00+00:00,2.41,ft,Approved,,2025-09-01 20:21:53.716170+00:00
,,1ed2bfa6-5629-44ad-9f09-9b5965513834,0c49166273014487baa157c538b5a932,USGS-03274615,00065,00011,2023-01-25 09:30:00+00:00,2.40,ft,Approved,,2025-09-01 20:21:53.716170+00:00
,,b5f2d30f-af5f-4c17-bb44-857b05908e0a,0c49166273014487baa157c538b5a932,USGS-03274615,00065,00011,2023-01-25 09:15:00+00:00,2.39,ft,Approved,,2025-09-01 20:21:53.716170+00:00
,,bfedfe48-8581-4f17-8cf1-f2330b34a744,0c49166273014487baa157c538b5a932,USGS-03274615,00065,00011,2023-01-25 09:00:00+00:00,2.40,ft,Approved,,2025-09-01 20:21:53.716170+00:00
,,886be0cc-3008-412e-a17a-16c15f57fe2e,0c49166273014487baa157c538b5a932,USGS-03274615,00065,00011,2023-01-25 08:45:00+00:00,2.42,ft,Approved,,2025-09-01 20:21:53.716170+00:00
,,83a83627-9eab-44c5-b637-ce358e95ed0f,0c49166273014487baa157c538b5a932,USGS-03274615,00065,00011,2023-01-25 08:30:00+00:00,2.41,ft,Approved,,2025-09-01 20:21:53.716170+00:00
,,2f709661-fd04-4004-b739-9addad1c56c1,0c49166273014487baa157c538b5a932,USGS-03274615,00065,00011,2023-01-25 08:15:00+00:00,2.32,ft,Approved,,2025-09-01 20:21:53.716170+00:00
,,e4c7f651-03b3-4ab1-b5b9-d963b7660010,0c49166273014487baa157c538b5a932,USGS-03274615,00065,00011,2023-01-25 08:00:00+00:00,2.39,ft,Approved,,2025-09-01 20:21:53.716170+00:00
,,20cb584a-ffa8-476a-82a1-53cec864e6bf,0c49166273014487baa157c538b5a932,USGS-03274615,00065,00011,2023-01-25 07:45:00+00:00,2.40,ft,Approved,,2025-09-01 20:21:53.716170+00:00
,,91bc5cad-a3d7-4b6d-9c8e-8067c3be95ad,0c49166273014487baa157c538b5a932,USGS-03274615,00065,00011,2023-01-25 07:30:00+00:00,2.35,ft,Approved,,2025-09-01 20:21:53.716170+00:00
,,9d8e1165-90c6-4655-8125-e41ad7c2f632,0c49166273014487baa157c538b5a932,USGS-03274615,00065,00011,2023-01-25 07:15:00+00:00,2.40,ft,Approved,,2025-09-01 20:21:53.716170+00:00
,,3d97c8fd-c650-4638-a1b5-a533e1c4d968,0c49166273014487baa157c538b5a932,USGS-03274615,00065,00011,2023-01-25 07:00:00+00:00,2.40,ft,Approved,,2025-09-01 20:21:53.716170+00:00
,,20ef21fa-2cc9-47ee-96f8-af2a7b8418c2,0c49166273014487baa157c538b5a932,USGS-03274615,00065,00011,2023-01-25 06:15:00+00:00,2.38,ft,Approved,,2025-09-01 20:21:53.716170+00:00
,,ee108487-64ce-48ab-b861-285126130b7c,0c49166273014487baa157c538b5a932,USGS-03274615,00065,00011,2023-01-25 06:00:00+00:00,2.38,ft,Approved,,2025-09-01 20:21:53.716170+00:00
,,5512a448-b4bf-460b-92bb-a8d6b051fb25,0c49166273014487baa157c538b5a932,USGS-03274615,00065,00011,2023-01-25 05:45:00+00:00,2.40,ft,Approved,,2025-09-01 20:21:53.716170+00:00
,,a8c8fbef-05db-4311-9791-4ea78b05d5a1,0c49166273014487baa157c538b5a932,USGS-03274615,00065,00011,2023-01-25 05:30:00+00:00,2.40,ft,Approved,,2025-09-01 20:21:53.716170+00:00
,,f4c86205-2a57-4d5f-82dc-242e59242769,0c49166273014487baa157c538b5a932,USGS-03274615,00065,00011,2023-01-25 05:15:00+00:00,2.40,ft,Approved,,2025-09-01 20:21:53.716170+00:00
,,91f4a13d-5384-4bba-8b7f-7e540c7c0396,0c49166273014487baa157c538b5a932,USGS-03274615,00065,00011,2023-01-25 05:00:00+00:00,2.41,ft,Approved,,2025-09-01 20:21:53.716170+00:00
,,5706aa8c-b6bb-49d3-9710-4886a24faa89,0c49166273014487baa157c538b5a932,USGS-03274615,00065,00011,2023-01-25 04:45:00+00:00,2.41,ft,Approved,,2025-09-01 20:21:53.716170+00:00
,,12be582c-8957-4b71-a6da-12f81ba72613,0c49166273014487baa157c538b5a932,USGS-03274615,00065,00011,2023-01-25 04:30:00+00:00,2.41,ft,Approved,,2025-09-01 20:21:53.716170+00:00
,,06ead11e-8998-4ad6-bacf-1d501b0fd60e,0c49166273014487baa157c538b5a932,USGS-03274615,00065,00011,2023-01-25 04:15:00+00:00,2.41,ft,Approved,,2025-09-01 20:21:53.716170+00:00
,,db270bd4-6f3d-4866-8931-4e4a45ab568a,0c49166273014487baa157c538b5a932,USGS-03274615,00065,00011,2023-01-25 04:00:00+00:00,2.41,ft,Approved,,2025-09-01 20:21:53.716170+00:00
,,f0e7c32e-3b9f-4a44-b53d-06b628376ebe,0c49166273014487baa157c538b5a932,USGS-03274615,00065,00011,2023-01-25 03:45:00+00:00,2.41,ft,Approved,,2025-09-01 20:21:53.716170+00:00
,,07f1ee73-720a-423d-bb74-8d48a27dd534,0c49166273014487baa157c538b5a932,USGS-03274615,00065,00011,2023-01-25 03:30:00+00:00,2.41,ft,Approved,,2025-09-01 20:21:53.716170+00:00
,,ce752710-7331-48ca-ab3b-8810cb4c2948,0c49166273014487baa157c538b5a932,USGS-03274615,00065,00011,2023-01-25 03:15:00+00:00,2.41,ft,Approved,,2025-09-01 20:21:53.716170+00:00
,,714e42f6-b4c7-4ff6-a9c9-cafd8401db26,0c49166273014487baa157c538b5a932,USGS-03274615,00065,00011,2023-01-25 03:00:00+00:00,2.41,ft,Approved,,2025-09-01 20:21:53.716170+00:00
,,02d11751-1b24-4786-b611-196990360e82,0c49166273014487baa157c538b5a932,USGS-03274615,00065,00011,2023-01-25 02:45:00+00:00,2.42,ft,Approved,,2025-09-01 20:21:53.716170+00:00
,,be0beba9-ecfb-48de-b252-d93b7033fff0,0c49166273014487baa157c538b5a932,USGS-03274615,00065,00011,2023-01-25 02:30:00+00:00,2.45,ft,Approved,,2025-09-01 20:21:53.716170+00:00
,,d649b250-673b-47dc-a895-53801a1a7b60,0c49166273014487baa157c538b5a932,USGS-03274615,00065,00011,2023-01-25 02:15:00+00:00,2.42,ft,Approved,,2025-09-01 20:21:53.716170+00:00
,,d2d313ad-168b-49f4-b072-0f3a98cc878f,0c49166273014487baa157c538b5a932,USGS-03274615,00065,00011,2023-01-25 02:00:00+00:00,2.45,ft,Approved,,2025-09-01 20:21:53.716170+00:00
,,8ee372e4-21a4-4b0d-98be-9ad0ba0a9ebb,0c49166273014487baa157c538b5a932,USGS-03274615,00065,00011,2023-01-25 01:45:00+00:00,2.46,ft,Approved,,2025-09-01 20:21:53.716170+00:00
,,d466c19b-e53b-4ef0-a638-667fe413a356,0c49166273014487baa157c538b5a932,USGS-03274615,00065,00011,2023-01-25 01:30:00+00:00,2.43,ft,Approved,,2025-09-01 20:21:53.716170+00:00
,,ce8a6065-e36a-45c4-afbb-03edcafcce2a,0c49166273014487baa157c538b5a932,USGS-03274615,00065,00011,2023-01-25 01:15:00+00:00,2.45,ft,Approved,,2025-09-01 20:21:53.716170+00:00
,,0231f8b6-b662-4100-9fdb-7bee446e9840,0c49166273014487baa157c538b5a932,USGS-03274615,00065,00011,2023-01-25 01:00:00+00:00,2.45,ft,Approved,,2025-09-01 20:21:53.716170+00:00
,,2a003844-8642-4d41-8a91-94e873c88e09,0c49166273014487baa157c538b5a932,USGS-03274615,00065,00011,2023-01-25 00:45:00+00:00,2.47,ft,Approved,,2025-09-01 20:21:53.716170+00:00
,,6d2c437c-ef41-4690-af7b-cb01aaa127df,0c49166273014487baa157c538b5a932,USGS-03274615,00065,00011,2023-01-25 00:30:00+00:00,2.47,ft,Approved,,2025-09-01 20:21:53.716170+00:00
,,f5b9f4e0-598c-4f0a-8090-e24bf3b34113,0c49166273014487baa157c538b5a932,USGS-03274615,00065,00011,2023-01-25 00:15:00+00:00,2.48,ft,Approved,,2025-09-01 20:21:53.716170+00:00
,,f4d3bf5d-9db2-4632-beb6-dbcc5d60169c,0c49166273014487baa157c538b5a932,USGS-03274615,00065,00011,2023-01-25 00:00:00+00:00,2.48,ft,Approved,,2025-09-01 20:21:53.716170+00:00
,,f541e0b1-7402-4e17-bd28-3ebe8d8fc3d0,0c49166273014487baa157c538b5a932,USGS-03274615,00065,00011,2023-01-24 23:45:00+00:00,2.49,ft,Approved,,2025-09-01 20:21:53.716170+00:00
,,1c254968-7128-4004-b5e1-386da3af7555,0c49166273014487baa157c538b5a932,USGS-03274615,00065,00011,2023-01-24 23:30:00+00:00,2.49,ft,Approved,,2025-09-01 20:21:53.716170+00:00
,,99c71296-9030-42ff-8dbd-21ca7fce62d2,0c49166273014487baa157c538b5a932,USGS-03274615,00065,00011,2023-01-24 23:15:00+00:00,2.49,ft,Approved,,2025-09-01 20:21:53.716170+00:00
,,1a13ccdd-5e92-4342-954a-c021021ca7df,0c49166273014487baa157c538b5a932,USGS-03274615,00065,00011,2023-01-24 23:00:00+00:00,2.49,ft,Approved,,2025-09-01 20:21:53.716170+00:00
,,a10170af-809e-46a7-a29e-36cc67fb4ffa,0c49166273014487baa157c538b5a932,USGS-03274615,00065,00011,2023-01-24 22:45:00+00:00,2.49,ft,Approved,,2025-09-01 20:21:53.716170+00:00
,,cbc43fc4-dd63-4db9-a42a-0e58a3fa4218,0c49166273014487baa157c538b5a932,USGS-03274615,00065,00011,2023-01-24 22:30:00+00:00,2.49,ft,Approved,,2025-09-01 20:21:53.716170+00:00
,,4d7f0d2b-5160-4f2a-a4bb-5c6d69789144,0c49166273014487baa157c538b5a932,USGS-03274615,00065,00011,2023-01-24 22:15:00+00:00,2.49,ft,Approved,,2025-09-01 20:21:53.716170+00:00
,,b436f591-f698-4e1a-a602-64a11b4592ba,0c49166273014487baa157c538b5a932,USGS-03274615,00065,00011,2023-01-24 22:00:00+00:00,2.49,ft,Approved,,2025-09-01 20:21:53.716170+00:00
,,ce9bfac3-2663-47c1-96f1-6ead48b9811f,0c49166273014487baa157c538b5a932,USGS-03274615,00065,00011,2023-01-24 21:45:00+00:00,2.52,ft,Approved,,2025-09-01 20:21:53.716170+00:00
,,5433df71-7ec5-4fdf-972f-135ed39fbe48,0c49166273014487baa157c538b5a932,USGS-03274615,00065,00011,2023-01-24 21:30:00+00:00,2.48,ft,Approved,,2025-09-01 20:21:53.716170+00:00
,,1d65e943-1299-4d1b-9d6f-db66c84bebbe,0c49166273014487baa157c538b5a932,USGS-03274615,00065,00011,2023-01-24 21:15:00+00:00,2.49,ft,Approved,,2025-09-01 20:21:53.716170+00:00
,,1312df09-1209-43d0-ac81-c49a316e1c58,0c49166273014487baa157c538b5a932,USGS-03274615,00065,00011,2023-01-24 21:00:00+00:00,2.49,ft,Approved,,2025-09-01 20:21:53.716170+00:00
,,ba24f1b1-532d-4671-a412-e9a594c968c5,0c49166273014487baa157c538b5a932,USGS-03274615,00065,00011,2023-01-24 20:45:00+00:00,2.52,ft,Approved,,2025-09-01 20:21:53.716170+00:00
,,4b218d80-5e70-46ca-9a89-f7fd0a6d6077,0c49166273014487baa157c538b5a932,USGS-03274615,00065,00011,2023-01-24 20:30:00+00:00,2.51,ft,Approved,,2025-09-01 20:21:53.716170+00:00
,,9ea7a3e7-8ac1-4e8a-b230-21427ec0c09c,0c49166273014487baa157c538b5a932,USGS-03274615,00065,00011,2023-01-24 20:15:00+00:00,2.50,ft,Approved,,2025-09-01 20:21:53.716170+00:00
,,5177b882-ece4-475d-bc58-703e8224e427,0c49166273014487baa157c538b5a932,USGS-03274615,00065,00011,2023-01-24 20:00:00+00:00,2.49,ft,Approved,,2025-09-01 20:21:53.716170+00:00
,,4888525d-11fc-4f43-862c-2b8dbc48df50,0c49166273014487baa157c538b5a932,USGS-03274615,00065,00011,2023-01-24 19:45:00+00:00,2.52,ft,Approved,,2025-09-01 20:21:53.716170+00:00
,,1f9cabb5-a600-40fc-a8fd-4eeea7eba946,0c49166273014487baa157c538b5a932,USGS-03274615,00065,00011,2023-01-24 19:30:00+00:00,2.49,ft,Approved,,2025-09-01 20:21:53.716170+00:00
,,c76fb270-1d26-498d-a7b0-51aacfd551df,0c49166273014487baa157c538b5a932,USGS-03274615,00065,00011,2023-01-24 19:15:00+00:00,2.50,ft,Approved,,2025-09-01 20:21:53.716170+00:00
,,374f37a9-e582-4684-bd95-e1821fe7dd55,0c49166273014487baa157c538b5a932,USGS-03274615,00065,00011,2023-01-24 19:00:00+00:00,2.57,ft,Approved,,2025-09-01 20:21:53.716170+00:00
,,ad2284ab-93f2-4c0d-940c-9250a2c6bb2a,0c49166273014487baa157c538b5a932,USGS-03274615,00065,00011,2023-01-24 18:45:00+00:00,2.55,ft,Approved,,2025-09-01 20:21:53.716170+00:00
,,493fbec4-7b0c-45cf-9c70-968a5ef6b49a,0c49166273014487baa157c538b5a932,USGS-03274615,00065,00011,2023-01-24 18:30:00+00:00,2.51,ft,Approved,,2025-09-01 20:21:53.716170+00:00
,,2c0ce0bf-a71f-40f6-b7fb-7a71ec43c71e,0c49166273014487baa157c538b5a932,USGS-03274615,00065,00011,2023-01-24 18:15:00+00:00,2.50,ft,Approved,,2025-09-01 20:21:53.716170+00:00
,,6ca124ea-80cf-4dc9-b23a-0d7dae57ca60,0c49166273014487baa157c538b5a932,USGS-03274615,00065,00011,2023-01-24 18:00:00+00:00,2.56,ft,Approved,,2025-09-01 20:21:53.716170+00:00
,,958ee1ac-cd22-45b8-b098-d9751f3f350f,0c49166273014487baa157c538b5a932,USGS-03274615,00065,00011,2023-01-24 17:45:00+00:00,2.53,ft,Approved,,2025-09-01 20:21:53.716170+00:00
,,81602d07-ec40-4eb9-96bf-d6822f7fbf29,0c49166273014487baa157c538b5a932,USGS-03274615,00065,00011,2023-01-24 17:30:00+00:00,2.55,ft,Approved,,2025-09-01 20:21:53.716170+00:00
,,43f73bf0-ad83-4246-a4d9-94730b8f1017,0c49166273014487baa157c538b5a932,USGS-03274615,00065,00011,2023-01-24 17:15:00+00:00,2.56,ft,Approved,,2025-09-01 20:21:53.716170+00:00
,,87cce60c-317e-43a4-8eee-66d794629f45,0c49166273014487baa157c538b5a932,USGS-03274615,00065,00011,2023-01-24 17:00:00+00:00,2.54,ft,Approved,,2025-09-01 20:21:53.716170+00:00
,,2fa8281f-a576-4227-bfce-4ca3aeaf7b89,0c49166273014487baa157c538b5a932,USGS-03274615,00065,00011,2023-01-24 16:45:00+00:00,2.56,ft,Approved,,2025-09-01 20:21:53.716170+00:00
,,3ad8f76f-d12f-4af3-96d8-51dc6d12b2e0,0c49166273014487baa157c538b5a932,USGS-03274615,00065,00011,2023-01-24 16:30:00+00:00,2.55,ft,Approved,,2025-09-01 20:21:53.716170+00:00
,,2b04757b-f530-4592-a4a6-3a1c515926bf,0c49166273014487baa157c538b5a932,USGS-03274615,00065,00011,2023-01-24 16:15:00+00:00,2.56,ft,Approved,,2025-09-01 20:21:53.716170+00:00
,,f0c9a6e2-0132-46d4-88dc-c5fb3f7564c5,0c49166273014487baa157c538b5a932,USGS-03274615,00065,00011,2023-01-24 16:00:00+00:00,2.57,ft,Approved,,2025-09-01 20:21:53.716170+00:00
,,cecad87b-075d-4813-96fa-76bf87dd3ac3,0c49166273014487baa157c538b5a932,USGS-03274615,00065,00011,2023-01-24 15:45:00+00:00,2.57,ft,Approved,,2025-09-01 20:21:53.716170+00:00
,,ce7e4cae-aae7-4879-bad3-da477aad3eca,0c49166273014487baa157c538b5a932,USGS-03274615,00065,00011,2023-01-24 15:30:00+00:00,2.58,ft,Approved,,2025-09-01 20:21:53.716170+00:00
,,012600be-a415-4e6f-b887-f27aa2914223,0c49166273014487baa157c538b5a932,USGS-03274615,00065,00011,2023-01-24 15:15:00+00:00,2.57,ft,Approved,,2025-09-01 20:21:53.716170+00:00
,,f71719d7-d461-45af-bd7c-5318693133c5,0c49166273014487baa157c538b5a932,USGS-03274615,00065,00011,2023-01-24 15:00:00+00:00,2.58,ft,Approved,,2025-09-01 20:21:53.716170+00:00
,,1de24191-bef0-444a-ab71-0591c07aa8e8,0c49166273014487baa157c538b5a932,USGS-03274615,00065,00011,2023-01-24 14:45:00+00:00,2.59,ft,Approved,,2025-09-01 20:21:53.716170+00:00
,,9e59bb1c-2cd1-4f41-bbc1-c266e120df12,0c49166273014487baa157c538b5a932,USGS-03274615,00065,00011,2023-01-24 14:30:00+00:00,2.60,ft,Approved,,2025-09-01 20:21:53.716170+00:00
,,544f3451-b577-4f08-8605-7ed0e596674f,0c49166273014487baa157c538b5a932,USGS-03274615,00065,00011,2023-01-24 14:15:00+00:00,2.60,ft,Approved,,2025-09-01 20:21:53.716170+00:00
,,1faf3bb1-1626-4459-9dbf-c5ca46ca5fb7,0c49166273014487baa157c538b5a932,USGS-03274615,00065,00011,2023-01-24 14:00:00+00:00,2.60,ft,Approved,,2025-09-01 20:21:53.716170+00:00
,,dbbeeffe-a976-4602-a640-c900870b5ef7,0c49166273014487baa157c538b5a932,USGS-03274615,00065,00011,2023-01-24 13:45:00+00:00,2.60,ft,Approved,,2025-09-01 20:21:53.716170+00:00
,,2875b905-7641-4a56-8e03-388f0a63a248,0c49166273014487baa157c538b5a932,USGS-03274615,00065,00011,2023-01-24 13:30:00+00:00,2.60,ft,Approved,,2025-09-01 20:21:53.716170+00:00
,,e8bf9741-b721-465c-a1f5-054101077b10,0c49166273014487baa157c538b5a932,USGS-03274615,00065,00011,2023-01-24 13:15:00+00:00,2.60,ft,Approved,,2025-09-01 20:21:53.716170+00:00
,,3285eaf5-4d30-4179-83f7-a17043b2dc04,0c49166273014487baa157c538b5a932,USGS-03274615,00065,00011,2023-01-24 13:00:00+00:00,2.61,ft,Approved,,2025-09-01 20:21:53.716170+00:00
,,bd96209e-e131-4937-9514-e4d170df3de3,0c49166273014487baa157c538b5a932,USGS-03274615,00065,00011,2023-01-24 12:45:00+00:00,2.60,ft,Approved,,2025-09-01 20:21:53.716170+00:00
,,f2445a6c-dc17-4082-a09e-4309b0f041a0,0c49166273014487baa157c538b5a932,USGS-03274615,00065,00011,2023-01-24 12:30:00+00:00,2.61,ft,Approved,,2025-09-01 20:21:53.716170+00:00
,,e8a96f3f-e7dd-425a-b8bc-4a69c7b26380,0c49166273014487baa157c538b5a932,USGS-03274615,00065,00011,2023-01-24 12:15:00+00:00,2.61,ft,Approved,,2025-09-01 20:21:53.716170+00:00
,,a31fae6b-86af-46ff-82cc-10a896f03844,0c49166273014487baa157c538b5a932,USGS-03274615,00065,00011,2023-01-24 12:00:00+00:00,2.63,ft,Approved,,2025-09-01 20:21:53.716170+00:00
,,a2b2ae5b-e6ee-4a67-8af2-4a88035976e5,0c49166273014487baa157c538b5a932,USGS-03274615,00065,00011,2023-01-24 11:45:00+00:00,2.63,ft,Approved,,2025-09-01 20:21:53.716170+00:00
,,e6c9f303-075f-4f4a-99e7-07fbaae83f03,0c49166273014487baa157c538b5a932,USGS-03274615,00065,00011,2023-01-24 11:30:00+00:00,2.63,ft,Approved,,2025-09-01 20:21:53.716170+00:00
,,fffccc4d-a68d-48fe-93d1-beda610abcf7,0c49166273014487baa157c538b5a932,USGS-03274615,00065,00011,2023-01-24 11:15:00+00:00,2.63,ft,Approved,,2025-09-01 20:21:53.716170+00:00
,,a0ddcc6c-e318-4c20-abc1-cda3d2de7761,0c49166273014487baa157c538b5a932,USGS-03274615,00065,00011,2023-01-24 11:00:00+00:00,2.64,ft,Approved,,2025-09-01 20:21:53.716170+00:00
,,08dddf00-b638-4a67-9d80-b2e5642b6cd2,0c49166273014487baa157c538b5a932,USGS-03274615,00065,00011,2023-01-24 10:45:00+00:00,2.64,ft,Approved,,2025-09-01 20:21:53.716170+00:00
,,5690152e-0049-43b7-adfd-20cc6e9e42df,0c49166273014487baa157c538b5a932,USGS-03274615,00065,00011,2023-01-24 10:30:00+00:00,2.64,ft,Approved,,2025-09-01 20:21:53.716170+00:00
,,3f9d0972-8ce9-4bb1-aee2-908b9a22bf29,0c49166273014487baa157c538b5a932,USGS-03274615,00065,00011,2023-01-24 10:15:00+00:00,2.65,ft,Approved,,2025-09-01 20:21:53.716170+00:00
,,5fef6edf-dd5e-4c95-b3e7-061581af8f0b,0c49166273014487baa157c538b5a932,USGS-03274615,00065,00011,2023-01-24 10:00:00+00:00,2.64,ft,Approved,,2025-09-01 20:21:53.716170+00:00
,,3d3584d8-574a-43e8-8377-6984ecbfaba7,0c49166273014487baa157c538b5a932,USGS-03274615,00065,00011,2023-01-24 09:45:00+00:00,2.65,ft,Approved,,2025-09-01 20:21:53.716170+00:00
,,0683117d-debb-42d2-a6e8-91c63998ae4f,0c49166273014487baa157c538b5a932,USGS-03274615,00065,00011,2023-01-24 09:30:00+00:00,2.66,ft,Approved,,2025-09-01 20:21:53.716170+00:00
,,5a22c8ca-a49a-447f-95f8-388553bf548f,0c49166273014487baa157c538b5a932,USGS-03274615,00065,00011,2023-01-24 09:15:00+00:00,2.67,ft,Approved,,2025-09-01 20:21:53.716170+00:00
,,75c2c7a9-98bd-4f0a-b78c-4c1eaf7e43c1,0c49166273014487baa157c538b5a932,USGS-03274615,00065,00011,2023-01-24 09:00:00+00:00,2.66,ft,Approved,,2025-09-01 20:21:53.716170+00:00
,,fabafcca-579d-499c-b1dc-c660a0dbe0fe,0c49166273014487baa157c538b5a932,USGS-03274615,00065,00011,2023-01-24 08:45:00+00:00,2.66,ft,Approved,,2025-09-01 20:21:53.716170+00:00
,,635bf49a-7aac-44a0-99cc-483a45533f21,0c49166273014487baa157c538b5a932,USGS-03274615,00065,00011,2023-01-24 08:30:00+00:00,2.67,ft,Approved,,2025-09-01 20:21:53.716170+00:00
,,5fcf6180-56ce-45ae-ac3f-52cb814104bc,0c49166273014487baa157c538b5a932,USGS-03274615,00065,00011,2023-01-24 08:15:00+00:00,2.67,ft,Approved,,2025-09-01 20:21:53.716170+00:00
,,8247c7af-d42c-4a66-b080-0bc04d82ca82,0c49166273014487baa157c538b5a932,USGS-03274615,00065,00011,2023-01-24 08:00:00+00:00,2.66,ft,Approved,,2025-09-01 20:21:53.716170+00:00
,,06df87c0-6c6c-4cc5-8e2b-9aca71e1ffa3,0c49166273014487baa157c538b5a932,USGS-03274615,00065,00011,2023-01-24 07:45:00+00:00,2.67,ft,Approved,,2025-09-01 20:21:53.716170+00:00
,,cca4249f-8cd6-4b62-9424-664638d93d79,0c49166273014487baa157c538b5a932,USGS-03274615,00065,00011,2023-01-24 07:30:00+00:00,2.68,ft,Approved,,2025-09-01 20:21:53.716170+00:00
,,f92c1909-05b1-44ae-8fca-90117db0208a,0c49166273014487baa157c538b5a932,USGS-03274615,00065,00011,2023-01-24 07:15:00+00:00,2.68,ft,Approved,,2025-09-01 20:21:53.716170+00:00
,,d52baf45-880e-4bd0-b247-2eceee047857,0c49166273014487baa157c538b5a932,USGS-03274615,00065,00011,2023-01-24 07:00:00+00:00,2.70,ft,Approved,,2025-09-01 20:21:53.716170+00:00
,,e7306a02-d254-4da7-8e12-e3214452e002,0c49166273014487baa157c538b5a932,USGS-03274615,00065,00011,2023-01-24 06:45:00+00:00,2.67,ft,Approved,,2025-09-01 20:21:53.716170+00:00
,,71a565dd-ed97-43fe-bbde-108c38a52d50,0c49166273014487baa157c538b5a932,USGS-03274615,00065,00011,2023-01-24 06:30:00+00:00,2.69,ft,Approved,,2025-09-01 20:21:53.716170+00:00
,,968066a3-bd58-4bb4-8698-64c7f3bc6667,0c49166273014487baa157c538b5a932,USGS-03274615,00065,00011,2023-01-24 06:15:00+00:00,2.69,ft,Approved,,2025-09-01 20:21:53.716170+00:00
,,211e8a28-f05a-4f78-9e67-d37a5e6d9816,0c49166273014487baa157c538b5a932,USGS-03274615,00065,00011,2023-01-24 06:00:00+00:00,2.70,ft,Approved,,2025-09-01 20:21:53.716170+00:00
,,216f2aa6-d54f-4641-9599-02f01c3fcb59,0c49166273014487baa157c538b5a932,USGS-03274615,00065,00011,2023-01-24 05:45:00+00:00,2.71,ft,Approved,,2025-09-01 20:21:53.716170+00:00
,,fff40984-d075-445a-ad13-2e2acb65230b,0c49166273014487baa157c538b5a932,USGS-03274615,00065,00011,2023-01-24 05:30:00+00:00,2.70,ft,Approved,,2025-09-01 20:21:53.716170+00:00
,,451fbb28-aa01-4552-b56e-412f1196705b,0c49166273014487baa157c538b5a932,USGS-03274615,00065,00011,2023-01-24 05:15:00+00:00,2.70,ft,Approved,,2025-09-01 20:21:53.716170+00:00
,,88b5a32b-f64f-4e3d-ad2d-cb271e1fe2ba,0c49166273014487baa157c538b5a932,USGS-03274615,00065,00011,2023-01-24 05:00:00+00:00,2.71,ft,Approved,,2025-09-01 20:21:53.716170+00:00
,,ee1a5773-6e65-43e8-89f9-4975033ccefe,0c49166273014487baa157c538b5a932,USGS-03274615,00065,00011,2023-01-24 04:45:00+00:00,2.71,ft,Approved,,2025-09-01 20:21:53.716170+00:00
,,1a13bb57-0749-45c1-a8f6-6b02eb9e7598,0c49166273014487baa157c538b5a932,USGS-03274615,00065,00011,2023-01-24 04:30:00+00:00,2.72,ft,Approved,,2025-09-01 20:21:53.716170+00:00
,,fc1034cd-920e-48b8-b267-99b1b3f87710,0c49166273014487baa157c538b5a932,USGS-03274615,00065,00011,2023-01-24 04:15:00+00:00,2.72,ft,Approved,,2025-09-01 20:21:53.716170+00:00
,,a060a64b-7df9-4fc1-af8d-d56e38f2a222,0c49166273014487baa157c538b5a932,USGS-03274615,00065,00011,2023-01-24 04:00:00+00:00,2.71,ft,Approved,,2025-09-01 20:21:53.716170+00:00
,,85a08fe3-5015-476b-a48f-3cecc2102b17,0c49166273014487baa157c538b5a932,USGS-03274615,00065,00011,2023-01-24 03:45:00+00:00,2.73,ft,Approved,,2025-09-01 20:21:53.716170+00:00
,,f7f3f08c-6567-4382-a3c2-9a523551955b,0c49166273014487baa157c538b5a932,USGS-03274615,00065,00011,2023-01-24 03:30:00+00:00,2.72,ft,Approved,,2025-09-01 20:21:53.716170+00:00
,,36f1bf71-a551-4974-82b3-78bb5ed58a2d,0c49166273014487baa157c538b5a932,USGS-03274615,00065,00011,2023-01-24 03:15:00+00:00,2.76,ft,Approved,,2025-09-01 20:21:53.716170+00:00
,,407d67a3-b9e1-4441-bdea-8f460c933fc3,0c49166273014487baa157c538b5a932,USGS-03274615,00065,00011,2023-01-24 03:00:00+00:00,2.75,ft,Approved,,2025-09-01 20:21:53.716170+00:00
,,562d88f3-cf21-46ab-aa49-6f77e56f7112,0c49166273014487baa157c538b5a932,USGS-03274615,00065,00011,2023-01-24 02:45:00+00:00,2.74,ft,Approved,,2025-09-01 20:21:53.716170+00:00
,,1d700821-d84a-449e-823c-844970eb456d,0c49166273014487baa157c538b5a932,USGS-03274615,00065,00011,2023-01-24 02:30:00+00:00,2.76,ft,Approved,,2025-09-01 20:21:53.716170+00:00
,,a5216c5e-b3c1-4577-a470-0f7dae680ad4,0c49166273014487baa157c538b5a932,USGS-03274615,00065,00011,2023-01-24 02:15:00+00:00,2.75,ft,Approved,,2025-09-01 20:21:53.716170+00:00
,,baff133b-6e48-4b38-8213-bd10b65b14df,0c49166273014487baa157c538b5a932,USGS-03274615,00065,00011,2023-01-24 02:00:00+00:00,2.73,ft,Approved,,2025-09-01 20:21:53.716170+00:00
,,83cd6b9e-7c12-4fbc-988c-1431629d7499,0c49166273014487baa157c538b5a932,USGS-03274615,00065,00011,2023-01-24 01:45:00+00:00,2.78,ft,Approved,,2025-09-01 20:21:53.716170+00:00
,,ff2436de-02dc-41a9-800c-2eb4ae1a9f2f,0c49166273014487baa157c538b5a932,USGS-03274615,00065,00011,2023-01-24 01:30:00+00:00,2.78,ft,Approved,,2025-09-01 20:21:53.716170+00:00
,,1df62773-747a-4c85-a47e-e7798564e8c3,0c49166273014487baa157c538b5a932,USGS-03274615,00065,00011,2023-01-24 01:15:00+00:00,2.76,ft,Approved,,2025-09-01 20:21:53.716170+00:00
,,67619f6f-97e3-4b3e-bc4d-56e4ee7814f7,0c49166273014487baa157c538b5a932,USGS-03274615,00065,00011,2023-01-24 01:00:00+00:00,2.77,ft,Approved,,2025-09-01 20:21:53.716170+00:00
,,3aa1e16a-1d89-4644-b6bc-f3b68c5d6c65,0c49166273014487baa157c538b5a932,USGS-03274615,00065,00011,2023-01-24 00:45:00+00:00,2.80,ft,Approved,,2025-09-01 20:21:53.716170+00:00
,,5a3762d1-d603-446b-b888-5b53e9212170,0c49166273014487baa157c538b5a932,USGS-03274615,00065,00011,2023-01-24 00:30:00+00:00,2.76,ft,Approved,,2025-09-01 20:21:53.716170+00:00
,,74c37fef-0503-4c42-b8ac-1c9448c86db6,0c49166273014487baa157c538b5a932,USGS-03274615,00065,00011,2023-01-24 00:15:00+00:00,2.76,ft,Approved,,2025-09-01 20:21:53.716170+00:00
,,0bd2c923-24f3-4879-b9e3-67fb6d6af27c,0c49166273014487baa157c538b5a932,USGS-03274615,00065,00011,2023-01-24 00:00:00+00:00,2.80,ft,Approved,,2025-09-01 20:21:53.716170+00:00
,,33c0f776-ff1b-4262-9797-f0f38c628696,0c49166273014487baa157c538b5a932,USGS-03274615,00065,00011,2023-01-23 23:45:00+00:00,2.79,ft,Approved,,2025-09-01 20:21:53.716170+00:00
,,2c792384-d33f-4329-b9af-1ad666d88a1c,0c49166273014487baa157c538b5a932,USGS-03274615,00065,00011,2023-01-23 23:30:00+00:00,2.78,ft,Approved,,2025-09-01 20:21:53.716170+00:00
,,e6e58e4f-bcc9-4d7a-bfae-de102170715a,0c49166273014487baa157c538b5a932,USGS-03274615,00065,00011,2023-01-23 23:15:00+00:00,2.79,ft,Approved,,2025-09-01 20:21:53.716170+00:00
,,0312cf27-9b8f-45dc-9e93-d45cef2c3ead,0c49166273014487baa157c538b5a932,USGS-03274615,00065,00011,2023-01-23 23:00:00+00:00,2.80,ft,Approved,,2025-09-01 20:21:53.716170+00:00
,,57ee08c6-2bd8-4e20-8d56-7f17ad206d73,0c49166273014487baa157c538b5a932,USGS-03274615,00065,00011,2023-01-23 22:45:00+00:00,2.80,ft,Approved,,2025-09-01 20:21:53.716170+00:00
,,829a66b5-d76a-4463-bdd3-532e450665d5,0c49166273014487baa157c538b5a932,USGS-03274615,00065,00011,2023-01-23 22:30:00+00:00,2.80,ft,Approved,,2025-09-01 20:21:53.716170+00:00
,,42464774-0bdf-4d13-b00b-f93149955371,0c49166273014487baa157c538b5a932,USGS-03274615,00065,00011,2023-01-23 22:15:00+00:00,2.80,ft,Approved,,2025-09-01 20:21:53.716170+00:00
,,bb032a6c-e437-4211-87a9-b3236c1fe7ab,0c49166273014487baa157c538b5a932,USGS-03274615,00065,00011,2023-01-23 22:00:00+00:00,2.80,ft,Approved,,2025-09-01 20:21:53.716170+00:00
,,47753660-1cf1-41a1-a59b-a510a6dccd77,0c49166273014487baa157c538b5a932,USGS-03274615,00065,00011,2023-01-23 21:45:00+00:00,2.83,ft,Approved,,2025-09-01 20:21:53.716170+00:00
,,b195f164-a552-4478-97f6-14974ea523af,0c49166273014487baa157c538b5a932,USGS-03274615,00065,00011,2023-01-23 21:30:00+00:00,2.81,ft,Approved,,2025-09-01 20:21:53.716170+00:00
,,bd2fd643-edc6-4db8-80bb-ed26ee432196,0c49166273014487baa157c538b5a932,USGS-03274615,00065,00011,2023-01-23 21:15:00+00:00,2.80,ft,Approved,,2025-09-01 20:21:53.716170+00:00
,,765300b0-bef2-4e78-b0bf-9e8f7db314bf,0c49166273014487baa157c538b5a932,USGS-03274615,00065,00011,2023-01-23 21:00:00+00:00,2.81,ft,Approved,,2025-09-01 20:21:53.716170+00:00
,,01388275-0dec-4c02-bb3a-7c1057cfc3fc,0c49166273014487baa157c538b5a932,USGS-03274615,00065,00011,2023-01-23 20:45:00+00:00,2.84,ft,Approved,,2025-09-01 20:21:53.716170+00:00
,,3ed4ff1f-26b1-444c-bed2-a7fbfbff6a75,0c49166273014487baa157c538b5a932,USGS-03274615,00065,00011,2023-01-23 20:30:00+00:00,2.83,ft,Approved,,2025-09-01 20:21:53.716170+00:00
,,800ebbf6-f951-4213-b47f-d81d5cfa5a65,0c49166273014487baa157c538b5a932,USGS-03274615,00065,00011,2023-01-23 20:15:00+00:00,2.86,ft,Approved,,2025-09-01 20:21:53.716170+00:00
,,b37a1092-8e75-4823-9c61-ba15b3d6461b,0c49166273014487baa157c538b5a932,USGS-03274615,00065,00011,2023-01-23 20:00:00+00:00,2.81,ft,Approved,,2025-09-01 20:21:53.716170+00:00
,,46617430-813b-485e-8622-8286db3a6e77,0c49166273014487baa157c538b5a932,USGS-03274615,00065,00011,2023-01-23 19:45:00+00:00,2.83,ft,Approved,,2025-09-01 20:21:53.716170+00:00
,,7aaef28c-94be-441f-8b72-1bfc0d273a31,0c49166273014487baa157c538b5a932,USGS-03274615,00065,00011,2023-01-23 19:30:00+00:00,2.86,ft,Approved,,2025-09-01 20:21:53.716170+00:00
,,2fcfe5fa-aff3-41ca-834b-3c660eafa96c,0c49166273014487baa157c538b5a932,USGS-03274615,00065,00011,2023-01-23 19:15:00+00:00,2.86,ft,Approved,,2025-09-01 20:21:53.716170+00:00
,,6b0adc6b-6f8d-4138-ab52-943189bdc098,0c49166273014487baa157c538b5a932,USGS-03274615,00065,00011,2023-01-23 19:00:00+00:00,2.86,ft,Approved,,2025-09-01 20:21:53.716170+00:00
,,093c91f5-a9f8-4fa4-a342-7df4fc760b1f,0c49166273014487baa157c538b5a932,USGS-03274615,00065,00011,2023-01-23 18:45:00+00:00,2.87,ft,Approved,,2025-09-01 20:21:53.716170+00:00
,,e4a7a74b-0ec7-4307-b3ad-9d5a26d5905a,0c49166273014487baa157c538b5a932,USGS-03274615,00065,00011,2023-01-23 18:30:00+00:00,2.86,ft,Approved,,2025-09-01 20:21:53.716170+00:00
,,f006cb2b-4088-4965-8333-65c913e8af33,0c49166273014487baa157c538b5a932,USGS-03274615,00065,00011,2023-01-23 18:15:00+00:00,2.84,ft,Approved,,2025-09-01 20:21:53.716170+00:00
,,8f95f3e1-c4c2-4eb0-95ae-228dd902e9ae,0c49166273014487baa157c538b5a932,USGS-03274615,00065,00011,2023-01-23 18:00:00+00:00,2.87,ft,Approved,,2025-09-01 20:21:53.716170+00:00
,,dba8068e-3670-43b9-ae9a-964b3a477891,0c49166273014487baa157c538b5a932,USGS-03274615,00065,00011,2023-01-23 17:45:00+00:00,2.86,ft,Approved,,2025-09-01 20:21:53.716170+00:00
,,b1dd5935-20c9-48e6-a300-3c637997291e,0c49166273014487baa157c538b5a932,USGS-03274615,00065,00011,2023-01-23 17:30:00+00:00,2.86,ft,Approved,,2025-09-01 20:21:53.716170+00:00
,,c57a044f-8257-42a5-afef-7c16c50507d3,0c49166273014487baa157c538b5a932,USGS-03274615,00065,00011,2023-01-23 17:15:00+00:00,2.86,ft,Approved,,2025-09-01 20:21:53.716170+00:00
,,052ce381-20a1-4d8b-96d4-1ac73bcda0d1,0c49166273014487baa157c538b5a932,USGS-03274615,00065,00011,2023-01-23 17:00:00+00:00,2.87,ft,Approved,,2025-09-01 20:21:53.716170+00:00
,,d2b07603-ef4e-49e9-ac3e-bf5c634d3f9e,0c49166273014487baa157c538b5a932,USGS-03274615,00065,00011,2023-01-23 16:45:00+00:00,2.88,ft,Approved,,2025-09-01 20:21:53.716170+00:00
,,d097ce78-7a59-4cb2-9167-11e871da13e5,0c49166273014487baa157c538b5a932,USGS-03274615,00065,00011,2023-01-23 16:30:00+00:00,2.88,ft,Approved,,2025-09-01 20:21:53.716170+00:00
,,01a161de-7e0d-4b3b-a3c5-57b6795fd703,0c49166273014487baa157c538b5a932,USGS-03274615,00065,00011,2023-01-23 16:15:00+00:00,2.88,ft,Approved,,2025-09-01 20:21:53.716170+00:00
,,77855c71-2e48-487c-81ee-dcbd7f9bdef0,0c49166273014487baa157c538b5a932,USGS-03274615,00065,00011,2023-01-23 16:00:00+00:00,2.89,ft,Approved,,2025-09-01 20:21:53.716170+00:00
,,705de039-b5ea-425b-ae6c-800dba59fc56,0c49166273014487baa157c538b5a932,USGS-03274615,00065,00011,2023-01-23 15:45:00+00:00,2.88,ft,Approved,,2025-09-01 20:21:53.716170+00:00
,,5211a94e-2e13-4516-868d-65ea703da049,0c49166273014487baa157c538b5a932,USGS-03274615,00065,00011,2023-01-23 15:30:00+00:00,2.89,ft,Approved,,2025-09-01 20:21:53.716170+00:00
,,482f8207-8261-4809-8974-8b71139ce2cd,0c49166273014487baa157c538b5a932,USGS-03274615,00065,00011,2023-01-23 15:15:00+00:00,2.89,ft,Approved,,2025-09-01 20:21:53.716170+00:00
,,92532aec-5784-4aa1-8ddf-75d3e10e5e04,0c49166273014487baa157c538b5a932,USGS-03274615,00065,00011,2023-01-23 15:00:00+00:00,2.89,ft,Approved,,2025-09-01 20:21:53.716170+00:00
,,79b69081-5538-49b9-b901-6284d60fafa5,0c49166273014487baa157c538b5a932,USGS-03274615,00065,00011,2023-01-23 14:45:00+00:00,2.90,ft,Approved,,2025-09-01 20:21:53.716170+00:00
,,399cb415-8bc9-4c3e-885c-e2b400b16691,0c49166273014487baa157c538b5a932,USGS-03274615,00065,00011,2023-01-23 14:30:00+00:00,2.91,ft,Approved,,2025-09-01 20:21:53.716170+00:00
,,8ff435f3-55c7-4bd6-8fce-c4bbf321b7ed,0c49166273014487baa157c538b5a932,USGS-03274615,00065,00011,2023-01-23 14:15:00+00:00,2.90,ft,Approved,,2025-09-01 20:21:53.716170+00:00
,,3ca29c72-cc25-4126-8f3e-f0fe10fdc785,0c49166273014487baa157c538b5a932,USGS-03274615,00065,00011,2023-01-23 14:00:00+00:00,2.91,ft,Approved,,2025-09-01 20:21:53.716170+00:00
,,51f6f722-13c9-49fe-b565-9eacc3ddc5e4,0c49166273014487baa157c538b5a932,USGS-03274615,00065,00011,2023-01-23 13:45:00+00:00,2.92,ft,Approved,,2025-09-01 20:21:53.716170+00:00
,,96f66b50-530a-4c93-9575-593dff8fa45e,0c49166273014487baa157c538b5a932,USGS-03274615,00065,00011,2023-01-23 13:30:00+00:00,2.93,ft,Approved,,2025-09-01 20:21:53.716170+00:00
,,90bb2637-328a-479b-9821-54b3c791cb70,0c49166273014487baa157c538b5a932,USGS-03274615,00065,00011,2023-01-23 13:15:00+00:00,2.92,ft,Approved,,2025-09-01 20:21:53.716170+00:00
,,4f5dd167-aeff-4374-b402-6cb08c00d071,0c49166273014487baa157c538b5a932,USGS-03274615,00065,00011,2023-01-23 13:00:00+00:00,2.94,ft,Approved,,2025-09-01 20:21:53.716170+00:00
,,df4223db-2f75-47fe-823e-ea34a602e943,0c49166273014487baa157c538b5a932,USGS-03274615,00065,00011,2023-01-23 12:45:00+00:00,2.94,ft,Approved,,2025-09-01 20:21:53.716170+00:00
,,673bb34b-7a50-4ef0-abc2-73a974c29337,0c49166273014487baa157c538b5a932,USGS-03274615,00065,00011,2023-01-23 12:30:00+00:00,2.95,ft,Approved,,2025-09-01 20:21:53.716170+00:00
,,49c0a6e4-ae22-45c9-af5c-64690d8a3203,0c49166273014487baa157c538b5a932,USGS-03274615,00065,00011,2023-01-23 12:15:00+00:00,2.95,ft,Approved,,2025-09-01 20:21:53.716170+00:00
,,75b8f8ab-aec9-4337-ab33-5f98a5efd648,0c49166273014487baa157c538b5a932,USGS-03274615,00065,00011,2023-01-23 12:00:00+00:00,2.95,ft,Approved,,2025-09-01 20:21:53.716170+00:00
,,39e81a9e-30e0-4355-adf3-381a810f2dda,0c49166273014487baa157c538b5a932,USGS-03274615,00065,00011,2023-01-23 11:45:00+00:00,2.95,ft,Approved,,2025-09-01 20:21:53.716170+00:00
,,cff14101-753e-4a68-9426-deb588465531,0c49166273014487baa157c538b5a932,USGS-03274615,00065,00011,2023-01-23 11:30:00+00:00,2.96,ft,Approved,,2025-09-01 20:21:53.716170+00:00
,,ef3d2349-3859-4188-b57c-1bd14694a87f,0c49166273014487baa157c538b5a932,USGS-03274615,00065,00011,2023-01-23 11:15:00+00:00,2.96,ft,Approved,,2025-09-01 20:21:53.716170+00:00
,,415827c6-4b0c-4388-8a06-3372a0941f38,0c49166273014487baa157c538b5a932,USGS-03274615,00065,00011,2023-01-23 11:00:00+00:00,2.98,ft,Approved,,2025-09-01 20:21:53.716170+00:00
,,2dd9e240-231e-4665-a63f-2393edd91950,0c49166273014487baa157c538b5a932,USGS-03274615,00065,00011,2023-01-23 10:45:00+00:00,2.98,ft,Approved,,2025-09-01 20:21:53.716170+00:00
,,90d3827a-3a84-44ae-9d9c-d45ee3decfbe,0c49166273014487baa157c538b5a932,USGS-03274615,00065,00011,2023-01-23 10:30:00+00:00,2.99,ft,Approved,,2025-09-01 20:21:53.716170+00:00
,,5655a2d4-5776-448f-aa52-a48cdf322660,0c49166273014487baa157c538b5a932,USGS-03274615,00065,00011,2023-01-23 10:15:00+00:00,2.98,ft,Approved,,2025-09-01 20:21:53.716170+00:00
,,9e17853a-8c10-4113-bf90-649b7515a738,0c49166273014487baa157c538b5a932,USGS-03274615,00065,00011,2023-01-23 10:00:00+00:00,2.98,ft,Approved,,2025-09-01 20:21:53.716170+00:00
,,d22e7082-0f1c-4587-a431-f485e5f9ba75,0c49166273014487baa157c538b5a932,USGS-03274615,00065,00011,2023-01-23 09:45:00+00:00,2.99,ft,Approved,,2025-09-01 20:21:53.716170+00:00
,,bbc88eda-957d-44a2-89b6-71ff3baf3b0f,0c49166273014487baa157c538b5a932,USGS-03274615,00065,00011,2023-01-23 09:30:00+00:00,3.02,ft,Approved,,2025-09-01 20:21:53.716170+00:00
,,cf84bd40-026d-4f2d-84ef-25ad5c6e2330,0c49166273014487baa157c538b5a932,USGS-03274615,00065,00011,2023-01-23 09:15:00+00:00,3.00,ft,Approved,,2025-09-01 20:21:53.716170+00:00
,,e27445a6-2f09-4371-9940-910d70dffff7,0c49166273014487baa157c538b5a932,USGS-03274615,00065,00011,2023-01-23 09:00:00+00:00,3.00,ft,Approved,,2025-09-01 20:21:53.716170+00:00
,,eddfe18b-7d61-4585-b04f-7c5fbd750f63,0c49166273014487baa157c538b5a932,USGS-03274615,00065,00011,2023-01-23 08:45:00+00:00,3.02,ft,Approved,,2025-09-01 20:21:53.716170+00:00
,,b10137e8-b192-40e6-b861-081125caadc9,0c49166273014487baa157c538b5a932,USGS-03274615,00065,00011,2023-01-23 08:30:00+00:00,3.02,ft,Approved,,2025-09-01 20:21:53.716170+00:00
,,dd647dd2-03f8-44f2-bed9-d777c6aba516,0c49166273014487baa157c538b5a932,USGS-03274615,00065,00011,2023-01-23 08:15:00+00:00,3.00,ft,Approved,,2025-09-01 20:21:53.716170+00:00
,,edb0f802-e4ae-44e7-9481-0eba70c6e994,0c49166273014487baa157c538b5a932,USGS-03274615,00065,00011,2023-01-23 08:00:00+00:00,3.04,ft,Approved,,2025-09-01 20:21:53.716170+00:00
,,924305ab-a1a8-46c8-a9d9-69a16dd99968,0c49166273014487baa157c538b5a932,USGS-03274615,00065,00011,2023-01-23 07:45:00+00:00,3.03,ft,Approved,,2025-09-01 20:21:53.716170+00:00
,,a8c7ac52-265b-46b7-b72a-5f9f120526b7,0c49166273014487baa157c538b5a932,USGS-03274615,00065,00011,2023-01-23 07:30:00+00:00,3.04,ft,Approved,,2025-09-01 20:21:53.716170+00:00
,,d70c6b6f-21eb-4c4a-8fcc-263fba0a6518,0c49166273014487baa157c538b5a932,USGS-03274615,00065,00011,2023-01-23 07:15:00+00:00,3.06,ft,Approved,,2025-09-01 20:21:53.716170+00:00
,,7ed98587-ff41-42d2-8613-fe023f541b5d,0c49166273014487baa157c538b5a932,USGS-03274615,00065,00011,2023-01-23 07:00:00+00:00,3.06,ft,Approved,,2025-09-01 20:21:53.716170+00:00
,,c09811cb-3164-4b95-9d82-abb4b0d773dd,0c49166273014487baa157c538b5a932,USGS-03274615,00065,00011,2023-01-23 06:45:00+00:00,3.05,ft,Approved,,2025-09-01 20:21:53.716170+00:00
,,c72cf159-13b4-4c95-ad09-5b87c2afe3aa,0c49166273014487baa157c538b5a932,USGS-03274615,00065,00011,2023-01-23 06:30:00+00:00,3.06,ft,Approved,,2025-09-01 20:21:53.716170+00:00
,,2ff32a79-6500-403f-858a-4f354bb88125,0c49166273014487baa157c538b5a932,USGS-03274615,00065,00011,2023-01-23 06:15:00+00:00,3.07,ft,Approved,,2025-09-01 20:21:53.716170+00:00
,,f2780a07-84a6-4fa8-bace-46b49b302183,0c49166273014487baa157c538b5a932,USGS-03274615,00065,00011,2023-01-23 06:00:00+00:00,3.06,ft,Approved,,2025-09-01 20:21:53.716170+00:00
,,6480e4b5-3c19-46da-937e-e8c48a855573,0c49166273014487baa157c538b5a932,USGS-03274615,00065,00011,2023-01-23 05:45:00+00:00,3.07,ft,Approved,,2025-09-01 20:21:53.716170+00:00
,,fbc43fbd-46ca-4ae2-9880-22ac928167eb,0c49166273014487baa157c538b5a932,USGS-03274615,00065,00011,2023-01-23 05:30:00+00:00,3.08,ft,Approved,,2025-09-01 20:21:53.716170+00:00
,,24d6e094-3751-4064-9dcf-fda319588b35,0c49166273014487baa157c538b5a932,USGS-03274615,00065,00011,2023-01-23 05:15:00+00:00,3.07,ft,Approved,,2025-09-01 20:21:53.716170+00:00
,,75ab49fa-90b9-4557-8f5e-afedc7ca0d93,0c49166273014487baa157c538b5a932,USGS-03274615,00065,00011,2023-01-23 05:00:00+00:00,3.08,ft,Approved,,2025-09-01 20:21:53.716170+00:00
,,a8c0be81-594b-4353-8fce-26b6a89bae33,0c49166273014487baa157c538b5a932,USGS-03274615,00065,00011,2023-01-23 04:45:00+00:00,3.08,ft,Approved,,2025-09-01 20:21:53.716170+00:00
,,93335e14-7adc-490f-ac6c-d0e19c63d00c,0c49166273014487baa157c538b5a932,USGS-03274615,00065,00011,2023-01-23 04:30:00+00:00,3.10,ft,Approved,,2025-09-01 20:21:53.716170+00:00
,,e3aeba51-0b3a-4975-b216-a38139bc0d29,0c49166273014487baa157c538b5a932,USGS-03274615,00065,00011,2023-01-23 04:15:00+00:00,3.10,ft,Approved,,2025-09-01 20:21:53.716170+00:00
,,54900740-75c2-40c8-86fa-2ca35f6be5d4,0c49166273014487baa157c538b5a932,USGS-03274615,00065,00011,2023-01-23 04:00:00+00:00,3.12,ft,Approved,,2025-09-01 20:21:53.716170+00:00
,,41e207cf-7af3-468f-a409-d44f7f7077e9,0c49166273014487baa157c538b5a932,USGS-03274615,00065,00011,2023-01-23 03:45:00+00:00,3.10,ft,Approved,,2025-09-01 20:21:53.716170+00:00
,,fdcf00c9-1943-49b0-996e-f373fe3cb48d,0c49166273014487baa157c538b5a932,USGS-03274615,00065,00011,2023-01-23 03:30:00+00:00,3.12,ft,Approved,,2025-09-01 20:21:53.716170+00:00
,,4f3582ea-77a6-4bd8-b71e-c9e014de896b,0c49166273014487baa157c538b5a932,USGS-03274615,00065,00011,2023-01-23 03:15:00+00:00,3.12,ft,Approved,,2025-09-01 20:21:53.716170+00:00
,,114abf96-dfbb-4cc2-84df-01f3ca6e15b2,0c49166273014487baa157c538b5a932,USGS-03274615,00065,00011,2023-01-23 03:00:00+00:00,3.12,ft,Approved,,2025-09-01 20:21:53.716170+00:00
,,66bc6b0f-ed7d-419e-9a98-759c4898d5bc,0c49166273014487baa157c538b5a932,USGS-03274615,00065,00011,2023-01-23 02:45:00+00:00,3.14,ft,Approved,,2025-09-01 20:21:53.716170+00:00
,,e64a62f8-203b-4fe0-ace1-a2903caf5dca,0c49166273014487baa157c538b5a932,USGS-03274615,00065,00011,2023-01-23 02:30:00+00:00,3.14,ft,Approved,,2025-09-01 20:21:53.716170+00:00
,,a4433d36-a4dd-4e8d-bb2c-f81860a97eb0,0c49166273014487baa157c538b5a932,USGS-03274615,00065,00011,2023-01-23 02:15:00+00:00,3.15,ft,Approved,,2025-09-01 20:21:53.716170+00:00
,,30472966-9bcf-424f-8bf3-b7a1f91cff12,0c49166273014487baa157c538b5a932,USGS-03274615,00065,00011,2023-01-23 02:00:00+00:00,3.15,ft,Approved,,2025-09-01 20:21:53.716170+00:00
,,12ba76d6-0183-47ff-a076-16f468c81775,0c49166273014487baa157c538b5a932,USGS-03274615,00065,00011,2023-01-23 01:45:00+00:00,3.17,ft,Approved,,2025-09-01 20:21:53.716170+00:00
,,50745b9b-a9ce-4c8f-bb6f-2d7bbbd890e0,0c49166273014487baa157c538b5a932,USGS-03274615,00065,00011,2023-01-23 01:30:00+00:00,3.16,ft,Approved,,2025-09-01 20:21:53.716170+00:00
,,6d5f1ea0-0cd6-455b-8178-11b9bf0f0d26,0c49166273014487baa157c538b5a932,USGS-03274615,00065,00011,2023-01-23 01:15:00+00:00,3.16,ft,Approved,,2025-09-01 20:21:53.716170+00:00
,,1e1e02f9-f870-4a2c-b0ee-b9e2f17358c2,0c49166273014487baa157c538b5a932,USGS-03274615,00065,00011,2023-01-23 01:00:00+00:00,3.16,ft,Approved,,2025-09-01 20:21:53.716170+00:00
,,6c238b31-9e81-454f-8a19-ff3bdab2db93,0c49166273014487baa157c538b5a932,USGS-03274615,00065,00011,2023-01-23 00:45:00+00:00,3.17,ft,Approved,,2025-09-01 20:21:53.716170+00:00
,,518c287c-2184-49b3-b9ff-97f8f5f598c1,0c49166273014487baa157c538b5a932,USGS-03274615,00065,00011,2023-01-23 00:30:00+00:00,3.17,ft,Approved,,2025-09-01 20:21:53.716170+00:00
,,0328e271-45bf-4f64-9679-526303f9b67d,0c49166273014487baa157c538b5a932,USGS-03274615,00065,00011,2023-01-23 00:15:00+00:00,3.18,ft,Approved,,2025-09-01 20:21:53.716170+00:00
,,954b8a23-15ba-41a8-b36c-9fce614c96e8,0c49166273014487baa157c538b5a932,USGS-03274615,00065,00011,2023-01-23 00:00:00+00:00,3.18,ft,Approved,,2025-09-01 20:21:53.716170+00:00
,,81ffac22-65d6-47fb-81c8-f75b556566f0,0c49166273014487baa157c538b5a932,USGS-03274615,00065,00011,2023-01-22 23:45:00+00:00,3.20,ft,Approved,,2025-09-01 20:21:53.716170+00:00
,,1a10882e-03be-4330-b508-14f3fdfbe5d5,0c49166273014487baa157c538b5a932,USGS-03274615,00065,00011,2023-01-22 23:30:00+00:00,3.21,ft,Approved,,2025-09-01 20:21:53.716170+00:00
,,9ec39a63-4daf-4e8e-9165-35786262a3d2,0c49166273014487baa157c538b5a932,USGS-03274615,00065,00011,2023-01-22 23:15:00+00:00,3.21,ft,Approved,,2025-09-01 20:21:53.716170+00:00
,,bd5c2b12-ae5b-46c3-8dcb-aabd2054499c,0c49166273014487baa157c538b5a932,USGS-03274615,00065,00011,2023-01-22 23:00:00+00:00,3.21,ft,Approved,,2025-09-01 20:21:53.716170+00:00
,,27c867ef-afa0-4243-83fb-92e3e38a3a9c,0c49166273014487baa157c538b5a932,USGS-03274615,00065,00011,2023-01-22 22:45:00+00:00,3.21,ft,Approved,,2025-09-01 20:21:53.716170+00:00
,,2b322e5e-c8d6-4835-872e-091f326b7ddf,0c49166273014487baa157c538b5a932,USGS-03274615,00065,00011,2023-01-22 22:30:00+00:00,3.22,ft,Approved,,2025-09-01 20:21:53.716170+00:00
,,9668f26e-2bc6-41ae-9439-74dab209c484,0c49166273014487baa157c538b5a932,USGS-03274615,00065,00011,2023-01-22 22:15:00+00:00,3.24,ft,Approved,,2025-09-01 20:21:53.716170+00:00
,,9d15595a-8207-49f1-b0b7-ada8a99ab603,0c49166273014487baa157c538b5a932,USGS-03274615,00065,00011,2023-01-22 22:00:00+00:00,3.24,ft,Approved,,2025-09-01 20:21:53.716170+00:00
,,4b080592-723f-482e-8299-839eb3aed833,0c49166273014487baa157c538b5a932,USGS-03274615,00065,00011,2023-01-22 21:45:00+00:00,3.24,ft,Approved,,2025-09-01 20:21:53.716170+00:00
,,515feb2f-15b0-4da2-a11f-0d3f77286334,0c49166273014487baa157c538b5a932,USGS-03274615,00065,00011,2023-01-22 21:30:00+00:00,3.22,ft,Approved,,2025-09-01 20:21:53.716170+00:00
,,de04813e-00bf-45d7-91fc-393e3e425159,0c49166273014487baa157c538b5a932,USGS-03274615,00065,00011,2023-01-22 21:15:00+00:00,3.26,ft,Approved,,2025-09-01 20:21:53.716170+00:00
,,5e8f1f1a-8a9f-4b7e-99fe-5006eae2591e,0c49166273014487baa157c538b5a932,USGS-03274615,00065,00011,2023-01-22 21:00:00+00:00,3.27,ft,Approved,,2025-09-01 20:21:53.716170+00:00
,,2c8fc8d0-a6d2-44e5-9895-0ff327bfd192,0c49166273014487baa157c538b5a932,USGS-03274615,00065,00011,2023-01-22 20:45:00+00:00,3.25,ft,Approved,,2025-09-01 20:21:53.716170+00:00
,,dfa01ebf-168d-498c-a4d7-aaf1a58c3a79,0c49166273014487baa157c538b5a932,USGS-03274615,00065,00011,2023-01-22 20:30:00+00:00,3.24,ft,Approved,,2025-09-01 20:21:53.716170+00:00
,,d4b2c485-6c6d-4ef1-a3d0-82b651b400eb,0c49166273014487baa157c538b5a932,USGS-03274615,00065,00011,2023-01-22 20:15:00+00:00,3.24,ft,Approved,,2025-09-01 20:21:53.716170+00:00
,,cd48823f-46b2-4184-8574-917eea1125a4,0c49166273014487baa157c538b5a932,USGS-03274615,00065,00011,2023-01-22 20:00:00+00:00,3.30,ft,Approved,,2025-09-01 20:21:53.716170+00:00
,,cf495912-5a41-424e-afd5-50eb9012c470,0c49166273014487baa157c538b5a932,USGS-03274615,00065,00011,2023-01-22 19:45:00+00:00,3.29,ft,Approved,,2025-09-01 20:21:53.716170+00:00
,,50eb5646-9309-4668-ac4a-5f9a129fdf48,0c49166273014487baa157c538b5a932,USGS-03274615,00065,00011,2023-01-22 19:30:00+00:00,3.31,ft,Approved,,2025-09-01 20:21:53.716170+00:00
,,9987eded-f607-4a2c-bdc1-b2f4a6c338d9,0c49166273014487baa157c538b5a932,USGS-03274615,00065,00011,2023-01-22 19:15:00+00:00,3.32,ft,Approved,,2025-09-01 20:21:53.716170+00:00
,,547e4e95-7447-4c37-855d-af271d1c686b,0c49166273014487baa157c538b5a932,USGS-03274615,00065,00011,2023-01-22 19:00:00+00:00,3.32,ft,Approved,,2025-09-01 20:21:53.716170+00:00
,,32189723-f06c-489d-93ff-53257776fc94,0c49166273014487baa157c538b5a932,USGS-03274615,00065,00011,2023-01-22 18:45:00+00:00,3.31,ft,Approved,,2025-09-01 20:21:53.716170+00:00
,,13b9b4f6-2b74-401c-901b-f065590f89e2,0c49166273014487baa157c538b5a932,USGS-03274615,00065,00011,2023-01-22 18:30:00+00:00,3.33,ft,Approved,,2025-09-01 20:21:53.716170+00:00
,,88841ccd-4f22-41a8-b316-0cf9112af30d,0c49166273014487baa157c538b5a932,USGS-03274615,00065,00011,2023-01-22 18:15:00+00:00,3.34,ft,Approved,,2025-09-01 20:21:53.716170+00:00
,,ddc8c688-9405-486d-9d2c-1fed59a67157,0c49166273014487baa157c538b5a932,USGS-03274615,00065,00011,2023-01-22 18:00:00+00:00,3.34,ft,Approved,,2025-09-01 20:21:53.716170+00:00
,,0c5e54f6-40b7-459e-9eda-a65ca61b671c,0c49166273014487baa157c538b5a932,USGS-03274615,00065,00011,2023-01-22 17:45:00+00:00,3.34,ft,Approved,,2025-09-01 20:21:53.716170+00:00
,,951dc812-2c27-4a9b-8d31-7f009a54a93a,0c49166273014487baa157c538b5a932,USGS-03274615,00065,00011,2023-01-22 17:30:00+00:00,3.36,ft,Approved,,2025-09-01 20:21:53.716170+00:00
,,2827328d-ea21-43a1-acfa-b81af2309a6e,0c49166273014487baa157c538b5a932,USGS-03274615,00065,00011,2023-01-22 17:15:00+00:00,3.37,ft,Approved,,2025-09-01 20:21:53.716170+00:00
,,b443eed8-7f61-47e4-8055-a03b536cb466,0c49166273014487baa157c538b5a932,USGS-03274615,00065,00011,2023-01-22 17:00:00+00:00,3.38,ft,Approved,,2025-09-01 20:21:53.716170+00:00
,,4ae6c1e8-5721-4c0c-a9a9-343ae5bdff99,0c49166273014487baa157c538b5a932,USGS-03274615,00065,00011,2023-01-22 16:45:00+00:00,3.38,ft,Approved,,2025-09-01 20:21:53.716170+00:00
,,e7135cac-380f-4636-aa7a-c616e99eb29f,0c49166273014487baa157c538b5a932,USGS-03274615,00065,00011,2023-01-22 16:30:00+00:00,3.39,ft,Approved,,2025-09-01 20:21:53.716170+00:00
,,73b36398-b943-4ae4-97d6-2a8af623ed39,0c49166273014487baa157c538b5a932,USGS-03274615,00065,00011,2023-01-22 16:15:00+00:00,3.37,ft,Approved,,2025-09-01 20:21:53.716170+00:00
,,ccbb7f2b-92a0-4da4-ae9e-73f266efb8b9,0c49166273014487baa157c538b5a932,USGS-03274615,00065,00011,2023-01-22 16:00:00+00:00,3.41,ft,Approved,,2025-09-01 20:21:53.716170+00:00
,,d395f4d1-0aed-45f9-a81d-290a849d7b72,0c49166273014487baa157c538b5a932,USGS-03274615,00065,00011,2023-01-22 15:45:00+00:00,3.40,ft,Approved,,2025-09-01 20:21:53.716170+00:00
,,1f17d37f-b892-4a32-ab09-982a59986a0d,0c49166273014487baa157c538b5a932,USGS-03274615,00065,00011,2023-01-22 15:30:00+00:00,3.40,ft,Approved,,2025-09-01 20:21:53.716170+00:00
,,11ce432b-28e5-457b-b1ef-1498bfb36dd8,0c49166273014487baa157c538b5a932,USGS-03274615,00065,00011,2023-01-22 15:15:00+00:00,3.41,ft,Approved,,2025-09-01 20:21:53.716170+00:00
,,73357ee1-7b8b-4593-b4ba-902c132b8367,0c49166273014487baa157c538b5a932,USGS-03274615,00065,00011,2023-01-22 15:00:00+00:00,3.42,ft,Approved,,2025-09-01 20:21:53.716170+00:00
,,73aac908-4fd8-4b2c-bce2-e0a85e0f5b9a,0c49166273014487baa157c538b5a932,USGS-03274615,00065,00011,2023-01-22 14:45:00+00:00,3.41,ft,Approved,,2025-09-01 20:21:53.716170+00:00
,,86538ad6-bc23-409f-a670-44c9ab167709,0c49166273014487baa157c538b5a932,USGS-03274615,00065,00011,2023-01-22 14:30:00+00:00,3.42,ft,Approved,,2025-09-01 20:21:53.716170+00:00
,,af8471e8-d87e-4419-9814-2b91befadc44,0c49166273014487baa157c538b5a932,USGS-03274615,00065,00011,2023-01-22 14:15:00+00:00,3.43,ft,Approved,,2025-09-01 20:21:53.716170+00:00
,,f44904bc-b44f-4645-9f41-48c63b67eeac,0c49166273014487baa157c538b5a932,USGS-03274615,00065,00011,2023-01-22 14:00:00+00:00,3.42,ft,Approved,,2025-09-01 20:21:53.716170+00:00
,,c024dad4-2b0f-4987-95ae-12f42f270da4,0c49166273014487baa157c538b5a932,USGS-03274615,00065,00011,2023-01-22 13:45:00+00:00,3.42,ft,Approved,,2025-09-01 20:21:53.716170+00:00
,,172a8844-1384-44f4-8216-0b82dc577917,0c49166273014487baa157c538b5a932,USGS-03274615,00065,00011,2023-01-22 13:30:00+00:00,3.45,ft,Approved,,2025-09-01 20:21:53.716170+00:00
,,157aca85-0a70-409c-97d7-85ec516f16c6,0c49166273014487baa157c538b5a932,USGS-03274615,00065,00011,2023-01-22 13:15:00+00:00,3.46,ft,Approved,,2025-09-01 20:21:53.716170+00:00
,,b3526e09-8ed9-4006-8b4a-e73f772be977,0c49166273014487baa157c538b5a932,USGS-03274615,00065,00011,2023-01-22 13:00:00+00:00,3.44,ft,Approved,,2025-09-01 20:21:53.716170+00:00
,,ca4ada8b-b3e7-4a4c-a465-83d59ce56e3b,0c49166273014487baa157c538b5a932,USGS-03274615,00065,00011,2023-01-22 12:45:00+00:00,3.47,ft,Approved,,2025-09-01 20:21:53.716170+00:00
,,22047b7f-d53a-42f2-b7d6-4fe7b432d6e4,0c49166273014487baa157c538b5a932,USGS-03274615,00065,00011,2023-01-22 12:30:00+00:00,3.47,ft,Approved,,2025-09-01 20:21:53.716170+00:00
,,7619c5af-4c64-4a73-b7e8-829d3b552796,0c49166273014487baa157c538b5a932,USGS-03274615,00065,00011,2023-01-22 12:15:00+00:00,3.48,ft,Approved,,2025-09-01 20:21:53.716170+00:00
,,787a8041-c1bf-4c47-81cf-0bb567296a58,0c49166273014487baa157c538b5a932,USGS-03274615,00065,00011,2023-01-22 12:00:00+00:00,3.48,ft,Approved,,2025-09-01 20:21:53.716170+00:00
,,e6f8e2b6-2ab6-46d2-9637-f80a8045f796,0c49166273014487baa157c538b5a932,USGS-03274615,00065,00011,2023-01-22 11:45:00+00:00,3.48,ft,Approved,,2025-09-01 20:21:53.716170+00:00
,,aa46e587-188b-48d3-aa02-e48860dc0786,0c49166273014487baa157c538b5a932,USGS-03274615,00065,00011,2023-01-22 11:30:00+00:00,3.50,ft,Approved,,2025-09-01 20:21:53.716170+00:00
,,daa4fb4a-17ff-4899-a1ee-df20e689dfbf,0c49166273014487baa157c538b5a932,USGS-03274615,00065,00011,2023-01-22 11:15:00+00:00,3.49,ft,Approved,,2025-09-01 20:21:53.716170+00:00
,,8b3e78b2-58bc-4e41-87a4-b1001684a586,0c49166273014487baa157c538b5a932,USGS-03274615,00065,00011,2023-01-22 11:00:00+00:00,3.52,ft,Approved,,2025-09-01 20:21:53.716170+00:00
,,92d09d2c-981b-4a6a-8707-603300dda70f,0c49166273014487baa157c538b5a932,USGS-03274615,00065,00011,2023-01-22 10:45:00+00:00,3.52,ft,Approved,,2025-09-01 20:21:53.716170+00:00
,,3e6463e7-996c-44b7-8966-9b61ecfdff2a,0c49166273014487baa157c538b5a932,USGS-03274615,00065,00011,2023-01-22 10:30:00+00:00,3.51,ft,Approved,,2025-09-01 20:21:53.716170+00:00
,,88207ce1-c4c7-4618-9a7b-852c6d923653,0c49166273014487baa157c538b5a932,USGS-03274615,00065,00011,2023-01-22 10:15:00+00:00,3.52,ft,Approved,,2025-09-01 20:21:53.716170+00:00
,,1b824569-c142-4f4e-9f7b-9e92ce9718e6,0c49166273014487baa157c538b5a932,USGS-03274615,00065,00011,2023-01-22 10:00:00+00:00,3.53,ft,Approved,,2025-09-01 20:21:53.716170+00:00
,,3febeacb-8a81-4df3-8362-a8b0234e3742,0c49166273014487baa157c538b5a932,USGS-03274615,00065,00011,2023-01-22 09:45:00+00:00,3.54,ft,Approved,,2025-09-01 20:21:53.716170+00:00
,,5de3fc1f-e333-47d6-9fa5-7d6f172eac19,0c49166273014487baa157c538b5a932,USGS-03274615,00065,00011,2023-01-22 09:30:00+00:00,3.54,ft,Approved,,2025-09-01 20:21:53.716170+00:00
,,4687ce76-b7e8-45d2-9dd6-636a9a366e71,0c49166273014487baa157c538b5a932,USGS-03274615,00065,00011,2023-01-22 09:15:00+00:00,3.56,ft,Approved,,2025-09-01 20:21:53.716170+00:00
,,fe8c8834-b398-4c06-a6a5-0c17e59c4edb,0c49166273014487baa157c538b5a932,USGS-03274615,00065,00011,2023-01-22 09:00:00+00:00,3.56,ft,Approved,,2025-09-01 20:21:53.716170+00:00
,,5efadccd-886e-472b-9dcf-619f0275bab1,0c49166273014487baa157c538b5a932,USGS-03274615,00065,00011,2023-01-22 08:45:00+00:00,3.58,ft,Approved,,2025-09-01 20:21:53.716170+00:00
,,d0cc49d5-9c41-476a-9d02-f1ccb29391bc,0c49166273014487baa157c538b5a932,USGS-03274615,00065,00011,2023-01-22 08:30:00+00:00,3.58,ft,Approved,,2025-09-01 20:21:53.716170+00:00
,,e2ed3553-529a-4d14-a6c8-f69e04841c99,0c49166273014487baa157c538b5a932,USGS-03274615,00065,00011,2023-01-22 08:15:00+00:00,3.60,ft,Approved,,2025-09-01 20:21:53.716170+00:00
,,d0cf8590-df3f-4c61-82f6-845ec43b913f,0c49166273014487baa157c538b5a932,USGS-03274615,00065,00011,2023-01-22 08:00:00+00:00,3.61,ft,Approved,,2025-09-01 20:21:53.716170+00:00
,,25d4939c-14ee-47cf-a0a0-4918ca26810c,0c49166273014487baa157c538b5a932,USGS-03274615,00065,00011,2023-01-22 07:45:00+00:00,3.60,ft,Approved,,2025-09-01 20:21:53.716170+00:00
,,0b25b62d-36bf-419b-9b19-52b8e629a006,0c49166273014487baa157c538b5a932,USGS-03274615,00065,00011,2023-01-22 07:30:00+00:00,3.63,ft,Approved,,2025-09-01 20:21:53.716170+00:00
,,61b679d6-399f-48ee-bd69-dc3387b280a3,0c49166273014487baa157c538b5a932,USGS-03274615,00065,00011,2023-01-22 07:15:00+00:00,3.62,ft,Approved,,2025-09-01 20:21:53.716170+00:00
,,10b633c9-2a06-499c-9123-bdb0cff72594,0c49166273014487baa157c538b5a932,USGS-03274615,00065,00011,2023-01-22 07:00:00+00:00,3.63,ft,Approved,,2025-09-01 20:21:53.716170+00:00
,,c78f7cac-10d3-4401-a6a6-9cfe614f1d7c,0c49166273014487baa157c538b5a932,USGS-03274615,00065,00011,2023-01-22 06:45:00+00:00,3.63,ft,Approved,,2025-09-01 20:21:53.716170+00:00
,,ae1d2e8b-4348-488f-9de3-2a16a95242eb,0c49166273014487baa157c538b5a932,USGS-03274615,00065,00011,2023-01-22 06:30:00+00:00,3.66,ft,Approved,,2025-09-01 20:21:53.716170+00:00
,,015d08f3-444a-4d51-89c3-2e21c29c0761,0c49166273014487baa157c538b5a932,USGS-03274615,00065,00011,2023-01-22 06:15:00+00:00,3.67,ft,Approved,,2025-09-01 20:21:53.716170+00:00
,,f1d9bafa-699e-4e7f-a35e-6df33685e4f0,0c49166273014487baa157c538b5a932,USGS-03274615,00065,00011,2023-01-22 06:00:00+00:00,3.67,ft,Approved,,2025-09-01 20:21:53.716170+00:00
,,14fd1d9d-3554-4ba0-a3f7-bebe2b416249,0c49166273014487baa157c538b5a932,USGS-03274615,00065,00011,2023-01-22 05:45:00+00:00,3.67,ft,Approved,,2025-09-01 20:21:53.716170+00:00
,,fd7792f3-2f86-45d2-afcd-ff54d109f5e6,0c49166273014487baa157c538b5a932,USGS-03274615,00065,00011,2023-01-22 05:30:00+00:00,3.68,ft,Approved,,2025-09-01 20:21:53.716170+00:00
,,08cfe699-6ecd-4ad3-86df-374a972af2f0,0c49166273014487baa157c538b5a932,USGS-03274615,00065,00011,2023-01-22 05:15:00+00:00,3.71,ft,Approved,,2025-09-01 20:21:53.716170+00:00
,,6afaf12a-adcc-4af0-a932-77433cda6fa4,0c49166273014487baa157c538b5a932,USGS-03274615,00065,00011,2023-01-22 05:00:00+00:00,3.71,ft,Approved,,2025-09-01 20:21:53.716170+00:00
,,5daa7929-e740-4e45-be3c-cde4727a3e4d,0c49166273014487baa157c538b5a932,USGS-03274615,00065,00011,2023-01-22 04:45:00+00:00,3.71,ft,Approved,,2025-09-01 20:21:53.716170+00:00
,,ca4d68ac-1da4-4956-9a17-cc168683e60c,0c49166273014487baa157c538b5a932,USGS-03274615,00065,00011,2023-01-22 04:30:00+00:00,3.73,ft,Approved,,2025-09-01 20:21:53.716170+00:00
,,204ab724-fd33-4fe0-93d5-7db560b56369,0c49166273014487baa157c538b5a932,USGS-03274615,00065,00011,2023-01-22 04:15:00+00:00,3.75,ft,Approved,,2025-09-01 20:21:53.716170+00:00
,,53aac36f-67af-4968-ba50-a9c2271f47a0,0c49166273014487baa157c538b5a932,USGS-03274615,00065,00011,2023-01-22 04:00:00+00:00,3.75,ft,Approved,,2025-09-01 20:21:53.716170+00:00
,,e5ef4ce0-e895-409a-9d6f-9c16512321b2,0c49166273014487baa157c538b5a932,USGS-03274615,00065,00011,2023-01-22 03:45:00+00:00,3.75,ft,Approved,,2025-09-01 20:21:53.716170+00:00
,,19110a03-c2cc-4126-82e0-822b388fc278,0c49166273014487baa157c538b5a932,USGS-03274615,00065,00011,2023-01-22 03:30:00+00:00,3.75,ft,Approved,,2025-09-01 20:21:53.716170+00:00
,,d7642a4e-7aac-4cfd-a42d-713e3a4680d0,0c49166273014487baa157c538b5a932,USGS-03274615,00065,00011,2023-01-22 03:15:00+00:00,3.78,ft,Approved,,2025-09-01 20:21:53.716170+00:00
,,d8d5ee10-9d72-48dd-8723-c834adb89a18,0c49166273014487baa157c538b5a932,USGS-03274615,00065,00011,2023-01-22 03:00:00+00:00,3.78,ft,Approved,,2025-09-01 20:21:53.716170+00:00
,,dc200ed5-95fb-41d6-b6d0-61c458ba5966,0c49166273014487baa157c538b5a932,USGS-03274615,00065,00011,2023-01-22 02:45:00+00:00,3.77,ft,Approved,,2025-09-01 20:21:53.716170+00:00
,,64f0c2d1-29b0-4899-a3f1-d9e894e96699,0c49166273014487baa157c538b5a932,USGS-03274615,00065,00011,2023-01-22 02:30:00+00:00,3.80,ft,Approved,,2025-09-01 20:21:53.716170+00:00
,,4055e8d1-fee3-4e76-815d-137511005e08,0c49166273014487baa157c538b5a932,USGS-03274615,00065,00011,2023-01-22 02:15:00+00:00,3.81,ft,Approved,,2025-09-01 20:21:53.716170+00:00
,,1303bab0-6fc8-481f-b5a9-fcaf1ca4cb02,0c49166273014487baa157c538b5a932,USGS-03274615,00065,00011,2023-01-22 02:00:00+00:00,3.81,ft,Approved,,2025-09-01 20:21:53.716170+00:00
,,4bfd54bb-53f6-43f9-a8eb-593294a7009f,0c49166273014487baa157c538b5a932,USGS-03274615,00065,00011,2023-01-22 01:45:00+00:00,3.82,ft,Approved,,2025-09-01 20:21:53.716170+00:00
,,d511ffd8-1f09-4c95-b713-4e4d973c9320,0c49166273014487baa157c538b5a932,USGS-03274615,00065,00011,2023-01-22 01:30:00+00:00,3.83,ft,Approved,,2025-09-01 20:21:53.716170+00:00
,,2dcdd9c9-df38-4286-8e01-39ec8592ab2e,0c49166273014487baa157c538b5a932,USGS-03274615,00065,00011,2023-01-22 01:15:00+00:00,3.83,ft,Approved,,2025-09-01 20:21:53.716170+00:00
,,7b8f79f2-ffd1-4a11-a469-8edba708772c,0c49166273014487baa157c538b5a932,USGS-03274615,00065,00011,2023-01-22 01:00:00+00:00,3.86,ft,Approved,,2025-09-01 20:21:53.716170+00:00
,,5884f37e-df67-4ed9-b7d0-0b84a1e5fa11,0c49166273014487baa157c538b5a932,USGS-03274615,00065,00011,2023-01-22 00:45:00+00:00,3.86,ft,Approved,,2025-09-01 20:21:53.716170+00:00
,,7ea87d09-cffa-4349-b925-91b519583057,0c49166273014487baa157c538b5a932,USGS-03274615,00065,00011,2023-01-22 00:30:00+00:00,3.87,ft,Approved,,2025-09-01 20:21:53.716170+00:00
,,1b220914-ec40-4a07-a87a-031f88cc97f2,0c49166273014487baa157c538b5a932,USGS-03274615,00065,00011,2023-01-22 00:15:00+00:00,3.87,ft,Approved,,2025-09-01 20:21:53.716170+00:00
,,917094fc-95d6-4d96-943f-923742971ea3,0c49166273014487baa157c538b5a932,USGS-03274615,00065,00011,2023-01-22 00:00:00+00:00,3.88,ft,Approved,,2025-09-01 20:21:53.716170+00:00
,,7b26b192-4aa4-4dfa-bf0a-af565c1c1655,0c49166273014487baa157c538b5a932,USGS-03274615,00065,00011,2023-01-21 23:45:00+00:00,3.89,ft,Approved,,2025-09-01 20:21:53.716170+00:00
,,45ad4300-608b-4323-94f4-9de494313b73,0c49166273014487baa157c538b5a932,USGS-03274615,00065,00011,2023-01-21 23:30:00+00:00,3.90,ft,Approved,,2025-09-01 20:21:53.716170+00:00
,,7f051b06-ee12-476a-85d9-55147d74e223,0c49166273014487baa157c538b5a932,USGS-03274615,00065,00011,2023-01-21 23:15:00+00:00,3.90,ft,Approved,,2025-09-01 20:21:53.716170+00:00
,,00128afa-774d-46a4-ac55-65bbcd08677a,0c49166273014487baa157c538b5a932,USGS-03274615,00065,00011,2023-01-21 23:00:00+00:00,3.91,ft,Approved,,2025-09-01 20:21:53.716170+00:00
,,7b7cf350-cea9-4b7c-b8ab-b56757a0c284,0c49166273014487baa157c538b5a932,USGS-03274615,00065,00011,2023-01-21 22:45:00+00:00,3.94,ft,Approved,,2025-09-01 20:21:53.716170+00:00
,,e14f8eca-9129-4c51-bc92-896d41d7fc69,0c49166273014487baa157c538b5a932,USGS-03274615,00065,00011,2023-01-21 22:30:00+00:00,3.97,ft,Approved,,2025-09-01 20:21:53.716170+00:00
,,ca710dee-5f3f-4faa-b2c1-54c246440bfa,0c49166273014487baa157c538b5a932,USGS-03274615,00065,00011,2023-01-21 22:15:00+00:00,3.93,ft,Approved,,2025-09-01 20:21:53.716170+00:00
,,81d13b29-61ac-4b9b-bdb8-c2d825982ee1,0c49166273014487baa157c538b5a932,USGS-03274615,00065,00011,2023-01-21 22:00:00+00:00,3.93,ft,Approved,,2025-09-01 20:21:53.716170+00:00
,,1aee7e8f-fb26-42c8-87ce-7bb37110c3bf,0c49166273014487baa157c538b5a932,USGS-03274615,00065,00011,2023-01-21 21:45:00+00:00,3.97,ft,Approved,,2025-09-01 20:21:53.716170+00:00
,,26e2f73c-06a9-4a12-b595-dc052dd6215a,0c49166273014487baa157c538b5a932,USGS-03274615,00065,00011,2023-01-21 21:30:00+00:00,3.96,ft,Approved,,2025-09-01 20:21:53.716170+00:00
,,0bfc53ae-dee4-4ce6-b35b-55a9d3576a99,0c49166273014487baa157c538b5a932,USGS-03274615,00065,00011,2023-01-21 21:15:00+00:00,3.97,ft,Approved,,2025-09-01 20:21:53.716170+00:00
,,8cdfcfd3-f50e-49a3-ba1a-a25c79172114,0c49166273014487baa157c538b5a932,USGS-03274615,00065,00011,2023-01-21 21:00:00+00:00,3.96,ft,Approved,,2025-09-01 20:21:53.716170+00:00
,,469a71a6-98f7-4c0c-8dbd-887d78437742,0c49166273014487baa157c538b5a932,USGS-03274615,00065,00011,2023-01-21 20:45:00+00:00,4.01,ft,Approved,,2025-09-01 20:21:53.716170+00:00
,,02aac903-036a-4d9b-96a4-a4a7330c508d,0c49166273014487baa157c538b5a932,USGS-03274615,00065,00011,2023-01-21 20:30:00+00:00,4.02,ft,Approved,,2025-09-01 20:21:53.716170+00:00
,,6069b61b-472c-42de-8e1f-9edf45c7e4e8,0c49166273014487baa157c538b5a932,USGS-03274615,00065,00011,2023-01-21 20:15:00+00:00,4.04,ft,Approved,,2025-09-01 20:21:53.716170+00:00
,,57a61cf7-837f-4cd3-9a94-6d154506f2a3,0c49166273014487baa157c538b5a932,USGS-03274615,00065,00011,2023-01-21 20:00:00+00:00,3.99,ft,Approved,,2025-09-01 20:21:53.716170+00:00
,,e60291c5-3a11-463f-a945-11418de9a45d,0c49166273014487baa157c538b5a932,USGS-03274615,00065,00011,2023-01-21 19:45:00+00:00,4.01,ft,Approved,,2025-09-01 20:21:53.716170+00:00
,,42e92eae-587c-4bfd-a44f-29683ed0096a,0c49166273014487baa157c538b5a932,USGS-03274615,00065,00011,2023-01-21 19:30:00+00:00,4.06,ft,Approved,,2025-09-01 20:21:53.716170+00:00
,,caeb9b12-cfe9-4bd0-8473-e08fb3c7698b,0c49166273014487baa157c538b5a932,USGS-03274615,00065,00011,2023-01-21 19:15:00+00:00,4.04,ft,Approved,,2025-09-01 20:21:53.716170+00:00
,,4deb5438-dc82-4cf6-8fb5-148f44cf9ef7,0c49166273014487baa157c538b5a932,USGS-03274615,00065,00011,2023-01-21 19:00:00+00:00,4.03,ft,Approved,,2025-09-01 20:21:53.716170+00:00
,,baaa62eb-59b5-4968-919f-9b546e7a7236,0c49166273014487baa157c538b5a932,USGS-03274615,00065,00011,2023-01-21 18:45:00+00:00,4.06,ft,Approved,,2025-09-01 20:21:53.716170+00:00
,,747db58e-e2fc-4851-becf-eda2006fa659,0c49166273014487baa157c538b5a932,USGS-03274615,00065,00011,2023-01-21 18:30:00+00:00,4.06,ft,Approved,,2025-09-01 20:21:53.716170+00:00
,,35186b7f-6ed9-4883-8052-27315b43386f,0c49166273014487baa157c538b5a932,USGS-03274615,00065,00011,2023-01-21 18:15:00+00:00,4.09,ft,Approved,,2025-09-01 20:21:53.716170+00:00
,,891cfbc8-3153-4282-b233-b36768a68556,0c49166273014487baa157c538b5a932,USGS-03274615,00065,00011,2023-01-21 18:00:00+00:00,4.09,ft,Approved,,2025-09-01 20:21:53.716170+00:00
,,d80c6441-b25e-45be-ad1b-f4a3578c1deb,0c49166273014487baa157c538b5a932,USGS-03274615,00065,00011,2023-01-21 17:45:00+00:00,4.09,ft,Approved,,2025-09-01 20:21:53.716170+00:00
,,c275dbc9-e038-4b82-837b-7deeb6bc8230,0c49166273014487baa157c538b5a932,USGS-03274615,00065,00011,2023-01-21 17:30:00+00:00,4.11,ft,Approved,,2025-09-01 20:21:53.716170+00:00
,,6dd2a751-cdc5-485b-a0c7-f0a7e53b67ae,0c49166273014487baa157c538b5a932,USGS-03274615,00065,00011,2023-01-21 17:15:00+00:00,4.11,ft,Approved,,2025-09-01 20:21:53.716170+00:00
,,4ca7eb50-947d-4127-98fa-2f6fac0bbdea,0c49166273014487baa157c538b5a932,USGS-03274615,00065,00011,2023-01-21 17:00:00+00:00,4.12,ft,Approved,,2025-09-01 20:21:53.716170+00:00
,,771f4a59-51b2-45f2-97fd-f0314abdcc6a,0c49166273014487baa157c538b5a932,USGS-03274615,00065,00011,2023-01-21 16:45:00+00:00,4.14,ft,Approved,,2025-09-01 20:21:53.716170+00:00
,,55b4567b-cbb6-444e-806b-6173451d3404,0c49166273014487baa157c538b5a932,USGS-03274615,00065,00011,2023-01-21 16:30:00+00:00,4.14,ft,Approved,,2025-09-01 20:21:53.716170+00:00
,,e07d21c3-2119-4ea2-ac4d-2842d9f767d1,0c49166273014487baa157c538b5a932,USGS-03274615,00065,00011,2023-01-21 16:15:00+00:00,4.16,ft,Approved,,2025-09-01 20:21:53.716170+00:00
,,b7f75233-189e-49e1-9369-dd4e94d742ed,0c49166273014487baa157c538b5a932,USGS-03274615,00065,00011,2023-01-21 16:00:00+00:00,4.16,ft,Approved,,2025-09-01 20:21:53.716170+00:00
,,eb84fade-e998-441f-9818-10c6c46a2f12,0c49166273014487baa157c538b5a932,USGS-03274615,00065,00011,2023-01-21 15:45:00+00:00,4.18,ft,Approved,,2025-09-01 20:21:53.716170+00:00
,,8e24f04a-fe30-4807-8411-f0a586dabdae,0c49166273014487baa157c538b5a932,USGS-03274615,00065,00011,2023-01-21 15:30:00+00:00,4.18,ft,Approved,,2025-09-01 20:21:53.716170+00:00
,,d03d9429-8de1-4499-973a-40984edfe446,0c49166273014487baa157c538b5a932,USGS-03274615,00065,00011,2023-01-21 15:15:00+00:00,4.18,ft,Approved,,2025-09-01 20:21:53.716170+00:00
,,279165f1-4afe-4d64-a323-8c8efaff6792,0c49166273014487baa157c538b5a932,USGS-03274615,00065,00011,2023-01-21 15:00:00+00:00,4.18,ft,Approved,,2025-09-01 20:21:53.716170+00:00
,,f5290bf5-1568-4287-bd3e-21fb2b5aaf20,0c49166273014487baa157c538b5a932,USGS-03274615,00065,00011,2023-01-21 14:45:00+00:00,4.19,ft,Approved,,2025-09-01 20:21:53.716170+00:00
,,2cb47a93-6d87-44eb-bdb4-26288b48ba8a,0c49166273014487baa157c538b5a932,USGS-03274615,00065,00011,2023-01-21 14:30:00+00:00,4.18,ft,Approved,,2025-09-01 20:21:53.716170+00:00
,,81d893b0-f555-44fb-bcbd-71faaf180b80,0c49166273014487baa157c538b5a932,USGS-03274615,00065,00011,2023-01-21 14:15:00+00:00,4.21,ft,Approved,,2025-09-01 20:21:53.716170+00:00
,,ca7f4446-7432-472e-bc9b-a6010139d065,0c49166273014487baa157c538b5a932,USGS-03274615,00065,00011,2023-01-21 14:00:00+00:00,4.19,ft,Approved,,2025-09-01 20:21:53.716170+00:00
,,d528303f-3d2b-4fa1-b46c-7107b4125e6e,0c49166273014487baa157c538b5a932,USGS-03274615,00065,00011,2023-01-21 13:45:00+00:00,4.20,ft,Approved,,2025-09-01 20:21:53.716170+00:00
,,73673cf8-b855-4db8-911b-c9aabb8a4130,0c49166273014487baa157c538b5a932,USGS-03274615,00065,00011,2023-01-21 13:30:00+00:00,4.18,ft,Approved,,2025-09-01 20:21:53.716170+00:00
,,08a0c5ec-a0a5-40d4-87ee-05d112656bb3,0c49166273014487baa157c538b5a932,USGS-03274615,00065,00011,2023-01-21 13:15:00+00:00,4.22,ft,Approved,,2025-09-01 20:21:53.716170+00:00
,,e87f34b8-42dd-493d-bc8c-93db77c3ae0b,0c49166273014487baa157c538b5a932,USGS-03274615,00065,00011,2023-01-21 13:00:00+00:00,4.22,ft,Approved,,2025-09-01 20:21:53.716170+00:00
,,88cdc11b-0022-43b1-b932-01e5bc63c151,0c49166273014487baa157c538b5a932,USGS-03274615,00065,00011,2023-01-21 12:45:00+00:00,4.25,ft,Approved,,2025-09-01 20:21:53.716170+00:00
,,3b2ad574-e040-4d3b-b993-cb529db76270,0c49166273014487baa157c538b5a932,USGS-03274615,00065,00011,2023-01-21 12:30:00+00:00,4.25,ft,Approved,,2025-09-01 20:21:53.716170+00:00
,,9f66486b-875b-4495-afef-a7540a6a74fe,0c49166273014487baa157c538b5a932,USGS-03274615,00065,00011,2023-01-21 12:15:00+00:00,4.24,ft,Approved,,2025-09-01 20:21:53.716170+00:00
,,a9abacda-e4c9-4c01-bca7-73546b22643e,0c49166273014487baa157c538b5a932,USGS-03274615,00065,00011,2023-01-21 12:00:00+00:00,4.23,ft,Approved,,2025-09-01 20:21:53.716170+00:00
,,cae00429-8a0f-41f3-a7bf-8374a5521256,0c49166273014487baa157c538b5a932,USGS-03274615,00065,00011,2023-01-21 11:45:00+00:00,4.27,ft,Approved,,2025-09-01 20:21:53.716170+00:00
,,7c3cfe1a-8fe5-4d3f-babb-bd15e846d2c6,0c49166273014487baa157c538b5a932,USGS-03274615,00065,00011,2023-01-21 11:30:00+00:00,4.27,ft,Approved,,2025-09-01 20:21:53.716170+00:00
,,85005473-fb62-4240-b50c-c75a633697e9,0c49166273014487baa157c538b5a932,USGS-03274615,00065,00011,2023-01-21 11:15:00+00:00,4.27,ft,Approved,,2025-09-01 20:21:53.716170+00:00
,,68874b1f-46aa-4302-a8f8-47398688cf23,0c49166273014487baa157c538b5a932,USGS-03274615,00065,00011,2023-01-21 11:00:00+00:00,4.28,ft,Approved,,2025-09-01 20:21:53.716170+00:00
,,c4a6e8f0-8b30-47c4-9d78-b523cd21275a,0c49166273014487baa157c538b5a932,USGS-03274615,00065,00011,2023-01-21 10:45:00+00:00,4.28,ft,Approved,,2025-09-01 20:21:53.716170+00:00
,,f9de9fbc-9817-4c0b-bd6e-d88977e2ec46,0c49166273014487baa157c538b5a932,USGS-03274615,00065,00011,2023-01-21 10:30:00+00:00,4.30,ft,Approved,,2025-09-01 20:21:53.716170+00:00
,,e0962d97-8c32-4722-9191-e72e49296bb3,0c49166273014487baa157c538b5a932,USGS-03274615,00065,00011,2023-01-21 10:15:00+00:00,4.31,ft,Approved,,2025-09-01 20:21:53.716170+00:00
,,5fa4eec6-3815-44d2-bf0e-7f89884af888,0c49166273014487baa157c538b5a932,USGS-03274615,00065,00011,2023-01-21 10:00:00+00:00,4.28,ft,Approved,,2025-09-01 20:21:53.716170+00:00
,,36b728f5-da69-416f-b2ae-2ce35befb755,0c49166273014487baa157c538b5a932,USGS-03274615,00065,00011,2023-01-21 09:45:00+00:00,4.30,ft,Approved,,2025-09-01 20:21:53.716170+00:00
,,c97f77d2-6eef-49d8-9450-f2843336db84,0c49166273014487baa157c538b5a932,USGS-03274615,00065,00011,2023-01-21 09:30:00+00:00,4.29,ft,Approved,,2025-09-01 20:21:53.716170+00:00
,,3e43ebeb-f428-4eba-8113-c299ae0ab957,0c49166273014487baa157c538b5a932,USGS-03274615,00065,00011,2023-01-21 09:15:00+00:00,4.33,ft,Approved,,2025-09-01 20:21:53.716170+00:00
,,b9dbe78c-a63e-48e2-853d-020587f35bfa,0c49166273014487baa157c538b5a932,USGS-03274615,00065,00011,2023-01-21 09:00:00+00:00,4.32,ft,Approved,,2025-09-01 20:21:53.716170+00:00
,,47e30679-ae4f-4726-ab3d-034917f17bc2,0c49166273014487baa157c538b5a932,USGS-03274615,00065,00011,2023-01-21 08:45:00+00:00,4.36,ft,Approved,,2025-09-01 20:21:53.716170+00:00
,,48332df0-471c-4b36-8dfe-dc0c9121e73f,0c49166273014487baa157c538b5a932,USGS-03274615,00065,00011,2023-01-21 08:30:00+00:00,4.33,ft,Approved,,2025-09-01 20:21:53.716170+00:00
,,55a8a2e6-4950-41cb-8b8b-7a3a976a19d8,0c49166273014487baa157c538b5a932,USGS-03274615,00065,00011,2023-01-21 08:15:00+00:00,4.35,ft,Approved,,2025-09-01 20:21:53.716170+00:00
,,213a2dce-13ed-4f82-8ce3-6a779b320ec3,0c49166273014487baa157c538b5a932,USGS-03274615,00065,00011,2023-01-21 08:00:00+00:00,4.36,ft,Approved,,2025-09-01 20:21:53.716170+00:00
,,c9fcc4fb-c87c-4458-8195-d403a61ca265,0c49166273014487baa157c538b5a932,USGS-03274615,00065,00011,2023-01-21 07:45:00+00:00,4.33,ft,Approved,,2025-09-01 20:21:53.716170+00:00
,,48d8ab9f-5b96-43fa-a4a6-97307b0d18b0,0c49166273014487baa157c538b5a932,USGS-03274615,00065,00011,2023-01-21 07:30:00+00:00,4.34,ft,Approved,,2025-09-01 20:21:53.716170+00:00
,,2a7d7f19-f932-4bd2-87da-9efe2c9f4459,0c49166273014487baa157c538b5a932,USGS-03274615,00065,00011,2023-01-21 07:15:00+00:00,4.38,ft,Approved,,2025-09-01 20:21:53.716170+00:00
,,2f3cab7f-a244-4de5-b605-9b469bbf4ad9,0c49166273014487baa157c538b5a932,USGS-03274615,00065,00011,2023-01-21 07:00:00+00:00,4.33,ft,Approved,,2025-09-01 20:21:53.716170+00:00
,,220514a9-d7ba-4b03-9aa6-4fbf45be8407,0c49166273014487baa157c538b5a932,USGS-03274615,00065,00011,2023-01-21 06:45:00+00:00,4.39,ft,Approved,,2025-09-01 20:21:53.716170+00:00
,,4977c474-d702-427f-b8b8-5bfc83fcad8b,0c49166273014487baa157c538b5a932,USGS-03274615,00065,00011,2023-01-21 06:30:00+00:00,4.38,ft,Approved,,2025-09-01 20:21:53.716170+00:00
,,7be5728c-cfb0-4d5e-b8a6-5a77585bff55,0c49166273014487baa157c538b5a932,USGS-03274615,00065,00011,2023-01-21 06:15:00+00:00,4.38,ft,Approved,,2025-09-01 20:21:53.716170+00:00
,,4b248c09-c85b-4980-9b87-c313969d5a3e,0c49166273014487baa157c538b5a932,USGS-03274615,00065,00011,2023-01-21 06:00:00+00:00,4.40,ft,Approved,,2025-09-01 20:21:53.716170+00:00
,,2888bdd9-b72b-43bb-90d3-0b1f659b17c6,0c49166273014487baa157c538b5a932,USGS-03274615,00065,00011,2023-01-21 05:45:00+00:00,4.39,ft,Approved,,2025-09-01 20:21:53.716170+00:00
,,f12b6326-bbfd-404f-9f63-287a2aeb6d6c,0c49166273014487baa157c538b5a932,USGS-03274615,00065,00011,2023-01-21 05:30:00+00:00,4.42,ft,Approved,,2025-09-01 20:21:53.716170+00:00
,,11a47759-42aa-4fa1-9ad5-6078c688a8b3,0c49166273014487baa157c538b5a932,USGS-03274615,00065,00011,2023-01-21 05:15:00+00:00,4.39,ft,Approved,,2025-09-01 20:21:53.716170+00:00
,,5c2dca22-b62f-43e6-b8de-cc541566be59,0c49166273014487baa157c538b5a932,USGS-03274615,00065,00011,2023-01-21 05:00:00+00:00,4.41,ft,Approved,,2025-09-01 20:21:53.716170+00:00
,,aed52669-ca0a-4910-bf67-16934bbb4e1a,0c49166273014487baa157c538b5a932,USGS-03274615,00065,00011,2023-01-21 04:45:00+00:00,4.43,ft,Approved,,2025-09-01 20:21:53.716170+00:00
,,fc903718-7e77-44d5-9072-97a8ed767fb3,0c49166273014487baa157c538b5a932,USGS-03274615,00065,00011,2023-01-21 04:30:00+00:00,4.45,ft,Approved,,2025-09-01 20:21:53.716170+00:00
,,5884fe6c-e65b-466e-9f13-f9b6f8dd79db,0c49166273014487baa157c538b5a932,USGS-03274615,00065,00011,2023-01-21 04:15:00+00:00,4.47,ft,Approved,,2025-09-01 20:21:53.716170+00:00
,,fdaa1db1-f2e1-4cd3-8143-80f3a3e32827,0c49166273014487baa157c538b5a932,USGS-03274615,00065,00011,2023-01-21 04:00:00+00:00,4.46,ft,Approved,,2025-09-01 20:21:53.716170+00:00
,,9d17973f-9321-4417-afdd-57f6910f84d9,0c49166273014487baa157c538b5a932,USGS-03274615,00065,00011,2023-01-21 03:45:00+00:00,4.48,ft,Approved,,2025-09-01 20:21:53.716170+00:00
,,4513979f-a2cb-40e1-a5b5-21800601d9b8,0c49166273014487baa157c538b5a932,USGS-03274615,00065,00011,2023-01-21 03:30:00+00:00,4.49,ft,Approved,,2025-09-01 20:21:53.716170+00:00
,,a9b6bda2-c9b1-42c6-a951-7dd3790c9c7b,0c49166273014487baa157c538b5a932,USGS-03274615,00065,00011,2023-01-21 03:15:00+00:00,4.50,ft,Approved,,2025-09-01 20:21:53.716170+00:00
,,f286431d-1475-43fc-9642-44ff90aec4dc,0c49166273014487baa157c538b5a932,USGS-03274615,00065,00011,2023-01-21 03:00:00+00:00,4.51,ft,Approved,,2025-09-01 20:21:53.716170+00:00
,,d1ac3999-ca5f-4700-ad9e-867a84116c42,0c49166273014487baa157c538b5a932,USGS-03274615,00065,00011,2023-01-21 02:45:00+00:00,4.51,ft,Approved,,2025-09-01 20:21:53.716170+00:00
,,e32f4837-c61d-49fc-a24a-bcd8c5c020f4,0c49166273014487baa157c538b5a932,USGS-03274615,00065,00011,2023-01-21 02:30:00+00:00,4.52,ft,Approved,,2025-09-01 20:21:53.716170+00:00
,,03b07efe-6c47-464e-990d-83e116194f0d,0c49166273014487baa157c538b5a932,USGS-03274615,00065,00011,2023-01-21 02:15:00+00:00,4.52,ft,Approved,,2025-09-01 20:21:53.716170+00:00
,,2d1672b7-28c0-4d4e-b247-336608136c02,0c49166273014487baa157c538b5a932,USGS-03274615,00065,00011,2023-01-21 02:00:00+00:00,4.53,ft,Approved,,2025-09-01 20:21:53.716170+00:00
,,9e722b39-fa34-47d7-be2f-1be53c262fe6,0c49166273014487baa157c538b5a932,USGS-03274615,00065,00011,2023-01-21 01:45:00+00:00,4.52,ft,Approved,,2025-09-01 20:21:53.716170+00:00
,,a5a911ce-bdbb-4252-85e9-b0dcad038c2a,0c49166273014487baa157c538b5a932,USGS-03274615,00065,00011,2023-01-21 01:30:00+00:00,4.55,ft,Approved,,2025-09-01 20:21:53.716170+00:00
,,cb35e741-2e86-4ab3-afa3-92fa98ecc161,0c49166273014487baa157c538b5a932,USGS-03274615,00065,00011,2023-01-21 01:15:00+00:00,4.55,ft,Approved,,2025-09-01 20:21:53.716170+00:00
,,2b344fad-9aae-48d1-b8cd-62b68e25eb5a,0c49166273014487baa157c538b5a932,USGS-03274615,00065,00011,2023-01-21 01:00:00+00:00,4.58,ft,Approved,,2025-09-01 20:21:53.716170+00:00
,,4be8cde8-a352-4b1d-b17a-67a87f784bad,0c49166273014487baa157c538b5a932,USGS-03274615,00065,00011,2023-01-21 00:45:00+00:00,4.56,ft,Approved,,2025-09-01 20:21:53.716170+00:00
,,f88770ca-f323-4f3b-bd42-7c69869b4b3e,0c49166273014487baa157c538b5a932,USGS-03274615,00065,00011,2023-01-21 00:30:00+00:00,4.57,ft,Approved,,2025-09-01 20:21:53.716170+00:00
,,932a1746-6a8b-4e10-87a8-a1d6f1b96cee,0c49166273014487baa157c538b5a932,USGS-03274615,00065,00011,2023-01-21 00:15:00+00:00,4.59,ft,Approved,,2025-09-01 20:21:53.716170+00:00
,,c3e649ac-b956-4a8d-b1be-08c36f3e1aa8,0c49166273014487baa157c538b5a932,USGS-03274615,00065,00011,2023-01-21 00:00:00+00:00,4.58,ft,Approved,,2025-09-01 20:21:53.716170+00:00
,,86bcefca-bf38-497a-a219-5cabcd90a909,0c49166273014487baa157c538b5a932,USGS-03274615,00065,00011,2023-01-20 23:45:00+00:00,4.55,ft,Approved,,2025-09-01 20:21:53.716170+00:00
,,d44b2e65-442a-4bd7-90c7-4b026435f02a,0c49166273014487baa157c538b5a932,USGS-03274615,00065,00011,2023-01-20 23:30:00+00:00,4.57,ft,Approved,,2025-09-01 20:21:53.716170+00:00
,,c618daea-5828-4343-89db-54bfd336b20c,0c49166273014487baa157c538b5a932,USGS-03274615,00065,00011,2023-01-20 23:15:00+00:00,4.57,ft,Approved,,2025-09-01 20:21:53.716170+00:00
,,112e359a-4c71-4e1b-83b6-23c65d5b9e95,0c49166273014487baa157c538b5a932,USGS-03274615,00065,00011,2023-01-20 23:00:00+00:00,4.57,ft,Approved,,2025-09-01 20:21:53.716170+00:00
,,fcb3f814-b2de-401f-bdee-a284046cba10,0c49166273014487baa157c538b5a932,USGS-03274615,00065,00011,2023-01-20 22:45:00+00:00,4.59,ft,Approved,,2025-09-01 20:21:53.716170+00:00
,,7dd920e4-9171-4957-a0f1-8128c2f8741c,0c49166273014487baa157c538b5a932,USGS-03274615,00065,00011,2023-01-20 22:30:00+00:00,4.58,ft,Approved,,2025-09-01 20:21:53.716170+00:00
,,321fe13b-cf8d-4f25-989a-d7f4ce5ca384,0c49166273014487baa157c538b5a932,USGS-03274615,00065,00011,2023-01-20 22:15:00+00:00,4.57,ft,Approved,,2025-09-01 20:21:53.716170+00:00
,,469a7b8f-9064-4d5f-b369-c52475438528,0c49166273014487baa157c538b5a932,USGS-03274615,00065,00011,2023-01-20 22:00:00+00:00,4.58,ft,Approved,,2025-09-01 20:21:53.716170+00:00
,,3fd1f0e2-df80-42af-885c-5665be5361e5,0c49166273014487baa157c538b5a932,USGS-03274615,00065,00011,2023-01-20 21:45:00+00:00,4.58,ft,Approved,,2025-09-01 20:21:53.716170+00:00
,,4a4fdd30-17e7-4f4e-bf68-462e3bb43eb9,0c49166273014487baa157c538b5a932,USGS-03274615,00065,00011,2023-01-20 21:30:00+00:00,4.56,ft,Approved,,2025-09-01 20:21:53.716170+00:00
,,55e54230-5849-4584-92c9-044add32e153,0c49166273014487baa157c538b5a932,USGS-03274615,00065,00011,2023-01-20 21:15:00+00:00,4.57,ft,Approved,,2025-09-01 20:21:53.716170+00:00
,,87ec9b95-16be-4819-9ad7-f53bd23d04f9,0c49166273014487baa157c538b5a932,USGS-03274615,00065,00011,2023-01-20 21:00:00+00:00,4.56,ft,Approved,,2025-09-01 20:21:53.716170+00:00
,,c2917ee8-a483-4b60-ba29-e0d7db71cd9c,0c49166273014487baa157c538b5a932,USGS-03274615,00065,00011,2023-01-20 20:45:00+00:00,4.58,ft,Approved,,2025-09-01 20:21:53.716170+00:00
,,4b977965-5c96-4a80-b747-4652114d75d4,0c49166273014487baa157c538b5a932,USGS-03274615,00065,00011,2023-01-20 20:30:00+00:00,4.59,ft,Approved,,2025-09-01 20:21:53.716170+00:00
,,b477a9ee-d405-411b-a8dc-e568d2adb09d,0c49166273014487baa157c538b5a932,USGS-03274615,00065,00011,2023-01-20 20:15:00+00:00,4.58,ft,Approved,,2025-09-01 20:21:53.716170+00:00
,,5a76849d-3fac-40bf-a207-f44d9e8b71c2,0c49166273014487baa157c538b5a932,USGS-03274615,00065,00011,2023-01-20 20:00:00+00:00,4.58,ft,Approved,,2025-09-01 20:21:53.716170+00:00
,,9617a82d-1ab7-4ca5-afe7-a8fadf99295f,0c49166273014487baa157c538b5a932,USGS-03274615,00065,00011,2023-01-20 19:45:00+00:00,4.58,ft,Approved,,2025-09-01 20:21:53.716170+00:00
,,97f49ff4-c406-4f00-b728-523566fdff50,0c49166273014487baa157c538b5a932,USGS-03274615,00065,00011,2023-01-20 19:30:00+00:00,4.56,ft,Approved,,2025-09-01 20:21:53.716170+00:00
,,6afa4b35-074c-4caf-b208-6254b3832417,0c49166273014487baa157c538b5a932,USGS-03274615,00065,00011,2023-01-20 19:15:00+00:00,4.55,ft,Approved,,2025-09-01 20:21:53.716170+00:00
,,907c42ee-9100-414e-b103-90b73e3a4001,0c49166273014487baa157c538b5a932,USGS-03274615,00065,00011,2023-01-20 19:00:00+00:00,4.54,ft,Approved,,2025-09-01 20:21:53.716170+00:00
,,4c8f6f3c-11dd-4bca-8bf3-a83eaaaaa025,0c49166273014487baa157c538b5a932,USGS-03274615,00065,00011,2023-01-20 18:45:00+00:00,4.54,ft,Approved,,2025-09-01 20:21:53.716170+00:00
,,df2db13d-5a25-45d6-814d-fdaa91acf506,0c49166273014487baa157c538b5a932,USGS-03274615,00065,00011,2023-01-20 18:30:00+00:00,4.55,ft,Approved,,2025-09-01 20:21:53.716170+00:00
,,859c103e-a91e-406e-97cf-29b55506c6e6,0c49166273014487baa157c538b5a932,USGS-03274615,00065,00011,2023-01-20 18:15:00+00:00,4.52,ft,Approved,,2025-09-01 20:21:53.716170+00:00
,,f2d3c37e-657c-4235-9bbe-308f0a234d3c,0c49166273014487baa157c538b5a932,USGS-03274615,00065,00011,2023-01-20 18:00:00+00:00,4.51,ft,Approved,,2025-09-01 20:21:53.716170+00:00
,,2e7c1a85-1438-47c1-9e38-2387cd5de830,0c49166273014487baa157c538b5a932,USGS-03274615,00065,00011,2023-01-20 17:45:00+00:00,4.50,ft,Approved,,2025-09-01 20:21:53.716170+00:00
,,d715e00f-ef64-4f5a-94be-8cbd8a3cba1b,0c49166273014487baa157c538b5a932,USGS-03274615,00065,00011,2023-01-20 17:30:00+00:00,4.50,ft,Approved,,2025-09-01 20:21:53.716170+00:00
,,d6256c1e-5377-4e10-be98-9f0cb3b2c9a6,0c49166273014487baa157c538b5a932,USGS-03274615,00065,00011,2023-01-20 17:15:00+00:00,4.51,ft,Approved,,2025-09-01 20:21:53.716170+00:00
,,02fdaa9d-808f-4a8d-b6a0-037649d726cc,0c49166273014487baa157c538b5a932,USGS-03274615,00065,00011,2023-01-20 17:00:00+00:00,4.47,ft,Approved,,2025-09-01 20:21:53.716170+00:00
,,1cb795a3-8078-4145-96fd-d9afa7141a2d,0c49166273014487baa157c538b5a932,USGS-03274615,00065,00011,2023-01-20 16:45:00+00:00,4.44,ft,Approved,,2025-09-01 20:21:53.716170+00:00
,,44495ffe-d757-4ae9-8c63-0f427f212334,0c49166273014487baa157c538b5a932,USGS-03274615,00065,00011,2023-01-20 16:30:00+00:00,4.48,ft,Approved,,2025-09-01 20:21:53.716170+00:00
,,00bb78c8-a0f3-4b7a-92cf-d15b2cbba287,0c49166273014487baa157c538b5a932,USGS-03274615,00065,00011,2023-01-20 16:15:00+00:00,4.45,ft,Approved,,2025-09-01 20:21:53.716170+00:00
,,5cf7c9e2-65c6-4979-9988-f9b2e442c909,0c49166273014487baa157c538b5a932,USGS-03274615,00065,00011,2023-01-20 16:00:00+00:00,4.45,ft,Approved,,2025-09-01 20:21:53.716170+00:00
,,1d29a0ff-027e-410d-9a1e-8f4b71848e03,0c49166273014487baa157c538b5a932,USGS-03274615,00065,00011,2023-01-20 15:45:00+00:00,4.44,ft,Approved,,2025-09-01 20:21:53.716170+00:00
,,c14f01d0-e283-4926-838e-6f14b6d7bd5a,0c49166273014487baa157c538b5a932,USGS-03274615,00065,00011,2023-01-20 15:30:00+00:00,4.42,ft,Approved,,2025-09-01 20:21:53.716170+00:00
,,7dbf84f1-4fb0-446d-b105-8ac46c435bab,0c49166273014487baa157c538b5a932,USGS-03274615,00065,00011,2023-01-20 15:15:00+00:00,4.39,ft,Approved,,2025-09-01 20:21:53.716170+00:00
,,2b9d5f77-6413-4299-980b-c76efdd30a26,0c49166273014487baa157c538b5a932,USGS-03274615,00065,00011,2023-01-20 15:00:00+00:00,4.41,ft,Approved,,2025-09-01 20:21:53.716170+00:00
,,0ce6a6ba-287b-437b-abc1-4c0dc8c3faa8,0c49166273014487baa157c538b5a932,USGS-03274615,00065,00011,2023-01-20 14:45:00+00:00,4.37,ft,Approved,,2025-09-01 20:21:53.716170+00:00
,,e590f12f-3f00-48a1-8b65-405cbf674248,0c49166273014487baa157c538b5a932,USGS-03274615,00065,00011,2023-01-20 14:30:00+00:00,4.34,ft,Approved,,2025-09-01 20:21:53.716170+00:00
,,4aca54b9-7204-4c55-a7ad-5d305be4e61a,0c49166273014487baa157c538b5a932,USGS-03274615,00065,00011,2023-01-20 14:15:00+00:00,4.32,ft,Approved,,2025-09-01 20:21:53.716170+00:00
,,df0c4b80-a6d7-4b8e-b3ec-004204cdcea1,0c49166273014487baa157c538b5a932,USGS-03274615,00065,00011,2023-01-20 14:00:00+00:00,4.31,ft,Approved,,2025-09-01 20:21:53.716170+00:00
,,76872819-200a-4cae-9be6-f119bb110ab3,0c49166273014487baa157c538b5a932,USGS-03274615,00065,00011,2023-01-20 13:45:00+00:00,4.26,ft,Approved,,2025-09-01 20:21:53.716170+00:00
,,0d74a424-e362-4be1-8e19-1aa3dde545ec,0c49166273014487baa157c538b5a932,USGS-03274615,00065,00011,2023-01-20 13:30:00+00:00,4.27,ft,Approved,,2025-09-01 20:21:53.716170+00:00
,,b3d358fe-015f-4183-ab90-534228bc6998,0c49166273014487baa157c538b5a932,USGS-03274615,00065,00011,2023-01-20 13:15:00+00:00,4.24,ft,Approved,,2025-09-01 20:21:53.716170+00:00
,,23b0259d-7d06-4b1b-bbf2-ee996e569116,0c49166273014487baa157c538b5a932,USGS-03274615,00065,00011,2023-01-20 13:00:00+00:00,4.21,ft,Approved,,2025-09-01 20:21:53.716170+00:00
,,f193190c-cd81-4ce0-8bed-6fa7d9935a7c,0c49166273014487baa157c538b5a932,USGS-03274615,00065,00011,2023-01-20 12:45:00+00:00,4.17,ft,Approved,,2025-09-01 20:21:53.716170+00:00
,,9638cf9d-f54c-4d5d-b70d-e29833987a61,0c49166273014487baa157c538b5a932,USGS-03274615,00065,00011,2023-01-20 12:30:00+00:00,4.18,ft,Approved,,2025-09-01 20:21:53.716170+00:00
,,1e8351ca-cf4c-4a49-b06c-33087b0880c4,0c49166273014487baa157c538b5a932,USGS-03274615,00065,00011,2023-01-20 12:15:00+00:00,4.11,ft,Approved,,2025-09-01 20:21:53.716170+00:00
,,cafb17c3-3f1f-448c-aef5-9e5800622d91,0c49166273014487baa157c538b5a932,USGS-03274615,00065,00011,2023-01-20 12:00:00+00:00,4.11,ft,Approved,,2025-09-01 20:21:53.716170+00:00
,,e3a29139-cbaa-48b4-99ce-3e6849d79564,0c49166273014487baa157c538b5a932,USGS-03274615,00065,00011,2023-01-20 11:45:00+00:00,4.07,ft,Approved,,2025-09-01 20:21:53.716170+00:00
,,abeff2d5-3411-4729-841e-ad4c2da7e7db,0c49166273014487baa157c538b5a932,USGS-03274615,00065,00011,2023-01-20 11:30:00+00:00,4.06,ft,Approved,,2025-09-01 20:21:53.716170+00:00
,,a486acc3-4cba-4e65-b44c-d47467f1931c,0c49166273014487baa157c538b5a932,USGS-03274615,00065,00011,2023-01-20 11:15:00+00:00,4.02,ft,Approved,,2025-09-01 20:21:53.716170+00:00
,,4893d6f3-dbb6-4a05-ac36-67324570427c,0c49166273014487baa157c538b5a932,USGS-03274615,00065,00011,2023-01-20 11:00:00+00:00,4.01,ft,Approved,,2025-09-01 20:21:53.716170+00:00
,,600508ba-4cd3-45dd-9d5b-f7befdeb3452,0c49166273014487baa157c538b5a932,USGS-03274615,00065,00011,2023-01-20 10:45:00+00:00,4.02,ft,Approved,,2025-09-01 20:21:53.716170+00:00
,,aaa5a57d-d01a-42cf-8131-993f6bdf4472,0c49166273014487baa157c538b5a932,USGS-03274615,00065,00011,2023-01-20 10:30:00+00:00,4.00,ft,Approved,,2025-09-01 20:21:53.716170+00:00
,,b23e2c80-f476-4b4e-ae79-e4b85133aef1,0c49166273014487baa157c538b5a932,USGS-03274615,00065,00011,2023-01-20 10:15:00+00:00,3.98,ft,Approved,,2025-09-01 20:21:53.716170+00:00
,,90aaefc2-02c6-4657-8020-d29214b300ea,0c49166273014487baa157c538b5a932,USGS-03274615,00065,00011,2023-01-20 10:00:00+00:00,3.96,ft,Approved,,2025-09-01 20:21:53.716170+00:00
,,8e1286cf-023a-47f8-ad7f-c4388b28b757,0c49166273014487baa157c538b5a932,USGS-03274615,00065,00011,2023-01-20 09:45:00+00:00,3.94,ft,Approved,,2025-09-01 20:21:53.716170+00:00
,,047d9641-0b26-4aa9-ac3a-e18046435df1,0c49166273014487baa157c538b5a932,USGS-03274615,00065,00011,2023-01-20 09:30:00+00:00,3.95,ft,Approved,,2025-09-01 20:21:53.716170+00:00
,,33d156c8-f34f-43fc-92c5-9b22fe4fc890,0c49166273014487baa157c538b5a932,USGS-03274615,00065,00011,2023-01-20 09:15:00+00:00,3.92,ft,Approved,,2025-09-01 20:21:53.716170+00:00
,,5b071426-b073-447b-836a-3050ada786d5,0c49166273014487baa157c538b5a932,USGS-03274615,00065,00011,2023-01-20 09:00:00+00:00,3.91,ft,Approved,,2025-09-01 20:21:53.716170+00:00
,,a0e06a8d-1093-445f-9775-2e3d5426d35f,0c49166273014487baa157c538b5a932,USGS-03274615,00065,00011,2023-01-20 08:45:00+00:00,3.91,ft,Approved,,2025-09-01 20:21:53.716170+00:00
,,ff685184-b486-4ab2-93b7-4fb3528f5af0,0c49166273014487baa157c538b5a932,USGS-03274615,00065,00011,2023-01-20 08:30:00+00:00,3.91,ft,Approved,,2025-09-01 20:21:53.716170+00:00
,,2b891ca6-1bea-47ed-9a8e-0994a159a328,0c49166273014487baa157c538b5a932,USGS-03274615,00065,00011,2023-01-20 08:15:00+00:00,3.89,ft,Approved,,2025-09-01 20:21:53.716170+00:00
,,84db7f3b-3dee-4c82-aa9e-1058e1208137,0c49166273014487baa157c538b5a932,USGS-03274615,00065,00011,2023-01-20 08:00:00+00:00,3.91,ft,Approved,,2025-09-01 20:21:53.716170+00:00
,,0b2c738f-210a-4a1f-b0be-a6085b3e3236,0c49166273014487baa157c538b5a932,USGS-03274615,00065,00011,2023-01-20 07:45:00+00:00,3.91,ft,Approved,,2025-09-01 20:21:53.716170+00:00
,,20197194-adb8-4333-bd8b-65b3941b3c90,0c49166273014487baa157c538b5a932,USGS-03274615,00065,00011,2023-01-20 07:30:00+00:00,3.91,ft,Approved,,2025-09-01 20:21:53.716170+00:00
,,054d1017-18c1-4c55-b269-c59c23bfe4cd,0c49166273014487baa157c538b5a932,USGS-03274615,00065,00011,2023-01-20 07:15:00+00:00,3.89,ft,Approved,,2025-09-01 20:21:53.716170+00:00
,,70afbc7d-5654-40c5-92ad-25969b68dfb8,0c49166273014487baa157c538b5a932,USGS-03274615,00065,00011,2023-01-20 07:00:00+00:00,3.89,ft,Approved,,2025-09-01 20:21:53.716170+00:00
,,8f833508-6478-49ba-b2d0-7473e1fb7a69,0c49166273014487baa157c538b5a932,USGS-03274615,00065,00011,2023-01-20 06:45:00+00:00,3.89,ft,Approved,,2025-09-01 20:21:53.716170+00:00
,,24e4fc4f-f9cd-42ec-96d7-c554c250e07d,0c49166273014487baa157c538b5a932,USGS-03274615,00065,00011,2023-01-20 06:30:00+00:00,3.90,ft,Approved,,2025-09-01 20:21:53.716170+00:00
,,56d7fb67-6330-4350-ad78-805663b13ac2,0c49166273014487baa157c538b5a932,USGS-03274615,00065,00011,2023-01-20 06:15:00+00:00,3.85,ft,Approved,,2025-09-01 20:21:53.716170+00:00
,,bfe1f6d6-4280-42da-82b4-aaa52abe33fe,0c49166273014487baa157c538b5a932,USGS-03274615,00065,00011,2023-01-20 06:00:00+00:00,3.91,ft,Approved,,2025-09-01 20:21:53.716170+00:00
,,4fe30204-2639-45f4-95d8-48b9dc422912,0c49166273014487baa157c538b5a932,USGS-03274615,00065,00011,2023-01-20 05:45:00+00:00,3.89,ft,Approved,,2025-09-01 20:21:53.716170+00:00
,,4f2ab70d-81fc-443c-9a22-1797d705cebd,0c49166273014487baa157c538b5a932,USGS-03274615,00065,00011,2023-01-20 05:30:00+00:00,3.93,ft,Approved,,2025-09-01 20:21:53.716170+00:00
,,8627d340-440e-4c53-9b09-168cc4c1c757,0c49166273014487baa157c538b5a932,USGS-03274615,00065,00011,2023-01-20 05:15:00+00:00,3.89,ft,Approved,,2025-09-01 20:21:53.716170+00:00
,,fbec903a-59b6-4a69-84a6-49badc3b80f1,0c49166273014487baa157c538b5a932,USGS-03274615,00065,00011,2023-01-20 05:00:00+00:00,3.91,ft,Approved,,2025-09-01 20:21:53.716170+00:00
,,7985a7b4-04d8-4c5a-b754-215c47d558e3,0c49166273014487baa157c538b5a932,USGS-03274615,00065,00011,2023-01-20 04:45:00+00:00,3.93,ft,Approved,,2025-09-01 20:21:53.716170+00:00
,,d3eaa1f0-320e-4de2-923b-25d9c2a65950,0c49166273014487baa157c538b5a932,USGS-03274615,00065,00011,2023-01-20 04:30:00+00:00,3.92,ft,Approved,,2025-09-01 20:21:53.716170+00:00
,,f3072b22-eab6-4408-ad21-71495381984b,0c49166273014487baa157c538b5a932,USGS-03274615,00065,00011,2023-01-20 04:15:00+00:00,3.91,ft,Approved,,2025-09-01 20:21:53.716170+00:00
,,1801db3b-c9f2-4ba3-804e-7cfe3c6b98b6,0c49166273014487baa157c538b5a932,USGS-03274615,00065,00011,2023-01-20 04:00:00+00:00,3.92,ft,Approved,,2025-09-01 20:21:53.716170+00:00
,,6206cf89-8df4-42d8-b2fb-67599102805a,0c49166273014487baa157c538b5a932,USGS-03274615,00065,00011,2023-01-20 03:45:00+00:00,3.93,ft,Approved,,2025-09-01 20:21:53.716170+00:00
,,ba476f3f-8654-40f0-a665-1c4dee5f6896,0c49166273014487baa157c538b5a932,USGS-03274615,00065,00011,2023-01-20 03:30:00+00:00,3.93,ft,Approved,,2025-09-01 20:21:53.716170+00:00
,,3b3c3211-65da-4cce-9f1e-8a5939c9ad34,0c49166273014487baa157c538b5a932,USGS-03274615,00065,00011,2023-01-20 03:15:00+00:00,3.92,ft,Approved,,2025-09-01 20:21:53.716170+00:00
,,c5eddad7-b1e4-4428-a688-4f67e31b3868,0c49166273014487baa157c538b5a932,USGS-03274615,00065,00011,2023-01-20 03:00:00+00:00,3.89,ft,Approved,,2025-09-01 20:21:53.716170+00:00
,,1f28b56e-2b70-4c54-af44-9672d472f852,0c49166273014487baa157c538b5a932,USGS-03274615,00065,00011,2023-01-20 02:45:00+00:00,3.87,ft,Approved,,2025-09-01 20:21:53.716170+00:00
,,7faeceef-3fda-410e-a8a1-b10600ec3332,0c49166273014487baa157c538b5a932,USGS-03274615,00065,00011,2023-01-20 02:30:00+00:00,3.91,ft,Approved,,2025-09-01 20:21:53.716170+00:00
,,990d6898-3b32-4e91-b1ef-6ba79675de03,0c49166273014487baa157c538b5a932,USGS-03274615,00065,00011,2023-01-20 02:15:00+00:00,3.84,ft,Approved,,2025-09-01 20:21:53.716170+00:00
,,fbb3fe13-55be-42b3-80a6-7357f40c86c7,0c49166273014487baa157c538b5a932,USGS-03274615,00065,00011,2023-01-20 02:00:00+00:00,3.87,ft,Approved,,2025-09-01 20:21:53.716170+00:00
,,99006327-362a-479f-88fe-c8e93619b9a4,0c49166273014487baa157c538b5a932,USGS-03274615,00065,00011,2023-01-20 01:45:00+00:00,3.84,ft,Approved,,2025-09-01 20:21:53.716170+00:00
,,d8b961cf-66b9-4285-9646-46525152f4d0,0c49166273014487baa157c538b5a932,USGS-03274615,00065,00011,2023-01-20 01:30:00+00:00,3.83,ft,Approved,,2025-09-01 20:21:53.716170+00:00
,,a2cc996c-c5c1-49cc-b02c-cc60c3c115c6,0c49166273014487baa157c538b5a932,USGS-03274615,00065,00011,2023-01-20 01:15:00+00:00,3.82,ft,Approved,,2025-09-01 20:21:53.716170+00:00
,,cbf2cb10-1eb9-4327-b423-d68e3a7a5943,0c49166273014487baa157c538b5a932,USGS-03274615,00065,00011,2023-01-20 01:00:00+00:00,3.81,ft,Approved,,2025-09-01 20:21:53.716170+00:00
,,61b7fa30-3ec4-45bd-92ca-165160b8597d,0c49166273014487baa157c538b5a932,USGS-03274615,00065,00011,2023-01-20 00:45:00+00:00,3.80,ft,Approved,,2025-09-01 20:21:53.716170+00:00
,,4d55a3da-c25d-454f-9fee-e8dfad55e088,0c49166273014487baa157c538b5a932,USGS-03274615,00065,00011,2023-01-20 00:30:00+00:00,3.75,ft,Approved,,2025-09-01 20:21:53.716170+00:00
,,094475f2-f279-4929-967f-f72c3d15a301,0c49166273014487baa157c538b5a932,USGS-03274615,00065,00011,2023-01-20 00:15:00+00:00,3.81,ft,Approved,,2025-09-01 20:21:53.716170+00:00
,,748e014d-7fd2-4363-820f-764815132cc2,0c49166273014487baa157c538b5a932,USGS-03274615,00065,00011,2023-01-20 00:00:00+00:00,3.77,ft,Approved,,2025-09-01 20:21:53.716170+00:00
,,14d5c8d8-d789-4b5c-8352-f0a08a2071a5,0c49166273014487baa157c538b5a932,USGS-03274615,00065,00011,2023-01-19 23:45:00+00:00,3.77,ft,Approved,,2025-09-01 20:21:53.716170+00:00
,,d642c9a0-16e7-490a-a68c-16e603cf4220,0c49166273014487baa157c538b5a932,USGS-03274615,00065,00011,2023-01-19 23:30:00+00:00,3.76,ft,Approved,,2025-09-01 20:21:53.716170+00:00
,,7bfaac87-87a0-46ef-adb9-a28cbf1eae15,0c49166273014487baa157c538b5a932,USGS-03274615,00065,00011,2023-01-19 23:15:00+00:00,3.73,ft,Approved,,2025-09-01 20:21:53.716170+00:00
,,002ca327-ad49-4a92-9268-daf707e40137,0c49166273014487baa157c538b5a932,USGS-03274615,00065,00011,2023-01-19 23:00:00+00:00,3.75,ft,Approved,,2025-09-01 20:21:53.716170+00:00
,,5fe3e361-5414-475b-9a88-efb04da2b8ea,0c49166273014487baa157c538b5a932,USGS-03274615,00065,00011,2023-01-19 22:45:00+00:00,3.69,ft,Approved,,2025-09-01 20:21:53.716170+00:00
,,a5447de1-682c-4e88-a70a-3018ab4f4548,0c49166273014487baa157c538b5a932,USGS-03274615,00065,00011,2023-01-19 22:30:00+00:00,3.70,ft,Approved,,2025-09-01 20:21:53.716170+00:00
,,481e198a-cd09-43f3-802c-4f512bba3664,0c49166273014487baa157c538b5a932,USGS-03274615,00065,00011,2023-01-19 22:15:00+00:00,3.75,ft,Approved,,2025-09-01 20:21:53.716170+00:00
,,c769ed85-a8e1-4833-be74-2b8b663427de,0c49166273014487baa157c538b5a932,USGS-03274615,00065,00011,2023-01-19 22:00:00+00:00,3.61,ft,Approved,,2025-09-01 20:21:53.716170+00:00
,,dd5130bf-e5b6-45bb-97e3-71c066cbab60,0c49166273014487baa157c538b5a932,USGS-03274615,00065,00011,2023-01-19 21:45:00+00:00,3.64,ft,Approved,,2025-09-01 20:21:53.716170+00:00
,,a9b885d9-3b58-4895-977f-34f98e712f54,0c49166273014487baa157c538b5a932,USGS-03274615,00065,00011,2023-01-19 21:30:00+00:00,3.67,ft,Approved,,2025-09-01 20:21:53.716170+00:00
,,ff7c966e-c2a8-48c4-88ac-f5e4156900c7,0c49166273014487baa157c538b5a932,USGS-03274615,00065,00011,2023-01-19 21:15:00+00:00,3.64,ft,Approved,,2025-09-01 20:21:53.716170+00:00
,,e7a4958b-b255-4e52-a998-34697799c3c9,0c49166273014487baa157c538b5a932,USGS-03274615,00065,00011,2023-01-19 21:00:00+00:00,3.63,ft,Approved,,2025-09-01 20:21:53.716170+00:00
,,41c9fe26-ac70-46d3-a014-43ea8c2ff7e1,0c49166273014487baa157c538b5a932,USGS-03274615,00065,00011,2023-01-19 20:45:00+00:00,3.61,ft,Approved,,2025-09-01 20:21:53.716170+00:00
,,5b5c8bc5-3897-4366-92a9-4503aa220daf,0c49166273014487baa157c538b5a932,USGS-03274615,00065,00011,2023-01-19 20:30:00+00:00,3.54,ft,Approved,,2025-09-01 20:21:53.716170+00:00
,,71765f52-1dea-45c8-b8e0-9b4dc17333e6,0c49166273014487baa157c538b5a932,USGS-03274615,00065,00011,2023-01-19 20:15:00+00:00,3.58,ft,Approved,,2025-09-01 20:21:53.716170+00:00
,,b1c1b4ec-a996-442f-ac61-dab78472b7e0,0c49166273014487baa157c538b5a932,USGS-03274615,00065,00011,2023-01-19 20:00:00+00:00,3.47,ft,Approved,,2025-09-01 20:21:53.716170+00:00
,,e63e1189-0283-4eb5-80ec-257c74d7a100,0c49166273014487baa157c538b5a932,USGS-03274615,00065,00011,2023-01-19 19:45:00+00:00,3.46,ft,Approved,,2025-09-01 20:21:53.716170+00:00
,,8511c3d4-dfdd-4bf8-a6fd-53e805858277,0c49166273014487baa157c538b5a932,USGS-03274615,00065,00011,2023-01-19 19:30:00+00:00,3.44,ft,Approved,,2025-09-01 20:21:53.716170+00:00
,,ec08ae3d-0a11-4041-9e69-8c2def22fc52,0c49166273014487baa157c538b5a932,USGS-03274615,00065,00011,2023-01-19 19:15:00+00:00,3.42,ft,Approved,,2025-09-01 20:21:53.716170+00:00
,,8e31f2cc-2f05-4e59-8ff0-52051ae2b25a,0c49166273014487baa157c538b5a932,USGS-03274615,00065,00011,2023-01-19 19:00:00+00:00,3.42,ft,Approved,,2025-09-01 20:21:53.716170+00:00
,,c2d97f85-4504-4d16-b921-8c68c4a18cc9,0c49166273014487baa157c538b5a932,USGS-03274615,00065,00011,2023-01-19 18:45:00+00:00,3.39,ft,Approved,,2025-09-01 20:21:53.716170+00:00
,,1df78edd-0451-4ca5-aa95-dd1d4e2b4e8c,0c49166273014487baa157c538b5a932,USGS-03274615,00065,00011,2023-01-19 18:30:00+00:00,3.35,ft,Approved,,2025-09-01 20:21:53.716170+00:00
,,0bf40681-f3e3-4151-bcda-66bf72562dad,0c49166273014487baa157c538b5a932,USGS-03274615,00065,00011,2023-01-19 18:15:00+00:00,3.34,ft,Approved,,2025-09-01 20:21:53.716170+00:00
,,5b7f60e9-06eb-44d1-b984-4aaf6d2c334c,0c49166273014487baa157c538b5a932,USGS-03274615,00065,00011,2023-01-19 18:00:00+00:00,3.34,ft,Approved,,2025-09-01 20:21:53.716170+00:00
,,205a82c4-b4b6-467c-b0bd-929291c01dd2,0c49166273014487baa157c538b5a932,USGS-03274615,00065,00011,2023-01-19 17:45:00+00:00,3.29,ft,Approved,,2025-09-01 20:21:53.716170+00:00
,,8f3f6981-c90a-4d22-b4b7-28e60fbb21aa,0c49166273014487baa157c538b5a932,USGS-03274615,00065,00011,2023-01-19 17:30:00+00:00,3.32,ft,Approved,,2025-09-01 20:21:53.716170+00:00
,,c236f957-4baa-4aa4-929c-5dece85dc249,0c49166273014487baa157c538b5a932,USGS-03274615,00065,00011,2023-01-19 17:15:00+00:00,3.20,ft,Approved,,2025-09-01 20:21:53.716170+00:00
,,cebe59a1-eccd-43a4-8174-6db640c3e427,0c49166273014487baa157c538b5a932,USGS-03274615,00065,00011,2023-01-19 17:00:00+00:00,3.20,ft,Approved,,2025-09-01 20:21:53.716170+00:00
,,149f14ce-e0df-41f8-8fab-8b9f259c5b56,0c49166273014487baa157c538b5a932,USGS-03274615,00065,00011,2023-01-19 16:45:00+00:00,3.20,ft,Approved,,2025-09-01 20:21:53.716170+00:00
,,e48afa4b-5d73-482d-be07-a55452f91b32,0c49166273014487baa157c538b5a932,USGS-03274615,00065,00011,2023-01-19 16:30:00+00:00,3.16,ft,Approved,,2025-09-01 20:21:53.716170+00:00
,,e64d7215-df91-485c-aac9-46342f65e5b0,0c49166273014487baa157c538b5a932,USGS-03274615,00065,00011,2023-01-19 16:15:00+00:00,3.14,ft,Approved,,2025-09-01 20:21:53.716170+00:00
,,b33d2260-25cd-488d-8584-ec9532843de5,0c49166273014487baa157c538b5a932,USGS-03274615,00065,00011,2023-01-19 16:00:00+00:00,3.08,ft,Approved,,2025-09-01 20:21:53.716170+00:00
,,b97ada2d-69e0-4348-b3a2-618cf0dcc471,0c49166273014487baa157c538b5a932,USGS-03274615,00065,00011,2023-01-19 15:45:00+00:00,3.05,ft,Approved,,2025-09-01 20:21:53.716170+00:00
,,cc398cc2-582b-4090-a6bc-031dde532d17,0c49166273014487baa157c538b5a932,USGS-03274615,00065,00011,2023-01-19 15:30:00+00:00,3.01,ft,Approved,,2025-09-01 20:21:53.716170+00:00
,,abc8f25e-bddd-48ed-98a3-7103193687c6,0c49166273014487baa157c538b5a932,USGS-03274615,00065,00011,2023-01-19 15:15:00+00:00,2.96,ft,Approved,,2025-09-01 20:21:53.716170+00:00
,,964707d2-0aa5-4c4b-a8b5-9383ade4c6ba,0c49166273014487baa157c538b5a932,USGS-03274615,00065,00011,2023-01-19 15:00:00+00:00,2.91,ft,Approved,,2025-09-01 20:21:53.716170+00:00
,,ebeba1ea-40a0-4e93-bad3-41884253405e,0c49166273014487baa157c538b5a932,USGS-03274615,00065,00011,2023-01-19 14:45:00+00:00,2.87,ft,Approved,,2025-09-01 20:21:53.716170+00:00
,,1432f768-5cf5-4538-9d6c-f422220ed8c8,0c49166273014487baa157c538b5a932,USGS-03274615,00065,00011,2023-01-19 14:30:00+00:00,2.84,ft,Approved,,2025-09-01 20:21:53.716170+00:00
,,11077004-1992-4ffb-b4fa-20dc448d12ff,0c49166273014487baa157c538b5a932,USGS-03274615,00065,00011,2023-01-19 14:15:00+00:00,2.78,ft,Approved,,2025-09-01 20:21:53.716170+00:00
,,5d19383e-ef3a-48f5-857f-cf3821d8b522,0c49166273014487baa157c538b5a932,USGS-03274615,00065,00011,2023-01-19 14:00:00+00:00,2.66,ft,Approved,,2025-09-01 20:21:53.716170+00:00
,,9bc8e374-3d76-4426-aa06-e3750a12e478,0c49166273014487baa157c538b5a932,USGS-03274615,00065,00011,2023-01-19 13:45:00+00:00,2.65,ft,Approved,,2025-09-01 20:21:53.716170+00:00
,,cccd550d-c39f-4243-9f6c-d9e313758076,0c49166273014487baa157c538b5a932,USGS-03274615,00065,00011,2023-01-19 13:30:00+00:00,2.62,ft,Approved,,2025-09-01 20:21:53.716170+00:00
,,fbe2e2f0-c5f2-4bd2-b095-36da453cc9e6,0c49166273014487baa157c538b5a932,USGS-03274615,00065,00011,2023-01-19 13:15:00+00:00,2.56,ft,Approved,,2025-09-01 20:21:53.716170+00:00
,,dc01da10-60a5-4d28-906e-65258f5a6bf4,0c49166273014487baa157c538b5a932,USGS-03274615,00065,00011,2023-01-19 13:00:00+00:00,2.52,ft,Approved,,2025-09-01 20:21:53.716170+00:00
,,0a090206-34e0-4468-8c38-bc27e45f911f,0c49166273014487baa157c538b5a932,USGS-03274615,00065,00011,2023-01-19 12:45:00+00:00,2.49,ft,Approved,,2025-09-01 20:21:53.716170+00:00
,,eada32aa-3586-4517-9479-afca288da2a7,0c49166273014487baa157c538b5a932,USGS-03274615,00065,00011,2023-01-19 12:30:00+00:00,2.44,ft,Approved,,2025-09-01 20:21:53.716170+00:00
,,5f298226-72f9-4f6f-b6fa-f5b16d0b43b3,0c49166273014487baa157c538b5a932,USGS-03274615,00065,00011,2023-01-19 12:15:00+00:00,2.40,ft,Approved,,2025-09-01 20:21:53.716170+00:00
,,83966e7e-f749-4f68-8caa-68ecaf83ede2,0c49166273014487baa157c538b5a932,USGS-03274615,00065,00011,2023-01-19 12:00:00+00:00,2.33,ft,Approved,,2025-09-01 20:21:53.716170+00:00
,,23f4cd87-39e0-4a90-8c7f-f378e255eae9,0c49166273014487baa157c538b5a932,USGS-03274615,00065,00011,2023-01-19 11:45:00+00:00,2.32,ft,Approved,,2025-09-01 20:21:53.716170+00:00
,,ca8b3fcd-2b35-4bfa-9abc-7e6507c888fa,0c49166273014487baa157c538b5a932,USGS-03274615,00065,00011,2023-01-19 11:30:00+00:00,2.33,ft,Approved,,2025-09-01 20:21:53.716170+00:00
,,a0b0d8f0-2cf9-40a3-a330-e30482264082,0c49166273014487baa157c538b5a932,USGS-03274615,00065,00011,2023-01-19 11:15:00+00:00,2.30,ft,Approved,,2025-09-01 20:21:53.716170+00:00
,,2242a3f1-93fe-430e-9bcc-680a5512235d,0c49166273014487baa157c538b5a932,USGS-03274615,00065,00011,2023-01-19 11:00:00+00:00,2.28,ft,Approved,,2025-09-01 20:21:53.716170+00:00
,,3969f995-2e15-4ab3-accd-292a3ae767bf,0c49166273014487baa157c538b5a932,USGS-03274615,00065,00011,2023-01-19 10:45:00+00:00,2.26,ft,Approved,,2025-09-01 20:21:53.716170+00:00
,,60b7c5f6-55be-406f-b8a8-1a7d32d4353f,0c49166273014487baa157c538b5a932,USGS-03274615,00065,00011,2023-01-19 10:30:00+00:00,2.24,ft,Approved,,2025-09-01 20:21:53.716170+00:00
,,2b70cd2d-359d-4057-8a0d-20f06398f1ec,0c49166273014487baa157c538b5a932,USGS-03274615,00065,00011,2023-01-19 10:15:00+00:00,2.23,ft,Approved,,2025-09-01 20:21:53.716170+00:00
,,4881b475-18c0-441f-b3fa-b102a2d36fcd,0c49166273014487baa157c538b5a932,USGS-03274615,00065,00011,2023-01-19 10:00:00+00:00,2.21,ft,Approved,,2025-09-01 20:21:53.716170+00:00
,,04e09e1e-eabf-402c-af1d-c125640b6bbb,0c49166273014487baa157c538b5a932,USGS-03274615,00065,00011,2023-01-19 09:45:00+00:00,2.20,ft,Approved,,2025-09-01 20:21:53.716170+00:00
,,a800de9c-9db7-44a4-a627-f7779260679e,0c49166273014487baa157c538b5a932,USGS-03274615,00065,00011,2023-01-19 09:30:00+00:00,2.18,ft,Approved,,2025-09-01 20:21:53.716170+00:00
,,966ef7ad-3793-467b-aeb7-85e201c95bf8,0c49166273014487baa157c538b5a932,USGS-03274615,00065,00011,2023-01-19 09:15:00+00:00,2.17,ft,Approved,,2025-09-01 20:21:53.716170+00:00
,,f2e227e2-7180-47fc-99fd-c76bf2887ef5,0c49166273014487baa157c538b5a932,USGS-03274615,00065,00011,2023-01-19 09:00:00+00:00,2.14,ft,Approved,,2025-09-01 20:21:53.716170+00:00
,,256849f3-61d3-4229-a649-77dd95f45354,0c49166273014487baa157c538b5a932,USGS-03274615,00065,00011,2023-01-19 08:45:00+00:00,2.14,ft,Approved,,2025-09-01 20:21:53.716170+00:00
,,84aea5ae-84e3-4cc7-802a-217fe722e267,0c49166273014487baa157c538b5a932,USGS-03274615,00065,00011,2023-01-19 08:30:00+00:00,2.11,ft,Approved,,2025-09-01 20:21:53.716170+00:00
,,5bb74038-bb7a-4d6a-9c4b-18a78c21d35a,0c49166273014487baa157c538b5a932,USGS-03274615,00065,00011,2023-01-19 08:15:00+00:00,2.06,ft,Approved,,2025-09-01 20:21:53.716170+00:00
,,76f3ad0d-9672-46cb-83bb-f5a6e40f0038,0c49166273014487baa157c538b5a932,USGS-03274615,00065,00011,2023-01-19 08:00:00+00:00,2.06,ft,Approved,,2025-09-01 20:21:53.716170+00:00
,,b2eb1a46-1360-4c1e-a6b9-f832711afd34,0c49166273014487baa157c538b5a932,USGS-03274615,00065,00011,2023-01-19 07:45:00+00:00,2.08,ft,Approved,,2025-09-01 20:21:53.716170+00:00
,,3bfcf7b6-f2d0-4938-8220-119c1823a6aa,0c49166273014487baa157c538b5a932,USGS-03274615,00065,00011,2023-01-19 07:30:00+00:00,2.07,ft,Approved,,2025-09-01 20:21:53.716170+00:00
,,edbe074a-0fe1-4992-990e-8f618fb80a7a,0c49166273014487baa157c538b5a932,USGS-03274615,00065,00011,2023-01-19 07:15:00+00:00,2.06,ft,Approved,,2025-09-01 20:21:53.716170+00:00
,,58054c93-559d-4818-9a84-4b243cb585c8,0c49166273014487baa157c538b5a932,USGS-03274615,00065,00011,2023-01-19 07:00:00+00:00,2.02,ft,Approved,,2025-09-01 20:21:53.716170+00:00
,,2fce391f-8ebd-4124-8368-1b47ca93a2e4,0c49166273014487baa157c538b5a932,USGS-03274615,00065,00011,2023-01-19 06:45:00+00:00,2.01,ft,Approved,,2025-09-01 20:21:53.716170+00:00
,,ffa7cd52-e017-4fb5-8ab5-f76900d9c1c6,0c49166273014487baa157c538b5a932,USGS-03274615,00065,00011,2023-01-19 06:30:00+00:00,2.02,ft,Approved,,2025-09-01 20:21:53.716170+00:00
,,a1d00d1b-0314-4152-99b9-8365d6ef2a59,0c49166273014487baa157c538b5a932,USGS-03274615,00065,00011,2023-01-19 06:15:00+00:00,2.03,ft,Approved,,2025-09-01 20:21:53.716170+00:00
,,0360d3f0-5c71-49f4-a15f-335605d79e65,0c49166273014487baa157c538b5a932,USGS-03274615,00065,00011,2023-01-19 06:00:00+00:00,2.03,ft,Approved,,2025-09-01 20:21:53.716170+00:00
,,a827d7ef-3685-451a-b950-fc9b31d2b8cb,0c49166273014487baa157c538b5a932,USGS-03274615,00065,00011,2023-01-19 05:45:00+00:00,2.03,ft,Approved,,2025-09-01 20:21:53.716170+00:00
,,1785457d-f78f-44dc-b685-796516b47fe6,0c49166273014487baa157c538b5a932,USGS-03274615,00065,00011,2023-01-19 05:30:00+00:00,2.03,ft,Approved,,2025-09-01 20:21:53.716170+00:00
,,5d570c9f-8e10-4041-b9c5-d0fdb01c904e,0c49166273014487baa157c538b5a932,USGS-03274615,00065,00011,2023-01-19 05:15:00+00:00,2.02,ft,Approved,,2025-09-01 20:21:53.716170+00:00
,,7c5f78e3-4e02-43f5-a65f-68a10e206e67,0c49166273014487baa157c538b5a932,USGS-03274615,00065,00011,2023-01-19 05:00:00+00:00,2.02,ft,Approved,,2025-09-01 20:21:53.716170+00:00
,,e2265f54-2883-44c3-91e0-383ec613ccec,0c49166273014487baa157c538b5a932,USGS-03274615,00065,00011,2023-01-19 04:45:00+00:00,2.02,ft,Approved,,2025-09-01 20:21:53.716170+00:00
,,4aac48ad-94aa-469c-9901-346fa1dab17b,0c49166273014487baa157c538b5a932,USGS-03274615,00065,00011,2023-01-19 04:30:00+00:00,2.03,ft,Approved,,2025-09-01 20:21:53.716170+00:00
,,84dd3e5d-8cd4-4d39-9e53-05a40906a621,0c49166273014487baa157c538b5a932,USGS-03274615,00065,00011,2023-01-19 04:15:00+00:00,2.03,ft,Approved,,2025-09-01 20:21:53.716170+00:00
,,fcf9b64d-e91a-4e28-b162-efb47e2751b1,0c49166273014487baa157c538b5a932,USGS-03274615,00065,00011,2023-01-19 04:00:00+00:00,2.01,ft,Approved,,2025-09-01 20:21:53.716170+00:00
,,0b504996-d0e6-4096-8c9a-54dfb8f4bb50,0c49166273014487baa157c538b5a932,USGS-03274615,00065,00011,2023-01-19 03:45:00+00:00,2.01,ft,Approved,,2025-09-01 20:21:53.716170+00:00
,,fda1b799-76ea-4b59-89be-af16090b928e,0c49166273014487baa157c538b5a932,USGS-03274615,00065,00011,2023-01-19 03:30:00+00:00,2.01,ft,Approved,,2025-09-01 20:21:53.716170+00:00
,,78318c50-d146-460a-89c5-a2d25c896677,0c49166273014487baa157c538b5a932,USGS-03274615,00065,00011,2023-01-19 03:15:00+00:00,2.01,ft,Approved,,2025-09-01 20:21:53.716170+00:00
,,56ff8860-2667-46bc-bb30-b6fe94089c86,0c49166273014487baa157c538b5a932,USGS-03274615,00065,00011,2023-01-19 03:00:00+00:00,2.02,ft,Approved,,2025-09-01 20:21:53.716170+00:00
,,0914bba0-76b1-4d42-ab97-76d85a810d08,0c49166273014487baa157c538b5a932,USGS-03274615,00065,00011,2023-01-19 02:45:00+00:00,2.01,ft,Approved,,2025-09-01 20:21:53.716170+00:00
,,e6d8f06d-7e6f-414b-b3c8-875f42e7b1ad,0c49166273014487baa157c538b5a932,USGS-03274615,00065,00011,2023-01-19 02:30:00+00:00,2.01,ft,Approved,,2025-09-01 20:21:53.716170+00:00
,,80caae1e-2198-4a98-9b46-e14be3cf029a,0c49166273014487baa157c538b5a932,USGS-03274615,00065,00011,2023-01-19 02:15:00+00:00,2.01,ft,Approved,,2025-09-01 20:21:53.716170+00:00
,,f77ecf2f-d9f8-4dfe-b730-897bf53d0043,0c49166273014487baa157c538b5a932,USGS-03274615,00065,00011,2023-01-19 02:00:00+00:00,1.99,ft,Approved,,2025-09-01 20:21:53.716170+00:00
,,16a16766-13e8-440d-a053-fdd37c5de461,0c49166273014487baa157c538b5a932,USGS-03274615,00065,00011,2023-01-19 01:30:00+00:00,1.99,ft,Approved,,2025-09-01 20:21:53.716170+00:00
,,d2abc099-9b20-4563-9b6e-4398866be917,0c49166273014487baa157c538b5a932,USGS-03274615,00065,00011,2023-01-19 01:15:00+00:00,2.01,ft,Approved,,2025-09-01 20:21:53.716170+00:00
,,8992b698-c7e3-4f6a-aa89-2c02eb22d1fb,0c49166273014487baa157c538b5a932,USGS-03274615,00065,00011,2023-01-19 01:00:00+00:00,2.00,ft,Approved,,2025-09-01 20:21:53.716170+00:00
,,357e237a-5633-43b4-a0af-f64e0c819aee,0c49166273014487baa157c538b5a932,USGS-03274615,00065,00011,2023-01-19 00:45:00+00:00,1.99,ft,Approved,,2025-09-01 20:21:53.716170+00:00
,,f352fb89-4464-4667-91be-4f420c5dabe2,0c49166273014487baa157c538b5a932,USGS-03274615,00065,00011,2023-01-19 00:30:00+00:00,2.01,ft,Approved,,2025-09-01 20:21:53.716170+00:00
,,d38b227f-2cd3-48ce-aa16-acdb15401630,0c49166273014487baa157c538b5a932,USGS-03274615,00065,00011,2023-01-19 00:15:00+00:00,2.01,ft,Approved,,2025-09-01 20:21:53.716170+00:00
,,7411f6ba-df75-48a0-af4f-7ac42a7284f3,0c49166273014487baa157c538b5a932,USGS-03274615,00065,00011,2023-01-19 00:00:00+00:00,2.01,ft,Approved,,2025-09-01 20:21:53.716170+00:00
,,6f6e9660-6878-49d1-8ee9-5b7e2d48454c,0c49166273014487baa157c538b5a932,USGS-03274615,00065,00011,2023-01-18 23:45:00+00:00,2.01,ft,Approved,,2025-09-01 20:21:53.716170+00:00
,,149cfee7-37ce-480b-bda1-c6f2bfe97c42,0c49166273014487baa157c538b5a932,USGS-03274615,00065,00011,2023-01-18 23:30:00+00:00,2.02,ft,Approved,,2025-09-01 20:21:53.716170+00:00
,,bf4c6b7d-b982-4f18-b49e-f944bbd78ed3,0c49166273014487baa157c538b5a932,USGS-03274615,00065,00011,2023-01-18 23:15:00+00:00,2.02,ft,Approved,,2025-09-01 20:21:53.716170+00:00
,,c00009e7-9f49-4dd4-ad04-a3989c01d49a,0c49166273014487baa157c538b5a932,USGS-03274615,00065,00011,2023-01-18 23:00:00+00:00,2.02,ft,Approved,,2025-09-01 20:21:53.716170+00:00
,,44305ebb-d5b6-411c-9d69-d596c796b317,0c49166273014487baa157c538b5a932,USGS-03274615,00065,00011,2023-01-18 22:45:00+00:00,2.03,ft,Approved,,2025-09-01 20:21:53.716170+00:00
,,97393ce1-85c4-4d70-b727-1e4ed37cd100,0c49166273014487baa157c538b5a932,USGS-03274615,00065,00011,2023-01-18 22:30:00+00:00,2.02,ft,Approved,,2025-09-01 20:21:53.716170+00:00
,,7d62fd72-15cf-432e-84ad-27346deac5ab,0c49166273014487baa157c538b5a932,USGS-03274615,00065,00011,2023-01-18 22:15:00+00:00,2.03,ft,Approved,,2025-09-01 20:21:53.716170+00:00
,,2ff001f1-91d9-40a0-b904-80dad9e9eb71,0c49166273014487baa157c538b5a932,USGS-03274615,00065,00011,2023-01-18 22:00:00+00:00,2.03,ft,Approved,,2025-09-01 20:21:53.716170+00:00
,,0d41b68c-be46-4021-a4f2-6df094591d6f,0c49166273014487baa157c538b5a932,USGS-03274615,00065,00011,2023-01-18 21:45:00+00:00,2.03,ft,Approved,,2025-09-01 20:21:53.716170+00:00
,,1842f960-cc24-4e9e-85bc-e959c635d532,0c49166273014487baa157c538b5a932,USGS-03274615,00065,00011,2023-01-18 21:30:00+00:00,2.04,ft,Approved,,2025-09-01 20:21:53.716170+00:00
,,7f4bb11c-71b8-4c72-8ca5-439fc31c745c,0c49166273014487baa157c538b5a932,USGS-03274615,00065,00011,2023-01-18 21:15:00+00:00,2.04,ft,Approved,,2025-09-01 20:21:53.716170+00:00
,,b781f387-e88f-4200-b18c-c7f1950d4bdf,0c49166273014487baa157c538b5a932,USGS-03274615,00065,00011,2023-01-18 21:00:00+00:00,2.04,ft,Approved,,2025-09-01 20:21:53.716170+00:00
,,ad013726-b6f7-438b-beea-dc01dd39fe03,0c49166273014487baa157c538b5a932,USGS-03274615,00065,00011,2023-01-18 20:45:00+00:00,2.04,ft,Approved,,2025-09-01 20:21:53.716170+00:00
,,81b6ea35-7f99-48ed-947c-fd90cf4ccaf5,0c49166273014487baa157c538b5a932,USGS-03274615,00065,00011,2023-01-18 20:30:00+00:00,2.04,ft,Approved,,2025-09-01 20:21:53.716170+00:00
,,2ceb4e0e-4c4b-47d5-a6ad-043a874bdd26,0c49166273014487baa157c538b5a932,USGS-03274615,00065,00011,2023-01-18 20:15:00+00:00,2.02,ft,Approved,,2025-09-01 20:21:53.716170+00:00
,,5c83fc1f-1935-4a75-be81-0d9bee27373c,0c49166273014487baa157c538b5a932,USGS-03274615,00065,00011,2023-01-18 20:00:00+00:00,2.05,ft,Approved,,2025-09-01 20:21:53.716170+00:00
,,235b3a46-16c5-4005-8d4d-155bde4cbedd,0c49166273014487baa157c538b5a932,USGS-03274615,00065,00011,2023-01-18 19:45:00+00:00,2.04,ft,Approved,,2025-09-01 20:21:53.716170+00:00
,,5e0c17c0-cda0-4531-9e9d-a7a836695c89,0c49166273014487baa157c538b5a932,USGS-03274615,00065,00011,2023-01-18 19:30:00+00:00,2.05,ft,Approved,,2025-09-01 20:21:53.716170+00:00
,,af7defd1-2614-4be3-a49c-166d684e51ce,0c49166273014487baa157c538b5a932,USGS-03274615,00065,00011,2023-01-18 19:15:00+00:00,2.05,ft,Approved,,2025-09-01 20:21:53.716170+00:00
,,dff05d33-1352-4f35-9754-c41c1feee13d,0c49166273014487baa157c538b5a932,USGS-03274615,00065,00011,2023-01-18 19:00:00+00:00,2.06,ft,Approved,,2025-09-01 20:21:53.716170+00:00
,,8f447d3a-0e54-4e06-b785-8354cd1176e6,0c49166273014487baa157c538b5a932,USGS-03274615,00065,00011,2023-01-18 18:45:00+00:00,2.06,ft,Approved,,2025-09-01 20:21:53.716170+00:00
,,c2b7f854-74ae-4fcc-9f38-9e704d70dedb,0c49166273014487baa157c538b5a932,USGS-03274615,00065,00011,2023-01-18 18:30:00+00:00,2.05,ft,Approved,,2025-09-01 20:21:53.716170+00:00
,,cf21fb44-be99-409b-bf82-0b7278877ed2,0c49166273014487baa157c538b5a932,USGS-03274615,00065,00011,2023-01-18 18:15:00+00:00,2.05,ft,Approved,,2025-09-01 20:21:53.716170+00:00
,,43f00802-0e42-415c-9932-f0e9a1ddd468,0c49166273014487baa157c538b5a932,USGS-03274615,00065,00011,2023-01-18 18:00:00+00:00,2.07,ft,Approved,,2025-09-01 20:21:53.716170+00:00
,,1287298f-af82-49ac-a62f-84842bcad169,0c49166273014487baa157c538b5a932,USGS-03274615,00065,00011,2023-01-18 17:45:00+00:00,2.06,ft,Approved,,2025-09-01 20:21:53.716170+00:00
,,f9138c03-da23-401e-a796-5b07278e83f8,0c49166273014487baa157c538b5a932,USGS-03274615,00065,00011,2023-01-18 17:30:00+00:00,2.07,ft,Approved,,2025-09-01 20:21:53.716170+00:00
,,8f1789ed-7b03-40fa-884c-17f1cac15705,0c49166273014487baa157c538b5a932,USGS-03274615,00065,00011,2023-01-18 17:15:00+00:00,2.08,ft,Approved,,2025-09-01 20:21:53.716170+00:00
,,39dffb58-4079-426f-8a94-b0070549a8d9,0c49166273014487baa157c538b5a932,USGS-03274615,00065,00011,2023-01-18 17:00:00+00:00,2.08,ft,Approved,,2025-09-01 20:21:53.716170+00:00
,,d673cfb3-3836-458d-aead-88da9e416a97,0c49166273014487baa157c538b5a932,USGS-03274615,00065,00011,2023-01-18 16:45:00+00:00,2.08,ft,Approved,,2025-09-01 20:21:53.716170+00:00
,,1779db97-742c-42e5-a54f-8ef6659b4a6f,0c49166273014487baa157c538b5a932,USGS-03274615,00065,00011,2023-01-18 16:30:00+00:00,2.08,ft,Approved,,2025-09-01 20:21:53.716170+00:00
,,f2b6fd58-d268-4701-93d2-460d7300c522,0c49166273014487baa157c538b5a932,USGS-03274615,00065,00011,2023-01-18 16:15:00+00:00,2.09,ft,Approved,,2025-09-01 20:21:53.716170+00:00
,,edf88073-a698-4eaa-babd-dac6fc72818d,0c49166273014487baa157c538b5a932,USGS-03274615,00065,00011,2023-01-18 16:00:00+00:00,2.09,ft,Approved,,2025-09-01 20:21:53.716170+00:00
,,8cdb513c-4623-4f21-bc8a-41490f69f448,0c49166273014487baa157c538b5a932,USGS-03274615,00065,00011,2023-01-18 15:45:00+00:00,2.10,ft,Approved,,2025-09-01 20:21:53.716170+00:00
,,8f6681bf-8f30-4a35-9e3f-79df224aa736,0c49166273014487baa157c538b5a932,USGS-03274615,00065,00011,2023-01-18 15:30:00+00:00,2.10,ft,Approved,,2025-09-01 20:21:53.716170+00:00
,,a36b8c8e-c701-4781-a86b-079986c2a414,0c49166273014487baa157c538b5a932,USGS-03274615,00065,00011,2023-01-18 15:15:00+00:00,2.10,ft,Approved,,2025-09-01 20:21:53.716170+00:00
,,8b371b57-7ca1-4b68-986d-18bd34deb749,0c49166273014487baa157c538b5a932,USGS-03274615,00065,00011,2023-01-18 15:00:00+00:00,2.10,ft,Approved,,2025-09-01 20:21:53.716170+00:00
,,93682102-c1c6-412e-88d7-847440d55a29,0c49166273014487baa157c538b5a932,USGS-03274615,00065,00011,2023-01-18 14:45:00+00:00,2.11,ft,Approved,,2025-09-01 20:21:53.716170+00:00
,,e8385897-9e2b-4e22-af03-f4886e754352,0c49166273014487baa157c538b5a932,USGS-03274615,00065,00011,2023-01-18 14:30:00+00:00,2.10,ft,Approved,,2025-09-01 20:21:53.716170+00:00
,,0eac9a48-46a4-4969-8c82-1402da2e97a9,0c49166273014487baa157c538b5a932,USGS-03274615,00065,00011,2023-01-18 14:15:00+00:00,2.11,ft,Approved,,2025-09-01 20:21:53.716170+00:00
,,09c17336-3451-41d1-9dc4-1ed29da0af0d,0c49166273014487baa157c538b5a932,USGS-03274615,00065,00011,2023-01-18 14:00:00+00:00,2.11,ft,Approved,,2025-09-01 20:21:53.716170+00:00
,,33163469-e244-4a19-8354-09db4f046f85,0c49166273014487baa157c538b5a932,USGS-03274615,00065,00011,2023-01-18 13:45:00+00:00,2.11,ft,Approved,,2025-09-01 20:21:53.716170+00:00
,,2c24cff4-af41-4ed6-a39b-e5958aa78ff2,0c49166273014487baa157c538b5a932,USGS-03274615,00065,00011,2023-01-18 13:30:00+00:00,2.12,ft,Approved,,2025-09-01 20:21:53.716170+00:00
,,5f2dd3de-b935-4d9b-875c-4d5c70d02b17,0c49166273014487baa157c538b5a932,USGS-03274615,00065,00011,2023-01-18 13:15:00+00:00,2.12,ft,Approved,,2025-09-01 20:21:53.716170+00:00
,,b041d84d-f892-4007-acef-9241441ecce5,0c49166273014487baa157c538b5a932,USGS-03274615,00065,00011,2023-01-18 13:00:00+00:00,2.12,ft,Approved,,2025-09-01 20:21:53.716170+00:00
,,c1f17861-2105-4168-a397-d624404fccbf,0c49166273014487baa157c538b5a932,USGS-03274615,00065,00011,2023-01-18 12:45:00+00:00,2.12,ft,Approved,,2025-09-01 20:21:53.716170+00:00
,,810d99bc-19e9-4cf7-aea3-82bded0bd2d8,0c49166273014487baa157c538b5a932,USGS-03274615,00065,00011,2023-01-18 12:30:00+00:00,2.12,ft,Approved,,2025-09-01 20:21:53.716170+00:00
,,a3cce8d4-f285-46a4-b07b-0797280e31bd,0c49166273014487baa157c538b5a932,USGS-03274615,00065,00011,2023-01-18 12:15:00+00:00,2.12,ft,Approved,,2025-09-01 20:21:53.716170+00:00
,,f298e4c1-7e40-4643-a6e9-0d8acf1bf9fd,0c49166273014487baa157c538b5a932,USGS-03274615,00065,00011,2023-01-18 12:00:00+00:00,2.13,ft,Approved,,2025-09-01 20:21:53.716170+00:00
,,f734c282-eec5-4625-b627-b563fdf27136,0c49166273014487baa157c538b5a932,USGS-03274615,00065,00011,2023-01-18 11:45:00+00:00,2.13,ft,Approved,,2025-09-01 20:21:53.716170+00:00
,,ebf76cae-65d4-44ec-945b-198a42072480,0c49166273014487baa157c538b5a932,USGS-03274615,00065,00011,2023-01-18 11:30:00+00:00,2.13,ft,Approved,,2025-09-01 20:21:53.716170+00:00
,,f4a1a3d2-223a-453f-8b0f-d2abdfc04f67,0c49166273014487baa157c538b5a932,USGS-03274615,00065,00011,2023-01-18 11:15:00+00:00,2.13,ft,Approved,,2025-09-01 20:21:53.716170+00:00
,,3f1c6724-b046-4997-9674-2e6414ef7850,0c49166273014487baa157c538b5a932,USGS-03274615,00065,00011,2023-01-18 11:00:00+00:00,2.13,ft,Approved,,2025-09-01 20:21:53.716170+00:00
,,74e9aebf-6d02-48b1-9230-acbe73dd6c33,0c49166273014487baa157c538b5a932,USGS-03274615,00065,00011,2023-01-18 10:45:00+00:00,2.14,ft,Approved,,2025-09-01 20:21:53.716170+00:00
,,bbd20020-0df8-4e0f-8008-a4479119893a,0c49166273014487baa157c538b5a932,USGS-03274615,00065,00011,2023-01-18 10:30:00+00:00,2.14,ft,Approved,,2025-09-01 20:21:53.716170+00:00
,,51795c4c-99a9-4224-8bf0-8bdd9470eb4c,0c49166273014487baa157c538b5a932,USGS-03274615,00065,00011,2023-01-18 10:15:00+00:00,2.14,ft,Approved,,2025-09-01 20:21:53.716170+00:00
,,7431feab-bb07-4ffa-8593-9fd0ca1c016a,0c49166273014487baa157c538b5a932,USGS-03274615,00065,00011,2023-01-18 10:00:00+00:00,2.14,ft,Approved,,2025-09-01 20:21:53.716170+00:00
,,8a6d20c1-7e21-4101-b99a-e7260bb41ccf,0c49166273014487baa157c538b5a932,USGS-03274615,00065,00011,2023-01-18 09:45:00+00:00,2.15,ft,Approved,,2025-09-01 20:21:53.716170+00:00
,,25ec7911-a990-43cc-9b21-2e9d549e886a,0c49166273014487baa157c538b5a932,USGS-03274615,00065,00011,2023-01-18 09:30:00+00:00,2.15,ft,Approved,,2025-09-01 20:21:53.716170+00:00
,,13f832f9-ab35-496b-8c3c-d415db84f7b8,0c49166273014487baa157c538b5a932,USGS-03274615,00065,00011,2023-01-18 09:15:00+00:00,2.15,ft,Approved,,2025-09-01 20:21:53.716170+00:00
,,6c0b88b4-9484-4565-a657-4c594a8a064c,0c49166273014487baa157c538b5a932,USGS-03274615,00065,00011,2023-01-18 09:00:00+00:00,2.15,ft,Approved,,2025-09-01 20:21:53.716170+00:00
,,5bf5b56f-d216-4eda-ab52-d60819364502,0c49166273014487baa157c538b5a932,USGS-03274615,00065,00011,2023-01-18 08:45:00+00:00,2.15,ft,Approved,,2025-09-01 20:21:53.716170+00:00
,,ad2751d1-f422-4b43-9e4d-6873afc63505,0c49166273014487baa157c538b5a932,USGS-03274615,00065,00011,2023-01-18 08:30:00+00:00,2.16,ft,Approved,,2025-09-01 20:21:53.716170+00:00
,,9870d266-0824-4fd2-835a-450ba4690168,0c49166273014487baa157c538b5a932,USGS-03274615,00065,00011,2023-01-18 08:15:00+00:00,2.16,ft,Approved,,2025-09-01 20:21:53.716170+00:00
,,dbf4e53c-7679-466e-9d68-e49901f3fc63,0c49166273014487baa157c538b5a932,USGS-03274615,00065,00011,2023-01-18 08:00:00+00:00,2.16,ft,Approved,,2025-09-01 20:21:53.716170+00:00
,,2759869d-71df-4e7c-94ff-9aa8a9a9103c,0c49166273014487baa157c538b5a932,USGS-03274615,00065,00011,2023-01-18 07:45:00+00:00,2.16,ft,Approved,,2025-09-01 20:21:53.716170+00:00
,,e928a3eb-ae7e-469a-96c8-0e0a1cf541e6,0c49166273014487baa157c538b5a932,USGS-03274615,00065,00011,2023-01-18 07:30:00+00:00,2.17,ft,Approved,,2025-09-01 20:21:53.716170+00:00
,,dd76ee5f-20c3-46e7-9ae3-9dea9bca1957,0c49166273014487baa157c538b5a932,USGS-03274615,00065,00011,2023-01-18 07:15:00+00:00,2.17,ft,Approved,,2025-09-01 20:21:53.716170+00:00
,,8211da2b-511b-446e-9487-509fa3462bc2,0c49166273014487baa157c538b5a932,USGS-03274615,00065,00011,2023-01-18 07:00:00+00:00,2.17,ft,Approved,,2025-09-01 20:21:53.716170+00:00
,,2733ca10-6010-47e7-925f-f0d019090b23,0c49166273014487baa157c538b5a932,USGS-03274615,00065,00011,2023-01-18 06:45:00+00:00,2.17,ft,Approved,,2025-09-01 20:21:53.716170+00:00
,,057786ac-527f-4708-8acd-9f867f3b393d,0c49166273014487baa157c538b5a932,USGS-03274615,00065,00011,2023-01-18 06:30:00+00:00,2.18,ft,Approved,,2025-09-01 20:21:53.716170+00:00
,,46572e05-a89b-4b9e-a281-287c7a655e9e,0c49166273014487baa157c538b5a932,USGS-03274615,00065,00011,2023-01-18 06:15:00+00:00,2.18,ft,Approved,,2025-09-01 20:21:53.716170+00:00
,,28f1bb19-6f69-4895-8200-0900ffb0d0fc,0c49166273014487baa157c538b5a932,USGS-03274615,00065,00011,2023-01-18 06:00:00+00:00,2.18,ft,Approved,,2025-09-01 20:21:53.716170+00:00
,,c16214e9-e04d-44fc-9c46-890fce86751f,0c49166273014487baa157c538b5a932,USGS-03274615,00065,00011,2023-01-18 05:45:00+00:00,2.19,ft,Approved,,2025-09-01 20:21:53.716170+00:00
,,0c3d7cf3-288e-4f82-b79a-ca162f2012c0,0c49166273014487baa157c538b5a932,USGS-03274615,00065,00011,2023-01-18 05:30:00+00:00,2.19,ft,Approved,,2025-09-01 20:21:53.716170+00:00
,,957875f3-892a-43ed-ada3-4fe37ca58f70,0c49166273014487baa157c538b5a932,USGS-03274615,00065,00011,2023-01-18 05:15:00+00:00,2.20,ft,Approved,,2025-09-01 20:21:53.716170+00:00
,,f9feef3d-eacc-4fe9-aca9-e31108751ef5,0c49166273014487baa157c538b5a932,USGS-03274615,00065,00011,2023-01-18 05:00:00+00:00,2.19,ft,Approved,,2025-09-01 20:21:53.716170+00:00
,,7a9128a9-f52d-4571-829e-b41c1901a34d,0c49166273014487baa157c538b5a932,USGS-03274615,00065,00011,2023-01-18 04:45:00+00:00,2.20,ft,Approved,,2025-09-01 20:21:53.716170+00:00
,,1bb939f7-51ee-4be6-bea8-ddac8ec4138b,0c49166273014487baa157c538b5a932,USGS-03274615,00065,00011,2023-01-18 04:30:00+00:00,2.20,ft,Approved,,2025-09-01 20:21:53.716170+00:00
,,8a2e23c9-d572-4f9f-897e-47c2a33e0f44,0c49166273014487baa157c538b5a932,USGS-03274615,00065,00011,2023-01-18 04:15:00+00:00,2.21,ft,Approved,,2025-09-01 20:21:53.716170+00:00
,,b3dea5e7-f3b1-4f4f-9927-19f8a9ab355d,0c49166273014487baa157c538b5a932,USGS-03274615,00065,00011,2023-01-18 04:00:00+00:00,2.20,ft,Approved,,2025-09-01 20:21:53.716170+00:00
,,83b0d6c6-5b7b-44ef-b66b-7e9d5dc9d842,0c49166273014487baa157c538b5a932,USGS-03274615,00065,00011,2023-01-18 03:45:00+00:00,2.21,ft,Approved,,2025-09-01 20:21:53.716170+00:00
,,8d32bc5d-2497-48f0-8f13-da57dad67c8d,0c49166273014487baa157c538b5a932,USGS-03274615,00065,00011,2023-01-18 03:30:00+00:00,2.21,ft,Approved,,2025-09-01 20:21:53.716170+00:00
,,1f4b84b6-7fe6-4dc1-8ea6-3facf2d895d4,0c49166273014487baa157c538b5a932,USGS-03274615,00065,00011,2023-01-18 03:15:00+00:00,2.21,ft,Approved,,2025-09-01 20:21:53.716170+00:00
,,2603e8d1-3d63-4dd8-92da-104fb6d89be3,0c49166273014487baa157c538b5a932,USGS-03274615,00065,00011,2023-01-18 03:00:00+00:00,2.22,ft,Approved,,2025-09-01 20:21:53.716170+00:00
,,dcca861c-8211-4bcb-995a-8a063ef2ab66,0c49166273014487baa157c538b5a932,USGS-03274615,00065,00011,2023-01-18 02:45:00+00:00,2.22,ft,Approved,,2025-09-01 20:21:53.716170+00:00
,,442cff63-9287-4f67-a44f-ffb85b2d0833,0c49166273014487baa157c538b5a932,USGS-03274615,00065,00011,2023-01-18 02:30:00+00:00,2.23,ft,Approved,,2025-09-01 20:21:53.716170+00:00
,,95c67373-d144-4434-b0f5-27abfc805ae9,0c49166273014487baa157c538b5a932,USGS-03274615,00065,00011,2023-01-18 02:15:00+00:00,2.23,ft,Approved,,2025-09-01 20:21:53.716170+00:00
,,2a4b8abb-fcf5-4f3d-82ae-c9a57751a3c6,0c49166273014487baa157c538b5a932,USGS-03274615,00065,00011,2023-01-18 02:00:00+00:00,2.24,ft,Approved,,2025-09-01 20:21:53.716170+00:00
,,ee6d8330-fb5f-4de2-a55b-ccf09f9df0ff,0c49166273014487baa157c538b5a932,USGS-03274615,00065,00011,2023-01-18 01:45:00+00:00,2.24,ft,Approved,,2025-09-01 20:21:53.716170+00:00
,,fa8aac4f-a72b-4a55-9e72-0df305c17bef,0c49166273014487baa157c538b5a932,USGS-03274615,00065,00011,2023-01-18 01:30:00+00:00,2.24,ft,Approved,,2025-09-01 20:21:53.716170+00:00
,,5894c147-17c0-406d-94b2-cc26e06d9887,0c49166273014487baa157c538b5a932,USGS-03274615,00065,00011,2023-01-18 01:15:00+00:00,2.24,ft,Approved,,2025-09-01 20:21:53.716170+00:00
,,61290347-7858-4bd9-84a4-9742cb106345,0c49166273014487baa157c538b5a932,USGS-03274615,00065,00011,2023-01-18 01:00:00+00:00,2.24,ft,Approved,,2025-09-01 20:21:53.716170+00:00
,,42d454fe-dabf-44f6-ae2e-1dbbb25bfdf3,0c49166273014487baa157c538b5a932,USGS-03274615,00065,00011,2023-01-18 00:45:00+00:00,2.25,ft,Approved,,2025-09-01 20:21:53.716170+00:00
,,4ee1589f-a376-49b5-bc66-a30548625811,0c49166273014487baa157c538b5a932,USGS-03274615,00065,00011,2023-01-18 00:30:00+00:00,2.25,ft,Approved,,2025-09-01 20:21:53.716170+00:00
,,fe8c5535-0a89-4590-a7f0-8378d1b43de8,0c49166273014487baa157c538b5a932,USGS-03274615,00065,00011,2023-01-18 00:15:00+00:00,2.25,ft,Approved,,2025-09-01 20:21:53.716170+00:00
,,4b3a9ba9-a731-417f-ac7a-54f5ec456f6a,0c49166273014487baa157c538b5a932,USGS-03274615,00065,00011,2023-01-18 00:00:00+00:00,2.25,ft,Approved,,2025-09-01 20:21:53.716170+00:00
,,deb9e2bc-a478-4a66-95c3-25e4ccede6ca,0c49166273014487baa157c538b5a932,USGS-03274615,00065,00011,2023-01-17 23:45:00+00:00,2.26,ft,Approved,,2025-09-01 20:21:53.716170+00:00
,,f473a17f-a564-4dd0-ab6a-00e712dca287,0c49166273014487baa157c538b5a932,USGS-03274615,00065,00011,2023-01-17 23:30:00+00:00,2.25,ft,Approved,,2025-09-01 20:21:53.716170+00:00
,,dffa37bd-a0d4-4c2b-b19e-441e6568deef,0c49166273014487baa157c538b5a932,USGS-03274615,00065,00011,2023-01-17 23:15:00+00:00,2.26,ft,Approved,,2025-09-01 20:21:53.716170+00:00
,,3116055f-325d-48de-9ef5-4fda8284acc7,0c49166273014487baa157c538b5a932,USGS-03274615,00065,00011,2023-01-17 23:00:00+00:00,2.26,ft,Approved,,2025-09-01 20:21:53.716170+00:00
,,0a740910-c633-46b6-9c68-ab80b9e54a12,0c49166273014487baa157c538b5a932,USGS-03274615,00065,00011,2023-01-17 22:45:00+00:00,2.26,ft,Approved,,2025-09-01 20:21:53.716170+00:00
,,d0a0a9c1-0094-4947-a6a0-96f3149c1056,0c49166273014487baa157c538b5a932,USGS-03274615,00065,00011,2023-01-17 22:30:00+00:00,2.26,ft,Approved,,2025-09-01 20:21:53.716170+00:00
,,a61dbb76-9ee9-42f8-9a0b-d9fe757500b1,0c49166273014487baa157c538b5a932,USGS-03274615,00065,00011,2023-01-17 22:15:00+00:00,2.24,ft,Approved,,2025-09-01 20:21:53.716170+00:00
,,9a708952-fc5b-44fc-9296-99947b036e71,0c49166273014487baa157c538b5a932,USGS-03274615,00065,00011,2023-01-17 22:00:00+00:00,2.27,ft,Approved,,2025-09-01 20:21:53.716170+00:00
,,e405a2ef-a73b-47ba-9cad-cfa4d494519d,0c49166273014487baa157c538b5a932,USGS-03274615,00065,00011,2023-01-17 21:45:00+00:00,2.27,ft,Approved,,2025-09-01 20:21:53.716170+00:00
,,c5edfe63-a382-4eb1-aa48-56bdf3e23154,0c49166273014487baa157c538b5a932,USGS-03274615,00065,00011,2023-01-17 21:30:00+00:00,2.25,ft,Approved,,2025-09-01 20:21:53.716170+00:00
,,cd9539f8-092f-496e-b39b-f5345942ba1b,0c49166273014487baa157c538b5a932,USGS-03274615,00065,00011,2023-01-17 21:15:00+00:00,2.25,ft,Approved,,2025-09-01 20:21:53.716170+00:00
,,914c521d-2b27-4361-a88d-fd35b5a18b27,0c49166273014487baa157c538b5a932,USGS-03274615,00065,00011,2023-01-17 21:00:00+00:00,2.20,ft,Approved,,2025-09-01 20:21:53.716170+00:00
,,b7f62670-4bf7-4e78-8cca-12ab65eda574,0c49166273014487baa157c538b5a932,USGS-03274615,00065,00011,2023-01-17 20:45:00+00:00,2.17,ft,Approved,,2025-09-01 20:21:53.716170+00:00
,,6af3523b-d498-4322-abfa-9c8dffce5891,0c49166273014487baa157c538b5a932,USGS-03274615,00065,00011,2023-01-17 20:30:00+00:00,2.20,ft,Approved,,2025-09-01 20:21:53.716170+00:00
,,4a1a740e-2bfb-4650-9e85-783378220153,0c49166273014487baa157c538b5a932,USGS-03274615,00065,00011,2023-01-17 20:15:00+00:00,2.27,ft,Approved,,2025-09-01 20:21:53.716170+00:00
,,b4e02841-4c21-41c5-8a8d-4b7b95284987,0c49166273014487baa157c538b5a932,USGS-03274615,00065,00011,2023-01-17 20:00:00+00:00,2.18,ft,Approved,,2025-09-01 20:21:53.716170+00:00
,,f41b3461-5b81-42e3-bda1-eff04c0fec34,0c49166273014487baa157c538b5a932,USGS-03274615,00065,00011,2023-01-17 19:45:00+00:00,2.27,ft,Approved,,2025-09-01 20:21:53.716170+00:00
,,4fb9ddc8-66a0-4357-a81f-8c7154bfbd53,0c49166273014487baa157c538b5a932,USGS-03274615,00065,00011,2023-01-17 19:30:00+00:00,2.26,ft,Approved,,2025-09-01 20:21:53.716170+00:00
,,7eb1315e-6722-4c44-b029-020b6f639c84,0c49166273014487baa157c538b5a932,USGS-03274615,00065,00011,2023-01-17 19:15:00+00:00,2.20,ft,Approved,,2025-09-01 20:21:53.716170+00:00
,,d064dbca-ddd1-4a67-a2dc-98ee5b9159f7,0c49166273014487baa157c538b5a932,USGS-03274615,00065,00011,2023-01-17 19:00:00+00:00,2.28,ft,Approved,,2025-09-01 20:21:53.716170+00:00
,,7d853c98-cac6-40c7-bec2-41fb78198537,0c49166273014487baa157c538b5a932,USGS-03274615,00065,00011,2023-01-17 18:45:00+00:00,2.27,ft,Approved,,2025-09-01 20:21:53.716170+00:00
,,e16aa44e-bd58-42dc-8126-ced8fb118e1e,0c49166273014487baa157c538b5a932,USGS-03274615,00065,00011,2023-01-17 18:30:00+00:00,2.30,ft,Approved,,2025-09-01 20:21:53.716170+00:00
,,67036cdb-653e-4b72-8f12-1b55dd2fc945,0c49166273014487baa157c538b5a932,USGS-03274615,00065,00011,2023-01-17 18:15:00+00:00,2.26,ft,Approved,,2025-09-01 20:21:53.716170+00:00
,,6850a39c-34a0-4d57-9bde-1af9eab5740d,0c49166273014487baa157c538b5a932,USGS-03274615,00065,00011,2023-01-17 18:00:00+00:00,2.21,ft,Approved,,2025-09-01 20:21:53.716170+00:00
,,944496a6-0e33-4e0a-91ee-d388fd5ed684,0c49166273014487baa157c538b5a932,USGS-03274615,00065,00011,2023-01-17 17:45:00+00:00,2.18,ft,Approved,,2025-09-01 20:21:53.716170+00:00
,,8786ab5b-f7e3-40f4-86d6-f9013d06476f,0c49166273014487baa157c538b5a932,USGS-03274615,00065,00011,2023-01-17 17:30:00+00:00,2.25,ft,Approved,,2025-09-01 20:21:53.716170+00:00
,,0291099a-990d-4cf9-9497-6cb4bcb64c58,0c49166273014487baa157c538b5a932,USGS-03274615,00065,00011,2023-01-17 17:15:00+00:00,2.25,ft,Approved,,2025-09-01 20:21:53.716170+00:00
,,22853547-bff9-4662-a626-cdc06a2d15c9,0c49166273014487baa157c538b5a932,USGS-03274615,00065,00011,2023-01-17 17:00:00+00:00,2.28,ft,Approved,,2025-09-01 20:21:53.716170+00:00
,,7e4d09b3-66f1-45ec-9b06-3a200c747750,0c49166273014487baa157c538b5a932,USGS-03274615,00065,00011,2023-01-17 16:45:00+00:00,2.21,ft,Approved,,2025-09-01 20:21:53.716170+00:00
,,2af0eb0c-1177-4f4d-92bb-67509e08893f,0c49166273014487baa157c538b5a932,USGS-03274615,00065,00011,2023-01-17 16:30:00+00:00,2.23,ft,Approved,,2025-09-01 20:21:53.716170+00:00
,,971d0d97-1702-4adf-98c6-dc3fd3485332,0c49166273014487baa157c538b5a932,USGS-03274615,00065,00011,2023-01-17 16:15:00+00:00,2.26,ft,Approved,,2025-09-01 20:21:53.716170+00:00
,,5097df23-fb2f-4e22-ab26-04f11c65ead6,0c49166273014487baa157c538b5a932,USGS-03274615,00065,00011,2023-01-17 16:00:00+00:00,2.27,ft,Approved,,2025-09-01 20:21:53.716170+00:00
,,538eb1d5-70ce-4a5a-be28-00df740ba56d,0c49166273014487baa157c538b5a932,USGS-03274615,00065,00011,2023-01-17 15:45:00+00:00,2.19,ft,Approved,,2025-09-01 20:21:53.716170+00:00
,,f24a9371-e494-4e8c-82ab-da6bcdc72be9,0c49166273014487baa157c538b5a932,USGS-03274615,00065,00011,2023-01-17 15:30:00+00:00,2.27,ft,Approved,,2025-09-01 20:21:53.716170+00:00
,,11ac51b3-952c-41fe-ab6e-0fe74049ddf1,0c49166273014487baa157c538b5a932,USGS-03274615,00065,00011,2023-01-17 15:15:00+00:00,2.26,ft,Approved,,2025-09-01 20:21:53.716170+00:00
,,d39f52b5-0498-47e5-81fc-ee369411049d,0c49166273014487baa157c538b5a932,USGS-03274615,00065,00011,2023-01-17 15:00:00+00:00,2.27,ft,Approved,,2025-09-01 20:21:53.716170+00:00
,,0d38e5e0-fff5-41ed-9a30-85a075454d9e,0c49166273014487baa157c538b5a932,USGS-03274615,00065,00011,2023-01-17 14:45:00+00:00,2.27,ft,Approved,,2025-09-01 20:21:53.716170+00:00
,,dc1c3dfb-eea5-4f5e-95f8-73d587aa5e62,0c49166273014487baa157c538b5a932,USGS-03274615,00065,00011,2023-01-17 14:30:00+00:00,2.26,ft,Approved,,2025-09-01 20:21:53.716170+00:00
,,31b48962-001a-45ee-b27f-e9892576a6d1,0c49166273014487baa157c538b5a932,USGS-03274615,00065,00011,2023-01-17 14:15:00+00:00,2.27,ft,Approved,,2025-09-01 20:21:53.716170+00:00
,,55eacdaf-d7a8-4d8f-a167-c85cd6da17ef,0c49166273014487baa157c538b5a932,USGS-03274615,00065,00011,2023-01-17 14:00:00+00:00,2.26,ft,Approved,,2025-09-01 20:21:53.716170+00:00
,,0e10b4d9-5890-4209-805e-7bcf4f16b111,0c49166273014487baa157c538b5a932,USGS-03274615,00065,00011,2023-01-17 13:45:00+00:00,2.26,ft,Approved,,2025-09-01 20:21:53.716170+00:00
,,87c269d1-9eed-4adf-966a-af5148fbad03,0c49166273014487baa157c538b5a932,USGS-03274615,00065,00011,2023-01-17 13:30:00+00:00,2.26,ft,Approved,,2025-09-01 20:21:53.716170+00:00
,,be43cd70-66bb-4cf0-bf30-8f75fe8ec20a,0c49166273014487baa157c538b5a932,USGS-03274615,00065,00011,2023-01-17 13:15:00+00:00,2.25,ft,Approved,,2025-09-01 20:21:53.716170+00:00
,,2ad532f2-65a8-4e4c-a60e-caa37f86cba2,0c49166273014487baa157c538b5a932,USGS-03274615,00065,00011,2023-01-17 13:00:00+00:00,2.26,ft,Approved,,2025-09-01 20:21:53.716170+00:00
,,d64a5e2a-6d32-44ac-9e13-7d2c0850fd92,0c49166273014487baa157c538b5a932,USGS-03274615,00065,00011,2023-01-17 12:45:00+00:00,2.26,ft,Approved,,2025-09-01 20:21:53.716170+00:00
,,794beca1-6e9e-4d1c-bee3-b72bb1d5ce71,0c49166273014487baa157c538b5a932,USGS-03274615,00065,00011,2023-01-17 12:30:00+00:00,2.26,ft,Approved,,2025-09-01 20:21:53.716170+00:00
,,08185be3-0f1d-410e-bddc-2db42628f898,0c49166273014487baa157c538b5a932,USGS-03274615,00065,00011,2023-01-17 12:15:00+00:00,2.26,ft,Approved,,2025-09-01 20:21:53.716170+00:00
,,acbbe3fc-7b36-4ab5-85cc-00e6cc95e0ce,0c49166273014487baa157c538b5a932,USGS-03274615,00065,00011,2023-01-17 12:00:00+00:00,2.25,ft,Approved,,2025-09-01 20:21:53.716170+00:00
,,888f98ad-4a6f-476e-a9d5-d78707f6af1d,0c49166273014487baa157c538b5a932,USGS-03274615,00065,00011,2023-01-17 11:45:00+00:00,2.25,ft,Approved,,2025-09-01 20:21:53.716170+00:00
,,febac448-ad64-48a1-bcb3-ea523e6b4c67,0c49166273014487baa157c538b5a932,USGS-03274615,00065,00011,2023-01-17 11:30:00+00:00,2.25,ft,Approved,,2025-09-01 20:21:53.716170+00:00
,,1dc45980-ee3f-43e4-9eca-2c4bacd248a7,0c49166273014487baa157c538b5a932,USGS-03274615,00065,00011,2023-01-17 11:15:00+00:00,2.25,ft,Approved,,2025-09-01 20:21:53.716170+00:00
,,25444992-79ed-42af-aeb6-c36f676a4074,0c49166273014487baa157c538b5a932,USGS-03274615,00065,00011,2023-01-17 11:00:00+00:00,2.26,ft,Approved,,2025-09-01 20:21:53.716170+00:00
,,454fdcd4-eaaa-4d3a-9c4f-072d9134f76d,0c49166273014487baa157c538b5a932,USGS-03274615,00065,00011,2023-01-17 10:45:00+00:00,2.26,ft,Approved,,2025-09-01 20:21:53.716170+00:00
,,3ecadac3-bb2e-4fb2-979d-d6978573c17b,0c49166273014487baa157c538b5a932,USGS-03274615,00065,00011,2023-01-17 10:30:00+00:00,2.25,ft,Approved,,2025-09-01 20:21:53.716170+00:00
,,cb471cd9-5dc3-4ee9-a068-d3094ea7e438,0c49166273014487baa157c538b5a932,USGS-03274615,00065,00011,2023-01-17 10:15:00+00:00,2.26,ft,Approved,,2025-09-01 20:21:53.716170+00:00
,,2d2dcbb0-2622-4695-adff-64c280442993,0c49166273014487baa157c538b5a932,USGS-03274615,00065,00011,2023-01-17 10:00:00+00:00,2.26,ft,Approved,,2025-09-01 20:21:53.716170+00:00
,,4cba5616-d2cb-451b-a898-1e5dae8dde58,0c49166273014487baa157c538b5a932,USGS-03274615,00065,00011,2023-01-17 09:45:00+00:00,2.27,ft,Approved,,2025-09-01 20:21:53.716170+00:00
,,a13034e6-c8ec-4cca-9042-553ff26b636f,0c49166273014487baa157c538b5a932,USGS-03274615,00065,00011,2023-01-17 09:30:00+00:00,2.26,ft,Approved,,2025-09-01 20:21:53.716170+00:00
,,b755c8d3-3632-4b88-9bc1-04ba1849023b,0c49166273014487baa157c538b5a932,USGS-03274615,00065,00011,2023-01-17 09:15:00+00:00,2.27,ft,Approved,,2025-09-01 20:21:53.716170+00:00
,,afb8ff67-70f2-4c06-a12f-01be3cd8b162,0c49166273014487baa157c538b5a932,USGS-03274615,00065,00011,2023-01-17 09:00:00+00:00,2.27,ft,Approved,,2025-09-01 20:21:53.716170+00:00
,,0602e103-f98f-468c-847a-2e18fa3b24b3,0c49166273014487baa157c538b5a932,USGS-03274615,00065,00011,2023-01-17 08:45:00+00:00,2.27,ft,Approved,,2025-09-01 20:21:53.716170+00:00
,,35fd00c7-de5f-4b19-8fff-0b3274bee258,0c49166273014487baa157c538b5a932,USGS-03274615,00065,00011,2023-01-17 08:30:00+00:00,2.28,ft,Approved,,2025-09-01 20:21:53.716170+00:00
,,96aea6e5-af25-4dd3-98bc-f096e3a23c10,0c49166273014487baa157c538b5a932,USGS-03274615,00065,00011,2023-01-17 08:15:00+00:00,2.27,ft,Approved,,2025-09-01 20:21:53.716170+00:00
,,22509011-e08f-47ab-a086-12349d0e19a6,0c49166273014487baa157c538b5a932,USGS-03274615,00065,00011,2023-01-17 08:00:00+00:00,2.28,ft,Approved,,2025-09-01 20:21:53.716170+00:00
,,4ea07510-9162-4745-b0f2-c061bba72b56,0c49166273014487baa157c538b5a932,USGS-03274615,00065,00011,2023-01-17 07:45:00+00:00,2.29,ft,Approved,,2025-09-01 20:21:53.716170+00:00
,,01c5b9a2-1166-4ca8-af2b-86badddb6afb,0c49166273014487baa157c538b5a932,USGS-03274615,00065,00011,2023-01-17 07:30:00+00:00,2.28,ft,Approved,,2025-09-01 20:21:53.716170+00:00
,,1ff3d3b3-d7f4-438f-bef4-baf754bd3f94,0c49166273014487baa157c538b5a932,USGS-03274615,00065,00011,2023-01-17 07:15:00+00:00,2.29,ft,Approved,,2025-09-01 20:21:53.716170+00:00
,,9a55eb16-01a6-442d-8ff8-b09fd81cbca7,0c49166273014487baa157c538b5a932,USGS-03274615,00065,00011,2023-01-17 07:00:00+00:00,2.28,ft,Approved,,2025-09-01 20:21:53.716170+00:00
,,6271b730-8edf-49a7-98ba-fa7d21b48cae,0c49166273014487baa157c538b5a932,USGS-03274615,00065,00011,2023-01-17 06:45:00+00:00,2.29,ft,Approved,,2025-09-01 20:21:53.716170+00:00
,,cdd4d71d-f115-4088-a45d-7a37dfafd598,0c49166273014487baa157c538b5a932,USGS-03274615,00065,00011,2023-01-17 06:30:00+00:00,2.27,ft,Approved,,2025-09-01 20:21:53.716170+00:00
,,94cbdc1a-8d22-4f88-baeb-de3cbb03af41,0c49166273014487baa157c538b5a932,USGS-03274615,00065,00011,2023-01-17 06:15:00+00:00,2.29,ft,Approved,,2025-09-01 20:21:53.716170+00:00
,,fddbb241-4fe7-4638-9cdf-780b9eaa00f9,0c49166273014487baa157c538b5a932,USGS-03274615,00065,00011,2023-01-17 06:00:00+00:00,2.30,ft,Approved,,2025-09-01 20:21:53.716170+00:00
,,7dba87eb-57e0-4fca-9759-d725de1a4d2d,0c49166273014487baa157c538b5a932,USGS-03274615,00065,00011,2023-01-17 05:45:00+00:00,2.30,ft,Approved,,2025-09-01 20:21:53.716170+00:00
,,3f06bc8d-c7ef-41de-b64f-582d52ad507e,0c49166273014487baa157c538b5a932,USGS-03274615,00065,00011,2023-01-17 05:30:00+00:00,2.30,ft,Approved,,2025-09-01 20:21:53.716170+00:00
,,356a3f33-f517-48f5-a540-6ce4fae79eb4,0c49166273014487baa157c538b5a932,USGS-03274615,00065,00011,2023-01-17 05:15:00+00:00,2.30,ft,Approved,,2025-09-01 20:21:53.716170+00:00
,,de1ccf3d-a7d0-49e4-8469-92a28f3ecad8,0c49166273014487baa157c538b5a932,USGS-03274615,00065,00011,2023-01-17 05:00:00+00:00,2.29,ft,Approved,,2025-09-01 20:21:53.716170+00:00
,,f411bba4-c437-41df-86a6-9efbe5f00069,0c49166273014487baa157c538b5a932,USGS-03274615,00065,00011,2023-01-17 04:45:00+00:00,2.32,ft,Approved,,2025-09-01 20:21:53.716170+00:00
,,ad8df213-10d7-4abb-974c-dae0affd665b,0c49166273014487baa157c538b5a932,USGS-03274615,00065,00011,2023-01-17 04:30:00+00:00,2.31,ft,Approved,,2025-09-01 20:21:53.716170+00:00
,,e06000c8-1d10-44bb-9d9d-de429ee1f93a,0c49166273014487baa157c538b5a932,USGS-03274615,00065,00011,2023-01-17 04:15:00+00:00,2.27,ft,Approved,,2025-09-01 20:21:53.716170+00:00
,,0e6cd32f-28a9-4a06-845c-4cc7eaef13df,0c49166273014487baa157c538b5a932,USGS-03274615,00065,00011,2023-01-17 04:00:00+00:00,2.30,ft,Approved,,2025-09-01 20:21:53.716170+00:00
,,ad0bb570-369f-4096-92c2-2512ca05a5c3,0c49166273014487baa157c538b5a932,USGS-03274615,00065,00011,2023-01-17 03:45:00+00:00,2.29,ft,Approved,,2025-09-01 20:21:53.716170+00:00
,,30e29fbb-e96a-423b-8494-ba893bd11428,0c49166273014487baa157c538b5a932,USGS-03274615,00065,00011,2023-01-17 03:30:00+00:00,2.29,ft,Approved,,2025-09-01 20:21:53.716170+00:00
,,7dede624-cc0c-48e1-94f7-b010522fad55,0c49166273014487baa157c538b5a932,USGS-03274615,00065,00011,2023-01-17 03:15:00+00:00,2.31,ft,Approved,,2025-09-01 20:21:53.716170+00:00
,,dfba5509-6619-4cda-bfe3-a7169663b1e1,0c49166273014487baa157c538b5a932,USGS-03274615,00065,00011,2023-01-17 03:00:00+00:00,2.31,ft,Approved,,2025-09-01 20:21:53.716170+00:00
,,55a1cdfd-d8a5-4d7d-a3ad-2ef894383fe0,0c49166273014487baa157c538b5a932,USGS-03274615,00065,00011,2023-01-17 02:45:00+00:00,2.25,ft,Approved,,2025-09-01 20:21:53.716170+00:00
,,bc1d8245-adbd-421a-9aeb-9678572e55cb,0c49166273014487baa157c538b5a932,USGS-03274615,00065,00011,2023-01-17 02:30:00+00:00,2.30,ft,Approved,,2025-09-01 20:21:53.716170+00:00
,,8823720b-d33d-4e59-b9ff-2e9cc9148c21,0c49166273014487baa157c538b5a932,USGS-03274615,00065,00011,2023-01-17 02:15:00+00:00,2.27,ft,Approved,,2025-09-01 20:21:53.716170+00:00
,,4a53303f-7788-4da1-93ec-e80805cef485,0c49166273014487baa157c538b5a932,USGS-03274615,00065,00011,2023-01-17 02:00:00+00:00,2.30,ft,Approved,,2025-09-01 20:21:53.716170+00:00
,,52bf04ea-486f-4f96-8927-44c4313c84c4,0c49166273014487baa157c538b5a932,USGS-03274615,00065,00011,2023-01-17 01:45:00+00:00,2.30,ft,Approved,,2025-09-01 20:21:53.716170+00:00
,,d0e70573-73e5-4ed7-a920-a2498d7fb2a8,0c49166273014487baa157c538b5a932,USGS-03274615,00065,00011,2023-01-17 01:30:00+00:00,2.30,ft,Approved,,2025-09-01 20:21:53.716170+00:00
,,42ca2170-5bad-45ce-81b3-69e9eb8ff51c,0c49166273014487baa157c538b5a932,USGS-03274615,00065,00011,2023-01-17 01:15:00+00:00,2.33,ft,Approved,,2025-09-01 20:21:53.716170+00:00
,,dc7b67a7-823a-42b7-9925-71805688d7bc,0c49166273014487baa157c538b5a932,USGS-03274615,00065,00011,2023-01-17 01:00:00+00:00,2.32,ft,Approved,,2025-09-01 20:21:53.716170+00:00
,,7665190d-8bf2-497c-b7a7-67c78436ec98,0c49166273014487baa157c538b5a932,USGS-03274615,00065,00011,2023-01-17 00:45:00+00:00,2.33,ft,Approved,,2025-09-01 20:21:53.716170+00:00
,,09fbf196-11c1-48d6-9fbd-eba61e56fe9d,0c49166273014487baa157c538b5a932,USGS-03274615,00065,00011,2023-01-17 00:30:00+00:00,2.33,ft,Approved,,2025-09-01 20:21:53.716170+00:00
,,c9631523-8a82-4d93-afb4-2c9e4595993e,0c49166273014487baa157c538b5a932,USGS-03274615,00065,00011,2023-01-17 00:15:00+00:00,2.32,ft,Approved,,2025-09-01 20:21:53.716170+00:00
,,73aa6dda-5257-4bf2-abda-8f477a032b64,0c49166273014487baa157c538b5a932,USGS-03274615,00065,00011,2023-01-17 00:00:00+00:00,2.34,ft,Approved,,2025-09-01 20:21:53.716170+00:00
,,a71c5b16-a7ed-4f94-8e0a-13a04ab49bed,0c49166273014487baa157c538b5a932,USGS-03274615,00065,00011,2023-01-16 23:45:00+00:00,2.33,ft,Approved,,2025-09-01 20:21:53.716170+00:00
,,531bf2ba-aee0-44d7-bf2d-caee20137edd,0c49166273014487baa157c538b5a932,USGS-03274615,00065,00011,2023-01-16 23:30:00+00:00,2.35,ft,Approved,,2025-09-01 20:21:53.716170+00:00
,,e5ce3ae8-df1c-4897-b97b-e11dbeb0e9b4,0c49166273014487baa157c538b5a932,USGS-03274615,00065,00011,2023-01-16 23:15:00+00:00,2.35,ft,Approved,,2025-09-01 20:21:53.716170+00:00
,,f2dbf2ac-0046-43d2-befa-c3ee8837934d,0c49166273014487baa157c538b5a932,USGS-03274615,00065,00011,2023-01-16 23:00:00+00:00,2.35,ft,Approved,,2025-09-01 20:21:53.716170+00:00
,,2df0baea-b89f-4f52-bee9-bc583f1d80d0,0c49166273014487baa157c538b5a932,USGS-03274615,00065,00011,2023-01-16 22:45:00+00:00,2.34,ft,Approved,,2025-09-01 20:21:53.716170+00:00
,,ecad8bf7-53d1-44b9-9aaa-1d5690022c8e,0c49166273014487baa157c538b5a932,USGS-03274615,00065,00011,2023-01-16 22:30:00+00:00,2.37,ft,Approved,,2025-09-01 20:21:53.716170+00:00
,,48757c06-2c87-4389-afc2-b28c14dee80e,0c49166273014487baa157c538b5a932,USGS-03274615,00065,00011,2023-01-16 22:15:00+00:00,2.34,ft,Approved,,2025-09-01 20:21:53.716170+00:00
,,a351f6a4-cdd0-4752-ba9c-c17f64d10df2,0c49166273014487baa157c538b5a932,USGS-03274615,00065,00011,2023-01-16 22:00:00+00:00,2.37,ft,Approved,,2025-09-01 20:21:53.716170+00:00
,,fc0d396c-12cf-40b1-bb3a-75235638c27c,0c49166273014487baa157c538b5a932,USGS-03274615,00065,00011,2023-01-16 21:45:00+00:00,2.37,ft,Approved,,2025-09-01 20:21:53.716170+00:00
,,b17768d9-a049-4e94-8307-ad237a81e8cd,0c49166273014487baa157c538b5a932,USGS-03274615,00065,00011,2023-01-16 21:15:00+00:00,2.34,ft,Approved,,2025-09-01 20:21:53.716170+00:00
,,2f34d37c-607e-4125-a637-f05a7e87f314,0c49166273014487baa157c538b5a932,USGS-03274615,00065,00011,2023-01-16 21:00:00+00:00,2.34,ft,Approved,,2025-09-01 20:21:53.716170+00:00
,,73ac79ae-92d6-4a04-b6a5-502a9af45d9d,0c49166273014487baa157c538b5a932,USGS-03274615,00065,00011,2023-01-16 20:45:00+00:00,2.36,ft,Approved,,2025-09-01 20:21:53.716170+00:00
,,f52f1c20-0ab4-42d1-80cc-898c67e79b7f,0c49166273014487baa157c538b5a932,USGS-03274615,00065,00011,2023-01-16 20:30:00+00:00,2.38,ft,Approved,,2025-09-01 20:21:53.716170+00:00
,,a513695c-a037-4b90-892e-8a724d314c44,0c49166273014487baa157c538b5a932,USGS-03274615,00065,00011,2023-01-16 20:15:00+00:00,2.41,ft,Approved,,2025-09-01 20:21:53.716170+00:00
,,909e16f7-72ed-446b-a966-ca4eefec89a9,0c49166273014487baa157c538b5a932,USGS-03274615,00065,00011,2023-01-16 20:00:00+00:00,2.41,ft,Approved,,2025-09-01 20:21:53.716170+00:00
,,f722ff8e-2fef-4a49-b241-8a2e2f6a148b,0c49166273014487baa157c538b5a932,USGS-03274615,00065,00011,2023-01-16 19:45:00+00:00,2.40,ft,Approved,,2025-09-01 20:21:53.716170+00:00
,,730653ca-6fee-4218-8272-87b5c8a2418e,0c49166273014487baa157c538b5a932,USGS-03274615,00065,00011,2023-01-16 19:30:00+00:00,2.42,ft,Approved,,2025-09-01 20:21:53.716170+00:00
,,402cd39c-e5c1-4762-a46a-0ec9a915f991,0c49166273014487baa157c538b5a932,USGS-03274615,00065,00011,2023-01-16 19:15:00+00:00,2.42,ft,Approved,,2025-09-01 20:21:53.716170+00:00
,,ce6dd536-45cf-4592-b27c-4c716cf276db,0c49166273014487baa157c538b5a932,USGS-03274615,00065,00011,2023-01-16 19:00:00+00:00,2.44,ft,Approved,,2025-09-01 20:21:53.716170+00:00
,,ca59ecd3-5e43-4ad9-8326-ff93d22ccab1,0c49166273014487baa157c538b5a932,USGS-03274615,00065,00011,2023-01-16 18:45:00+00:00,2.44,ft,Approved,,2025-09-01 20:21:53.716170+00:00
,,af29e32a-baa4-42d2-9d6b-ba8f8bc0f954,0c49166273014487baa157c538b5a932,USGS-03274615,00065,00011,2023-01-16 18:30:00+00:00,2.41,ft,Approved,,2025-09-01 20:21:53.716170+00:00
,,85216a2c-b0ff-4501-9a7e-9aeebfed5d5f,0c49166273014487baa157c538b5a932,USGS-03274615,00065,00011,2023-01-16 18:15:00+00:00,2.39,ft,Approved,,2025-09-01 20:21:53.716170+00:00
,,343e1137-0236-47ce-a657-bd5cba152c4c,0c49166273014487baa157c538b5a932,USGS-03274615,00065,00011,2023-01-16 18:00:00+00:00,2.38,ft,Approved,,2025-09-01 20:21:53.716170+00:00
,,2a4efda0-d35a-42e9-bda7-cfb963d1df77,0c49166273014487baa157c538b5a932,USGS-03274615,00065,00011,2023-01-16 17:45:00+00:00,2.43,ft,Approved,,2025-09-01 20:21:53.716170+00:00
,,31d23b57-92ca-4a10-9b6b-5c05d23dbe10,0c49166273014487baa157c538b5a932,USGS-03274615,00065,00011,2023-01-16 17:30:00+00:00,2.46,ft,Approved,,2025-09-01 20:21:53.716170+00:00
,,415e253f-941f-458b-a1bd-8b251a7f376d,0c49166273014487baa157c538b5a932,USGS-03274615,00065,00011,2023-01-16 17:15:00+00:00,2.47,ft,Approved,,2025-09-01 20:21:53.716170+00:00
,,df9817ae-5dab-438a-9adc-d015a6ef94f0,0c49166273014487baa157c538b5a932,USGS-03274615,00065,00011,2023-01-16 17:00:00+00:00,2.45,ft,Approved,,2025-09-01 20:21:53.716170+00:00
,,5c4b16b7-e647-4d73-a09c-76accc0caa1d,0c49166273014487baa157c538b5a932,USGS-03274615,00065,00011,2023-01-16 16:45:00+00:00,2.43,ft,Approved,,2025-09-01 20:21:53.716170+00:00
,,d517be04-a0ca-4681-a744-335beca35736,0c49166273014487baa157c538b5a932,USGS-03274615,00065,00011,2023-01-16 16:30:00+00:00,2.48,ft,Approved,,2025-09-01 20:21:53.716170+00:00
,,6410cd73-c937-4ed3-81a9-679d8c4a1c12,0c49166273014487baa157c538b5a932,USGS-03274615,00065,00011,2023-01-16 16:15:00+00:00,2.49,ft,Approved,,2025-09-01 20:21:53.716170+00:00
,,ac654e14-e88e-41db-83f9-ac677f518dda,0c49166273014487baa157c538b5a932,USGS-03274615,00065,00011,2023-01-16 16:00:00+00:00,2.50,ft,Approved,,2025-09-01 20:21:53.716170+00:00
,,31c542de-1c83-4241-895a-9792588e764b,0c49166273014487baa157c538b5a932,USGS-03274615,00065,00011,2023-01-16 15:45:00+00:00,2.51,ft,Approved,,2025-09-01 20:21:53.716170+00:00
,,ae4ccaba-2efb-466b-8cb8-9f94c1f32ede,0c49166273014487baa157c538b5a932,USGS-03274615,00065,00011,2023-01-16 15:30:00+00:00,2.52,ft,Approved,,2025-09-01 20:21:53.716170+00:00
,,db85e977-0952-4681-96ca-9ba1b5630704,0c49166273014487baa157c538b5a932,USGS-03274615,00065,00011,2023-01-16 15:15:00+00:00,2.52,ft,Approved,,2025-09-01 20:21:53.716170+00:00
,,3b4b490b-8571-4a19-81aa-d94a88fa18ce,0c49166273014487baa157c538b5a932,USGS-03274615,00065,00011,2023-01-16 15:00:00+00:00,2.52,ft,Approved,,2025-09-01 20:21:53.716170+00:00
,,3068c0fb-44c1-449d-8eb7-8ab982a62c0a,0c49166273014487baa157c538b5a932,USGS-03274615,00065,00011,2023-01-16 14:45:00+00:00,2.53,ft,Approved,,2025-09-01 20:21:53.716170+00:00
,,17cef068-9e6e-4972-9b67-4e7542e9cd33,0c49166273014487baa157c538b5a932,USGS-03274615,00065,00011,2023-01-16 14:30:00+00:00,2.54,ft,Approved,,2025-09-01 20:21:53.716170+00:00
,,9b7a1978-6750-4e9b-bdea-800e2f2826e8,0c49166273014487baa157c538b5a932,USGS-03274615,00065,00011,2023-01-16 14:15:00+00:00,2.54,ft,Approved,,2025-09-01 20:21:53.716170+00:00
,,f81325e1-b6b0-4b7a-8f30-f21b8c4f48ca,0c49166273014487baa157c538b5a932,USGS-03274615,00065,00011,2023-01-16 14:00:00+00:00,2.55,ft,Approved,,2025-09-01 20:21:53.716170+00:00
,,2283fcce-5462-43d3-aded-0e670cdee47c,0c49166273014487baa157c538b5a932,USGS-03274615,00065,00011,2023-01-16 13:45:00+00:00,2.56,ft,Approved,,2025-09-01 20:21:53.716170+00:00
,,82a9c999-81a8-4ff4-8874-a2642fcb9f80,0c49166273014487baa157c538b5a932,USGS-03274615,00065,00011,2023-01-16 13:30:00+00:00,2.56,ft,Approved,,2025-09-01 20:21:53.716170+00:00
,,9b0d7dbc-ce77-4985-92f7-38da1e4c626a,0c49166273014487baa157c538b5a932,USGS-03274615,00065,00011,2023-01-16 13:15:00+00:00,2.57,ft,Approved,,2025-09-01 20:21:53.716170+00:00
,,f40d7262-2e26-4b8f-8a67-2604a674d6e0,0c49166273014487baa157c538b5a932,USGS-03274615,00065,00011,2023-01-16 13:00:00+00:00,2.58,ft,Approved,,2025-09-01 20:21:53.716170+00:00
,,7c4408b2-019c-4307-a78b-bd7892835915,0c49166273014487baa157c538b5a932,USGS-03274615,00065,00011,2023-01-16 12:45:00+00:00,2.58,ft,Approved,,2025-09-01 20:21:53.716170+00:00
,,b35427cb-14dd-4191-be4c-21e22d15f371,0c49166273014487baa157c538b5a932,USGS-03274615,00065,00011,2023-01-16 12:30:00+00:00,2.58,ft,Approved,,2025-09-01 20:21:53.716170+00:00
,,407b48b4-a1e1-4762-9f09-a8e325c907a7,0c49166273014487baa157c538b5a932,USGS-03274615,00065,00011,2023-01-16 12:15:00+00:00,2.60,ft,Approved,,2025-09-01 20:21:53.716170+00:00
,,be3d85c3-1c71-4337-885e-5b51ed4e2413,0c49166273014487baa157c538b5a932,USGS-03274615,00065,00011,2023-01-16 12:00:00+00:00,2.60,ft,Approved,,2025-09-01 20:21:53.716170+00:00
,,8006f045-ebba-42bb-be1c-319077206014,0c49166273014487baa157c538b5a932,USGS-03274615,00065,00011,2023-01-16 11:45:00+00:00,2.61,ft,Approved,,2025-09-01 20:21:53.716170+00:00
,,48d22e1f-81e1-477f-b61c-c29ce91feb1c,0c49166273014487baa157c538b5a932,USGS-03274615,00065,00011,2023-01-16 11:30:00+00:00,2.62,ft,Approved,,2025-09-01 20:21:53.716170+00:00
,,2549c604-3713-44b7-9b41-1bc8650a1b3b,0c49166273014487baa157c538b5a932,USGS-03274615,00065,00011,2023-01-16 11:15:00+00:00,2.61,ft,Approved,,2025-09-01 20:21:53.716170+00:00
,,19145aba-5376-4b4d-9785-2ebd38a4e573,0c49166273014487baa157c538b5a932,USGS-03274615,00065,00011,2023-01-16 11:00:00+00:00,2.62,ft,Approved,,2025-09-01 20:21:53.716170+00:00
,,e71caeb4-d503-4453-bfc2-82914eca73de,0c49166273014487baa157c538b5a932,USGS-03274615,00065,00011,2023-01-16 10:45:00+00:00,2.64,ft,Approved,,2025-09-01 20:21:53.716170+00:00
,,84e09ed2-232e-4a79-ba7b-0639c5d6ce48,0c49166273014487baa157c538b5a932,USGS-03274615,00065,00011,2023-01-16 10:30:00+00:00,2.64,ft,Approved,,2025-09-01 20:21:53.716170+00:00
,,cd21fd53-8226-457d-b8cc-e49cca877437,0c49166273014487baa157c538b5a932,USGS-03274615,00065,00011,2023-01-16 10:15:00+00:00,2.65,ft,Approved,,2025-09-01 20:21:53.716170+00:00
,,3e9fbaa1-dfc8-4ffa-85c3-836a46326bd9,0c49166273014487baa157c538b5a932,USGS-03274615,00065,00011,2023-01-16 10:00:00+00:00,2.65,ft,Approved,,2025-09-01 20:21:53.716170+00:00
,,2a2cf55d-4136-4955-b1ed-0fd2853e5bb2,0c49166273014487baa157c538b5a932,USGS-03274615,00065,00011,2023-01-16 09:45:00+00:00,2.67,ft,Approved,,2025-09-01 20:21:53.716170+00:00
,,e6943095-7b39-4873-9184-f6b3058999da,0c49166273014487baa157c538b5a932,USGS-03274615,00065,00011,2023-01-16 09:30:00+00:00,2.66,ft,Approved,,2025-09-01 20:21:53.716170+00:00
,,2f5bd66f-a252-4bee-8369-12ab742156de,0c49166273014487baa157c538b5a932,USGS-03274615,00065,00011,2023-01-16 09:15:00+00:00,2.67,ft,Approved,,2025-09-01 20:21:53.716170+00:00
,,2ac6ef68-e10c-4714-a1a7-8328eb870cc9,0c49166273014487baa157c538b5a932,USGS-03274615,00065,00011,2023-01-16 09:00:00+00:00,2.68,ft,Approved,,2025-09-01 20:21:53.716170+00:00
,,529cb8dd-1eb9-41f1-9d19-cdc949c10ba0,0c49166273014487baa157c538b5a932,USGS-03274615,00065,00011,2023-01-16 08:45:00+00:00,2.68,ft,Approved,,2025-09-01 20:21:53.716170+00:00
,,80dd0f3b-96c4-4346-ad3e-97da9fbc7c57,0c49166273014487baa157c538b5a932,USGS-03274615,00065,00011,2023-01-16 08:30:00+00:00,2.70,ft,Approved,,2025-09-01 20:21:53.716170+00:00
,,e31aad4c-2dea-404e-b5d3-599d5b641f53,0c49166273014487baa157c538b5a932,USGS-03274615,00065,00011,2023-01-16 08:15:00+00:00,2.70,ft,Approved,,2025-09-01 20:21:53.716170+00:00
,,a705d29e-8bd6-4dea-83d8-8008f4a83f2a,0c49166273014487baa157c538b5a932,USGS-03274615,00065,00011,2023-01-16 08:00:00+00:00,2.70,ft,Approved,,2025-09-01 20:21:53.716170+00:00
,,96a5c0c9-08f5-4215-b578-403ca94b1ac7,0c49166273014487baa157c538b5a932,USGS-03274615,00065,00011,2023-01-16 07:45:00+00:00,2.71,ft,Approved,,2025-09-01 20:21:53.716170+00:00
,,29b5a005-29ac-4277-b550-89da45c43840,0c49166273014487baa157c538b5a932,USGS-03274615,00065,00011,2023-01-16 07:30:00+00:00,2.72,ft,Approved,,2025-09-01 20:21:53.716170+00:00
,,6848e335-cde4-42cb-a11c-12898548ed38,0c49166273014487baa157c538b5a932,USGS-03274615,00065,00011,2023-01-16 07:15:00+00:00,2.72,ft,Approved,,2025-09-01 20:21:53.716170+00:00
,,ac9683e4-6ab9-4df5-9ba5-ce1bb5b0b374,0c49166273014487baa157c538b5a932,USGS-03274615,00065,00011,2023-01-16 07:00:00+00:00,2.73,ft,Approved,,2025-09-01 20:21:53.716170+00:00
,,13b4c6eb-07c1-4013-9c49-5b1897903750,0c49166273014487baa157c538b5a932,USGS-03274615,00065,00011,2023-01-16 06:45:00+00:00,2.74,ft,Approved,,2025-09-01 20:21:53.716170+00:00
,,9c9a7c02-b7c2-48c3-ab88-234f1ec2da1b,0c49166273014487baa157c538b5a932,USGS-03274615,00065,00011,2023-01-16 06:30:00+00:00,2.75,ft,Approved,,2025-09-01 20:21:53.716170+00:00
,,d8363527-b9c4-4bb5-a14b-58f8a287a6ee,0c49166273014487baa157c538b5a932,USGS-03274615,00065,00011,2023-01-16 06:15:00+00:00,2.75,ft,Approved,,2025-09-01 20:21:53.716170+00:00
,,8f62a07a-0301-4474-9168-6c19743a6aaa,0c49166273014487baa157c538b5a932,USGS-03274615,00065,00011,2023-01-16 06:00:00+00:00,2.76,ft,Approved,,2025-09-01 20:21:53.716170+00:00
,,a0011e85-1e02-4737-965b-29a84bbd67be,0c49166273014487baa157c538b5a932,USGS-03274615,00065,00011,2023-01-16 05:45:00+00:00,2.77,ft,Approved,,2025-09-01 20:21:53.716170+00:00
,,93ee80ea-823d-4a2c-8f20-7ea7259c2c15,0c49166273014487baa157c538b5a932,USGS-03274615,00065,00011,2023-01-16 05:30:00+00:00,2.78,ft,Approved,,2025-09-01 20:21:53.716170+00:00
,,692722a6-74b5-4c3b-b1e8-a2c913752293,0c49166273014487baa157c538b5a932,USGS-03274615,00065,00011,2023-01-16 05:15:00+00:00,2.78,ft,Approved,,2025-09-01 20:21:53.716170+00:00
,,87156a9f-6418-420a-ae40-0dc7560f8022,0c49166273014487baa157c538b5a932,USGS-03274615,00065,00011,2023-01-16 05:00:00+00:00,2.79,ft,Approved,,2025-09-01 20:21:53.716170+00:00
,,bb8d0e71-7858-4948-aca3-9464c37b8e50,0c49166273014487baa157c538b5a932,USGS-03274615,00065,00011,2023-01-16 04:45:00+00:00,2.79,ft,Approved,,2025-09-01 20:21:53.716170+00:00
,,aa5403d4-651c-437c-a126-04df0acd38fe,0c49166273014487baa157c538b5a932,USGS-03274615,00065,00011,2023-01-16 04:30:00+00:00,2.81,ft,Approved,,2025-09-01 20:21:53.716170+00:00
,,adafa1c1-c9ac-4c0f-a3a5-3781ae0f025b,0c49166273014487baa157c538b5a932,USGS-03274615,00065,00011,2023-01-16 04:15:00+00:00,2.81,ft,Approved,,2025-09-01 20:21:53.716170+00:00
,,6cf658b3-e2ab-4e16-a535-93ec759e7103,0c49166273014487baa157c538b5a932,USGS-03274615,00065,00011,2023-01-16 04:00:00+00:00,2.82,ft,Approved,,2025-09-01 20:21:53.716170+00:00
,,a3c7a4cc-cc1a-461d-8f4c-f01210730761,0c49166273014487baa157c538b5a932,USGS-03274615,00065,00011,2023-01-16 03:45:00+00:00,2.82,ft,Approved,,2025-09-01 20:21:53.716170+00:00
,,f640b809-7e70-4d39-a381-0d47de2fbdc3,0c49166273014487baa157c538b5a932,USGS-03274615,00065,00011,2023-01-16 03:30:00+00:00,2.83,ft,Approved,,2025-09-01 20:21:53.716170+00:00
,,770e9747-6e5f-403a-a863-56760a3e1429,0c49166273014487baa157c538b5a932,USGS-03274615,00065,00011,2023-01-16 03:15:00+00:00,2.84,ft,Approved,,2025-09-01 20:21:53.716170+00:00
,,ef4f277e-b5be-445b-bfc3-ad7e55f8d786,0c49166273014487baa157c538b5a932,USGS-03274615,00065,00011,2023-01-16 03:00:00+00:00,2.85,ft,Approved,,2025-09-01 20:21:53.716170+00:00
,,9c70c037-fd57-4726-9392-165f24909868,0c49166273014487baa157c538b5a932,USGS-03274615,00065,00011,2023-01-16 02:45:00+00:00,2.85,ft,Approved,,2025-09-01 20:21:53.716170+00:00
,,64740020-5934-4c25-9dd9-e12de523ebd4,0c49166273014487baa157c538b5a932,USGS-03274615,00065,00011,2023-01-16 02:30:00+00:00,2.86,ft,Approved,,2025-09-01 20:21:53.716170+00:00
,,9885c266-01c0-4597-b4bd-6f458bc7503f,0c49166273014487baa157c538b5a932,USGS-03274615,00065,00011,2023-01-16 02:15:00+00:00,2.88,ft,Approved,,2025-09-01 20:21:53.716170+00:00
,,46e10b67-c965-4d65-879b-4492cf6918ea,0c49166273014487baa157c538b5a932,USGS-03274615,00065,00011,2023-01-16 02:00:00+00:00,2.88,ft,Approved,,2025-09-01 20:21:53.716170+00:00
,,9323299a-0cce-495d-b7ae-60391ac70e10,0c49166273014487baa157c538b5a932,USGS-03274615,00065,00011,2023-01-16 01:45:00+00:00,2.89,ft,Approved,,2025-09-01 20:21:53.716170+00:00
,,9da9861d-bc72-4dec-bf6c-e2280ffeaa57,0c49166273014487baa157c538b5a932,USGS-03274615,00065,00011,2023-01-16 01:30:00+00:00,2.89,ft,Approved,,2025-09-01 20:21:53.716170+00:00
,,6aedaef1-bf17-4924-9b2b-53ff165e7a9e,0c49166273014487baa157c538b5a932,USGS-03274615,00065,00011,2023-01-16 01:15:00+00:00,2.90,ft,Approved,,2025-09-01 20:21:53.716170+00:00
,,747758ea-7952-4ff1-9001-e999e6d3f1af,0c49166273014487baa157c538b5a932,USGS-03274615,00065,00011,2023-01-16 01:00:00+00:00,2.91,ft,Approved,,2025-09-01 20:21:53.716170+00:00
,,e1d662f8-82c5-4f8f-8a1b-8e5df3626965,0c49166273014487baa157c538b5a932,USGS-03274615,00065,00011,2023-01-16 00:45:00+00:00,2.91,ft,Approved,,2025-09-01 20:21:53.716170+00:00
,,b598210a-2bab-441a-a8e1-ff04eac32781,0c49166273014487baa157c538b5a932,USGS-03274615,00065,00011,2023-01-16 00:30:00+00:00,2.93,ft,Approved,,2025-09-01 20:21:53.716170+00:00
,,1072a2ad-18f5-4653-aedc-9faf7e48be10,0c49166273014487baa157c538b5a932,USGS-03274615,00065,00011,2023-01-16 00:15:00+00:00,2.94,ft,Approved,,2025-09-01 20:21:53.716170+00:00
,,6198d9da-0ac7-4dc1-a394-c80ab11df9b6,0c49166273014487baa157c538b5a932,USGS-03274615,00065,00011,2023-01-16 00:00:00+00:00,2.95,ft,Approved,,2025-09-01 20:21:53.716170+00:00
,,67c9a663-1811-4b31-9397-abd31828171d,0c49166273014487baa157c538b5a932,USGS-03274615,00065,00011,2023-01-15 23:45:00+00:00,2.95,ft,Approved,,2025-09-01 20:21:53.716170+00:00
,,c745d9a7-b8a3-4ff3-9ce8-50d82f4c9c35,0c49166273014487baa157c538b5a932,USGS-03274615,00065,00011,2023-01-15 23:30:00+00:00,2.95,ft,Approved,,2025-09-01 20:21:53.716170+00:00
,,2a2a1b4e-b63c-42cf-a69a-c2da1d67a3a6,0c49166273014487baa157c538b5a932,USGS-03274615,00065,00011,2023-01-15 23:15:00+00:00,2.96,ft,Approved,,2025-09-01 20:21:53.716170+00:00
,,03f894f4-e2b4-49bd-8729-5b26b7d07844,0c49166273014487baa157c538b5a932,USGS-03274615,00065,00011,2023-01-15 23:00:00+00:00,2.97,ft,Approved,,2025-09-01 20:21:53.716170+00:00
,,5d13874d-8c34-4fea-8313-543d91b767da,0c49166273014487baa157c538b5a932,USGS-03274615,00065,00011,2023-01-15 22:45:00+00:00,2.97,ft,Approved,,2025-09-01 20:21:53.716170+00:00
,,1647a89a-06a5-4cd5-9831-16ff60ab5c6e,0c49166273014487baa157c538b5a932,USGS-03274615,00065,00011,2023-01-15 22:30:00+00:00,2.99,ft,Approved,,2025-09-01 20:21:53.716170+00:00
,,821623d8-a40c-4418-9466-98478b3e7fdb,0c49166273014487baa157c538b5a932,USGS-03274615,00065,00011,2023-01-15 22:15:00+00:00,3.00,ft,Approved,,2025-09-01 20:21:53.716170+00:00
,,6775521e-9884-408c-b5cd-6c894efff3c5,0c49166273014487baa157c538b5a932,USGS-03274615,00065,00011,2023-01-15 22:00:00+00:00,3.00,ft,Approved,,2025-09-01 20:21:53.716170+00:00
,,6c310e07-40e4-4303-b1bd-ce0b4f0771b2,0c49166273014487baa157c538b5a932,USGS-03274615,00065,00011,2023-01-15 21:45:00+00:00,3.00,ft,Approved,,2025-09-01 20:21:53.716170+00:00
,,fb53ede7-024d-43fa-af7d-568877b570d0,0c49166273014487baa157c538b5a932,USGS-03274615,00065,00011,2023-01-15 21:30:00+00:00,3.00,ft,Approved,,2025-09-01 20:21:53.716170+00:00
,,496306ef-fd9e-443a-9c1f-e63bc93a1db8,0c49166273014487baa157c538b5a932,USGS-03274615,00065,00011,2023-01-15 21:15:00+00:00,3.03,ft,Approved,,2025-09-01 20:21:53.716170+00:00
,,8e4afa4f-df8c-47d9-8510-cfa9280a1ac2,0c49166273014487baa157c538b5a932,USGS-03274615,00065,00011,2023-01-15 21:00:00+00:00,3.02,ft,Approved,,2025-09-01 20:21:53.716170+00:00
,,5bb5c2dc-f558-437c-9b68-88d769783894,0c49166273014487baa157c538b5a932,USGS-03274615,00065,00011,2023-01-15 20:45:00+00:00,3.03,ft,Approved,,2025-09-01 20:21:53.716170+00:00
,,9b058efe-4f50-48a4-ab86-4d44df1e0a17,0c49166273014487baa157c538b5a932,USGS-03274615,00065,00011,2023-01-15 20:30:00+00:00,3.04,ft,Approved,,2025-09-01 20:21:53.716170+00:00
,,932faaaa-c1ee-4beb-ba78-f487aaef4328,0c49166273014487baa157c538b5a932,USGS-03274615,00065,00011,2023-01-15 20:15:00+00:00,3.04,ft,Approved,,2025-09-01 20:21:53.716170+00:00
,,733b9761-1d34-44d3-9a83-5cfa7fbac6eb,0c49166273014487baa157c538b5a932,USGS-03274615,00065,00011,2023-01-15 20:00:00+00:00,3.04,ft,Approved,,2025-09-01 20:21:53.716170+00:00
,,15849359-68d3-49d9-b989-0227a1c9a876,0c49166273014487baa157c538b5a932,USGS-03274615,00065,00011,2023-01-15 19:45:00+00:00,3.05,ft,Approved,,2025-09-01 20:21:53.716170+00:00
,,65cb432b-f579-4da7-9517-30f38ede2658,0c49166273014487baa157c538b5a932,USGS-03274615,00065,00011,2023-01-15 19:30:00+00:00,3.07,ft,Approved,,2025-09-01 20:21:53.716170+00:00
,,8323e5c9-4286-4528-aafd-4c3ae6b961a9,0c49166273014487baa157c538b5a932,USGS-03274615,00065,00011,2023-01-15 19:15:00+00:00,3.04,ft,Approved,,2025-09-01 20:21:53.716170+00:00
,,70f97261-47f4-4da1-93bd-912d32ed45eb,0c49166273014487baa157c538b5a932,USGS-03274615,00065,00011,2023-01-15 19:00:00+00:00,3.08,ft,Approved,,2025-09-01 20:21:53.716170+00:00
,,434096a9-eba6-4e4a-b74d-d3255ad462be,0c49166273014487baa157c538b5a932,USGS-03274615,00065,00011,2023-01-15 18:45:00+00:00,3.10,ft,Approved,,2025-09-01 20:21:53.716170+00:00
,,5af3cb74-757b-494d-9382-8d85322e3f88,0c49166273014487baa157c538b5a932,USGS-03274615,00065,00011,2023-01-15 18:30:00+00:00,3.11,ft,Approved,,2025-09-01 20:21:53.716170+00:00
,,359fa993-9eeb-4396-a407-1aa10a25c15d,0c49166273014487baa157c538b5a932,USGS-03274615,00065,00011,2023-01-15 18:15:00+00:00,3.12,ft,Approved,,2025-09-01 20:21:53.716170+00:00
,,6402c64d-1ac0-4c84-b99d-eee203c44483,0c49166273014487baa157c538b5a932,USGS-03274615,00065,00011,2023-01-15 18:00:00+00:00,3.12,ft,Approved,,2025-09-01 20:21:53.716170+00:00
,,84faf7d9-32d8-4061-83c1-70250021af46,0c49166273014487baa157c538b5a932,USGS-03274615,00065,00011,2023-01-15 17:45:00+00:00,3.10,ft,Approved,,2025-09-01 20:21:53.716170+00:00
,,823751c9-c43d-44d8-b8a6-e8479721f576,0c49166273014487baa157c538b5a932,USGS-03274615,00065,00011,2023-01-15 17:30:00+00:00,3.12,ft,Approved,,2025-09-01 20:21:53.716170+00:00
,,029592f8-182d-40d4-84a4-bbcde0dbedf4,0c49166273014487baa157c538b5a932,USGS-03274615,00065,00011,2023-01-15 17:15:00+00:00,3.11,ft,Approved,,2025-09-01 20:21:53.716170+00:00
,,cfcb9581-7c96-4d48-9d02-0d1f98d889e8,0c49166273014487baa157c538b5a932,USGS-03274615,00065,00011,2023-01-15 17:00:00+00:00,3.15,ft,Approved,,2025-09-01 20:21:53.716170+00:00
,,d19aaedf-3655-4cf5-9bc0-8241e61bda4d,0c49166273014487baa157c538b5a932,USGS-03274615,00065,00011,2023-01-15 16:45:00+00:00,3.17,ft,Approved,,2025-09-01 20:21:53.716170+00:00
,,4eda5d98-23fc-43c5-a340-150ad80e5c75,0c49166273014487baa157c538b5a932,USGS-03274615,00065,00011,2023-01-15 16:30:00+00:00,3.18,ft,Approved,,2025-09-01 20:21:53.716170+00:00
,,2717f55c-3666-40dc-ab5b-35caf7fcfb8a,0c49166273014487baa157c538b5a932,USGS-03274615,00065,00011,2023-01-15 16:15:00+00:00,3.18,ft,Approved,,2025-09-01 20:21:53.716170+00:00
,,99cd2f16-0f8f-4205-a64e-429f6ce3cac3,0c49166273014487baa157c538b5a932,USGS-03274615,00065,00011,2023-01-15 16:00:00+00:00,3.16,ft,Approved,,2025-09-01 20:21:53.716170+00:00
,,49612fb1-8795-43ad-bc38-7a936594205b,0c49166273014487baa157c538b5a932,USGS-03274615,00065,00011,2023-01-15 15:45:00+00:00,3.19,ft,Approved,,2025-09-01 20:21:53.716170+00:00
,,6791256b-ed9e-40db-b7e0-758927bfad09,0c49166273014487baa157c538b5a932,USGS-03274615,00065,00011,2023-01-15 15:30:00+00:00,3.21,ft,Approved,,2025-09-01 20:21:53.716170+00:00
,,901e1ddd-95be-4e8a-9796-1ed4e6c30f75,0c49166273014487baa157c538b5a932,USGS-03274615,00065,00011,2023-01-15 15:15:00+00:00,3.21,ft,Approved,,2025-09-01 20:21:53.716170+00:00
,,51218b40-4e58-4b4b-bd42-375fd6240f04,0c49166273014487baa157c538b5a932,USGS-03274615,00065,00011,2023-01-15 15:00:00+00:00,3.22,ft,Approved,,2025-09-01 20:21:53.716170+00:00
,,66bb8a3a-8621-4fec-aedf-1e3e2379ae3f,0c49166273014487baa157c538b5a932,USGS-03274615,00065,00011,2023-01-15 14:45:00+00:00,3.24,ft,Approved,,2025-09-01 20:21:53.716170+00:00
,,ba7bfb04-e0d7-4c20-8b9f-b182d83d1840,0c49166273014487baa157c538b5a932,USGS-03274615,00065,00011,2023-01-15 14:30:00+00:00,3.24,ft,Approved,,2025-09-01 20:21:53.716170+00:00
,,73e5c56f-a3c3-4c67-be84-0b5d0d14f99c,0c49166273014487baa157c538b5a932,USGS-03274615,00065,00011,2023-01-15 14:15:00+00:00,3.25,ft,Approved,,2025-09-01 20:21:53.716170+00:00
,,e5e26b86-6d39-4474-9f4e-a5fbc53e1706,0c49166273014487baa157c538b5a932,USGS-03274615,00065,00011,2023-01-15 14:00:00+00:00,3.25,ft,Approved,,2025-09-01 20:21:53.716170+00:00
,,33365140-8f34-4703-8092-3b1cb0ff561e,0c49166273014487baa157c538b5a932,USGS-03274615,00065,00011,2023-01-15 13:45:00+00:00,3.28,ft,Approved,,2025-09-01 20:21:53.716170+00:00
,,2c073079-587a-4b01-b12b-7b7760730d0a,0c49166273014487baa157c538b5a932,USGS-03274615,00065,00011,2023-01-15 13:30:00+00:00,3.27,ft,Approved,,2025-09-01 20:21:53.716170+00:00
,,a03ac5f6-d5e1-43c0-83ca-7ee8eb3af9ad,0c49166273014487baa157c538b5a932,USGS-03274615,00065,00011,2023-01-15 13:15:00+00:00,3.28,ft,Approved,,2025-09-01 20:21:53.716170+00:00
,,14ff4791-98ef-4305-bd59-159d0c795dbe,0c49166273014487baa157c538b5a932,USGS-03274615,00065,00011,2023-01-15 13:00:00+00:00,3.28,ft,Approved,,2025-09-01 20:21:53.716170+00:00
,,9836a908-d788-4117-9110-9c7275c63f18,0c49166273014487baa157c538b5a932,USGS-03274615,00065,00011,2023-01-15 12:45:00+00:00,3.31,ft,Approved,,2025-09-01 20:21:53.716170+00:00
,,2ca4bc05-f382-4f66-95b8-535db2a4964d,0c49166273014487baa157c538b5a932,USGS-03274615,00065,00011,2023-01-15 12:30:00+00:00,3.31,ft,Approved,,2025-09-01 20:21:53.716170+00:00
,,9369a683-8222-43c1-946c-a4e1a20337ed,0c49166273014487baa157c538b5a932,USGS-03274615,00065,00011,2023-01-15 12:15:00+00:00,3.32,ft,Approved,,2025-09-01 20:21:53.716170+00:00
,,951ee7ad-9f65-4e8e-a798-6fc66052459b,0c49166273014487baa157c538b5a932,USGS-03274615,00065,00011,2023-01-15 12:00:00+00:00,3.31,ft,Approved,,2025-09-01 20:21:53.716170+00:00
,,1efd141a-6f68-43f1-b06c-b94d302599de,0c49166273014487baa157c538b5a932,USGS-03274615,00065,00011,2023-01-15 11:45:00+00:00,3.32,ft,Approved,,2025-09-01 20:21:53.716170+00:00
,,21462f36-c3c7-40b7-b6ed-01449a6f1d52,0c49166273014487baa157c538b5a932,USGS-03274615,00065,00011,2023-01-15 11:30:00+00:00,3.32,ft,Approved,,2025-09-01 20:21:53.716170+00:00
,,237a6069-62d3-428a-b74f-ec7de8558b10,0c49166273014487baa157c538b5a932,USGS-03274615,00065,00011,2023-01-15 11:15:00+00:00,3.34,ft,Approved,,2025-09-01 20:21:53.716170+00:00
,,495ca033-7952-420a-a13d-d4b71899c750,0c49166273014487baa157c538b5a932,USGS-03274615,00065,00011,2023-01-15 11:00:00+00:00,3.34,ft,Approved,,2025-09-01 20:21:53.716170+00:00
,,83d20f74-7124-4859-b068-0c6c6221e332,0c49166273014487baa157c538b5a932,USGS-03274615,00065,00011,2023-01-15 10:45:00+00:00,3.35,ft,Approved,,2025-09-01 20:21:53.716170+00:00
,,52556933-4671-4c3f-bd89-21156415f9be,0c49166273014487baa157c538b5a932,USGS-03274615,00065,00011,2023-01-15 10:30:00+00:00,3.35,ft,Approved,,2025-09-01 20:21:53.716170+00:00
,,d2a620be-0191-43bc-8daf-084208d5987a,0c49166273014487baa157c538b5a932,USGS-03274615,00065,00011,2023-01-15 10:15:00+00:00,3.35,ft,Approved,,2025-09-01 20:21:53.716170+00:00
,,b983a3c8-0b4c-4aea-a5e6-7f2ebac19557,0c49166273014487baa157c538b5a932,USGS-03274615,00065,00011,2023-01-15 10:00:00+00:00,3.36,ft,Approved,,2025-09-01 20:21:53.716170+00:00
,,234a18ea-18a7-4e8f-9866-037a6d022b0d,0c49166273014487baa157c538b5a932,USGS-03274615,00065,00011,2023-01-15 09:45:00+00:00,3.38,ft,Approved,,2025-09-01 20:21:53.716170+00:00
,,a0c0c774-3122-4b4a-8eee-603803bfc4eb,0c49166273014487baa157c538b5a932,USGS-03274615,00065,00011,2023-01-15 09:30:00+00:00,3.38,ft,Approved,,2025-09-01 20:21:53.716170+00:00
,,7649adfd-25f6-41a2-9e30-e39f950ae92b,0c49166273014487baa157c538b5a932,USGS-03274615,00065,00011,2023-01-15 09:15:00+00:00,3.39,ft,Approved,,2025-09-01 20:21:53.716170+00:00
,,d4066219-2f7e-43f3-98e9-212b239c7e18,0c49166273014487baa157c538b5a932,USGS-03274615,00065,00011,2023-01-15 09:00:00+00:00,3.39,ft,Approved,,2025-09-01 20:21:53.716170+00:00
,,de6ea432-c7c3-45f9-9826-f7c84cca0803,0c49166273014487baa157c538b5a932,USGS-03274615,00065,00011,2023-01-15 08:45:00+00:00,3.41,ft,Approved,,2025-09-01 20:21:53.716170+00:00
,,5a97fb4b-8eda-4ecf-8b6f-40176d53d194,0c49166273014487baa157c538b5a932,USGS-03274615,00065,00011,2023-01-15 08:30:00+00:00,3.42,ft,Approved,,2025-09-01 20:21:53.716170+00:00
,,5ea95e44-248c-40c9-a1cd-b510669a7620,0c49166273014487baa157c538b5a932,USGS-03274615,00065,00011,2023-01-15 08:15:00+00:00,3.43,ft,Approved,,2025-09-01 20:21:53.716170+00:00
,,51053bb4-d80f-48c7-a20c-dd8269d3bdb9,0c49166273014487baa157c538b5a932,USGS-03274615,00065,00011,2023-01-15 08:00:00+00:00,3.43,ft,Approved,,2025-09-01 20:21:53.716170+00:00
,,a6879afd-0b1e-411a-afbf-a1c09dd0ef06,0c49166273014487baa157c538b5a932,USGS-03274615,00065,00011,2023-01-15 07:45:00+00:00,3.42,ft,Approved,,2025-09-01 20:21:53.716170+00:00
,,3d99e7a6-d834-4722-92d6-2967ef080fb6,0c49166273014487baa157c538b5a932,USGS-03274615,00065,00011,2023-01-15 07:30:00+00:00,3.44,ft,Approved,,2025-09-01 20:21:53.716170+00:00
,,9db24afc-29bc-4c25-af3d-5f374ef71521,0c49166273014487baa157c538b5a932,USGS-03274615,00065,00011,2023-01-15 07:15:00+00:00,3.45,ft,Approved,,2025-09-01 20:21:53.716170+00:00
,,87c45744-9be3-4a0c-b491-6b49f42cb320,0c49166273014487baa157c538b5a932,USGS-03274615,00065,00011,2023-01-15 07:00:00+00:00,3.43,ft,Approved,,2025-09-01 20:21:53.716170+00:00
,,e390149a-de8b-4496-814c-0dea4d2cebcd,0c49166273014487baa157c538b5a932,USGS-03274615,00065,00011,2023-01-15 06:45:00+00:00,3.47,ft,Approved,,2025-09-01 20:21:53.716170+00:00
,,f335a2ee-ce54-460f-8a19-bf1eaae171bd,0c49166273014487baa157c538b5a932,USGS-03274615,00065,00011,2023-01-15 06:30:00+00:00,3.48,ft,Approved,,2025-09-01 20:21:53.716170+00:00
,,fb4ff24e-5136-4d1b-aa6f-63a42685f29b,0c49166273014487baa157c538b5a932,USGS-03274615,00065,00011,2023-01-15 06:15:00+00:00,3.49,ft,Approved,,2025-09-01 20:21:53.716170+00:00
,,ac02a7d9-81ca-41f0-ba7f-fb1a59be8f58,0c49166273014487baa157c538b5a932,USGS-03274615,00065,00011,2023-01-15 06:00:00+00:00,3.49,ft,Approved,,2025-09-01 20:21:53.716170+00:00
,,27935528-ebe0-403f-b4e5-bf9c5b779977,0c49166273014487baa157c538b5a932,USGS-03274615,00065,00011,2023-01-15 05:45:00+00:00,3.51,ft,Approved,,2025-09-01 20:21:53.716170+00:00
,,b6e97c59-2401-44ff-a238-455f09edf8ec,0c49166273014487baa157c538b5a932,USGS-03274615,00065,00011,2023-01-15 05:30:00+00:00,3.49,ft,Approved,,2025-09-01 20:21:53.716170+00:00
,,233f6bde-9bf6-4666-b129-ee453a0685d6,0c49166273014487baa157c538b5a932,USGS-03274615,00065,00011,2023-01-15 05:15:00+00:00,3.49,ft,Approved,,2025-09-01 20:21:53.716170+00:00
,,e36ed577-fa59-44d5-bed8-839855e6c4fb,0c49166273014487baa157c538b5a932,USGS-03274615,00065,00011,2023-01-15 05:00:00+00:00,3.52,ft,Approved,,2025-09-01 20:21:53.716170+00:00
,,1152f995-b2a8-431e-b2f1-103ca41bfe37,0c49166273014487baa157c538b5a932,USGS-03274615,00065,00011,2023-01-15 04:45:00+00:00,3.52,ft,Approved,,2025-09-01 20:21:53.716170+00:00
,,24716421-facf-49f8-9d3e-f44b56c096c3,0c49166273014487baa157c538b5a932,USGS-03274615,00065,00011,2023-01-15 04:30:00+00:00,3.53,ft,Approved,,2025-09-01 20:21:53.716170+00:00
,,508da9d8-3d6a-4fe6-9631-f4597f26bb93,0c49166273014487baa157c538b5a932,USGS-03274615,00065,00011,2023-01-15 04:15:00+00:00,3.53,ft,Approved,,2025-09-01 20:21:53.716170+00:00
,,dec8c7bc-9d55-4151-84e1-1c7a5e8e47b8,0c49166273014487baa157c538b5a932,USGS-03274615,00065,00011,2023-01-15 04:00:00+00:00,3.53,ft,Approved,,2025-09-01 20:21:53.716170+00:00
,,c588e801-a606-4b0e-91c0-404bb98cb82a,0c49166273014487baa157c538b5a932,USGS-03274615,00065,00011,2023-01-15 03:45:00+00:00,3.54,ft,Approved,,2025-09-01 20:21:53.716170+00:00
,,bde433fc-0d7e-4fae-8325-ecfd86b62afb,0c49166273014487baa157c538b5a932,USGS-03274615,00065,00011,2023-01-15 03:30:00+00:00,3.56,ft,Approved,,2025-09-01 20:21:53.716170+00:00
,,f01cc374-984e-4e24-b986-8b72ce842f2a,0c49166273014487baa157c538b5a932,USGS-03274615,00065,00011,2023-01-15 03:15:00+00:00,3.57,ft,Approved,,2025-09-01 20:21:53.716170+00:00
,,d6b97522-4485-48b2-aa7e-d05099e89d15,0c49166273014487baa157c538b5a932,USGS-03274615,00065,00011,2023-01-15 03:00:00+00:00,3.57,ft,Approved,,2025-09-01 20:21:53.716170+00:00
,,72e56e97-6200-4e6b-8006-62b42c175aae,0c49166273014487baa157c538b5a932,USGS-03274615,00065,00011,2023-01-15 02:45:00+00:00,3.58,ft,Approved,,2025-09-01 20:21:53.716170+00:00
,,7c9c7558-8d07-441e-a9e8-eacd68242399,0c49166273014487baa157c538b5a932,USGS-03274615,00065,00011,2023-01-15 02:30:00+00:00,3.59,ft,Approved,,2025-09-01 20:21:53.716170+00:00
,,f1f55405-a774-4db7-ad8b-fd409454cef1,0c49166273014487baa157c538b5a932,USGS-03274615,00065,00011,2023-01-15 02:15:00+00:00,3.57,ft,Approved,,2025-09-01 20:21:53.716170+00:00
,,a2c41966-7b8b-44db-ab8f-14d796c3f428,0c49166273014487baa157c538b5a932,USGS-03274615,00065,00011,2023-01-15 02:00:00+00:00,3.60,ft,Approved,,2025-09-01 20:21:53.716170+00:00
,,5ccf9d02-bd83-4113-8f5b-8baf23db573d,0c49166273014487baa157c538b5a932,USGS-03274615,00065,00011,2023-01-15 01:45:00+00:00,3.60,ft,Approved,,2025-09-01 20:21:53.716170+00:00
,,200b8a3d-6d14-4700-a289-dc4147e60368,0c49166273014487baa157c538b5a932,USGS-03274615,00065,00011,2023-01-15 01:30:00+00:00,3.61,ft,Approved,,2025-09-01 20:21:53.716170+00:00
,,e0d31eba-bbb6-4376-aba6-2db4a977c27e,0c49166273014487baa157c538b5a932,USGS-03274615,00065,00011,2023-01-15 01:15:00+00:00,3.61,ft,Approved,,2025-09-01 20:21:53.716170+00:00
,,2915dbc3-f937-4365-af80-74ea26b4c11f,0c49166273014487baa157c538b5a932,USGS-03274615,00065,00011,2023-01-15 01:00:00+00:00,3.61,ft,Approved,,2025-09-01 20:21:53.716170+00:00
,,1a964d0c-80d4-412d-930b-097ab5542ecf,0c49166273014487baa157c538b5a932,USGS-03274615,00065,00011,2023-01-15 00:45:00+00:00,3.63,ft,Approved,,2025-09-01 20:21:53.716170+00:00
,,111d5ed6-154f-4c79-9d40-e88638f3acab,0c49166273014487baa157c538b5a932,USGS-03274615,00065,00011,2023-01-15 00:30:00+00:00,3.64,ft,Approved,,2025-09-01 20:21:53.716170+00:00
,,ba347ccc-8553-4957-9633-896c0178c33c,0c49166273014487baa157c538b5a932,USGS-03274615,00065,00011,2023-01-15 00:15:00+00:00,3.64,ft,Approved,,2025-09-01 20:21:53.716170+00:00
,,5e501acc-7b61-4e07-a789-0775f4855158,0c49166273014487baa157c538b5a932,USGS-03274615,00065,00011,2023-01-15 00:00:00+00:00,3.64,ft,Approved,,2025-09-01 20:21:53.716170+00:00
,,91f81498-0f15-490e-aa2e-d98c82d40b02,0c49166273014487baa157c538b5a932,USGS-03274615,00065,00011,2023-01-14 23:45:00+00:00,3.66,ft,Approved,,2025-09-01 20:21:53.716170+00:00
,,ca57d626-4080-4025-b1b7-5f0113b88b26,0c49166273014487baa157c538b5a932,USGS-03274615,00065,00011,2023-01-14 23:30:00+00:00,3.66,ft,Approved,,2025-09-01 20:21:53.716170+00:00
,,c50270f5-7977-4e75-b024-a936277a8582,0c49166273014487baa157c538b5a932,USGS-03274615,00065,00011,2023-01-14 23:15:00+00:00,3.66,ft,Approved,,2025-09-01 20:21:53.716170+00:00
,,4dba8481-1527-4da9-9a44-dfd9958c75ca,0c49166273014487baa157c538b5a932,USGS-03274615,00065,00011,2023-01-14 23:00:00+00:00,3.67,ft,Approved,,2025-09-01 20:21:53.716170+00:00
,,328f8198-0d37-481b-832b-a49df6c6660a,0c49166273014487baa157c538b5a932,USGS-03274615,00065,00011,2023-01-14 22:45:00+00:00,3.68,ft,Approved,,2025-09-01 20:21:53.716170+00:00
,,8d54ce33-d31a-4c97-b55f-f818f8692625,0c49166273014487baa157c538b5a932,USGS-03274615,00065,00011,2023-01-14 22:30:00+00:00,3.67,ft,Approved,,2025-09-01 20:21:53.716170+00:00
,,f3892bae-b166-43e9-8181-af89ad34c6ca,0c49166273014487baa157c538b5a932,USGS-03274615,00065,00011,2023-01-14 22:15:00+00:00,3.67,ft,Approved,,2025-09-01 20:21:53.716170+00:00
,,5935ec3e-59ae-4dd3-8f3b-9ae5d123ce8c,0c49166273014487baa157c538b5a932,USGS-03274615,00065,00011,2023-01-14 22:00:00+00:00,3.68,ft,Approved,,2025-09-01 20:21:53.716170+00:00
,,b1a204d1-2786-4061-b9c0-687cc649f8f0,0c49166273014487baa157c538b5a932,USGS-03274615,00065,00011,2023-01-14 21:45:00+00:00,3.69,ft,Approved,,2025-09-01 20:21:53.716170+00:00
,,4572c37c-f176-48e4-a7d8-f2aebc535d12,0c49166273014487baa157c538b5a932,USGS-03274615,00065,00011,2023-01-14 21:30:00+00:00,3.69,ft,Approved,,2025-09-01 20:21:53.716170+00:00
,,8582d7de-4951-4bad-928b-7b55df3f424c,0c49166273014487baa157c538b5a932,USGS-03274615,00065,00011,2023-01-14 21:15:00+00:00,3.71,ft,Approved,,2025-09-01 20:21:53.716170+00:00
,,c1844df8-cd65-45d6-b6de-2832c09eeae1,0c49166273014487baa157c538b5a932,USGS-03274615,00065,00011,2023-01-14 21:00:00+00:00,3.72,ft,Approved,,2025-09-01 20:21:53.716170+00:00
,,7276975f-17e2-4902-a107-1667e0ff0c97,0c49166273014487baa157c538b5a932,USGS-03274615,00065,00011,2023-01-14 20:45:00+00:00,3.70,ft,Approved,,2025-09-01 20:21:53.716170+00:00
,,6a509e1b-20af-4437-9d7b-7f47e98341a6,0c49166273014487baa157c538b5a932,USGS-03274615,00065,00011,2023-01-14 20:30:00+00:00,3.73,ft,Approved,,2025-09-01 20:21:53.716170+00:00
,,97505065-d578-4c7b-ae9b-e6de7322f7a3,0c49166273014487baa157c538b5a932,USGS-03274615,00065,00011,2023-01-14 20:15:00+00:00,3.74,ft,Approved,,2025-09-01 20:21:53.716170+00:00
,,89877dab-18ca-43bd-a722-10fb99ce161f,0c49166273014487baa157c538b5a932,USGS-03274615,00065,00011,2023-01-14 20:00:00+00:00,3.74,ft,Approved,,2025-09-01 20:21:53.716170+00:00
,,86e64f4d-64c8-4b0b-b9ee-951d8d40c4f3,0c49166273014487baa157c538b5a932,USGS-03274615,00065,00011,2023-01-14 19:45:00+00:00,3.74,ft,Approved,,2025-09-01 20:21:53.716170+00:00
,,babe4aae-ce92-4c45-881c-59f3a1b9da52,0c49166273014487baa157c538b5a932,USGS-03274615,00065,00011,2023-01-14 19:30:00+00:00,3.73,ft,Approved,,2025-09-01 20:21:53.716170+00:00
,,fa661b60-4053-4c54-bbe5-5688fa14f3ca,0c49166273014487baa157c538b5a932,USGS-03274615,00065,00011,2023-01-14 19:15:00+00:00,3.75,ft,Approved,,2025-09-01 20:21:53.716170+00:00
,,06838adb-daf7-4fb8-a158-26c237ba3387,0c49166273014487baa157c538b5a932,USGS-03274615,00065,00011,2023-01-14 19:00:00+00:00,3.75,ft,Approved,,2025-09-01 20:21:53.716170+00:00
,,13a85ea5-dae0-42fe-8284-8d7ee895411e,0c49166273014487baa157c538b5a932,USGS-03274615,00065,00011,2023-01-14 18:45:00+00:00,3.76,ft,Approved,,2025-09-01 20:21:53.716170+00:00
,,39564c77-a8ce-4bea-b8b8-7aed8ebea418,0c49166273014487baa157c538b5a932,USGS-03274615,00065,00011,2023-01-14 18:30:00+00:00,3.75,ft,Approved,,2025-09-01 20:21:53.716170+00:00
,,137e8568-b1f0-490d-b913-f3b39eb0bef5,0c49166273014487baa157c538b5a932,USGS-03274615,00065,00011,2023-01-14 18:15:00+00:00,3.75,ft,Approved,,2025-09-01 20:21:53.716170+00:00
,,9ee4caa8-5a58-4bec-a37e-a10d7ab4d429,0c49166273014487baa157c538b5a932,USGS-03274615,00065,00011,2023-01-14 18:00:00+00:00,3.77,ft,Approved,,2025-09-01 20:21:53.716170+00:00
,,390e0fab-9498-4a0f-b1a8-808420eb65be,0c49166273014487baa157c538b5a932,USGS-03274615,00065,00011,2023-01-14 17:45:00+00:00,3.77,ft,Approved,,2025-09-01 20:21:53.716170+00:00
,,81ea1953-007e-41e1-a5a7-4285b7e4e4be,0c49166273014487baa157c538b5a932,USGS-03274615,00065,00011,2023-01-14 17:30:00+00:00,3.75,ft,Approved,,2025-09-01 20:21:53.716170+00:00
,,f0f38fab-241c-4f99-b63c-6d13bdbd4240,0c49166273014487baa157c538b5a932,USGS-03274615,00065,00011,2023-01-14 17:15:00+00:00,3.76,ft,Approved,,2025-09-01 20:21:53.716170+00:00
,,ab8ec409-3872-4509-afe7-f366e179711d,0c49166273014487baa157c538b5a932,USGS-03274615,00065,00011,2023-01-14 17:00:00+00:00,3.77,ft,Approved,,2025-09-01 20:21:53.716170+00:00
,,4338caba-87eb-4e92-8fe8-e66b07e736ae,0c49166273014487baa157c538b5a932,USGS-03274615,00065,00011,2023-01-14 16:45:00+00:00,3.76,ft,Approved,,2025-09-01 20:21:53.716170+00:00
,,4861f824-144a-4df6-8c44-32d5060a4f7e,0c49166273014487baa157c538b5a932,USGS-03274615,00065,00011,2023-01-14 16:30:00+00:00,3.76,ft,Approved,,2025-09-01 20:21:53.716170+00:00
,,dbe6860b-b801-47aa-b1df-2c46d785d7d2,0c49166273014487baa157c538b5a932,USGS-03274615,00065,00011,2023-01-14 16:15:00+00:00,3.77,ft,Approved,,2025-09-01 20:21:53.716170+00:00
,,dfa317fd-8a6c-46ec-9fef-b5a8aed6c66a,0c49166273014487baa157c538b5a932,USGS-03274615,00065,00011,2023-01-14 16:00:00+00:00,3.76,ft,Approved,,2025-09-01 20:21:53.716170+00:00
,,f05c5a5a-c73f-49aa-854b-129ad4d5c3ab,0c49166273014487baa157c538b5a932,USGS-03274615,00065,00011,2023-01-14 15:45:00+00:00,3.77,ft,Approved,,2025-09-01 20:21:53.716170+00:00
,,89690880-3a5a-44ed-a708-ebe0f459ace1,0c49166273014487baa157c538b5a932,USGS-03274615,00065,00011,2023-01-14 15:30:00+00:00,3.76,ft,Approved,,2025-09-01 20:21:53.716170+00:00
,,4473ac3a-f864-4d71-8672-b23d4b5283e7,0c49166273014487baa157c538b5a932,USGS-03274615,00065,00011,2023-01-14 15:15:00+00:00,3.77,ft,Approved,,2025-09-01 20:21:53.716170+00:00
,,087f4502-9300-4f49-abf6-a5429cefb544,0c49166273014487baa157c538b5a932,USGS-03274615,00065,00011,2023-01-14 15:00:00+00:00,3.74,ft,Approved,,2025-09-01 20:21:53.716170+00:00
,,288b3106-2c77-41a9-93b4-3759cc08628b,0c49166273014487baa157c538b5a932,USGS-03274615,00065,00011,2023-01-14 14:45:00+00:00,3.76,ft,Approved,,2025-09-01 20:21:53.716170+00:00
,,bba4ec54-5dd2-4a4a-9cf1-e3ae0568d720,0c49166273014487baa157c538b5a932,USGS-03274615,00065,00011,2023-01-14 14:30:00+00:00,3.74,ft,Approved,,2025-09-01 20:21:53.716170+00:00
,,a1e328f2-5566-4610-839f-13e5b09808dd,0c49166273014487baa157c538b5a932,USGS-03274615,00065,00011,2023-01-14 14:15:00+00:00,3.74,ft,Approved,,2025-09-01 20:21:53.716170+00:00
,,1bad2b63-a1ee-43d2-9bb2-26aef41ef37d,0c49166273014487baa157c538b5a932,USGS-03274615,00065,00011,2023-01-14 14:00:00+00:00,3.73,ft,Approved,,2025-09-01 20:21:53.716170+00:00
,,346f2567-7c26-4c00-a533-c3c490092cb5,0c49166273014487baa157c538b5a932,USGS-03274615,00065,00011,2023-01-14 13:45:00+00:00,3.72,ft,Approved,,2025-09-01 20:21:53.716170+00:00
,,4e3c0ce9-6fdc-4751-ae52-c2a5ae0c385c,0c49166273014487baa157c538b5a932,USGS-03274615,00065,00011,2023-01-14 13:30:00+00:00,3.70,ft,Approved,,2025-09-01 20:21:53.716170+00:00
,,301b4545-0cf1-4668-847c-db3854c084c3,0c49166273014487baa157c538b5a932,USGS-03274615,00065,00011,2023-01-14 13:15:00+00:00,3.69,ft,Approved,,2025-09-01 20:21:53.716170+00:00
,,b11bbf14-afd6-47e7-a5e0-1aadc0756591,0c49166273014487baa157c538b5a932,USGS-03274615,00065,00011,2023-01-14 13:00:00+00:00,3.68,ft,Approved,,2025-09-01 20:21:53.716170+00:00
,,090bc1b5-7300-4c8b-b178-4cb002ff2777,0c49166273014487baa157c538b5a932,USGS-03274615,00065,00011,2023-01-14 12:45:00+00:00,3.67,ft,Approved,,2025-09-01 20:21:53.716170+00:00
,,1cb10cf2-292d-4fa0-a467-76d8c9d10a76,0c49166273014487baa157c538b5a932,USGS-03274615,00065,00011,2023-01-14 12:30:00+00:00,3.63,ft,Approved,,2025-09-01 20:21:53.716170+00:00
,,c06e1e6d-ebc2-44a8-a0cb-12ea04d62f7c,0c49166273014487baa157c538b5a932,USGS-03274615,00065,00011,2023-01-14 12:15:00+00:00,3.63,ft,Approved,,2025-09-01 20:21:53.716170+00:00
,,9cfeadd4-cf5e-47a2-8b3f-cffadfbde81c,0c49166273014487baa157c538b5a932,USGS-03274615,00065,00011,2023-01-14 12:00:00+00:00,3.60,ft,Approved,,2025-09-01 20:21:53.716170+00:00
,,00d8680a-de48-4638-a99f-89315d6c1057,0c49166273014487baa157c538b5a932,USGS-03274615,00065,00011,2023-01-14 11:45:00+00:00,3.57,ft,Approved,,2025-09-01 20:21:53.716170+00:00
,,d252dc79-4a7b-45f6-8368-38ecce7f98b8,0c49166273014487baa157c538b5a932,USGS-03274615,00065,00011,2023-01-14 11:30:00+00:00,3.55,ft,Approved,,2025-09-01 20:21:53.716170+00:00
,,a304a9be-79eb-4d8f-9094-554225be2949,0c49166273014487baa157c538b5a932,USGS-03274615,00065,00011,2023-01-14 11:15:00+00:00,3.52,ft,Approved,,2025-09-01 20:21:53.716170+00:00
,,010c0640-762a-44d9-abd7-583934a3b581,0c49166273014487baa157c538b5a932,USGS-03274615,00065,00011,2023-01-14 11:00:00+00:00,3.47,ft,Approved,,2025-09-01 20:21:53.716170+00:00
,,82549e0d-af1a-4c68-bc4d-03768cc607f2,0c49166273014487baa157c538b5a932,USGS-03274615,00065,00011,2023-01-14 10:45:00+00:00,3.43,ft,Approved,,2025-09-01 20:21:53.716170+00:00
,,42d5c434-f9c1-449c-9571-8593bb3e9825,0c49166273014487baa157c538b5a932,USGS-03274615,00065,00011,2023-01-14 10:30:00+00:00,3.40,ft,Approved,,2025-09-01 20:21:53.716170+00:00
,,c2c6e80d-503a-4437-aec1-452cd2ce8b9d,0c49166273014487baa157c538b5a932,USGS-03274615,00065,00011,2023-01-14 10:15:00+00:00,3.34,ft,Approved,,2025-09-01 20:21:53.716170+00:00
,,4e5628d6-a81c-419d-9b97-2c55048ff19e,0c49166273014487baa157c538b5a932,USGS-03274615,00065,00011,2023-01-14 10:00:00+00:00,3.30,ft,Approved,,2025-09-01 20:21:53.716170+00:00
,,e5814d06-d732-480f-b338-158f1830a57a,0c49166273014487baa157c538b5a932,USGS-03274615,00065,00011,2023-01-14 09:45:00+00:00,3.26,ft,Approved,,2025-09-01 20:21:53.716170+00:00
,,5e860763-8326-4870-8cc5-507ee23d5ca7,0c49166273014487baa157c538b5a932,USGS-03274615,00065,00011,2023-01-14 09:30:00+00:00,3.18,ft,Approved,,2025-09-01 20:21:53.716170+00:00
,,6811df8b-c6ec-405b-be4a-6d48fb474e08,0c49166273014487baa157c538b5a932,USGS-03274615,00065,00011,2023-01-14 09:15:00+00:00,3.13,ft,Approved,,2025-09-01 20:21:53.716170+00:00
,,fc01e1a2-c333-4598-a1ec-758c2935c7d4,0c49166273014487baa157c538b5a932,USGS-03274615,00065,00011,2023-01-14 09:00:00+00:00,3.08,ft,Approved,,2025-09-01 20:21:53.716170+00:00
,,2ab3c8e8-8a9f-4e0d-9a8a-3449a7f6e77a,0c49166273014487baa157c538b5a932,USGS-03274615,00065,00011,2023-01-14 08:45:00+00:00,3.02,ft,Approved,,2025-09-01 20:21:53.716170+00:00
,,2b776517-bdf9-4f56-a7b6-ae4d76e5c671,0c49166273014487baa157c538b5a932,USGS-03274615,00065,00011,2023-01-14 08:30:00+00:00,2.96,ft,Approved,,2025-09-01 20:21:53.716170+00:00
,,7763c531-3d88-4f6e-8306-7ada6fd1327e,0c49166273014487baa157c538b5a932,USGS-03274615,00065,00011,2023-01-14 08:15:00+00:00,2.91,ft,Approved,,2025-09-01 20:21:53.716170+00:00
,,92cefdf6-1636-4ce0-b669-9c0b7308141b,0c49166273014487baa157c538b5a932,USGS-03274615,00065,00011,2023-01-14 08:00:00+00:00,2.85,ft,Approved,,2025-09-01 20:21:53.716170+00:00
,,21b6fbd9-d311-46d5-8030-3f1eeffb1dfd,0c49166273014487baa157c538b5a932,USGS-03274615,00065,00011,2023-01-14 07:45:00+00:00,2.80,ft,Approved,,2025-09-01 20:21:53.716170+00:00
,,ba847af4-22f7-4941-a014-82d0b1a92b8d,0c49166273014487baa157c538b5a932,USGS-03274615,00065,00011,2023-01-14 07:30:00+00:00,2.76,ft,Approved,,2025-09-01 20:21:53.716170+00:00
,,bac9ed55-9444-4dc6-a9c8-382a5445b076,0c49166273014487baa157c538b5a932,USGS-03274615,00065,00011,2023-01-14 07:15:00+00:00,2.71,ft,Approved,,2025-09-01 20:21:53.716170+00:00
,,84052a1e-20df-415f-bd23-6b368bdc3bb4,0c49166273014487baa157c538b5a932,USGS-03274615,00065,00011,2023-01-14 07:00:00+00:00,2.67,ft,Approved,,2025-09-01 20:21:53.716170+00:00
,,67e995ed-14b7-4610-90f1-4916752878ce,0c49166273014487baa157c538b5a932,USGS-03274615,00065,00011,2023-01-14 06:45:00+00:00,2.66,ft,Approved,,2025-09-01 20:21:53.716170+00:00
,,af40cde3-c192-46bd-8145-f775c3759c24,0c49166273014487baa157c538b5a932,USGS-03274615,00065,00011,2023-01-14 06:30:00+00:00,2.62,ft,Approved,,2025-09-01 20:21:53.716170+00:00
,,4a8edfdc-aebf-41c8-af87-77394bfd3e8a,0c49166273014487baa157c538b5a932,USGS-03274615,00065,00011,2023-01-14 06:15:00+00:00,2.56,ft,Approved,,2025-09-01 20:21:53.716170+00:00
,,a65a7974-3938-4948-afaa-d9559db391fd,0c49166273014487baa157c538b5a932,USGS-03274615,00065,00011,2023-01-14 06:00:00+00:00,2.55,ft,Approved,,2025-09-01 20:21:53.716170+00:00
,,14106944-66a0-4c2a-b640-03c5aadcbe7f,0c49166273014487baa157c538b5a932,USGS-03274615,00065,00011,2023-01-14 05:45:00+00:00,2.53,ft,Approved,,2025-09-01 20:21:53.716170+00:00
,,6518771b-6cbb-4d9e-9585-c4b8ca845aee,0c49166273014487baa157c538b5a932,USGS-03274615,00065,00011,2023-01-14 05:30:00+00:00,2.49,ft,Approved,,2025-09-01 20:21:53.716170+00:00
,,9a037de2-a4b0-4c1d-a9ed-1ed146bcdcdf,0c49166273014487baa157c538b5a932,USGS-03274615,00065,00011,2023-01-14 05:15:00+00:00,2.40,ft,Approved,,2025-09-01 20:21:53.716170+00:00
,,67f33ff7-2263-4c02-b791-3f90a31f6988,0c49166273014487baa157c538b5a932,USGS-03274615,00065,00011,2023-01-14 05:00:00+00:00,2.41,ft,Approved,,2025-09-01 20:21:53.716170+00:00
,,c39711c0-35af-4d40-bbf2-a4a858dbe13d,0c49166273014487baa157c538b5a932,USGS-03274615,00065,00011,2023-01-14 04:45:00+00:00,2.46,ft,Approved,,2025-09-01 20:21:53.716170+00:00
,,8a6fa246-66db-415d-bb1d-4190f3755da3,0c49166273014487baa157c538b5a932,USGS-03274615,00065,00011,2023-01-14 04:30:00+00:00,2.44,ft,Approved,,2025-09-01 20:21:53.716170+00:00
,,09cd765f-e1af-47a8-95e4-b5c57ddf93d6,0c49166273014487baa157c538b5a932,USGS-03274615,00065,00011,2023-01-14 04:15:00+00:00,2.43,ft,Approved,,2025-09-01 20:21:53.716170+00:00
,,42e3be8c-412f-4fac-a9ea-b662b7868e66,0c49166273014487baa157c538b5a932,USGS-03274615,00065,00011,2023-01-14 04:00:00+00:00,2.42,ft,Approved,,2025-09-01 20:21:53.716170+00:00
,,ba83eaf9-4727-41fe-9def-918ffa50f98a,0c49166273014487baa157c538b5a932,USGS-03274615,00065,00011,2023-01-14 03:45:00+00:00,2.40,ft,Approved,,2025-09-01 20:21:53.716170+00:00
,,1b5dae06-62b0-4312-9880-8cc6683c908e,0c49166273014487baa157c538b5a932,USGS-03274615,00065,00011,2023-01-14 03:30:00+00:00,2.38,ft,Approved,,2025-09-01 20:21:53.716170+00:00
,,b32570d0-ab3d-44bb-b804-b5a739bfe7d2,0c49166273014487baa157c538b5a932,USGS-03274615,00065,00011,2023-01-14 03:15:00+00:00,2.37,ft,Approved,,2025-09-01 20:21:53.716170+00:00
,,db84ec0b-33e3-4eea-8468-c0603ba1b574,0c49166273014487baa157c538b5a932,USGS-03274615,00065,00011,2023-01-14 03:00:00+00:00,2.36,ft,Approved,,2025-09-01 20:21:53.716170+00:00
,,beb2e079-be44-4e8f-b45a-55c320568068,0c49166273014487baa157c538b5a932,USGS-03274615,00065,00011,2023-01-14 02:45:00+00:00,2.35,ft,Approved,,2025-09-01 20:21:53.716170+00:00
,,1fe3c2d5-60fd-435d-b55f-06de711dee1b,0c49166273014487baa157c538b5a932,USGS-03274615,00065,00011,2023-01-14 02:30:00+00:00,2.34,ft,Approved,,2025-09-01 20:21:53.716170+00:00
,,7ec5bc00-5575-4c48-99da-39ea23f8c510,0c49166273014487baa157c538b5a932,USGS-03274615,00065,00011,2023-01-14 02:15:00+00:00,2.34,ft,Approved,,2025-09-01 20:21:53.716170+00:00
,,e19eb62a-501f-4485-a237-288b9f6fcb05,0c49166273014487baa157c538b5a932,USGS-03274615,00065,00011,2023-01-14 02:00:00+00:00,2.33,ft,Approved,,2025-09-01 20:21:53.716170+00:00
,,294beb97-5853-4959-8b24-712f07724899,0c49166273014487baa157c538b5a932,USGS-03274615,00065,00011,2023-01-14 01:45:00+00:00,2.32,ft,Approved,,2025-09-01 20:21:53.716170+00:00
,,d2fe465a-60ef-411f-a7b5-ec52c3d6b628,0c49166273014487baa157c538b5a932,USGS-03274615,00065,00011,2023-01-14 01:30:00+00:00,2.31,ft,Approved,,2025-09-01 20:21:53.716170+00:00
,,019c139b-9908-469b-a5c1-4d56ef85e0ad,0c49166273014487baa157c538b5a932,USGS-03274615,00065,00011,2023-01-14 01:15:00+00:00,2.29,ft,Approved,,2025-09-01 20:21:53.716170+00:00
,,170f9f43-d1fa-434d-b1bc-5448013d4b77,0c49166273014487baa157c538b5a932,USGS-03274615,00065,00011,2023-01-14 01:00:00+00:00,2.28,ft,Approved,,2025-09-01 20:21:53.716170+00:00
,,6e21b445-9abe-4eeb-b400-5f108f68e016,0c49166273014487baa157c538b5a932,USGS-03274615,00065,00011,2023-01-14 00:45:00+00:00,2.29,ft,Approved,,2025-09-01 20:21:53.716170+00:00
,,5104bcd5-6acd-44ed-831d-96efc4b3d57b,0c49166273014487baa157c538b5a932,USGS-03274615,00065,00011,2023-01-14 00:30:00+00:00,2.29,ft,Approved,,2025-09-01 20:21:53.716170+00:00
,,74a15bb1-b8c2-4e22-86e1-01e67c02507f,0c49166273014487baa157c538b5a932,USGS-03274615,00065,00011,2023-01-14 00:15:00+00:00,2.26,ft,Approved,,2025-09-01 20:21:53.716170+00:00
,,dfb97c63-ca01-4e50-b37e-7e0ec8edca0c,0c49166273014487baa157c538b5a932,USGS-03274615,00065,00011,2023-01-14 00:00:00+00:00,2.28,ft,Approved,,2025-09-01 20:21:53.716170+00:00
,,3b0762d8-4247-418f-9a21-1a10b8b149d5,0c49166273014487baa157c538b5a932,USGS-03274615,00065,00011,2023-01-13 23:45:00+00:00,2.26,ft,Approved,,2025-09-01 20:21:53.716170+00:00
,,255545f7-9134-49cb-b2f8-ca4a86534c5b,0c49166273014487baa157c538b5a932,USGS-03274615,00065,00011,2023-01-13 23:30:00+00:00,2.27,ft,Approved,,2025-09-01 20:21:53.716170+00:00
,,79dcbca3-38f5-4a0c-ae3c-e8d9b67d40e7,0c49166273014487baa157c538b5a932,USGS-03274615,00065,00011,2023-01-13 23:15:00+00:00,2.20,ft,Approved,,2025-09-01 20:21:53.716170+00:00
,,f54f0232-4524-4b14-838b-4a20189289eb,0c49166273014487baa157c538b5a932,USGS-03274615,00065,00011,2023-01-13 23:00:00+00:00,2.21,ft,Approved,,2025-09-01 20:21:53.716170+00:00
,,7249a31a-0d21-46f9-9c68-c63662607523,0c49166273014487baa157c538b5a932,USGS-03274615,00065,00011,2023-01-13 22:45:00+00:00,2.21,ft,Approved,,2025-09-01 20:21:53.716170+00:00
,,3223ac4a-043c-4e86-83b5-dab8210779f5,0c49166273014487baa157c538b5a932,USGS-03274615,00065,00011,2023-01-13 22:30:00+00:00,2.27,ft,Approved,,2025-09-01 20:21:53.716170+00:00
,,ef03435a-6aef-4488-8cf7-a31392cf48cb,0c49166273014487baa157c538b5a932,USGS-03274615,00065,00011,2023-01-13 22:15:00+00:00,2.21,ft,Approved,,2025-09-01 20:21:53.716170+00:00
,,b87a740d-59e5-475c-b3bd-50f430cc5903,0c49166273014487baa157c538b5a932,USGS-03274615,00065,00011,2023-01-13 22:00:00+00:00,2.26,ft,Approved,,2025-09-01 20:21:53.716170+00:00
,,80863329-94f9-4729-baed-5134575261d4,0c49166273014487baa157c538b5a932,USGS-03274615,00065,00011,2023-01-13 21:45:00+00:00,2.24,ft,Approved,,2025-09-01 20:21:53.716170+00:00
,,61df5bcd-a3ce-44d6-ac72-52dbdb41d454,0c49166273014487baa157c538b5a932,USGS-03274615,00065,00011,2023-01-13 21:30:00+00:00,2.25,ft,Approved,,2025-09-01 20:21:53.716170+00:00
,,73ea7aa0-2d4d-48c1-a4cf-0109d12a5078,0c49166273014487baa157c538b5a932,USGS-03274615,00065,00011,2023-01-13 21:15:00+00:00,2.24,ft,Approved,,2025-09-01 20:21:53.716170+00:00
,,0b27e772-b9b6-45f1-9cf7-4054875f740a,0c49166273014487baa157c538b5a932,USGS-03274615,00065,00011,2023-01-13 21:00:00+00:00,2.25,ft,Approved,,2025-09-01 20:21:53.716170+00:00
,,eaa8205f-4891-404e-9785-7b25c1d8732c,0c49166273014487baa157c538b5a932,USGS-03274615,00065,00011,2023-01-13 20:45:00+00:00,2.22,ft,Approved,,2025-09-01 20:21:53.716170+00:00
,,42c62c16-9246-42ea-ba2c-c8fdf956bb50,0c49166273014487baa157c538b5a932,USGS-03274615,00065,00011,2023-01-13 20:30:00+00:00,2.26,ft,Approved,,2025-09-01 20:21:53.716170+00:00
,,c1a8a053-48d5-4f1c-9fad-d40ca2f173a8,0c49166273014487baa157c538b5a932,USGS-03274615,00065,00011,2023-01-13 20:15:00+00:00,2.24,ft,Approved,,2025-09-01 20:21:53.716170+00:00
,,85422360-00e3-4a28-8343-914769fdee93,0c49166273014487baa157c538b5a932,USGS-03274615,00065,00011,2023-01-13 20:00:00+00:00,2.25,ft,Approved,,2025-09-01 20:21:53.716170+00:00
,,d8f4d63b-3475-4bd3-b2af-83e484839ea1,0c49166273014487baa157c538b5a932,USGS-03274615,00065,00011,2023-01-13 19:30:00+00:00,2.18,ft,Approved,,2025-09-01 20:21:53.716170+00:00
,,d0eff004-cef4-4daa-a790-fd7ad2ac96ed,0c49166273014487baa157c538b5a932,USGS-03274615,00065,00011,2023-01-13 19:15:00+00:00,2.22,ft,Approved,,2025-09-01 20:21:53.716170+00:00
,,349f3910-1919-4258-a9db-2868bbc3cbce,0c49166273014487baa157c538b5a932,USGS-03274615,00065,00011,2023-01-13 19:00:00+00:00,2.23,ft,Approved,,2025-09-01 20:21:53.716170+00:00
,,bdb56f0a-a45b-49a6-b1a9-89705d30ed23,0c49166273014487baa157c538b5a932,USGS-03274615,00065,00011,2023-01-13 18:45:00+00:00,2.23,ft,Approved,,2025-09-01 20:21:53.716170+00:00
,,4cbef04f-a2c0-43e8-960b-48a71f0f2e43,0c49166273014487baa157c538b5a932,USGS-03274615,00065,00011,2023-01-13 18:30:00+00:00,2.20,ft,Approved,,2025-09-01 20:21:53.716170+00:00
,,ce337695-6e16-45eb-be6f-59be82dd0fda,0c49166273014487baa157c538b5a932,USGS-03274615,00065,00011,2023-01-13 18:15:00+00:00,2.26,ft,Approved,,2025-09-01 20:21:53.716170+00:00
,,65692787-2f0f-4aab-a25d-52451ca71293,0c49166273014487baa157c538b5a932,USGS-03274615,00065,00011,2023-01-13 17:45:00+00:00,2.28,ft,Approved,,2025-09-01 20:21:53.716170+00:00
,,77a99529-15b1-4596-9798-654d6c1f24dc,0c49166273014487baa157c538b5a932,USGS-03274615,00065,00011,2023-01-13 17:30:00+00:00,2.28,ft,Approved,,2025-09-01 20:21:53.716170+00:00
,,b8bc319b-a503-4b3a-91fc-970b6f53e25e,0c49166273014487baa157c538b5a932,USGS-03274615,00065,00011,2023-01-13 17:15:00+00:00,2.28,ft,Approved,,2025-09-01 20:21:53.716170+00:00
,,e5aee7cc-08ce-4b3c-8304-d853a6a4a39c,0c49166273014487baa157c538b5a932,USGS-03274615,00065,00011,2023-01-13 17:00:00+00:00,2.29,ft,Approved,,2025-09-01 20:21:53.716170+00:00
,,81c8292a-615e-497f-a8a2-740fb81d3e95,0c49166273014487baa157c538b5a932,USGS-03274615,00065,00011,2023-01-13 16:45:00+00:00,2.28,ft,Approved,,2025-09-01 20:21:53.716170+00:00
,,7f05187f-54d0-4af1-91f5-c9c4f73b371b,0c49166273014487baa157c538b5a932,USGS-03274615,00065,00011,2023-01-13 16:30:00+00:00,2.30,ft,Approved,,2025-09-01 20:21:53.716170+00:00
,,aab8c35b-36dd-471b-ada5-253608282f88,0c49166273014487baa157c538b5a932,USGS-03274615,00065,00011,2023-01-13 16:15:00+00:00,2.26,ft,Approved,,2025-09-01 20:21:53.716170+00:00
,,db5947eb-1df6-4a38-8abf-fee8cd0ce313,0c49166273014487baa157c538b5a932,USGS-03274615,00065,00011,2023-01-13 16:00:00+00:00,2.28,ft,Approved,,2025-09-01 20:21:53.716170+00:00
,,9ef610c2-7c8c-489e-b560-19a032e0dca7,0c49166273014487baa157c538b5a932,USGS-03274615,00065,00011,2023-01-13 15:45:00+00:00,2.29,ft,Approved,,2025-09-01 20:21:53.716170+00:00
,,30ecac68-f325-4711-9a9d-e199ab901ec6,0c49166273014487baa157c538b5a932,USGS-03274615,00065,00011,2023-01-13 15:30:00+00:00,2.30,ft,Approved,,2025-09-01 20:21:53.716170+00:00
,,decff0a6-eb35-4946-940c-6c2d05b20d45,0c49166273014487baa157c538b5a932,USGS-03274615,00065,00011,2023-01-13 15:15:00+00:00,2.29,ft,Approved,,2025-09-01 20:21:53.716170+00:00
,,fa8d78e0-89c5-4749-b140-9cfaee1a315f,0c49166273014487baa157c538b5a932,USGS-03274615,00065,00011,2023-01-13 15:00:00+00:00,2.30,ft,Approved,,2025-09-01 20:21:53.716170+00:00
,,327bf297-ae9c-4756-b129-25c071a4f045,0c49166273014487baa157c538b5a932,USGS-03274615,00065,00011,2023-01-13 14:45:00+00:00,2.31,ft,Approved,,2025-09-01 20:21:53.716170+00:00
,,5ad3be01-9eb0-4cb5-afea-e8146efa972f,0c49166273014487baa157c538b5a932,USGS-03274615,00065,00011,2023-01-13 14:30:00+00:00,2.30,ft,Approved,,2025-09-01 20:21:53.716170+00:00
,,d63b85f2-ae9d-4049-bc23-5b0c3e200acb,0c49166273014487baa157c538b5a932,USGS-03274615,00065,00011,2023-01-13 14:15:00+00:00,2.28,ft,Approved,,2025-09-01 20:21:53.716170+00:00
,,5baeed68-c7af-4598-b3e2-35f7f3e348c3,0c49166273014487baa157c538b5a932,USGS-03274615,00065,00011,2023-01-13 14:00:00+00:00,2.30,ft,Approved,,2025-09-01 20:21:53.716170+00:00
,,2e314ab1-618d-462a-a498-9f31e92c0273,0c49166273014487baa157c538b5a932,USGS-03274615,00065,00011,2023-01-13 13:45:00+00:00,2.30,ft,Approved,,2025-09-01 20:21:53.716170+00:00
,,c1bd34a7-3a2d-484e-8cd5-5761ffba0493,0c49166273014487baa157c538b5a932,USGS-03274615,00065,00011,2023-01-13 13:30:00+00:00,2.29,ft,Approved,,2025-09-01 20:21:53.716170+00:00
,,de13bb4c-ec58-492a-8ca1-6971aa63479e,0c49166273014487baa157c538b5a932,USGS-03274615,00065,00011,2023-01-13 13:15:00+00:00,2.29,ft,Approved,,2025-09-01 20:21:53.716170+00:00
,,8e5650d9-970d-4126-b5fa-51d418f39d17,0c49166273014487baa157c538b5a932,USGS-03274615,00065,00011,2023-01-13 13:00:00+00:00,2.28,ft,Approved,,2025-09-01 20:21:53.716170+00:00
,,1dbb977a-1910-4439-b9c9-bc42d4c810bc,0c49166273014487baa157c538b5a932,USGS-03274615,00065,00011,2023-01-13 12:45:00+00:00,2.28,ft,Approved,,2025-09-01 20:21:53.716170+00:00
,,6492e8b8-38c2-4833-ab74-30ce00da7686,0c49166273014487baa157c538b5a932,USGS-03274615,00065,00011,2023-01-13 12:30:00+00:00,2.28,ft,Approved,,2025-09-01 20:21:53.716170+00:00
,,ee3c943b-c1f2-436e-88de-bb4a8d714188,0c49166273014487baa157c538b5a932,USGS-03274615,00065,00011,2023-01-13 12:15:00+00:00,2.27,ft,Approved,,2025-09-01 20:21:53.716170+00:00
,,a0013e9d-cce4-4f3e-bf2f-af9ffab5cd30,0c49166273014487baa157c538b5a932,USGS-03274615,00065,00011,2023-01-13 12:00:00+00:00,2.26,ft,Approved,,2025-09-01 20:21:53.716170+00:00
,,1ba4a97e-0250-42b4-9a60-153766a540df,0c49166273014487baa157c538b5a932,USGS-03274615,00065,00011,2023-01-13 11:45:00+00:00,2.26,ft,Approved,,2025-09-01 20:21:53.716170+00:00
,,9f409ab6-cd6d-4601-a367-88828f46b8da,0c49166273014487baa157c538b5a932,USGS-03274615,00065,00011,2023-01-13 11:30:00+00:00,2.24,ft,Approved,,2025-09-01 20:21:53.716170+00:00
,,58c8d99e-a43b-4137-8de1-f07d60e7f4f4,0c49166273014487baa157c538b5a932,USGS-03274615,00065,00011,2023-01-13 11:15:00+00:00,2.22,ft,Approved,,2025-09-01 20:21:53.716170+00:00
,,ca8e64a0-90bc-4936-845a-5cf41139ebce,0c49166273014487baa157c538b5a932,USGS-03274615,00065,00011,2023-01-13 11:00:00+00:00,2.20,ft,Approved,,2025-09-01 20:21:53.716170+00:00
,,b41f35a9-2dac-4e65-954b-598e3fe957eb,0c49166273014487baa157c538b5a932,USGS-03274615,00065,00011,2023-01-13 10:45:00+00:00,2.19,ft,Approved,,2025-09-01 20:21:53.716170+00:00
,,c008e579-2382-4d29-be95-4974fac90a54,0c49166273014487baa157c538b5a932,USGS-03274615,00065,00011,2023-01-13 10:30:00+00:00,2.17,ft,Approved,,2025-09-01 20:21:53.716170+00:00
,,99e88209-9210-47b6-aca9-28369e172d1c,0c49166273014487baa157c538b5a932,USGS-03274615,00065,00011,2023-01-13 10:15:00+00:00,2.15,ft,Approved,,2025-09-01 20:21:53.716170+00:00
,,2c754cc5-2ef1-4464-a80d-35887e65c567,0c49166273014487baa157c538b5a932,USGS-03274615,00065,00011,2023-01-13 10:00:00+00:00,2.13,ft,Approved,,2025-09-01 20:21:53.716170+00:00
,,67d9dac9-fa47-43b1-bc30-bf848d59baf6,0c49166273014487baa157c538b5a932,USGS-03274615,00065,00011,2023-01-13 09:45:00+00:00,2.10,ft,Approved,,2025-09-01 20:21:53.716170+00:00
,,3690f1ef-a84f-49be-aafa-a49e35220d12,0c49166273014487baa157c538b5a932,USGS-03274615,00065,00011,2023-01-13 09:30:00+00:00,2.08,ft,Approved,,2025-09-01 20:21:53.716170+00:00
,,8bfc18f9-1998-4862-99c6-d4d0f9a67920,0c49166273014487baa157c538b5a932,USGS-03274615,00065,00011,2023-01-13 09:15:00+00:00,2.05,ft,Approved,,2025-09-01 20:21:53.716170+00:00
,,f0c9a5de-3003-404f-873b-ba405f01c5e2,0c49166273014487baa157c538b5a932,USGS-03274615,00065,00011,2023-01-13 09:00:00+00:00,2.02,ft,Approved,,2025-09-01 20:21:53.716170+00:00
,,ac99c9ed-b56e-4ece-99d5-df1618d4df72,0c49166273014487baa157c538b5a932,USGS-03274615,00065,00011,2023-01-13 08:45:00+00:00,2.01,ft,Approved,,2025-09-01 20:21:53.716170+00:00
,,aa7e2dd3-7ba8-4285-ba95-2ebdec38ec00,0c49166273014487baa157c538b5a932,USGS-03274615,00065,00011,2023-01-13 08:30:00+00:00,1.98,ft,Approved,,2025-09-01 20:21:53.716170+00:00
,,13b064f2-90fa-462a-8e6b-4e85cc027b5f,0c49166273014487baa157c538b5a932,USGS-03274615,00065,00011,2023-01-13 08:15:00+00:00,1.97,ft,Approved,,2025-09-01 20:21:53.716170+00:00
,,bd5bfe94-1963-45b2-b6e0-7aac66aa2c79,0c49166273014487baa157c538b5a932,USGS-03274615,00065,00011,2023-01-13 08:00:00+00:00,1.95,ft,Approved,,2025-09-01 20:21:53.716170+00:00
,,935635ae-eb0a-45b4-9a5d-ee1eee8c90b7,0c49166273014487baa157c538b5a932,USGS-03274615,00065,00011,2023-01-13 07:45:00+00:00,1.94,ft,Approved,,2025-09-01 20:21:53.716170+00:00
,,ac52052a-539b-4a47-b61f-70c092b1c830,0c49166273014487baa157c538b5a932,USGS-03274615,00065,00011,2023-01-13 07:30:00+00:00,1.93,ft,Approved,,2025-09-01 20:21:53.716170+00:00
,,4201aa39-b75c-4f6d-a55f-be2ed421036e,0c49166273014487baa157c538b5a932,USGS-03274615,00065,00011,2023-01-13 07:15:00+00:00,1.91,ft,Approved,,2025-09-01 20:21:53.716170+00:00
,,0acbe7a0-e39f-4f9e-8c26-b2930c81e475,0c49166273014487baa157c538b5a932,USGS-03274615,00065,00011,2023-01-13 07:00:00+00:00,1.91,ft,Approved,,2025-09-01 20:21:53.716170+00:00
,,e84d69a4-e826-4941-91c2-4ffc1d1ed6f6,0c49166273014487baa157c538b5a932,USGS-03274615,00065,00011,2023-01-13 06:45:00+00:00,1.90,ft,Approved,,2025-09-01 20:21:53.716170+00:00
,,1cdd2e28-7e09-40da-9a18-f428c72ca341,0c49166273014487baa157c538b5a932,USGS-03274615,00065,00011,2023-01-13 06:30:00+00:00,1.90,ft,Approved,,2025-09-01 20:21:53.716170+00:00
,,c4a6c0de-b92a-46d1-95a8-c52cfc09ac74,0c49166273014487baa157c538b5a932,USGS-03274615,00065,00011,2023-01-13 06:15:00+00:00,1.89,ft,Approved,,2025-09-01 20:21:53.716170+00:00
,,5d2a10d0-760c-4050-998d-87e379a907b2,0c49166273014487baa157c538b5a932,USGS-03274615,00065,00011,2023-01-13 06:00:00+00:00,1.88,ft,Approved,,2025-09-01 20:21:53.716170+00:00
,,4c0bf177-ef16-4e1e-ba4b-4f2b715c8558,0c49166273014487baa157c538b5a932,USGS-03274615,00065,00011,2023-01-13 05:45:00+00:00,1.88,ft,Approved,,2025-09-01 20:21:53.716170+00:00
,,21edc6cd-155e-478d-aa3b-deac5d406fa8,0c49166273014487baa157c538b5a932,USGS-03274615,00065,00011,2023-01-13 05:30:00+00:00,1.87,ft,Approved,,2025-09-01 20:21:53.716170+00:00
,,7927ec44-1178-414d-b722-0d4b53d73c54,0c49166273014487baa157c538b5a932,USGS-03274615,00065,00011,2023-01-13 05:15:00+00:00,1.86,ft,Approved,,2025-09-01 20:21:53.716170+00:00
,,7999f622-8811-4268-bc08-42bd3054b295,0c49166273014487baa157c538b5a932,USGS-03274615,00065,00011,2023-01-13 05:00:00+00:00,1.84,ft,Approved,,2025-09-01 20:21:53.716170+00:00
,,699d7282-79af-4754-b492-9a8f85df8e97,0c49166273014487baa157c538b5a932,USGS-03274615,00065,00011,2023-01-13 04:45:00+00:00,1.84,ft,Approved,,2025-09-01 20:21:53.716170+00:00
,,866ebebf-4228-4303-b2f8-a3f0cd486713,0c49166273014487baa157c538b5a932,USGS-03274615,00065,00011,2023-01-13 04:30:00+00:00,1.78,ft,Approved,,2025-09-01 20:21:53.716170+00:00
,,516eddbb-35fc-4f37-9bf1-08d6f32f69cc,0c49166273014487baa157c538b5a932,USGS-03274615,00065,00011,2023-01-13 04:15:00+00:00,1.77,ft,Approved,,2025-09-01 20:21:53.716170+00:00
,,1264c588-ed91-474a-8aa0-3e587338136f,0c49166273014487baa157c538b5a932,USGS-03274615,00065,00011,2023-01-13 04:00:00+00:00,1.79,ft,Approved,,2025-09-01 20:21:53.716170+00:00
,,c15d65ef-3c04-4299-a85b-118efa985739,0c49166273014487baa157c538b5a932,USGS-03274615,00065,00011,2023-01-13 03:45:00+00:00,1.77,ft,Approved,,2025-09-01 20:21:53.716170+00:00
,,a37724eb-9482-4e06-b3e8-a98d51c5538f,0c49166273014487baa157c538b5a932,USGS-03274615,00065,00011,2023-01-13 03:30:00+00:00,1.75,ft,Approved,,2025-09-01 20:21:53.716170+00:00
,,5c437cb6-ea8c-4b04-9f38-112d21684ca5,0c49166273014487baa157c538b5a932,USGS-03274615,00065,00011,2023-01-13 03:15:00+00:00,1.70,ft,Approved,,2025-09-01 20:21:53.716170+00:00
,,eda3306f-132e-488a-b9c8-55f29e8ccf5d,0c49166273014487baa157c538b5a932,USGS-03274615,00065,00011,2023-01-13 03:00:00+00:00,1.60,ft,Approved,,2025-09-01 20:21:53.716170+00:00
,,54e7ab37-a948-4544-a03c-1f09c8351893,0c49166273014487baa157c538b5a932,USGS-03274615,00065,00011,2023-01-13 02:45:00+00:00,1.61,ft,Approved,,2025-09-01 20:21:53.716170+00:00
,,f8f1aaa0-e0bd-427c-b646-22546726a8c7,0c49166273014487baa157c538b5a932,USGS-03274615,00065,00011,2023-01-13 02:30:00+00:00,1.59,ft,Approved,,2025-09-01 20:21:53.716170+00:00
,,4a4179e4-63b1-4518-afdc-70f1470e054b,0c49166273014487baa157c538b5a932,USGS-03274615,00065,00011,2023-01-13 02:15:00+00:00,1.53,ft,Approved,,2025-09-01 20:21:53.716170+00:00
,,9cae50bf-f643-4bca-aa5c-fac373ff776e,0c49166273014487baa157c538b5a932,USGS-03274615,00065,00011,2023-01-13 02:00:00+00:00,1.61,ft,Approved,,2025-09-01 20:21:53.716170+00:00
,,58bd9c40-f30a-40fc-a359-9a2891e3a6ef,0c49166273014487baa157c538b5a932,USGS-03274615,00065,00011,2023-01-13 01:45:00+00:00,1.49,ft,Approved,,2025-09-01 20:21:53.716170+00:00
,,9d264057-21f3-4604-a134-e9ea99c12905,0c49166273014487baa157c538b5a932,USGS-03274615,00065,00011,2023-01-13 01:30:00+00:00,1.54,ft,Approved,,2025-09-01 20:21:53.716170+00:00
,,bde74de5-985c-4997-a4d2-f4fcd2f00791,0c49166273014487baa157c538b5a932,USGS-03274615,00065,00011,2023-01-13 01:15:00+00:00,1.52,ft,Approved,,2025-09-01 20:21:53.716170+00:00
,,a95c856f-da36-41e0-91ff-33fcd0b3ce5c,0c49166273014487baa157c538b5a932,USGS-03274615,00065,00011,2023-01-13 01:00:00+00:00,1.56,ft,Approved,,2025-09-01 20:21:53.716170+00:00
,,09f0056e-7cef-4a6b-a38d-cd5606f47597,0c49166273014487baa157c538b5a932,USGS-03274615,00065,00011,2023-01-13 00:45:00+00:00,1.53,ft,Approved,,2025-09-01 20:21:53.716170+00:00
,,1724e06d-ae8a-4bf0-a2ec-0d04b930fa5a,0c49166273014487baa157c538b5a932,USGS-03274615,00065,00011,2023-01-13 00:30:00+00:00,1.51,ft,Approved,,2025-09-01 20:21:53.716170+00:00
,,e93b1aa3-fc63-4385-8620-02ee07780ff8,0c49166273014487baa157c538b5a932,USGS-03274615,00065,00011,2023-01-13 00:15:00+00:00,1.55,ft,Approved,,2025-09-01 20:21:53.716170+00:00
,,31569003-a930-4d02-8add-3f94cbbf9b6b,0c49166273014487baa157c538b5a932,USGS-03274615,00065,00011,2023-01-13 00:00:00+00:00,1.44,ft,Approved,,2025-09-01 20:21:53.716170+00:00
,,dde1b9c5-36bb-44fa-9a6c-b975439906be,0c49166273014487baa157c538b5a932,USGS-03274615,00065,00011,2023-01-12 23:45:00+00:00,1.55,ft,Approved,,2025-09-01 20:21:53.716170+00:00
,,54f9d199-0f3e-416d-89e8-2c23ed0b8c6e,0c49166273014487baa157c538b5a932,USGS-03274615,00065,00011,2023-01-12 23:30:00+00:00,1.49,ft,Approved,,2025-09-01 20:21:53.716170+00:00
,,9b1368ed-4677-443a-88c9-6d6ea32783b8,0c49166273014487baa157c538b5a932,USGS-03274615,00065,00011,2023-01-12 23:15:00+00:00,1.52,ft,Approved,,2025-09-01 20:21:53.716170+00:00
,,2d82fd71-5513-4599-90be-270de5da25ee,0c49166273014487baa157c538b5a932,USGS-03274615,00065,00011,2023-01-12 23:00:00+00:00,1.50,ft,Approved,,2025-09-01 20:21:53.716170+00:00
,,2b11622f-89e8-4909-887f-6ee93b686490,0c49166273014487baa157c538b5a932,USGS-03274615,00065,00011,2023-01-12 22:45:00+00:00,1.60,ft,Approved,,2025-09-01 20:21:53.716170+00:00
,,4831243c-6a91-4535-82d0-2ac672afef6b,0c49166273014487baa157c538b5a932,USGS-03274615,00065,00011,2023-01-12 22:30:00+00:00,1.60,ft,Approved,,2025-09-01 20:21:53.716170+00:00
,,e6490a3d-1860-4b87-b7d3-9f3c0fd42dc8,0c49166273014487baa157c538b5a932,USGS-03274615,00065,00011,2023-01-12 22:15:00+00:00,1.50,ft,Approved,,2025-09-01 20:21:53.716170+00:00
,,a8c26ef8-308b-494c-be86-ac04748a6ccb,0c49166273014487baa157c538b5a932,USGS-03274615,00065,00011,2023-01-12 22:00:00+00:00,1.50,ft,Approved,,2025-09-01 20:21:53.716170+00:00
,,04402e32-13a0-4683-a5a6-2ca837a449d4,0c49166273014487baa157c538b5a932,USGS-03274615,00065,00011,2023-01-12 21:45:00+00:00,1.54,ft,Approved,,2025-09-01 20:21:53.716170+00:00
,,40569be5-f3ec-4939-b4bc-71fd3fb5827a,0c49166273014487baa157c538b5a932,USGS-03274615,00065,00011,2023-01-12 21:30:00+00:00,1.58,ft,Approved,,2025-09-01 20:21:53.716170+00:00
,,b11237c9-3c4a-4224-b29b-b10b2180c7bd,0c49166273014487baa157c538b5a932,USGS-03274615,00065,00011,2023-01-12 21:15:00+00:00,1.55,ft,Approved,,2025-09-01 20:21:53.716170+00:00
,,3e847aeb-e396-4a15-8f7c-6783e6f9decc,0c49166273014487baa157c538b5a932,USGS-03274615,00065,00011,2023-01-12 21:00:00+00:00,1.48,ft,Approved,,2025-09-01 20:21:53.716170+00:00
,,df43d99c-d645-4a0e-8a38-cae6a9277545,0c49166273014487baa157c538b5a932,USGS-03274615,00065,00011,2023-01-12 20:45:00+00:00,1.37,ft,Approved,,2025-09-01 20:21:53.716170+00:00
,,24bd13f6-f1aa-47a2-bc04-68bebfba55b8,0c49166273014487baa157c538b5a932,USGS-03274615,00065,00011,2023-01-12 20:30:00+00:00,1.35,ft,Approved,,2025-09-01 20:21:53.716170+00:00
,,a9690ae4-b62e-4b5a-b423-ef2d12c1b0d1,0c49166273014487baa157c538b5a932,USGS-03274615,00065,00011,2023-01-12 20:15:00+00:00,1.36,ft,Approved,,2025-09-01 20:21:53.716170+00:00
,,e947eb8e-317f-470d-a440-b2f08d446af5,0c49166273014487baa157c538b5a932,USGS-03274615,00065,00011,2023-01-12 20:00:00+00:00,1.35,ft,Approved,,2025-09-01 20:21:53.716170+00:00
,,2e2a0a26-eed9-4939-bdb4-f3e980510e03,0c49166273014487baa157c538b5a932,USGS-03274615,00065,00011,2023-01-12 19:45:00+00:00,1.32,ft,Approved,,2025-09-01 20:21:53.716170+00:00
,,069270a0-3203-4499-8d05-5443601ecb79,0c49166273014487baa157c538b5a932,USGS-03274615,00065,00011,2023-01-12 19:30:00+00:00,1.28,ft,Approved,,2025-09-01 20:21:53.716170+00:00
,,3fadf4d1-1ce1-409f-9e0c-4199b4f28fc0,0c49166273014487baa157c538b5a932,USGS-03274615,00065,00011,2023-01-12 19:15:00+00:00,1.29,ft,Approved,,2025-09-01 20:21:53.716170+00:00
,,c873ce8a-51fd-4fc6-88c8-86d385ddac60,0c49166273014487baa157c538b5a932,USGS-03274615,00065,00011,2023-01-12 19:00:00+00:00,1.32,ft,Approved,,2025-09-01 20:21:53.716170+00:00
,,60ad5ba5-28e4-4cec-adb3-51dd220a9f97,0c49166273014487baa157c538b5a932,USGS-03274615,00065,00011,2023-01-12 18:45:00+00:00,1.34,ft,Approved,,2025-09-01 20:21:53.716170+00:00
,,c3fdcbe2-714b-4e47-92bb-ee2be02c0971,0c49166273014487baa157c538b5a932,USGS-03274615,00065,00011,2023-01-12 18:30:00+00:00,1.33,ft,Approved,,2025-09-01 20:21:53.716170+00:00
,,241d3021-176a-4266-a6a2-acaf901ae1ab,0c49166273014487baa157c538b5a932,USGS-03274615,00065,00011,2023-01-12 18:15:00+00:00,1.31,ft,Approved,,2025-09-01 20:21:53.716170+00:00
,,66815a77-82ab-4bc7-a6f4-5be5cfb2eb7f,0c49166273014487baa157c538b5a932,USGS-03274615,00065,00011,2023-01-12 18:00:00+00:00,1.28,ft,Approved,,2025-09-01 20:21:53.716170+00:00
,,9ef23364-9087-4ce4-aa9f-25e834c6ad9f,0c49166273014487baa157c538b5a932,USGS-03274615,00065,00011,2023-01-12 17:45:00+00:00,1.25,ft,Approved,,2025-09-01 20:21:53.716170+00:00
,,19c84e07-c7a6-49f2-8f9d-79b0bc80d9f0,0c49166273014487baa157c538b5a932,USGS-03274615,00065,00011,2023-01-12 17:30:00+00:00,1.22,ft,Approved,,2025-09-01 20:21:53.716170+00:00
,,754c164c-66e5-4f70-bd50-d801cc977557,0c49166273014487baa157c538b5a932,USGS-03274615,00065,00011,2023-01-12 17:15:00+00:00,1.19,ft,Approved,,2025-09-01 20:21:53.716170+00:00
,,54dbd9ef-af12-4287-9c0e-6b3b9bbb5e67,0c49166273014487baa157c538b5a932,USGS-03274615,00065,00011,2023-01-12 17:00:00+00:00,1.16,ft,Approved,,2025-09-01 20:21:53.716170+00:00
,,07b7d468-3128-463d-a91c-2364b2a183f8,0c49166273014487baa157c538b5a932,USGS-03274615,00065,00011,2023-01-12 16:45:00+00:00,1.15,ft,Approved,,2025-09-01 20:21:53.716170+00:00
,,78c37487-1cdc-4114-a705-cc86527da06e,0c49166273014487baa157c538b5a932,USGS-03274615,00065,00011,2023-01-12 16:30:00+00:00,1.14,ft,Approved,,2025-09-01 20:21:53.716170+00:00
,,6655b81c-9148-4959-b0ff-88221edf4490,0c49166273014487baa157c538b5a932,USGS-03274615,00065,00011,2023-01-12 16:15:00+00:00,1.14,ft,Approved,,2025-09-01 20:21:53.716170+00:00
,,cfc9e173-8b43-406b-bf54-a053257193d6,0c49166273014487baa157c538b5a932,USGS-03274615,00065,00011,2023-01-12 16:00:00+00:00,1.14,ft,Approved,,2025-09-01 20:21:53.716170+00:00
,,b6d7623b-adb7-4390-b679-172b4cc326f9,0c49166273014487baa157c538b5a932,USGS-03274615,00065,00011,2023-01-12 15:45:00+00:00,1.14,ft,Approved,,2025-09-01 20:21:53.716170+00:00
,,baa08fea-b8af-4357-a4d9-ec41364dad67,0c49166273014487baa157c538b5a932,USGS-03274615,00065,00011,2023-01-12 15:30:00+00:00,1.13,ft,Approved,,2025-09-01 20:21:53.716170+00:00
,,745dd70f-31e0-4500-9e12-562657b817ea,0c49166273014487baa157c538b5a932,USGS-03274615,00065,00011,2023-01-12 15:15:00+00:00,1.13,ft,Approved,,2025-09-01 20:21:53.716170+00:00
,,d883a9f8-3620-4976-9c12-ab63a7a86480,0c49166273014487baa157c538b5a932,USGS-03274615,00065,00011,2023-01-12 15:00:00+00:00,1.14,ft,Approved,,2025-09-01 20:21:53.716170+00:00
,,ece3d53b-1984-4ea6-ba2c-a72736899988,0c49166273014487baa157c538b5a932,USGS-03274615,00065,00011,2023-01-12 14:15:00+00:00,1.06,ft,Approved,,2025-09-01 20:21:53.716170+00:00
,,b7b9519d-81e0-4635-9f64-eb3ae9c81044,0c49166273014487baa157c538b5a932,USGS-03274615,00065,00011,2023-01-12 14:00:00+00:00,1.07,ft,Approved,,2025-09-01 20:21:53.716170+00:00
,,8af338fa-eb17-45c0-a00a-3101bbd3967b,0c49166273014487baa157c538b5a932,USGS-03274615,00065,00011,2023-01-12 13:45:00+00:00,1.08,ft,Approved,,2025-09-01 20:21:53.716170+00:00
,,945ffa99-6ca8-4a10-bceb-00e8c665cbf9,0c49166273014487baa157c538b5a932,USGS-03274615,00065,00011,2023-01-12 13:30:00+00:00,1.08,ft,Approved,,2025-09-01 20:21:53.716170+00:00
,,50ea5fc6-6dd9-401a-bb10-7043aec85988,0c49166273014487baa157c538b5a932,USGS-03274615,00065,00011,2023-01-12 13:15:00+00:00,1.08,ft,Approved,,2025-09-01 20:21:53.716170+00:00
,,cfaf0a3e-473f-41e8-a5c7-7eed4122184e,0c49166273014487baa157c538b5a932,USGS-03274615,00065,00011,2023-01-12 13:00:00+00:00,1.08,ft,Approved,,2025-09-01 20:21:53.716170+00:00
,,620142be-e2de-467e-8c95-60ac004c5e72,0c49166273014487baa157c538b5a932,USGS-03274615,00065,00011,2023-01-12 12:45:00+00:00,1.07,ft,Approved,,2025-09-01 20:21:53.716170+00:00
,,def9a30c-ff03-4293-981a-c8736b9711c9,0c49166273014487baa157c538b5a932,USGS-03274615,00065,00011,2023-01-12 12:15:00+00:00,1.07,ft,Approved,,2025-09-01 20:21:53.716170+00:00
,,326ac26c-b403-4557-b858-83f6de615bc6,0c49166273014487baa157c538b5a932,USGS-03274615,00065,00011,2023-01-12 11:45:00+00:00,1.07,ft,Approved,,2025-09-01 20:21:53.716170+00:00
,,7f81c183-a245-4baf-9b48-7d7f5280614f,0c49166273014487baa157c538b5a932,USGS-03274615,00065,00011,2023-01-12 11:30:00+00:00,1.08,ft,Approved,,2025-09-01 20:21:53.716170+00:00
,,75771cfe-6083-4594-b72e-3b176797e5de,0c49166273014487baa157c538b5a932,USGS-03274615,00065,00011,2023-01-12 11:15:00+00:00,1.08,ft,Approved,,2025-09-01 20:21:53.716170+00:00
,,2810b8f8-ab30-4bb5-9209-2557f0f89926,0c49166273014487baa157c538b5a932,USGS-03274615,00065,00011,2023-01-12 11:00:00+00:00,1.08,ft,Approved,,2025-09-01 20:21:53.716170+00:00
,,342aeb44-eb65-4490-8148-10834d13ef54,0c49166273014487baa157c538b5a932,USGS-03274615,00065,00011,2023-01-12 10:45:00+00:00,1.08,ft,Approved,,2025-09-01 20:21:53.716170+00:00
,,99afa42f-b37d-49bc-b4d0-5af3d0521dd0,0c49166273014487baa157c538b5a932,USGS-03274615,00065,00011,2023-01-12 10:30:00+00:00,1.08,ft,Approved,,2025-09-01 20:21:53.716170+00:00
,,72e7d65e-088b-4784-81b6-5310056d8ecf,0c49166273014487baa157c538b5a932,USGS-03274615,00065,00011,2023-01-12 10:15:00+00:00,1.08,ft,Approved,,2025-09-01 20:21:53.716170+00:00
,,945a2ef9-0fc4-4e4b-b02f-3745f8a8b7de,0c49166273014487baa157c538b5a932,USGS-03274615,00065,00011,2023-01-12 10:00:00+00:00,1.08,ft,Approved,,2025-09-01 20:21:53.716170+00:00
,,932abbb1-1864-4d4a-bda2-de21351a93f7,0c49166273014487baa157c538b5a932,USGS-03274615,00065,00011,2023-01-12 09:45:00+00:00,1.08,ft,Approved,,2025-09-01 20:21:53.716170+00:00
,,1ffe3566-aa65-45dd-bdf1-6e5c0523ccc3,0c49166273014487baa157c538b5a932,USGS-03274615,00065,00011,2023-01-12 09:30:00+00:00,1.09,ft,Approved,,2025-09-01 20:21:53.716170+00:00
,,3a527061-9c68-44f4-b695-1a65db1dc436,0c49166273014487baa157c538b5a932,USGS-03274615,00065,00011,2023-01-12 09:15:00+00:00,1.09,ft,Approved,,2025-09-01 20:21:53.716170+00:00
,,a79e1a29-e80a-4d78-9960-1ec97083ec19,0c49166273014487baa157c538b5a932,USGS-03274615,00065,00011,2023-01-12 09:00:00+00:00,1.09,ft,Approved,,2025-09-01 20:21:53.716170+00:00
,,12ba199f-e4f1-4f0d-b8eb-b1ea4023fb6b,0c49166273014487baa157c538b5a932,USGS-03274615,00065,00011,2023-01-12 08:45:00+00:00,1.09,ft,Approved,,2025-09-01 20:21:53.716170+00:00
,,421be2d7-05be-4bb7-9b46-d03a2e109d0b,0c49166273014487baa157c538b5a932,USGS-03274615,00065,00011,2023-01-12 08:30:00+00:00,1.09,ft,Approved,,2025-09-01 20:21:53.716170+00:00
,,f7827b6a-f122-4a18-bd2e-75e7287251e3,0c49166273014487baa157c538b5a932,USGS-03274615,00065,00011,2023-01-12 08:15:00+00:00,1.09,ft,Approved,,2025-09-01 20:21:53.716170+00:00
,,3d713b2f-bcde-4900-896c-cfe2e8195ee7,0c49166273014487baa157c538b5a932,USGS-03274615,00065,00011,2023-01-12 08:00:00+00:00,1.08,ft,Approved,,2025-09-01 20:21:53.716170+00:00
,,2a2098c9-29fc-4625-a1f0-2397b94eded7,0c49166273014487baa157c538b5a932,USGS-03274615,00065,00011,2023-01-12 07:45:00+00:00,1.08,ft,Approved,,2025-09-01 20:21:53.716170+00:00
,,20e5ccf1-8405-4275-9702-762f38bd08a9,0c49166273014487baa157c538b5a932,USGS-03274615,00065,00011,2023-01-12 07:30:00+00:00,1.09,ft,Approved,,2025-09-01 20:21:53.716170+00:00
,,f961300e-225e-4ed8-a009-d5ceae3547e7,0c49166273014487baa157c538b5a932,USGS-03274615,00065,00011,2023-01-12 07:15:00+00:00,1.08,ft,Approved,,2025-09-01 20:21:53.716170+00:00
,,90fd7615-908c-4d5f-856c-792552d804a5,0c49166273014487baa157c538b5a932,USGS-03274615,00065,00011,2023-01-12 07:00:00+00:00,1.09,ft,Approved,,2025-09-01 20:21:53.716170+00:00
,,7abbc529-be23-4849-b1d0-ae44e9228d0d,0c49166273014487baa157c538b5a932,USGS-03274615,00065,00011,2023-01-12 06:45:00+00:00,1.09,ft,Approved,,2025-09-01 20:21:53.716170+00:00
,,b983f1ec-b01e-462a-8e46-ca64ed3324cd,0c49166273014487baa157c538b5a932,USGS-03274615,00065,00011,2023-01-12 06:30:00+00:00,1.09,ft,Approved,,2025-09-01 20:21:53.716170+00:00
,,6fb1e44d-5f09-4c39-aff1-7332b12e389b,0c49166273014487baa157c538b5a932,USGS-03274615,00065,00011,2023-01-12 06:15:00+00:00,1.08,ft,Approved,,2025-09-01 20:21:53.716170+00:00
,,c9221f95-4b8d-4408-bf75-690c1c61cccb,0c49166273014487baa157c538b5a932,USGS-03274615,00065,00011,2023-01-12 06:00:00+00:00,1.08,ft,Approved,,2025-09-01 20:21:53.716170+00:00
,,d67a9a3d-ee16-47ca-bcdc-cb02abb2365d,0c49166273014487baa157c538b5a932,USGS-03274615,00065,00011,2023-01-12 05:45:00+00:00,1.09,ft,Approved,,2025-09-01 20:21:53.716170+00:00
,,936aafd0-e54a-4af4-bc68-b538b8b38e7e,0c49166273014487baa157c538b5a932,USGS-03274615,00065,00011,2023-01-12 05:30:00+00:00,1.09,ft,Approved,,2025-09-01 20:21:53.716170+00:00
,,8ebf465f-2828-4106-8cc3-d6082cfc4194,0c49166273014487baa157c538b5a932,USGS-03274615,00065,00011,2023-01-12 05:15:00+00:00,1.08,ft,Approved,,2025-09-01 20:21:53.716170+00:00
,,21890220-3a75-45df-8038-000b06ebed6c,0c49166273014487baa157c538b5a932,USGS-03274615,00065,00011,2023-01-12 05:00:00+00:00,1.09,ft,Approved,,2025-09-01 20:21:53.716170+00:00
,,667c4192-57b4-4987-95b7-0f391e0a59d8,0c49166273014487baa157c538b5a932,USGS-03274615,00065,00011,2023-01-12 04:45:00+00:00,1.09,ft,Approved,,2025-09-01 20:21:53.716170+00:00
,,5e8ffc04-8224-45bc-898c-270e2b250317,0c49166273014487baa157c538b5a932,USGS-03274615,00065,00011,2023-01-12 04:30:00+00:00,1.09,ft,Approved,,2025-09-01 20:21:53.716170+00:00
,,f7f1bc9d-d051-42f1-9784-ff5851e4e7fd,0c49166273014487baa157c538b5a932,USGS-03274615,00065,00011,2023-01-12 04:15:00+00:00,1.09,ft,Approved,,2025-09-01 20:21:53.716170+00:00
,,a241e650-c9aa-4e66-8e4a-f04ce166c8df,0c49166273014487baa157c538b5a932,USGS-03274615,00065,00011,2023-01-12 04:00:00+00:00,1.09,ft,Approved,,2025-09-01 20:21:53.716170+00:00
,,5cf2934e-ab43-4b4e-9d7b-4ac2c04515b0,0c49166273014487baa157c538b5a932,USGS-03274615,00065,00011,2023-01-12 03:45:00+00:00,1.09,ft,Approved,,2025-09-01 20:21:53.716170+00:00
,,d6280052-d1d3-42fa-ae6b-2dfd486f9de1,0c49166273014487baa157c538b5a932,USGS-03274615,00065,00011,2023-01-12 03:30:00+00:00,1.08,ft,Approved,,2025-09-01 20:21:53.716170+00:00
,,0749cab9-16c4-40fb-ac1b-033ed98804ef,0c49166273014487baa157c538b5a932,USGS-03274615,00065,00011,2023-01-12 03:15:00+00:00,1.09,ft,Approved,,2025-09-01 20:21:53.716170+00:00
,,9d86211a-80fb-4b6f-be6d-c846d0855b45,0c49166273014487baa157c538b5a932,USGS-03274615,00065,00011,2023-01-12 03:00:00+00:00,1.09,ft,Approved,,2025-09-01 20:21:53.716170+00:00
,,ebf91954-e3a1-472f-af89-72a0cf7316ac,0c49166273014487baa157c538b5a932,USGS-03274615,00065,00011,2023-01-12 02:45:00+00:00,1.09,ft,Approved,,2025-09-01 20:21:53.716170+00:00
,,2e6c7842-973c-4cd2-af57-45486812fc88,0c49166273014487baa157c538b5a932,USGS-03274615,00065,00011,2023-01-12 02:30:00+00:00,1.09,ft,Approved,,2025-09-01 20:21:53.716170+00:00
,,76be2edc-6e48-4e4f-8217-9d82c75ff525,0c49166273014487baa157c538b5a932,USGS-03274615,00065,00011,2023-01-12 02:15:00+00:00,1.09,ft,Approved,,2025-09-01 20:21:53.716170+00:00
,,2fda20f9-c9ca-428b-af83-92a65ff595f2,0c49166273014487baa157c538b5a932,USGS-03274615,00065,00011,2023-01-12 02:00:00+00:00,1.09,ft,Approved,,2025-09-01 20:21:53.716170+00:00
,,c6cc40af-ceb6-4ec9-a2bd-aebe3c380c05,0c49166273014487baa157c538b5a932,USGS-03274615,00065,00011,2023-01-12 01:45:00+00:00,1.09,ft,Approved,,2025-09-01 20:21:53.716170+00:00
,,2a92f1f7-c88d-4f9e-8ac5-8b978bf6e01e,0c49166273014487baa157c538b5a932,USGS-03274615,00065,00011,2023-01-12 01:30:00+00:00,1.09,ft,Approved,,2025-09-01 20:21:53.716170+00:00
,,4d22710b-2729-4c3a-8fb1-0aea0f0bcdc2,0c49166273014487baa157c538b5a932,USGS-03274615,00065,00011,2023-01-12 01:15:00+00:00,1.09,ft,Approved,,2025-09-01 20:21:53.716170+00:00
,,01b260bc-3ce7-4bcf-a330-e3bb025932de,0c49166273014487baa157c538b5a932,USGS-03274615,00065,00011,2023-01-12 01:00:00+00:00,1.09,ft,Approved,,2025-09-01 20:21:53.716170+00:00
,,ba20ad1c-650d-4110-8c41-14cbc591b926,0c49166273014487baa157c538b5a932,USGS-03274615,00065,00011,2023-01-12 00:45:00+00:00,1.09,ft,Approved,,2025-09-01 20:21:53.716170+00:00
,,7404d5b0-c230-4465-85f9-22ea70e62dbc,0c49166273014487baa157c538b5a932,USGS-03274615,00065,00011,2023-01-12 00:30:00+00:00,1.09,ft,Approved,,2025-09-01 20:21:53.716170+00:00
,,18a74a4e-940d-4918-a767-cba58ad1f926,0c49166273014487baa157c538b5a932,USGS-03274615,00065,00011,2023-01-12 00:15:00+00:00,1.09,ft,Approved,,2025-09-01 20:21:53.716170+00:00
,,1aef318a-786e-41d7-ac22-70fd6e89ffff,0c49166273014487baa157c538b5a932,USGS-03274615,00065,00011,2023-01-12 00:00:00+00:00,1.09,ft,Approved,,2025-09-01 20:21:53.716170+00:00
,,c149d3c4-9a1f-4b38-918b-3c675115b4cf,0c49166273014487baa157c538b5a932,USGS-03274615,00065,00011,2023-01-11 23:45:00+00:00,1.09,ft,Approved,,2025-09-01 20:21:53.716170+00:00
,,c1f5543f-0ff3-4973-b98f-97c7f2b79d67,0c49166273014487baa157c538b5a932,USGS-03274615,00065,00011,2023-01-11 23:30:00+00:00,1.09,ft,Approved,,2025-09-01 20:21:53.716170+00:00
,,e609a8c2-3d1e-47b1-a877-947b41a59a16,0c49166273014487baa157c538b5a932,USGS-03274615,00065,00011,2023-01-11 23:15:00+00:00,1.09,ft,Approved,,2025-09-01 20:21:53.716170+00:00
,,7210e3d6-d75d-4623-aeea-9dcd8aadea3a,0c49166273014487baa157c538b5a932,USGS-03274615,00065,00011,2023-01-11 23:00:00+00:00,1.09,ft,Approved,,2025-09-01 20:21:53.716170+00:00
,,8a2422f6-0e2f-4ebb-a03b-6ee1b2d401b9,0c49166273014487baa157c538b5a932,USGS-03274615,00065,00011,2023-01-11 22:45:00+00:00,1.09,ft,Approved,,2025-09-01 20:21:53.716170+00:00
,,6db2ea24-5e5e-43bc-a517-57b4ff9e5327,0c49166273014487baa157c538b5a932,USGS-03274615,00065,00011,2023-01-11 22:30:00+00:00,1.09,ft,Approved,,2025-09-01 20:21:53.716170+00:00
,,82fcd2a6-bec5-47e3-b771-207a008d3e55,0c49166273014487baa157c538b5a932,USGS-03274615,00065,00011,2023-01-11 22:15:00+00:00,1.10,ft,Approved,,2025-09-01 20:21:53.716170+00:00
,,aae0bf08-3a74-4528-a1de-7278478de097,0c49166273014487baa157c538b5a932,USGS-03274615,00065,00011,2023-01-11 22:00:00+00:00,1.10,ft,Approved,,2025-09-01 20:21:53.716170+00:00
,,c18c9d92-6200-4c77-b6c0-f2cd729208cc,0c49166273014487baa157c538b5a932,USGS-03274615,00065,00011,2023-01-11 21:45:00+00:00,1.10,ft,Approved,,2025-09-01 20:21:53.716170+00:00
,,e04dab15-7df3-4d93-959e-b72fcfd53770,0c49166273014487baa157c538b5a932,USGS-03274615,00065,00011,2023-01-11 21:30:00+00:00,1.10,ft,Approved,,2025-09-01 20:21:53.716170+00:00
,,cbdb5ec9-436e-455a-b380-caafc48764cd,0c49166273014487baa157c538b5a932,USGS-03274615,00065,00011,2023-01-11 21:15:00+00:00,1.10,ft,Approved,,2025-09-01 20:21:53.716170+00:00
,,854367d6-7b8f-43b1-a11d-d41b0b0c0ebb,0c49166273014487baa157c538b5a932,USGS-03274615,00065,00011,2023-01-11 21:00:00+00:00,1.10,ft,Approved,,2025-09-01 20:21:53.716170+00:00
,,3f14f0a0-2bec-4286-a22d-9c137e175ad7,0c49166273014487baa157c538b5a932,USGS-03274615,00065,00011,2023-01-11 20:45:00+00:00,1.10,ft,Approved,,2025-09-01 20:21:53.716170+00:00
,,30f27008-900b-49d2-abc7-932be5a50795,0c49166273014487baa157c538b5a932,USGS-03274615,00065,00011,2023-01-11 20:30:00+00:00,1.10,ft,Approved,,2025-09-01 20:21:53.716170+00:00
,,c4da09ea-dfb0-4b1b-bcf2-92caf2e16ee7,0c49166273014487baa157c538b5a932,USGS-03274615,00065,00011,2023-01-11 20:15:00+00:00,1.10,ft,Approved,,2025-09-01 20:21:53.716170+00:00
,,56471b47-9d98-4178-8429-bc940b5fee64,0c49166273014487baa157c538b5a932,USGS-03274615,00065,00011,2023-01-11 20:00:00+00:00,1.09,ft,Approved,,2025-09-01 20:21:53.716170+00:00
,,ba5a28a7-dddb-454c-b35c-f1154bc4fb9a,0c49166273014487baa157c538b5a932,USGS-03274615,00065,00011,2023-01-11 19:45:00+00:00,1.09,ft,Approved,,2025-09-01 20:21:53.716170+00:00
,,5f5b4d88-2009-486e-8601-1f5ceffbbd83,0c49166273014487baa157c538b5a932,USGS-03274615,00065,00011,2023-01-11 19:30:00+00:00,1.09,ft,Approved,,2025-09-01 20:21:53.716170+00:00
,,7705af8e-cad1-4e3b-81f7-865e04b56b20,0c49166273014487baa157c538b5a932,USGS-03274615,00065,00011,2023-01-11 19:15:00+00:00,1.08,ft,Approved,,2025-09-01 20:21:53.716170+00:00
,,bb31fc0e-0b45-4c1e-bb90-b19f05ea86cb,0c49166273014487baa157c538b5a932,USGS-03274615,00065,00011,2023-01-11 19:00:00+00:00,1.10,ft,Approved,,2025-09-01 20:21:53.716170+00:00
,,a8f580c6-18ed-4e9f-beaf-9e1d67ee854c,0c49166273014487baa157c538b5a932,USGS-03274615,00065,00011,2023-01-11 18:45:00+00:00,1.10,ft,Approved,,2025-09-01 20:21:53.716170+00:00
,,6182ed1d-2cae-4f41-adce-cefd2cacfc9d,0c49166273014487baa157c538b5a932,USGS-03274615,00065,00011,2023-01-11 18:30:00+00:00,1.10,ft,Approved,,2025-09-01 20:21:53.716170+00:00
,,d4ec64e4-6939-4029-905c-ad05117277b5,0c49166273014487baa157c538b5a932,USGS-03274615,00065,00011,2023-01-11 18:15:00+00:00,1.10,ft,Approved,,2025-09-01 20:21:53.716170+00:00
,,c12f75f9-88a2-4470-b37d-e15aac21733d,0c49166273014487baa157c538b5a932,USGS-03274615,00065,00011,2023-01-11 18:00:00+00:00,1.10,ft,Approved,,2025-09-01 20:21:53.716170+00:00
,,4c59e75f-28a9-46b5-8873-e470a666aef6,0c49166273014487baa157c538b5a932,USGS-03274615,00065,00011,2023-01-11 17:45:00+00:00,1.10,ft,Approved,,2025-09-01 20:21:53.716170+00:00
,,fcd05087-d1cf-4491-bed7-f38434512df0,0c49166273014487baa157c538b5a932,USGS-03274615,00065,00011,2023-01-11 17:30:00+00:00,1.10,ft,Approved,,2025-09-01 20:21:53.716170+00:00
,,e347c4f7-1ad3-4c95-9094-18540b654076,0c49166273014487baa157c538b5a932,USGS-03274615,00065,00011,2023-01-11 17:15:00+00:00,1.10,ft,Approved,,2025-09-01 20:21:53.716170+00:00
,,c87be852-1553-4ad0-b494-37ec3bc0387b,0c49166273014487baa157c538b5a932,USGS-03274615,00065,00011,2023-01-11 17:00:00+00:00,1.10,ft,Approved,,2025-09-01 20:21:53.716170+00:00
,,9c7c5486-a381-4356-b80b-487d6812e87b,0c49166273014487baa157c538b5a932,USGS-03274615,00065,00011,2023-01-11 16:45:00+00:00,1.10,ft,Approved,,2025-09-01 20:21:53.716170+00:00
,,c08e3530-c88d-40dd-875f-ec13a65a638d,0c49166273014487baa157c538b5a932,USGS-03274615,00065,00011,2023-01-11 16:30:00+00:00,1.10,ft,Approved,,2025-09-01 20:21:53.716170+00:00
,,e8f95102-afae-4df9-a31e-be58bb51c573,0c49166273014487baa157c538b5a932,USGS-03274615,00065,00011,2023-01-11 16:15:00+00:00,1.10,ft,Approved,,2025-09-01 20:21:53.716170+00:00
,,f9a65445-a71c-491f-acd1-4ffb2cd7c81e,0c49166273014487baa157c538b5a932,USGS-03274615,00065,00011,2023-01-11 16:00:00+00:00,1.09,ft,Approved,,2025-09-01 20:21:53.716170+00:00
,,eb6dff1c-8ef7-4788-abe3-4d90ab336838,0c49166273014487baa157c538b5a932,USGS-03274615,00065,00011,2023-01-11 15:45:00+00:00,1.10,ft,Approved,,2025-09-01 20:21:53.716170+00:00
,,b76da060-e698-4891-a1ea-49b1b487e697,0c49166273014487baa157c538b5a932,USGS-03274615,00065,00011,2023-01-11 15:30:00+00:00,1.10,ft,Approved,,2025-09-01 20:21:53.716170+00:00
,,6886f34a-18b2-4601-bbda-fe3f133a1413,0c49166273014487baa157c538b5a932,USGS-03274615,00065,00011,2023-01-11 15:15:00+00:00,1.10,ft,Approved,,2025-09-01 20:21:53.716170+00:00
,,d0266bd2-0e50-4394-b657-2c8cad5d0cb2,0c49166273014487baa157c538b5a932,USGS-03274615,00065,00011,2023-01-11 15:00:00+00:00,1.06,ft,Approved,,2025-09-01 20:21:53.716170+00:00
,,a4144a7f-5601-47d5-b651-8851c6d8fc28,0c49166273014487baa157c538b5a932,USGS-03274615,00065,00011,2023-01-11 14:45:00+00:00,1.11,ft,Approved,,2025-09-01 20:21:53.716170+00:00
,,a01917ff-8042-42e7-80c6-e7a9fa27f81d,0c49166273014487baa157c538b5a932,USGS-03274615,00065,00011,2023-01-11 14:30:00+00:00,1.10,ft,Approved,,2025-09-01 20:21:53.716170+00:00
,,15d865dc-b034-472d-87da-718af6efd529,0c49166273014487baa157c538b5a932,USGS-03274615,00065,00011,2023-01-11 14:15:00+00:00,1.11,ft,Approved,,2025-09-01 20:21:53.716170+00:00
,,6f207740-9176-4a52-8e1f-39100da3bc3e,0c49166273014487baa157c538b5a932,USGS-03274615,00065,00011,2023-01-11 14:00:00+00:00,1.11,ft,Approved,,2025-09-01 20:21:53.716170+00:00
,,86c3853d-0f2c-406e-935a-29d686f5ac6e,0c49166273014487baa157c538b5a932,USGS-03274615,00065,00011,2023-01-11 13:45:00+00:00,1.11,ft,Approved,,2025-09-01 20:21:53.716170+00:00
,,79af33f5-48d0-47cc-97a3-32ed18662d51,0c49166273014487baa157c538b5a932,USGS-03274615,00065,00011,2023-01-11 13:30:00+00:00,1.11,ft,Approved,,2025-09-01 20:21:53.716170+00:00
,,242fbe1b-4d95-437c-b666-ef970c0f4b5b,0c49166273014487baa157c538b5a932,USGS-03274615,00065,00011,2023-01-11 13:15:00+00:00,1.11,ft,Approved,,2025-09-01 20:21:53.716170+00:00
,,01efe032-1c8d-4521-ae9f-2f60998e890b,0c49166273014487baa157c538b5a932,USGS-03274615,00065,00011,2023-01-11 13:00:00+00:00,1.11,ft,Approved,,2025-09-01 20:21:53.716170+00:00
,,8674929c-d175-44c5-96d7-e0b69371522c,0c49166273014487baa157c538b5a932,USGS-03274615,00065,00011,2023-01-11 12:45:00+00:00,1.11,ft,Approved,,2025-09-01 20:21:53.716170+00:00
,,70c5825f-a316-4d26-a745-e2c0407f1521,0c49166273014487baa157c538b5a932,USGS-03274615,00065,00011,2023-01-11 12:30:00+00:00,1.11,ft,Approved,,2025-09-01 20:21:53.716170+00:00
,,14061e26-6abf-4254-ae52-eada9b2ba541,0c49166273014487baa157c538b5a932,USGS-03274615,00065,00011,2023-01-11 12:15:00+00:00,1.12,ft,Approved,,2025-09-01 20:21:53.716170+00:00
,,a5f75ae9-f7b0-4b52-bda5-e4a839befd1d,0c49166273014487baa157c538b5a932,USGS-03274615,00065,00011,2023-01-11 12:00:00+00:00,1.11,ft,Approved,,2025-09-01 20:21:53.716170+00:00
,,7541d62c-43d0-4fc2-8c61-a7c5e3af22ce,0c49166273014487baa157c538b5a932,USGS-03274615,00065,00011,2023-01-11 11:45:00+00:00,1.12,ft,Approved,,2025-09-01 20:21:53.716170+00:00
,,461ddb17-c3e4-45a6-874b-a367aaa57ca2,0c49166273014487baa157c538b5a932,USGS-03274615,00065,00011,2023-01-11 11:30:00+00:00,1.12,ft,Approved,,2025-09-01 20:21:53.716170+00:00
,,0950428a-b2df-4a31-9010-25a7e61e5077,0c49166273014487baa157c538b5a932,USGS-03274615,00065,00011,2023-01-11 11:15:00+00:00,1.12,ft,Approved,,2025-09-01 20:21:53.716170+00:00
,,29f9d2ca-c016-478b-bb74-09d2f93995d0,0c49166273014487baa157c538b5a932,USGS-03274615,00065,00011,2023-01-11 11:00:00+00:00,1.12,ft,Approved,,2025-09-01 20:21:53.716170+00:00
,,047b62c8-e594-4fdc-97dc-94ef27037cb9,0c49166273014487baa157c538b5a932,USGS-03274615,00065,00011,2023-01-11 10:45:00+00:00,1.12,ft,Approved,,2025-09-01 20:21:53.716170+00:00
,,8bcc5fc2-bbc1-4596-9ff3-3fd9290ec2bc,0c49166273014487baa157c538b5a932,USGS-03274615,00065,00011,2023-01-11 10:30:00+00:00,1.12,ft,Approved,,2025-09-01 20:21:53.716170+00:00
,,9251a39f-5baa-41ef-b1f1-0cae85f649da,0c49166273014487baa157c538b5a932,USGS-03274615,00065,00011,2023-01-11 10:15:00+00:00,1.12,ft,Approved,,2025-09-01 20:21:53.716170+00:00
,,098c0bf3-a8b7-4900-9d46-ba7d2aa20556,0c49166273014487baa157c538b5a932,USGS-03274615,00065,00011,2023-01-11 10:00:00+00:00,1.12,ft,Approved,,2025-09-01 20:21:53.716170+00:00
,,7de39a30-6ab5-4a44-ae88-b6d18a41277e,0c49166273014487baa157c538b5a932,USGS-03274615,00065,00011,2023-01-11 09:45:00+00:00,1.13,ft,Approved,,2025-09-01 20:21:53.716170+00:00
,,313238d4-caa7-4d95-bca8-9efca849db9d,0c49166273014487baa157c538b5a932,USGS-03274615,00065,00011,2023-01-11 09:30:00+00:00,1.13,ft,Approved,,2025-09-01 20:21:53.716170+00:00
,,de781c82-7de1-41a0-8c4c-480c38f8fa03,0c49166273014487baa157c538b5a932,USGS-03274615,00065,00011,2023-01-11 09:15:00+00:00,1.13,ft,Approved,,2025-09-01 20:21:53.716170+00:00
,,45d80d66-e7d1-4ea9-96b0-61847217d07d,0c49166273014487baa157c538b5a932,USGS-03274615,00065,00011,2023-01-11 09:00:00+00:00,1.13,ft,Approved,,2025-09-01 20:21:53.716170+00:00
,,4f92892b-a6e4-4cbe-a3d0-38df0b8f9006,0c49166273014487baa157c538b5a932,USGS-03274615,00065,00011,2023-01-11 08:45:00+00:00,1.13,ft,Approved,,2025-09-01 20:21:53.716170+00:00
,,ea6adb5c-434d-4081-9722-c70b83a4d55c,0c49166273014487baa157c538b5a932,USGS-03274615,00065,00011,2023-01-11 08:30:00+00:00,1.13,ft,Approved,,2025-09-01 20:21:53.716170+00:00
,,7030e3cd-9c00-4bb7-b2ad-56ad88866566,0c49166273014487baa157c538b5a932,USGS-03274615,00065,00011,2023-01-11 08:15:00+00:00,1.13,ft,Approved,,2025-09-01 20:21:53.716170+00:00
,,29127e5c-2c6b-4f0a-a283-24b75638ad69,0c49166273014487baa157c538b5a932,USGS-03274615,00065,00011,2023-01-11 08:00:00+00:00,1.13,ft,Approved,,2025-09-01 20:21:53.716170+00:00
,,c997c5b2-eab1-43c3-a018-dfba8692ca95,0c49166273014487baa157c538b5a932,USGS-03274615,00065,00011,2023-01-11 07:45:00+00:00,1.13,ft,Approved,,2025-09-01 20:21:53.716170+00:00
,,8f9d9b4a-439e-4bcf-b430-bfa7034d6e3f,0c49166273014487baa157c538b5a932,USGS-03274615,00065,00011,2023-01-11 07:30:00+00:00,1.13,ft,Approved,,2025-09-01 20:21:53.716170+00:00
,,5517847c-98de-48db-b60c-2ef38987f05a,0c49166273014487baa157c538b5a932,USGS-03274615,00065,00011,2023-01-11 07:15:00+00:00,1.13,ft,Approved,,2025-09-01 20:21:53.716170+00:00
,,f9fdf307-9832-4da1-ba88-78782a9e2b27,0c49166273014487baa157c538b5a932,USGS-03274615,00065,00011,2023-01-11 07:00:00+00:00,1.13,ft,Approved,,2025-09-01 20:21:53.716170+00:00
,,aa8a3d99-a839-4aca-8891-4eaedf3ce27b,0c49166273014487baa157c538b5a932,USGS-03274615,00065,00011,2023-01-11 06:45:00+00:00,1.14,ft,Approved,,2025-09-01 20:21:53.716170+00:00
,,3271ff38-341d-4963-9d6a-b7f335711d5d,0c49166273014487baa157c538b5a932,USGS-03274615,00065,00011,2023-01-11 06:30:00+00:00,1.14,ft,Approved,,2025-09-01 20:21:53.716170+00:00
,,0effb01f-d0d8-4081-a0a1-26be514993ed,0c49166273014487baa157c538b5a932,USGS-03274615,00065,00011,2023-01-11 06:15:00+00:00,1.14,ft,Approved,,2025-09-01 20:21:53.716170+00:00
,,7b449b69-86a2-466f-86b4-c0f1e92f0592,0c49166273014487baa157c538b5a932,USGS-03274615,00065,00011,2023-01-11 06:00:00+00:00,1.14,ft,Approved,,2025-09-01 20:21:53.716170+00:00
,,26e3808c-bb47-4052-9171-e2d90093a833,0c49166273014487baa157c538b5a932,USGS-03274615,00065,00011,2023-01-11 05:45:00+00:00,1.14,ft,Approved,,2025-09-01 20:21:53.716170+00:00
,,79b0965d-d99f-49ee-8179-c569e3138baa,0c49166273014487baa157c538b5a932,USGS-03274615,00065,00011,2023-01-11 05:30:00+00:00,1.14,ft,Approved,,2025-09-01 20:21:53.716170+00:00
,,6080a85e-9205-45ed-b646-5c359148edee,0c49166273014487baa157c538b5a932,USGS-03274615,00065,00011,2023-01-11 05:15:00+00:00,1.14,ft,Approved,,2025-09-01 20:21:53.716170+00:00
,,ea7b9086-a414-4881-81d2-13cb8f41ff53,0c49166273014487baa157c538b5a932,USGS-03274615,00065,00011,2023-01-11 05:00:00+00:00,1.14,ft,Approved,,2025-09-01 20:21:53.716170+00:00
,,44cbfdf9-38cf-47f2-9362-8ae3d0904b5a,0c49166273014487baa157c538b5a932,USGS-03274615,00065,00011,2023-01-11 04:45:00+00:00,1.14,ft,Approved,,2025-09-01 20:21:53.716170+00:00
,,74ed0228-e5a0-4156-9202-769e68d1e4b7,0c49166273014487baa157c538b5a932,USGS-03274615,00065,00011,2023-01-11 04:30:00+00:00,1.15,ft,Approved,,2025-09-01 20:21:53.716170+00:00
,,b9424bfe-fda7-4eee-92cf-320df6b89fd3,0c49166273014487baa157c538b5a932,USGS-03274615,00065,00011,2023-01-11 04:15:00+00:00,1.14,ft,Approved,,2025-09-01 20:21:53.716170+00:00
,,432c60e2-dceb-449d-b6a2-b481ac847ab0,0c49166273014487baa157c538b5a932,USGS-03274615,00065,00011,2023-01-11 04:00:00+00:00,1.15,ft,Approved,,2025-09-01 20:21:53.716170+00:00
,,8b9ef5e8-8a26-4a7c-a490-1f51ca371b37,0c49166273014487baa157c538b5a932,USGS-03274615,00065,00011,2023-01-11 03:45:00+00:00,1.14,ft,Approved,,2025-09-01 20:21:53.716170+00:00
,,c41f8316-b2ee-49d1-a697-09a50fea9cbe,0c49166273014487baa157c538b5a932,USGS-03274615,00065,00011,2023-01-11 03:30:00+00:00,1.15,ft,Approved,,2025-09-01 20:21:53.716170+00:00
,,c256c90f-40e6-4cea-afd5-ab5a4b2d8bec,0c49166273014487baa157c538b5a932,USGS-03274615,00065,00011,2023-01-11 03:15:00+00:00,1.14,ft,Approved,,2025-09-01 20:21:53.716170+00:00
,,d7d1c6de-60ef-4611-b686-ab46d2f4f931,0c49166273014487baa157c538b5a932,USGS-03274615,00065,00011,2023-01-11 03:00:00+00:00,1.14,ft,Approved,,2025-09-01 20:21:53.716170+00:00
,,8bf49fa6-5722-40e6-9ad9-a052cfe97e57,0c49166273014487baa157c538b5a932,USGS-03274615,00065,00011,2023-01-11 02:45:00+00:00,1.15,ft,Approved,,2025-09-01 20:21:53.716170+00:00
,,55dc02b9-83f4-4048-80e3-fd19c9552223,0c49166273014487baa157c538b5a932,USGS-03274615,00065,00011,2023-01-11 02:30:00+00:00,1.15,ft,Approved,,2025-09-01 20:21:53.716170+00:00
,,8c699b4d-7e7c-4e01-aff6-01fe687a8e2f,0c49166273014487baa157c538b5a932,USGS-03274615,00065,00011,2023-01-11 02:15:00+00:00,1.15,ft,Approved,,2025-09-01 20:21:53.716170+00:00
,,1d86124e-b2f2-40e0-9ebd-424ad7620708,0c49166273014487baa157c538b5a932,USGS-03274615,00065,00011,2023-01-11 02:00:00+00:00,1.15,ft,Approved,,2025-09-01 20:21:53.716170+00:00
,,2ec54fd5-14ea-4322-ba10-219612f884e2,0c49166273014487baa157c538b5a932,USGS-03274615,00065,00011,2023-01-11 01:45:00+00:00,1.15,ft,Approved,,2025-09-01 20:21:53.716170+00:00
,,b6f3e090-3a39-4ea0-9f94-ee09af1d3e9d,0c49166273014487baa157c538b5a932,USGS-03274615,00065,00011,2023-01-11 01:30:00+00:00,1.14,ft,Approved,,2025-09-01 20:21:53.716170+00:00
,,2cdd11e5-f36c-41eb-afa1-f6edafa420a5,0c49166273014487baa157c538b5a932,USGS-03274615,00065,00011,2023-01-11 01:15:00+00:00,1.14,ft,Approved,,2025-09-01 20:21:53.716170+00:00
,,9ea7aae5-056c-4c43-859d-44c39076eb49,0c49166273014487baa157c538b5a932,USGS-03274615,00065,00011,2023-01-11 01:00:00+00:00,1.15,ft,Approved,,2025-09-01 20:21:53.716170+00:00
,,d363ad29-192b-4d9c-9960-2368a9d5b2fd,0c49166273014487baa157c538b5a932,USGS-03274615,00065,00011,2023-01-11 00:45:00+00:00,1.14,ft,Approved,,2025-09-01 20:21:53.716170+00:00
,,41895908-6bab-4adc-9016-be6fba2d6671,0c49166273014487baa157c538b5a932,USGS-03274615,00065,00011,2023-01-11 00:30:00+00:00,1.15,ft,Approved,,2025-09-01 20:21:53.716170+00:00
,,b84c67d7-6d06-4c56-8d36-c9210736fb33,0c49166273014487baa157c538b5a932,USGS-03274615,00065,00011,2023-01-11 00:15:00+00:00,1.15,ft,Approved,,2025-09-01 20:21:53.716170+00:00
,,f1302497-6d7f-438f-b07b-971cce3379b5,0c49166273014487baa157c538b5a932,USGS-03274615,00065,00011,2023-01-11 00:00:00+00:00,1.15,ft,Approved,,2025-09-01 20:21:53.716170+00:00
,,b8fae848-70bd-428b-a9ec-044c9836801c,0c49166273014487baa157c538b5a932,USGS-03274615,00065,00011,2023-01-10 23:45:00+00:00,1.15,ft,Approved,,2025-09-01 20:21:53.716170+00:00
,,05454227-2506-43e9-afa1-37d5dee8192e,0c49166273014487baa157c538b5a932,USGS-03274615,00065,00011,2023-01-10 23:30:00+00:00,1.15,ft,Approved,,2025-09-01 20:21:53.716170+00:00
,,48cc4dfa-2e36-4842-9669-4a63938e5a42,0c49166273014487baa157c538b5a932,USGS-03274615,00065,00011,2023-01-10 23:15:00+00:00,1.15,ft,Approved,,2025-09-01 20:21:53.716170+00:00
,,7fb84283-681a-4f27-8dc1-a898db1f4ed4,0c49166273014487baa157c538b5a932,USGS-03274615,00065,00011,2023-01-10 23:00:00+00:00,1.15,ft,Approved,,2025-09-01 20:21:53.716170+00:00
,,4e5e2f0e-d6de-4131-bdd3-1e7e5d01b41b,0c49166273014487baa157c538b5a932,USGS-03274615,00065,00011,2023-01-10 22:45:00+00:00,1.15,ft,Approved,,2025-09-01 20:21:53.716170+00:00
,,d9dc183b-9756-4447-aff6-c9c6a87c4a3b,0c49166273014487baa157c538b5a932,USGS-03274615,00065,00011,2023-01-10 22:30:00+00:00,1.15,ft,Approved,,2025-09-01 20:21:53.716170+00:00
,,056a34ed-a902-44f1-bb1d-e644fa866dc1,0c49166273014487baa157c538b5a932,USGS-03274615,00065,00011,2023-01-10 22:15:00+00:00,1.15,ft,Approved,,2025-09-01 20:21:53.716170+00:00
,,a374619f-b67a-4587-aad7-1199fe86981b,0c49166273014487baa157c538b5a932,USGS-03274615,00065,00011,2023-01-10 22:00:00+00:00,1.15,ft,Approved,,2025-09-01 20:21:53.716170+00:00
,,73b7e4e8-fff0-497d-a1eb-dd2ec12498eb,0c49166273014487baa157c538b5a932,USGS-03274615,00065,00011,2023-01-10 21:45:00+00:00,1.15,ft,Approved,,2025-09-01 20:21:53.716170+00:00
,,a291f467-f149-49b9-8e42-2ce12c22b39e,0c49166273014487baa157c538b5a932,USGS-03274615,00065,00011,2023-01-10 21:30:00+00:00,1.15,ft,Approved,,2025-09-01 20:21:53.716170+00:00
,,4850a4d2-76bc-49ac-9671-ebf58e7c534f,0c49166273014487baa157c538b5a932,USGS-03274615,00065,00011,2023-01-10 21:15:00+00:00,1.15,ft,Approved,,2025-09-01 20:21:53.716170+00:00
,,990b1f2d-1baf-4f7e-b2eb-84a7185ada17,0c49166273014487baa157c538b5a932,USGS-03274615,00065,00011,2023-01-10 20:45:00+00:00,1.13,ft,Approved,,2025-09-01 20:21:53.716170+00:00
,,14ffe762-44e8-4e1c-997b-cf01cee9d5e5,0c49166273014487baa157c538b5a932,USGS-03274615,00065,00011,2023-01-10 20:30:00+00:00,1.13,ft,Approved,,2025-09-01 20:21:53.716170+00:00
,,5918bd34-bb56-44aa-981a-38de1dc17455,0c49166273014487baa157c538b5a932,USGS-03274615,00065,00011,2023-01-10 20:15:00+00:00,1.15,ft,Approved,,2025-09-01 20:21:53.716170+00:00
,,28fc6507-60a6-4270-97a7-3d795f2a5849,0c49166273014487baa157c538b5a932,USGS-03274615,00065,00011,2023-01-10 20:00:00+00:00,1.13,ft,Approved,,2025-09-01 20:21:53.716170+00:00
,,a9c69193-33e7-4481-ade2-add9737936c9,0c49166273014487baa157c538b5a932,USGS-03274615,00065,00011,2023-01-10 19:45:00+00:00,1.15,ft,Approved,,2025-09-01 20:21:53.716170+00:00
,,23d6d788-6a4f-468e-9fef-4ccfc3564875,0c49166273014487baa157c538b5a932,USGS-03274615,00065,00011,2023-01-10 19:30:00+00:00,1.15,ft,Approved,,2025-09-01 20:21:53.716170+00:00
,,68e0f48c-5d40-47fa-a0d5-4e32806875b6,0c49166273014487baa157c538b5a932,USGS-03274615,00065,00011,2023-01-10 19:15:00+00:00,1.16,ft,Approved,,2025-09-01 20:21:53.716170+00:00
,,2b026f55-77d3-458c-afbe-211727930606,0c49166273014487baa157c538b5a932,USGS-03274615,00065,00011,2023-01-10 19:00:00+00:00,1.16,ft,Approved,,2025-09-01 20:21:53.716170+00:00
,,a874ca2e-fcc0-4982-b76c-ab231baa386f,0c49166273014487baa157c538b5a932,USGS-03274615,00065,00011,2023-01-10 18:30:00+00:00,1.16,ft,Approved,,2025-09-01 20:21:53.716170+00:00
,,cc24f30a-8724-4c53-96ef-d1b054dec256,0c49166273014487baa157c538b5a932,USGS-03274615,00065,00011,2023-01-10 18:15:00+00:00,1.16,ft,Approved,,2025-09-01 20:21:53.716170+00:00
,,355ffcf8-b0d8-4695-8d39-141b6adab870,0c49166273014487baa157c538b5a932,USGS-03274615,00065,00011,2023-01-10 18:00:00+00:00,1.14,ft,Approved,,2025-09-01 20:21:53.716170+00:00
,,c4443efb-b195-476b-bb40-6eb82e2f2f65,0c49166273014487baa157c538b5a932,USGS-03274615,00065,00011,2023-01-10 17:15:00+00:00,1.16,ft,Approved,,2025-09-01 20:21:53.716170+00:00
,,2e60709d-9074-492a-b6a8-1578982a03af,0c49166273014487baa157c538b5a932,USGS-03274615,00065,00011,2023-01-10 17:00:00+00:00,1.15,ft,Approved,,2025-09-01 20:21:53.716170+00:00
,,1e612294-d7ee-4619-b96c-a5d8bfd08916,0c49166273014487baa157c538b5a932,USGS-03274615,00065,00011,2023-01-10 16:45:00+00:00,1.15,ft,Approved,,2025-09-01 20:21:53.716170+00:00
,,4e43f57a-5367-4dd8-b60d-189d145d8b82,0c49166273014487baa157c538b5a932,USGS-03274615,00065,00011,2023-01-10 16:30:00+00:00,1.15,ft,Approved,,2025-09-01 20:21:53.716170+00:00
,,46db7a94-de65-4594-8a19-5f801bbbb1c6,0c49166273014487baa157c538b5a932,USGS-03274615,00065,00011,2023-01-10 16:00:00+00:00,1.17,ft,Approved,,2025-09-01 20:21:53.716170+00:00
,,82664053-815c-4df4-abbc-9fb4f5d34bf3,0c49166273014487baa157c538b5a932,USGS-03274615,00065,00011,2023-01-10 15:45:00+00:00,1.14,ft,Approved,,2025-09-01 20:21:53.716170+00:00
,,3a9d0e37-0e49-4490-a6a3-35f78928aa7c,0c49166273014487baa157c538b5a932,USGS-03274615,00065,00011,2023-01-10 15:30:00+00:00,1.17,ft,Approved,,2025-09-01 20:21:53.716170+00:00
,,b0b90cb7-5748-4bb8-91ab-920828759ec0,0c49166273014487baa157c538b5a932,USGS-03274615,00065,00011,2023-01-10 15:15:00+00:00,1.18,ft,Approved,,2025-09-01 20:21:53.716170+00:00
,,f50cfd3f-8588-495e-9ed9-2dbec5a5ec1a,0c49166273014487baa157c538b5a932,USGS-03274615,00065,00011,2023-01-10 15:00:00+00:00,1.17,ft,Approved,,2025-09-01 20:21:53.716170+00:00
,,1cf01f9d-d119-402d-a051-4f7aa6058d67,0c49166273014487baa157c538b5a932,USGS-03274615,00065,00011,2023-01-10 14:45:00+00:00,1.18,ft,Approved,,2025-09-01 20:21:53.716170+00:00
,,d6d40c77-cb4b-4a41-8074-8a3f0a1403c4,0c49166273014487baa157c538b5a932,USGS-03274615,00065,00011,2023-01-10 14:30:00+00:00,1.18,ft,Approved,,2025-09-01 20:21:53.716170+00:00
,,9c39175e-2e30-4c0a-ad17-40e9ee5c1bec,0c49166273014487baa157c538b5a932,USGS-03274615,00065,00011,2023-01-10 14:15:00+00:00,1.18,ft,Approved,,2025-09-01 20:21:53.716170+00:00
,,00ad2dac-5b0b-4aef-8820-af83a00bec14,0c49166273014487baa157c538b5a932,USGS-03274615,00065,00011,2023-01-10 14:00:00+00:00,1.18,ft,Approved,,2025-09-01 20:21:53.716170+00:00
,,51ca4ecf-bcc1-44f1-b787-5245d8f580eb,0c49166273014487baa157c538b5a932,USGS-03274615,00065,00011,2023-01-10 13:45:00+00:00,1.18,ft,Approved,,2025-09-01 20:21:53.716170+00:00
,,7ff07ec8-2212-4fec-b34c-7856bd11bd9a,0c49166273014487baa157c538b5a932,USGS-03274615,00065,00011,2023-01-10 13:30:00+00:00,1.18,ft,Approved,,2025-09-01 20:21:53.716170+00:00
,,984e0eb3-1a61-42b7-a535-c5d5a40b0dd3,0c49166273014487baa157c538b5a932,USGS-03274615,00065,00011,2023-01-10 13:15:00+00:00,1.18,ft,Approved,,2025-09-01 20:21:53.716170+00:00
,,b159a937-b6bb-4281-9319-4b15b4eb7fc1,0c49166273014487baa157c538b5a932,USGS-03274615,00065,00011,2023-01-10 13:00:00+00:00,1.19,ft,Approved,,2025-09-01 20:21:53.716170+00:00
,,29422cfd-9882-461d-9677-bab58100a0a4,0c49166273014487baa157c538b5a932,USGS-03274615,00065,00011,2023-01-10 12:45:00+00:00,1.19,ft,Approved,,2025-09-01 20:21:53.716170+00:00
,,d7db3b0e-9d61-43d3-9589-ed10408d9263,0c49166273014487baa157c538b5a932,USGS-03274615,00065,00011,2023-01-10 12:30:00+00:00,1.19,ft,Approved,,2025-09-01 20:21:53.716170+00:00
,,b22d9fab-5fb1-455d-8da0-92ae787766f5,0c49166273014487baa157c538b5a932,USGS-03274615,00065,00011,2023-01-10 12:15:00+00:00,1.19,ft,Approved,,2025-09-01 20:21:53.716170+00:00
,,b5951fe2-46bd-4b75-8b90-5ac931667e7f,0c49166273014487baa157c538b5a932,USGS-03274615,00065,00011,2023-01-10 12:00:00+00:00,1.19,ft,Approved,,2025-09-01 20:21:53.716170+00:00
,,0b6dbcbf-518d-4140-affb-dc516ed8d466,0c49166273014487baa157c538b5a932,USGS-03274615,00065,00011,2023-01-10 11:45:00+00:00,1.19,ft,Approved,,2025-09-01 20:21:53.716170+00:00
,,15be9ce6-aa99-4099-a081-492b91589378,0c49166273014487baa157c538b5a932,USGS-03274615,00065,00011,2023-01-10 11:30:00+00:00,1.19,ft,Approved,,2025-09-01 20:21:53.716170+00:00
,,0ff78c38-df5f-4615-85a1-f0dbf7afc214,0c49166273014487baa157c538b5a932,USGS-03274615,00065,00011,2023-01-10 11:15:00+00:00,1.19,ft,Approved,,2025-09-01 20:21:53.716170+00:00
,,60018441-1986-4c0d-8082-6dc3fcdb9f34,0c49166273014487baa157c538b5a932,USGS-03274615,00065,00011,2023-01-10 11:00:00+00:00,1.20,ft,Approved,,2025-09-01 20:21:53.716170+00:00
,,6e180238-5bda-4b28-a760-810ca3b174ae,0c49166273014487baa157c538b5a932,USGS-03274615,00065,00011,2023-01-10 10:45:00+00:00,1.20,ft,Approved,,2025-09-01 20:21:53.716170+00:00
,,8d9aaf10-74bb-4c9b-b957-cb02d47c5737,0c49166273014487baa157c538b5a932,USGS-03274615,00065,00011,2023-01-10 10:30:00+00:00,1.20,ft,Approved,,2025-09-01 20:21:53.716170+00:00
,,a4abcbe4-64ea-4097-a0f5-895c9801f63a,0c49166273014487baa157c538b5a932,USGS-03274615,00065,00011,2023-01-10 10:15:00+00:00,1.20,ft,Approved,,2025-09-01 20:21:53.716170+00:00
,,35594b14-548a-47ea-a829-cf688109a6ad,0c49166273014487baa157c538b5a932,USGS-03274615,00065,00011,2023-01-10 10:00:00+00:00,1.20,ft,Approved,,2025-09-01 20:21:53.716170+00:00
,,f3a7bdb3-6abc-4328-a75a-6a315f2275d9,0c49166273014487baa157c538b5a932,USGS-03274615,00065,00011,2023-01-10 09:45:00+00:00,1.20,ft,Approved,,2025-09-01 20:21:53.716170+00:00
,,bd20e032-7a8a-4a1f-83e3-407e0ccc50d2,0c49166273014487baa157c538b5a932,USGS-03274615,00065,00011,2023-01-10 09:30:00+00:00,1.20,ft,Approved,,2025-09-01 20:21:53.716170+00:00
,,45aa0d7e-30a5-441e-8398-be6cab04fcf8,0c49166273014487baa157c538b5a932,USGS-03274615,00065,00011,2023-01-10 09:15:00+00:00,1.20,ft,Approved,,2025-09-01 20:21:53.716170+00:00
,,71de52c1-cad6-4826-8a9c-292d53322b9a,0c49166273014487baa157c538b5a932,USGS-03274615,00065,00011,2023-01-10 09:00:00+00:00,1.21,ft,Approved,,2025-09-01 20:21:53.716170+00:00
,,940a8a12-7a1d-4cf3-8ed3-daaac32b0b6a,0c49166273014487baa157c538b5a932,USGS-03274615,00065,00011,2023-01-10 08:45:00+00:00,1.21,ft,Approved,,2025-09-01 20:21:53.716170+00:00
,,4f4dbe73-4e5b-4fad-89e9-cb5f8a994d3a,0c49166273014487baa157c538b5a932,USGS-03274615,00065,00011,2023-01-10 08:30:00+00:00,1.21,ft,Approved,,2025-09-01 20:21:53.716170+00:00
,,f40e227a-3e7f-49d3-9d0a-06cd90ab2de3,0c49166273014487baa157c538b5a932,USGS-03274615,00065,00011,2023-01-10 08:15:00+00:00,1.21,ft,Approved,,2025-09-01 20:21:53.716170+00:00
,,d705069b-5d79-48e3-816c-52d76c9aff1c,0c49166273014487baa157c538b5a932,USGS-03274615,00065,00011,2023-01-10 08:00:00+00:00,1.21,ft,Approved,,2025-09-01 20:21:53.716170+00:00
,,8a548828-1eda-453e-93a2-b6cd2e32c16f,0c49166273014487baa157c538b5a932,USGS-03274615,00065,00011,2023-01-10 07:45:00+00:00,1.21,ft,Approved,,2025-09-01 20:21:53.716170+00:00
,,7b87cf49-d432-46aa-90d9-1da7c73830d4,0c49166273014487baa157c538b5a932,USGS-03274615,00065,00011,2023-01-10 07:30:00+00:00,1.22,ft,Approved,,2025-09-01 20:21:53.716170+00:00
,,818c8328-c1a2-4df4-9d29-f36a6175a6c4,0c49166273014487baa157c538b5a932,USGS-03274615,00065,00011,2023-01-10 07:15:00+00:00,1.22,ft,Approved,,2025-09-01 20:21:53.716170+00:00
,,044ebe85-1ae8-4235-b8e8-7a5ea27e4804,0c49166273014487baa157c538b5a932,USGS-03274615,00065,00011,2023-01-10 07:00:00+00:00,1.22,ft,Approved,,2025-09-01 20:21:53.716170+00:00
,,721f95bd-2316-42b5-9044-608ba9176edc,0c49166273014487baa157c538b5a932,USGS-03274615,00065,00011,2023-01-10 06:45:00+00:00,1.22,ft,Approved,,2025-09-01 20:21:53.716170+00:00
,,f0736e96-30d3-4c3c-8caf-4728b9b9e736,0c49166273014487baa157c538b5a932,USGS-03274615,00065,00011,2023-01-10 06:30:00+00:00,1.22,ft,Approved,,2025-09-01 20:21:53.716170+00:00
,,4071518c-2c18-4ac1-8699-a802c9d8dd25,0c49166273014487baa157c538b5a932,USGS-03274615,00065,00011,2023-01-10 06:15:00+00:00,1.22,ft,Approved,,2025-09-01 20:21:53.716170+00:00
,,cc7b0f41-98ca-48ef-9e3b-b22d6bc1fd1c,0c49166273014487baa157c538b5a932,USGS-03274615,00065,00011,2023-01-10 06:00:00+00:00,1.22,ft,Approved,,2025-09-01 20:21:53.716170+00:00
,,9d22fc0c-3695-4681-aa5e-11d4d502858e,0c49166273014487baa157c538b5a932,USGS-03274615,00065,00011,2023-01-10 05:45:00+00:00,1.22,ft,Approved,,2025-09-01 20:21:53.716170+00:00
,,213cfce7-cb6e-404a-8c4e-c2bae7c03f18,0c49166273014487baa157c538b5a932,USGS-03274615,00065,00011,2023-01-10 05:30:00+00:00,1.22,ft,Approved,,2025-09-01 20:21:53.716170+00:00
,,5dc70b8f-ee5e-4201-b68d-20aebd5fee94,0c49166273014487baa157c538b5a932,USGS-03274615,00065,00011,2023-01-10 05:15:00+00:00,1.22,ft,Approved,,2025-09-01 20:21:53.716170+00:00
,,23dda8e1-53f9-4e00-a2d0-2c3b8db67d7e,0c49166273014487baa157c538b5a932,USGS-03274615,00065,00011,2023-01-10 05:00:00+00:00,1.22,ft,Approved,,2025-09-01 20:21:53.716170+00:00
,,4b6ec40b-3f1c-4c53-bcc0-0bc198e3e4a7,0c49166273014487baa157c538b5a932,USGS-03274615,00065,00011,2023-01-10 04:45:00+00:00,1.22,ft,Approved,,2025-09-01 20:21:53.716170+00:00
,,8aa4a3f2-ab17-4bd6-91a9-f84875f74fcf,0c49166273014487baa157c538b5a932,USGS-03274615,00065,00011,2023-01-10 04:30:00+00:00,1.22,ft,Approved,,2025-09-01 20:21:53.716170+00:00
,,b398eea2-a6a0-4382-a341-e66c75aca32c,0c49166273014487baa157c538b5a932,USGS-03274615,00065,00011,2023-01-10 04:15:00+00:00,1.23,ft,Approved,,2025-09-01 20:21:53.716170+00:00
,,9a451c49-6498-4184-af14-fa00ffb52ff5,0c49166273014487baa157c538b5a932,USGS-03274615,00065,00011,2023-01-10 04:00:00+00:00,1.22,ft,Approved,,2025-09-01 20:21:53.716170+00:00
,,f9c7aa81-806a-4c7d-99fa-5d2cfa2481da,0c49166273014487baa157c538b5a932,USGS-03274615,00065,00011,2023-01-10 03:45:00+00:00,1.23,ft,Approved,,2025-09-01 20:21:53.716170+00:00
,,87aa5ef7-dc90-4a6d-b2c2-e086aab90935,0c49166273014487baa157c538b5a932,USGS-03274615,00065,00011,2023-01-10 03:30:00+00:00,1.23,ft,Approved,,2025-09-01 20:21:53.716170+00:00
,,c2fbf5a8-cf53-4686-923f-7bdaad67a066,0c49166273014487baa157c538b5a932,USGS-03274615,00065,00011,2023-01-10 03:15:00+00:00,1.23,ft,Approved,,2025-09-01 20:21:53.716170+00:00
,,5f63d8bd-8778-4629-b039-9d9393929e78,0c49166273014487baa157c538b5a932,USGS-03274615,00065,00011,2023-01-10 03:00:00+00:00,1.23,ft,Approved,,2025-09-01 20:21:53.716170+00:00
,,5d40b368-60a2-4399-8a53-2c1e085d9740,0c49166273014487baa157c538b5a932,USGS-03274615,00065,00011,2023-01-10 02:45:00+00:00,1.23,ft,Approved,,2025-09-01 20:21:53.716170+00:00
,,698fb7ff-cd1a-47b2-99cc-131996097608,0c49166273014487baa157c538b5a932,USGS-03274615,00065,00011,2023-01-10 02:30:00+00:00,1.23,ft,Approved,,2025-09-01 20:21:53.716170+00:00
,,585ec834-6c87-49ce-a6f5-2e1da749e0ad,0c49166273014487baa157c538b5a932,USGS-03274615,00065,00011,2023-01-10 02:15:00+00:00,1.23,ft,Approved,,2025-09-01 20:21:53.716170+00:00
,,896ce9d1-a908-46c3-a6e4-a6ad7e3f654f,0c49166273014487baa157c538b5a932,USGS-03274615,00065,00011,2023-01-10 02:00:00+00:00,1.23,ft,Approved,,2025-09-01 20:21:53.716170+00:00
,,e07c3180-daa5-4856-bac8-08f31d90183d,0c49166273014487baa157c538b5a932,USGS-03274615,00065,00011,2023-01-10 01:45:00+00:00,1.23,ft,Approved,,2025-09-01 20:21:53.716170+00:00
,,3a6f50c1-b334-459b-be89-3cce6d0ea31e,0c49166273014487baa157c538b5a932,USGS-03274615,00065,00011,2023-01-10 01:30:00+00:00,1.23,ft,Approved,,2025-09-01 20:21:53.716170+00:00
,,9e522669-adef-408d-9cc1-8115d2d4386e,0c49166273014487baa157c538b5a932,USGS-03274615,00065,00011,2023-01-10 01:15:00+00:00,1.23,ft,Approved,,2025-09-01 20:21:53.716170+00:00
,,55cc0c3f-c3a8-468c-8280-b03dbf6bc28e,0c49166273014487baa157c538b5a932,USGS-03274615,00065,00011,2023-01-10 01:00:00+00:00,1.23,ft,Approved,,2025-09-01 20:21:53.716170+00:00
,,95f9180b-6c7e-400a-b258-16fd667e7c55,0c49166273014487baa157c538b5a932,USGS-03274615,00065,00011,2023-01-10 00:45:00+00:00,1.23,ft,Approved,,2025-09-01 20:21:53.716170+00:00
,,be8698e0-afe9-4c19-9c14-39f87da0c3b5,0c49166273014487baa157c538b5a932,USGS-03274615,00065,00011,2023-01-10 00:30:00+00:00,1.23,ft,Approved,,2025-09-01 20:21:53.716170+00:00
,,d99352a0-0cb0-420f-b1bc-1e3bf13d04b1,0c49166273014487baa157c538b5a932,USGS-03274615,00065,00011,2023-01-10 00:15:00+00:00,1.23,ft,Approved,,2025-09-01 20:21:53.716170+00:00
,,8528d02f-c6f5-4837-814f-6b690b15e312,0c49166273014487baa157c538b5a932,USGS-03274615,00065,00011,2023-01-10 00:00:00+00:00,1.24,ft,Approved,,2025-09-01 20:21:53.716170+00:00
,,5b3d3fbb-836e-483b-92cc-4b844d59ad8b,0c49166273014487baa157c538b5a932,USGS-03274615,00065,00011,2023-01-09 23:45:00+00:00,1.24,ft,Approved,,2025-09-01 20:21:53.716170+00:00
,,4f549cec-4ec5-40cf-af75-2af8676b0dfe,0c49166273014487baa157c538b5a932,USGS-03274615,00065,00011,2023-01-09 23:30:00+00:00,1.24,ft,Approved,,2025-09-01 20:21:53.716170+00:00
,,5260e67e-0154-46fd-b9cc-ddeb70c67e6a,0c49166273014487baa157c538b5a932,USGS-03274615,00065,00011,2023-01-09 23:15:00+00:00,1.24,ft,Approved,,2025-09-01 20:21:53.716170+00:00
,,cf953ab7-b007-4aa8-95ae-50b7487c7ed1,0c49166273014487baa157c538b5a932,USGS-03274615,00065,00011,2023-01-09 23:00:00+00:00,1.23,ft,Approved,,2025-09-01 20:21:53.716170+00:00
,,430fde89-a709-4a9f-bbca-8d9005e9548a,0c49166273014487baa157c538b5a932,USGS-03274615,00065,00011,2023-01-09 22:45:00+00:00,1.24,ft,Approved,,2025-09-01 20:21:53.716170+00:00
,,85dc9bc4-364f-4625-8488-5760b6a01492,0c49166273014487baa157c538b5a932,USGS-03274615,00065,00011,2023-01-09 22:30:00+00:00,1.24,ft,Approved,,2025-09-01 20:21:53.716170+00:00
,,06b0248c-83cd-4667-aeca-7ce89e68cee6,0c49166273014487baa157c538b5a932,USGS-03274615,00065,00011,2023-01-09 22:15:00+00:00,1.23,ft,Approved,,2025-09-01 20:21:53.716170+00:00
,,03adfcec-4c50-4391-acc1-6ad8990a0a4b,0c49166273014487baa157c538b5a932,USGS-03274615,00065,00011,2023-01-09 22:00:00+00:00,1.23,ft,Approved,,2025-09-01 20:21:53.716170+00:00
,,e0e16332-b89a-4b1e-bd00-b9e6e7d7dcc7,0c49166273014487baa157c538b5a932,USGS-03274615,00065,00011,2023-01-09 21:45:00+00:00,1.25,ft,Approved,,2025-09-01 20:21:53.716170+00:00
,,df265648-8ba0-49ee-b1ed-5590d2184e00,0c49166273014487baa157c538b5a932,USGS-03274615,00065,00011,2023-01-09 21:30:00+00:00,1.24,ft,Approved,,2025-09-01 20:21:53.716170+00:00
,,6d0282fc-8d3c-488b-a6ce-4faa616f2988,0c49166273014487baa157c538b5a932,USGS-03274615,00065,00011,2023-01-09 21:15:00+00:00,1.21,ft,Approved,,2025-09-01 20:21:53.716170+00:00
,,f88c108e-09f6-4125-a94b-d092932f2c4c,0c49166273014487baa157c538b5a932,USGS-03274615,00065,00011,2023-01-09 21:00:00+00:00,1.23,ft,Approved,,2025-09-01 20:21:53.716170+00:00
,,50b7db86-98fd-4948-ac5f-10c6342b41f1,0c49166273014487baa157c538b5a932,USGS-03274615,00065,00011,2023-01-09 20:45:00+00:00,1.24,ft,Approved,,2025-09-01 20:21:53.716170+00:00
,,8c623cce-cc95-4ac8-bfa0-c0dfe328513d,0c49166273014487baa157c538b5a932,USGS-03274615,00065,00011,2023-01-09 20:30:00+00:00,1.24,ft,Approved,,2025-09-01 20:21:53.716170+00:00
,,139daab9-2c12-414d-a506-dd5d8f38c386,0c49166273014487baa157c538b5a932,USGS-03274615,00065,00011,2023-01-09 20:15:00+00:00,1.23,ft,Approved,,2025-09-01 20:21:53.716170+00:00
,,892a433f-9783-4cda-a2fc-31ec0bbd553a,0c49166273014487baa157c538b5a932,USGS-03274615,00065,00011,2023-01-09 20:00:00+00:00,1.26,ft,Approved,,2025-09-01 20:21:53.716170+00:00
,,37c4ebcd-e434-4c94-8f01-08a7c8f85bc4,0c49166273014487baa157c538b5a932,USGS-03274615,00065,00011,2023-01-09 19:45:00+00:00,1.25,ft,Approved,,2025-09-01 20:21:53.716170+00:00
,,f88e8145-3c51-4647-bc2f-f4cfe31f785a,0c49166273014487baa157c538b5a932,USGS-03274615,00065,00011,2023-01-09 19:30:00+00:00,1.26,ft,Approved,,2025-09-01 20:21:53.716170+00:00
,,e54ef27c-81bf-4ca4-b5b9-57426862ddbd,0c49166273014487baa157c538b5a932,USGS-03274615,00065,00011,2023-01-09 18:45:00+00:00,1.25,ft,Approved,,2025-09-01 20:21:53.716170+00:00
,,21971461-383c-4645-b304-0ede5e22423e,0c49166273014487baa157c538b5a932,USGS-03274615,00065,00011,2023-01-09 18:15:00+00:00,1.27,ft,Approved,,2025-09-01 20:21:53.716170+00:00
,,3aa8b0c7-3469-4c09-9050-c32bb58c6cfe,0c49166273014487baa157c538b5a932,USGS-03274615,00065,00011,2023-01-09 18:00:00+00:00,1.25,ft,Approved,,2025-09-01 20:21:53.716170+00:00
,,70e0902d-5eae-4e84-adcb-2815f2488175,0c49166273014487baa157c538b5a932,USGS-03274615,00065,00011,2023-01-09 17:45:00+00:00,1.22,ft,Approved,,2025-09-01 20:21:53.716170+00:00
,,4a614ad7-a6b1-44e2-8409-1796f5ff9382,0c49166273014487baa157c538b5a932,USGS-03274615,00065,00011,2023-01-09 17:30:00+00:00,1.22,ft,Approved,,2025-09-01 20:21:53.716170+00:00
,,8411daf2-dac3-4550-a7ab-f45c40288f45,0c49166273014487baa157c538b5a932,USGS-03274615,00065,00011,2023-01-09 17:00:00+00:00,1.23,ft,Approved,,2025-09-01 20:21:53.716170+00:00
,,95bc52ca-6237-45ee-9ca7-fff808243821,0c49166273014487baa157c538b5a932,USGS-03274615,00065,00011,2023-01-09 16:45:00+00:00,1.28,ft,Approved,,2025-09-01 20:21:53.716170+00:00
,,cf5fa1a3-dda1-4cb6-a1b6-68f04c8aa3b1,0c49166273014487baa157c538b5a932,USGS-03274615,00065,00011,2023-01-09 16:30:00+00:00,1.28,ft,Approved,,2025-09-01 20:21:53.716170+00:00
,,a131079c-04f7-4f97-92df-85db340728d4,0c49166273014487baa157c538b5a932,USGS-03274615,00065,00011,2023-01-09 16:00:00+00:00,1.28,ft,Approved,,2025-09-01 20:21:53.716170+00:00
,,af112255-053d-4ab1-9dbc-781e71addf5e,0c49166273014487baa157c538b5a932,USGS-03274615,00065,00011,2023-01-09 15:45:00+00:00,1.28,ft,Approved,,2025-09-01 20:21:53.716170+00:00
,,97dc4e12-9e87-4101-9a7e-16e9134372d6,0c49166273014487baa157c538b5a932,USGS-03274615,00065,00011,2023-01-09 15:30:00+00:00,1.29,ft,Approved,,2025-09-01 20:21:53.716170+00:00
,,8865ba57-9ac0-4638-b109-6380d0689945,0c49166273014487baa157c538b5a932,USGS-03274615,00065,00011,2023-01-09 15:15:00+00:00,1.29,ft,Approved,,2025-09-01 20:21:53.716170+00:00
,,678e52c5-ad06-4ca0-9f37-dbfd802c75f8,0c49166273014487baa157c538b5a932,USGS-03274615,00065,00011,2023-01-09 15:00:00+00:00,1.29,ft,Approved,,2025-09-01 20:21:53.716170+00:00
,,01a627d5-6653-49fc-8590-a92edec57ce1,0c49166273014487baa157c538b5a932,USGS-03274615,00065,00011,2023-01-09 14:45:00+00:00,1.30,ft,Approved,,2025-09-01 20:21:53.716170+00:00
,,c91f435e-68bf-4c25-a6f6-4f310a9ad320,0c49166273014487baa157c538b5a932,USGS-03274615,00065,00011,2023-01-09 14:30:00+00:00,1.30,ft,Approved,,2025-09-01 20:21:53.716170+00:00
,,48600fc7-6a05-4eac-8364-3ccf80f89685,0c49166273014487baa157c538b5a932,USGS-03274615,00065,00011,2023-01-09 14:15:00+00:00,1.30,ft,Approved,,2025-09-01 20:21:53.716170+00:00
,,90f39330-9599-448f-ad4f-d513898b6eb3,0c49166273014487baa157c538b5a932,USGS-03274615,00065,00011,2023-01-09 14:00:00+00:00,1.31,ft,Approved,,2025-09-01 20:21:53.716170+00:00
,,11bed21c-79f0-4f35-b05a-29c30667cde2,0c49166273014487baa157c538b5a932,USGS-03274615,00065,00011,2023-01-09 13:45:00+00:00,1.30,ft,Approved,,2025-09-01 20:21:53.716170+00:00
,,1d7955b3-e15b-4c2d-9c22-98de4294c3ce,0c49166273014487baa157c538b5a932,USGS-03274615,00065,00011,2023-01-09 13:30:00+00:00,1.30,ft,Approved,,2025-09-01 20:21:53.716170+00:00
,,1ec374aa-67de-4d27-a212-3d5bdd178d25,0c49166273014487baa157c538b5a932,USGS-03274615,00065,00011,2023-01-09 13:15:00+00:00,1.30,ft,Approved,,2025-09-01 20:21:53.716170+00:00
,,ed7bc043-6356-4360-a2c7-31fbe53b0856,0c49166273014487baa157c538b5a932,USGS-03274615,00065,00011,2023-01-09 13:00:00+00:00,1.31,ft,Approved,,2025-09-01 20:21:53.716170+00:00
,,beccf14e-5729-4b00-9477-0a477b673287,0c49166273014487baa157c538b5a932,USGS-03274615,00065,00011,2023-01-09 12:45:00+00:00,1.31,ft,Approved,,2025-09-01 20:21:53.716170+00:00
,,56d52642-014b-4ff9-bc7c-2752e3b88303,0c49166273014487baa157c538b5a932,USGS-03274615,00065,00011,2023-01-09 12:30:00+00:00,1.31,ft,Approved,,2025-09-01 20:21:53.716170+00:00
,,19bade4e-fe2d-4f1f-b0b0-76830e8e018c,0c49166273014487baa157c538b5a932,USGS-03274615,00065,00011,2023-01-09 12:15:00+00:00,1.31,ft,Approved,,2025-09-01 20:21:53.716170+00:00
,,20180d82-c017-4506-a943-7b4552ef6ee2,0c49166273014487baa157c538b5a932,USGS-03274615,00065,00011,2023-01-09 12:00:00+00:00,1.31,ft,Approved,,2025-09-01 20:21:53.716170+00:00
,,6b3f1484-7502-40eb-97f1-d657fd169fee,0c49166273014487baa157c538b5a932,USGS-03274615,00065,00011,2023-01-09 11:45:00+00:00,1.32,ft,Approved,,2025-09-01 20:21:53.716170+00:00
,,616a6d00-ce2a-4912-8276-88f5bdb30901,0c49166273014487baa157c538b5a932,USGS-03274615,00065,00011,2023-01-09 11:30:00+00:00,1.32,ft,Approved,,2025-09-01 20:21:53.716170+00:00
,,6c008cc1-6cb7-42ff-aaf6-ebcfbbe4848f,0c49166273014487baa157c538b5a932,USGS-03274615,00065,00011,2023-01-09 11:15:00+00:00,1.32,ft,Approved,,2025-09-01 20:21:53.716170+00:00
,,59efea83-5605-4fd2-8faf-a0ab04b5a40d,0c49166273014487baa157c538b5a932,USGS-03274615,00065,00011,2023-01-09 11:00:00+00:00,1.32,ft,Approved,,2025-09-01 20:21:53.716170+00:00
,,7b436299-2fc3-4bc1-9d46-86c30a80b386,0c49166273014487baa157c538b5a932,USGS-03274615,00065,00011,2023-01-09 10:45:00+00:00,1.32,ft,Approved,,2025-09-01 20:21:53.716170+00:00
,,2f4730ad-39b9-4283-b682-4c751ab7c0e9,0c49166273014487baa157c538b5a932,USGS-03274615,00065,00011,2023-01-09 10:30:00+00:00,1.32,ft,Approved,,2025-09-01 20:21:53.716170+00:00
,,5e133f09-70cf-4919-bf6d-20b880a551cc,0c49166273014487baa157c538b5a932,USGS-03274615,00065,00011,2023-01-09 10:15:00+00:00,1.33,ft,Approved,,2025-09-01 20:21:53.716170+00:00
,,3bf033b3-d642-4f2a-93c5-64667e06d1c1,0c49166273014487baa157c538b5a932,USGS-03274615,00065,00011,2023-01-09 10:00:00+00:00,1.33,ft,Approved,,2025-09-01 20:21:53.716170+00:00
,,95093e31-ca2e-4f9e-93a7-18aef5b1a281,0c49166273014487baa157c538b5a932,USGS-03274615,00065,00011,2023-01-09 09:45:00+00:00,1.33,ft,Approved,,2025-09-01 20:21:53.716170+00:00
,,c8205dc4-14ea-418a-bfdb-2f6a8c72ed62,0c49166273014487baa157c538b5a932,USGS-03274615,00065,00011,2023-01-09 09:30:00+00:00,1.32,ft,Approved,,2025-09-01 20:21:53.716170+00:00
,,5bf8e49e-01ec-4195-9d59-de339df834d0,0c49166273014487baa157c538b5a932,USGS-03274615,00065,00011,2023-01-09 09:15:00+00:00,1.33,ft,Approved,,2025-09-01 20:21:53.716170+00:00
,,ce767a76-7153-47d0-9dc9-68fb21980c7f,0c49166273014487baa157c538b5a932,USGS-03274615,00065,00011,2023-01-09 09:00:00+00:00,1.33,ft,Approved,,2025-09-01 20:21:53.716170+00:00
,,f12b66e9-3fc8-43e0-b5ec-666a74b43efa,0c49166273014487baa157c538b5a932,USGS-03274615,00065,00011,2023-01-09 08:45:00+00:00,1.34,ft,Approved,,2025-09-01 20:21:53.716170+00:00
,,40dfb419-fbb2-4588-9b24-e03f0d5fffce,0c49166273014487baa157c538b5a932,USGS-03274615,00065,00011,2023-01-09 08:30:00+00:00,1.34,ft,Approved,,2025-09-01 20:21:53.716170+00:00
,,8d697990-b61c-4708-82b9-26fb9dee8469,0c49166273014487baa157c538b5a932,USGS-03274615,00065,00011,2023-01-09 08:15:00+00:00,1.34,ft,Approved,,2025-09-01 20:21:53.716170+00:00
,,5584aa7f-d4a7-4905-b7e3-8f97f6370c9f,0c49166273014487baa157c538b5a932,USGS-03274615,00065,00011,2023-01-09 08:00:00+00:00,1.34,ft,Approved,,2025-09-01 20:21:53.716170+00:00
,,93ab9c21-7c30-432b-ad94-e4f19802f90b,0c49166273014487baa157c538b5a932,USGS-03274615,00065,00011,2023-01-09 07:45:00+00:00,1.35,ft,Approved,,2025-09-01 20:21:53.716170+00:00
,,f4116913-dc53-46d7-ae83-023b9fe2cb77,0c49166273014487baa157c538b5a932,USGS-03274615,00065,00011,2023-01-09 07:30:00+00:00,1.34,ft,Approved,,2025-09-01 20:21:53.716170+00:00
,,c3a01890-7ea2-4d13-bb61-60d1efec22ec,0c49166273014487baa157c538b5a932,USGS-03274615,00065,00011,2023-01-09 07:15:00+00:00,1.34,ft,Approved,,2025-09-01 20:21:53.716170+00:00
,,4811e032-9d79-46c7-9dc8-4bc35a89d805,0c49166273014487baa157c538b5a932,USGS-03274615,00065,00011,2023-01-09 07:00:00+00:00,1.35,ft,Approved,,2025-09-01 20:21:53.716170+00:00
,,9db4f884-922b-4dcb-bbdf-f20362eb049b,0c49166273014487baa157c538b5a932,USGS-03274615,00065,00011,2023-01-09 06:45:00+00:00,1.35,ft,Approved,,2025-09-01 20:21:53.716170+00:00
,,3a39f377-bb97-49de-8ff4-7cbf4e09b90c,0c49166273014487baa157c538b5a932,USGS-03274615,00065,00011,2023-01-09 06:30:00+00:00,1.35,ft,Approved,,2025-09-01 20:21:53.716170+00:00
,,44a44258-4299-4974-9aaa-fe2c4272edb3,0c49166273014487baa157c538b5a932,USGS-03274615,00065,00011,2023-01-09 06:15:00+00:00,1.35,ft,Approved,,2025-09-01 20:21:53.716170+00:00
,,476b2c74-84f8-40f1-959c-429b613762c4,0c49166273014487baa157c538b5a932,USGS-03274615,00065,00011,2023-01-09 06:00:00+00:00,1.35,ft,Approved,,2025-09-01 20:21:53.716170+00:00
,,28a05df9-6945-4571-b4be-e9516a59e280,0c49166273014487baa157c538b5a932,USGS-03274615,00065,00011,2023-01-09 05:45:00+00:00,1.36,ft,Approved,,2025-09-01 20:21:53.716170+00:00
,,d391d3f4-ef02-4592-a27a-038522980733,0c49166273014487baa157c538b5a932,USGS-03274615,00065,00011,2023-01-09 05:30:00+00:00,1.36,ft,Approved,,2025-09-01 20:21:53.716170+00:00
,,27c67ebb-99b6-4bcc-9d18-e7b98469ca14,0c49166273014487baa157c538b5a932,USGS-03274615,00065,00011,2023-01-09 05:15:00+00:00,1.36,ft,Approved,,2025-09-01 20:21:53.716170+00:00
,,51349d81-b28b-4521-aaee-d27c70e0bce3,0c49166273014487baa157c538b5a932,USGS-03274615,00065,00011,2023-01-09 05:00:00+00:00,1.36,ft,Approved,,2025-09-01 20:21:53.716170+00:00
,,7915f72f-27cc-4f13-a37f-b8be2dd58106,0c49166273014487baa157c538b5a932,USGS-03274615,00065,00011,2023-01-09 04:45:00+00:00,1.36,ft,Approved,,2025-09-01 20:21:53.716170+00:00
,,b114fa09-609e-44a8-bf1a-f92b03ba11a4,0c49166273014487baa157c538b5a932,USGS-03274615,00065,00011,2023-01-09 04:30:00+00:00,1.36,ft,Approved,,2025-09-01 20:21:53.716170+00:00
,,63bf3650-298c-41e6-b30a-d74c9882c8b7,0c49166273014487baa157c538b5a932,USGS-03274615,00065,00011,2023-01-09 04:15:00+00:00,1.36,ft,Approved,,2025-09-01 20:21:53.716170+00:00
,,3fed68f6-e4b9-4d8d-9e72-6a4e808ad1c9,0c49166273014487baa157c538b5a932,USGS-03274615,00065,00011,2023-01-09 04:00:00+00:00,1.36,ft,Approved,,2025-09-01 20:21:53.716170+00:00
,,c19e05cf-df70-4058-91ed-46591082cb7e,0c49166273014487baa157c538b5a932,USGS-03274615,00065,00011,2023-01-09 03:45:00+00:00,1.36,ft,Approved,,2025-09-01 20:21:53.716170+00:00
,,1e9f0345-0c32-4431-bc92-7b1c690be76d,0c49166273014487baa157c538b5a932,USGS-03274615,00065,00011,2023-01-09 03:30:00+00:00,1.37,ft,Approved,,2025-09-01 20:21:53.716170+00:00
,,9e33de5c-e9b4-4e84-9841-cebdc1d42f00,0c49166273014487baa157c538b5a932,USGS-03274615,00065,00011,2023-01-09 03:15:00+00:00,1.37,ft,Approved,,2025-09-01 20:21:53.716170+00:00
,,234f7bac-91b8-4b05-9107-251377cf8522,0c49166273014487baa157c538b5a932,USGS-03274615,00065,00011,2023-01-09 03:00:00+00:00,1.37,ft,Approved,,2025-09-01 20:21:53.716170+00:00
,,86e95749-1dc7-4eed-b89b-d6d249223240,0c49166273014487baa157c538b5a932,USGS-03274615,00065,00011,2023-01-09 02:45:00+00:00,1.38,ft,Approved,,2025-09-01 20:21:53.716170+00:00
,,4858fef3-dece-420a-9b99-3ebd28cc63cf,0c49166273014487baa157c538b5a932,USGS-03274615,00065,00011,2023-01-09 02:30:00+00:00,1.37,ft,Approved,,2025-09-01 20:21:53.716170+00:00
,,4af16887-c107-4da8-b46c-16102cf65df1,0c49166273014487baa157c538b5a932,USGS-03274615,00065,00011,2023-01-09 02:15:00+00:00,1.37,ft,Approved,,2025-09-01 20:21:53.716170+00:00
,,b3f60980-a365-43b7-aaba-8a30fd093d41,0c49166273014487baa157c538b5a932,USGS-03274615,00065,00011,2023-01-09 02:00:00+00:00,1.38,ft,Approved,,2025-09-01 20:21:53.716170+00:00
,,0b851cf4-28f5-4e2a-805f-26d63d8bd854,0c49166273014487baa157c538b5a932,USGS-03274615,00065,00011,2023-01-09 01:45:00+00:00,1.38,ft,Approved,,2025-09-01 20:21:53.716170+00:00
,,21e8a3ce-8763-40ba-b23f-6ef586925524,0c49166273014487baa157c538b5a932,USGS-03274615,00065,00011,2023-01-09 01:30:00+00:00,1.38,ft,Approved,,2025-09-01 20:21:53.716170+00:00
,,3f948bce-6aa9-4783-9ee5-15c6c8b1c6d1,0c49166273014487baa157c538b5a932,USGS-03274615,00065,00011,2023-01-09 01:15:00+00:00,1.38,ft,Approved,,2025-09-01 20:21:53.716170+00:00
,,2d203f15-3ea5-4119-b496-e1237b97dd6e,0c49166273014487baa157c538b5a932,USGS-03274615,00065,00011,2023-01-09 01:00:00+00:00,1.38,ft,Approved,,2025-09-01 20:21:53.716170+00:00
,,2091c744-6caf-434e-9987-cea8074cc532,0c49166273014487baa157c538b5a932,USGS-03274615,00065,00011,2023-01-09 00:45:00+00:00,1.38,ft,Approved,,2025-09-01 20:21:53.716170+00:00
,,5b020939-c831-4b97-8be8-8d245e885a44,0c49166273014487baa157c538b5a932,USGS-03274615,00065,00011,2023-01-09 00:30:00+00:00,1.38,ft,Approved,,2025-09-01 20:21:53.716170+00:00
,,beff79be-8e87-4cbd-a88b-7a048c14517e,0c49166273014487baa157c538b5a932,USGS-03274615,00065,00011,2023-01-09 00:15:00+00:00,1.39,ft,Approved,,2025-09-01 20:21:53.716170+00:00
,,7699029c-0ea6-4d41-8a1f-0072fccfbcb8,0c49166273014487baa157c538b5a932,USGS-03274615,00065,00011,2023-01-09 00:00:00+00:00,1.39,ft,Approved,,2025-09-01 20:21:53.716170+00:00
,,d9246707-84f0-4908-9a3a-e3b81f7b288d,0c49166273014487baa157c538b5a932,USGS-03274615,00065,00011,2023-01-08 23:45:00+00:00,1.39,ft,Approved,,2025-09-01 20:21:53.716170+00:00
,,f1b44bcd-1949-4319-84d5-523c819408db,0c49166273014487baa157c538b5a932,USGS-03274615,00065,00011,2023-01-08 23:30:00+00:00,1.39,ft,Approved,,2025-09-01 20:21:53.716170+00:00
,,767433b1-11a3-4b38-9e91-80b6f042fef5,0c49166273014487baa157c538b5a932,USGS-03274615,00065,00011,2023-01-08 23:15:00+00:00,1.39,ft,Approved,,2025-09-01 20:21:53.716170+00:00
,,2e5c9698-11f0-4208-b1f3-6e811852bc08,0c49166273014487baa157c538b5a932,USGS-03274615,00065,00011,2023-01-08 23:00:00+00:00,1.39,ft,Approved,,2025-09-01 20:21:53.716170+00:00
,,dbe3c439-4f49-4f7c-9c3c-b3e89d5972be,0c49166273014487baa157c538b5a932,USGS-03274615,00065,00011,2023-01-08 22:45:00+00:00,1.39,ft,Approved,,2025-09-01 20:21:53.716170+00:00
,,031e66bd-60c6-42ab-97d0-795e14799a39,0c49166273014487baa157c538b5a932,USGS-03274615,00065,00011,2023-01-08 22:30:00+00:00,1.39,ft,Approved,,2025-09-01 20:21:53.716170+00:00
,,82ace19b-3792-4b7d-a5bd-c0e5a502aab7,0c49166273014487baa157c538b5a932,USGS-03274615,00065,00011,2023-01-08 22:15:00+00:00,1.40,ft,Approved,,2025-09-01 20:21:53.716170+00:00
,,8fc279a6-8fec-4a2c-802f-1d093810fe3d,0c49166273014487baa157c538b5a932,USGS-03274615,00065,00011,2023-01-08 22:00:00+00:00,1.40,ft,Approved,,2025-09-01 20:21:53.716170+00:00
,,70cd43d0-cf44-4da4-ad27-dcebe1a0abc7,0c49166273014487baa157c538b5a932,USGS-03274615,00065,00011,2023-01-08 21:45:00+00:00,1.40,ft,Approved,,2025-09-01 20:21:53.716170+00:00
,,580cba24-10b9-4063-93ef-37290c7901bb,0c49166273014487baa157c538b5a932,USGS-03274615,00065,00011,2023-01-08 21:30:00+00:00,1.40,ft,Approved,,2025-09-01 20:21:53.716170+00:00
,,58d634f8-7052-49b3-acd4-4fbd74ae2054,0c49166273014487baa157c538b5a932,USGS-03274615,00065,00011,2023-01-08 21:15:00+00:00,1.40,ft,Approved,,2025-09-01 20:21:53.716170+00:00
,,b6338a78-32b7-4490-ad83-6baec3d6e06d,0c49166273014487baa157c538b5a932,USGS-03274615,00065,00011,2023-01-08 21:00:00+00:00,1.40,ft,Approved,,2025-09-01 20:21:53.716170+00:00
,,b0632efc-f369-42ca-a588-e45e3683c674,0c49166273014487baa157c538b5a932,USGS-03274615,00065,00011,2023-01-08 20:45:00+00:00,1.39,ft,Approved,,2025-09-01 20:21:53.716170+00:00
,,acdc57cd-2a8b-441e-8324-e83bb3d47e53,0c49166273014487baa157c538b5a932,USGS-03274615,00065,00011,2023-01-08 20:30:00+00:00,1.41,ft,Approved,,2025-09-01 20:21:53.716170+00:00
,,511572a4-005e-406f-8eb9-798e82118baa,0c49166273014487baa157c538b5a932,USGS-03274615,00065,00011,2023-01-08 20:15:00+00:00,1.41,ft,Approved,,2025-09-01 20:21:53.716170+00:00
,,6fc27cbc-7359-48d5-b32d-430558b746b2,0c49166273014487baa157c538b5a932,USGS-03274615,00065,00011,2023-01-08 20:00:00+00:00,1.41,ft,Approved,,2025-09-01 20:21:53.716170+00:00
,,139d5574-7a8e-4218-9eb3-f8865c4c248b,0c49166273014487baa157c538b5a932,USGS-03274615,00065,00011,2023-01-08 19:45:00+00:00,1.41,ft,Approved,,2025-09-01 20:21:53.716170+00:00
,,02f6c751-0646-40b3-8f5a-368d5918b524,0c49166273014487baa157c538b5a932,USGS-03274615,00065,00011,2023-01-08 19:30:00+00:00,1.41,ft,Approved,,2025-09-01 20:21:53.716170+00:00
,,c64df7cb-57b6-49f7-b93a-ea84d282b5e4,0c49166273014487baa157c538b5a932,USGS-03274615,00065,00011,2023-01-08 19:15:00+00:00,1.42,ft,Approved,,2025-09-01 20:21:53.716170+00:00
,,9acbd9a9-f778-4d32-bea6-e0b0ea07fec9,0c49166273014487baa157c538b5a932,USGS-03274615,00065,00011,2023-01-08 19:00:00+00:00,1.41,ft,Approved,,2025-09-01 20:21:53.716170+00:00
,,cee1e847-b690-4182-9052-48bb2077d5e4,0c49166273014487baa157c538b5a932,USGS-03274615,00065,00011,2023-01-08 18:45:00+00:00,1.39,ft,Approved,,2025-09-01 20:21:53.716170+00:00
,,9e7fd44f-428f-4db6-9d11-b92d94a15121,0c49166273014487baa157c538b5a932,USGS-03274615,00065,00011,2023-01-08 18:30:00+00:00,1.42,ft,Approved,,2025-09-01 20:21:53.716170+00:00
,,26770b94-9b77-415c-b602-e8cf94e845c8,0c49166273014487baa157c538b5a932,USGS-03274615,00065,00011,2023-01-08 18:15:00+00:00,1.42,ft,Approved,,2025-09-01 20:21:53.716170+00:00
,,af5ef01b-56ee-49d5-8017-ea629ecfb9a3,0c49166273014487baa157c538b5a932,USGS-03274615,00065,00011,2023-01-08 18:00:00+00:00,1.43,ft,Approved,,2025-09-01 20:21:53.716170+00:00
,,ebc064cb-5e92-4ef1-8a57-7ce30b4742e4,0c49166273014487baa157c538b5a932,USGS-03274615,00065,00011,2023-01-08 17:45:00+00:00,1.43,ft,Approved,,2025-09-01 20:21:53.716170+00:00
,,cf7216f5-b4f2-4288-8139-61355f6be8bc,0c49166273014487baa157c538b5a932,USGS-03274615,00065,00011,2023-01-08 17:30:00+00:00,1.43,ft,Approved,,2025-09-01 20:21:53.716170+00:00
,,43d01d31-fb2e-4551-a445-c292e358ddaa,0c49166273014487baa157c538b5a932,USGS-03274615,00065,00011,2023-01-08 17:15:00+00:00,1.42,ft,Approved,,2025-09-01 20:21:53.716170+00:00
,,56e44dab-5939-40d4-bfb7-6bab78610cad,0c49166273014487baa157c538b5a932,USGS-03274615,00065,00011,2023-01-08 17:00:00+00:00,1.40,ft,Approved,,2025-09-01 20:21:53.716170+00:00
,,4eda462f-a39e-40e5-a517-640b8a8d2c70,0c49166273014487baa157c538b5a932,USGS-03274615,00065,00011,2023-01-08 16:45:00+00:00,1.44,ft,Approved,,2025-09-01 20:21:53.716170+00:00
,,31f3670c-c1fb-4b10-b048-95e6264f7211,0c49166273014487baa157c538b5a932,USGS-03274615,00065,00011,2023-01-08 16:30:00+00:00,1.44,ft,Approved,,2025-09-01 20:21:53.716170+00:00
,,39008270-ed74-4449-905c-f21afca4f3ec,0c49166273014487baa157c538b5a932,USGS-03274615,00065,00011,2023-01-08 16:15:00+00:00,1.44,ft,Approved,,2025-09-01 20:21:53.716170+00:00
,,7ab4b4f6-c9d2-4a64-8945-9e79d7a29b3c,0c49166273014487baa157c538b5a932,USGS-03274615,00065,00011,2023-01-08 16:00:00+00:00,1.44,ft,Approved,,2025-09-01 20:21:53.716170+00:00
,,885d6029-0e0e-457c-bdac-d685be6aa32b,0c49166273014487baa157c538b5a932,USGS-03274615,00065,00011,2023-01-08 15:45:00+00:00,1.45,ft,Approved,,2025-09-01 20:21:53.716170+00:00
,,9cd61d81-81f0-46c7-9426-85494b7c0880,0c49166273014487baa157c538b5a932,USGS-03274615,00065,00011,2023-01-08 15:30:00+00:00,1.45,ft,Approved,,2025-09-01 20:21:53.716170+00:00
,,94c1868d-049e-433b-94cf-59087b8bb5f4,0c49166273014487baa157c538b5a932,USGS-03274615,00065,00011,2023-01-08 15:15:00+00:00,1.45,ft,Approved,,2025-09-01 20:21:53.716170+00:00
,,cd160403-9888-48a6-b837-5a32b06b7c3f,0c49166273014487baa157c538b5a932,USGS-03274615,00065,00011,2023-01-08 15:00:00+00:00,1.45,ft,Approved,,2025-09-01 20:21:53.716170+00:00
,,bfd78299-e88b-4fdf-bda0-83356a591a30,0c49166273014487baa157c538b5a932,USGS-03274615,00065,00011,2023-01-08 14:45:00+00:00,1.46,ft,Approved,,2025-09-01 20:21:53.716170+00:00
,,9d7d2532-42f3-4f49-9b03-330462285aa5,0c49166273014487baa157c538b5a932,USGS-03274615,00065,00011,2023-01-08 14:30:00+00:00,1.46,ft,Approved,,2025-09-01 20:21:53.716170+00:00
,,24929de2-d202-4cb5-a3ee-454e18235654,0c49166273014487baa157c538b5a932,USGS-03274615,00065,00011,2023-01-08 14:15:00+00:00,1.46,ft,Approved,,2025-09-01 20:21:53.716170+00:00
,,31f60c16-b8d6-4a74-866f-176257107a17,0c49166273014487baa157c538b5a932,USGS-03274615,00065,00011,2023-01-08 14:00:00+00:00,1.45,ft,Approved,,2025-09-01 20:21:53.716170+00:00
,,387496ad-96bf-4a24-8dfe-0fcc4acf3acc,0c49166273014487baa157c538b5a932,USGS-03274615,00065,00011,2023-01-08 13:45:00+00:00,1.46,ft,Approved,,2025-09-01 20:21:53.716170+00:00
,,f42ce799-38e4-4714-bb9c-ad68d1c200e3,0c49166273014487baa157c538b5a932,USGS-03274615,00065,00011,2023-01-08 13:30:00+00:00,1.47,ft,Approved,,2025-09-01 20:21:53.716170+00:00
,,1b371c4d-7af3-4637-b6da-91f6b394fd4b,0c49166273014487baa157c538b5a932,USGS-03274615,00065,00011,2023-01-08 13:15:00+00:00,1.47,ft,Approved,,2025-09-01 20:21:53.716170+00:00
,,18d6b736-ac6b-4403-bbcb-5891090a4355,0c49166273014487baa157c538b5a932,USGS-03274615,00065,00011,2023-01-08 13:00:00+00:00,1.47,ft,Approved,,2025-09-01 20:21:53.716170+00:00
,,9f20d0c7-1212-4502-92d4-267f658b33f5,0c49166273014487baa157c538b5a932,USGS-03274615,00065,00011,2023-01-08 12:45:00+00:00,1.48,ft,Approved,,2025-09-01 20:21:53.716170+00:00
,,cbc29107-6ef5-4b6d-a4b9-c0480cb69d41,0c49166273014487baa157c538b5a932,USGS-03274615,00065,00011,2023-01-08 12:30:00+00:00,1.48,ft,Approved,,2025-09-01 20:21:53.716170+00:00
,,a2a7b175-7775-4659-9c96-fde1e9dc788b,0c49166273014487baa157c538b5a932,USGS-03274615,00065,00011,2023-01-08 12:15:00+00:00,1.48,ft,Approved,,2025-09-01 20:21:53.716170+00:00
,,35bdb63c-c6b6-47d9-8d00-a773fa4aae19,0c49166273014487baa157c538b5a932,USGS-03274615,00065,00011,2023-01-08 12:00:00+00:00,1.48,ft,Approved,,2025-09-01 20:21:53.716170+00:00
,,b33b07b5-3881-417b-9f54-24be60be6b6c,0c49166273014487baa157c538b5a932,USGS-03274615,00065,00011,2023-01-08 11:45:00+00:00,1.48,ft,Approved,,2025-09-01 20:21:53.716170+00:00
,,a4764ba3-c22a-432c-b925-695ec5831393,0c49166273014487baa157c538b5a932,USGS-03274615,00065,00011,2023-01-08 11:30:00+00:00,1.49,ft,Approved,,2025-09-01 20:21:53.716170+00:00
,,39b0d848-cec8-4370-a28e-bb06e90dfe94,0c49166273014487baa157c538b5a932,USGS-03274615,00065,00011,2023-01-08 11:15:00+00:00,1.49,ft,Approved,,2025-09-01 20:21:53.716170+00:00
,,1a81fbd8-2331-424d-b60b-28529f1220b9,0c49166273014487baa157c538b5a932,USGS-03274615,00065,00011,2023-01-08 11:00:00+00:00,1.49,ft,Approved,,2025-09-01 20:21:53.716170+00:00
,,f8108882-8c4b-49dc-b323-d9f6d1c48bd3,0c49166273014487baa157c538b5a932,USGS-03274615,00065,00011,2023-01-08 10:45:00+00:00,1.49,ft,Approved,,2025-09-01 20:21:53.716170+00:00
,,41ba7d8f-a45f-4b0b-9930-4baa93591a6d,0c49166273014487baa157c538b5a932,USGS-03274615,00065,00011,2023-01-08 10:30:00+00:00,1.50,ft,Approved,,2025-09-01 20:21:53.716170+00:00
,,90580b95-8c3d-40a6-8369-4c9be2dc0ae6,0c49166273014487baa157c538b5a932,USGS-03274615,00065,00011,2023-01-08 10:15:00+00:00,1.50,ft,Approved,,2025-09-01 20:21:53.716170+00:00
,,df117fc6-1274-4573-9601-003889d25ec5,0c49166273014487baa157c538b5a932,USGS-03274615,00065,00011,2023-01-08 10:00:00+00:00,1.50,ft,Approved,,2025-09-01 20:21:53.716170+00:00
,,1b37cea2-71b0-4fa3-8d13-dc79932aed2c,0c49166273014487baa157c538b5a932,USGS-03274615,00065,00011,2023-01-08 09:45:00+00:00,1.51,ft,Approved,,2025-09-01 20:21:53.716170+00:00
,,4f1af7a7-61ab-4d77-bdae-e21e48d7dbb5,0c49166273014487baa157c538b5a932,USGS-03274615,00065,00011,2023-01-08 09:30:00+00:00,1.51,ft,Approved,,2025-09-01 20:21:53.716170+00:00
,,164e9aa0-87d1-4468-ac47-b0ec7776675b,0c49166273014487baa157c538b5a932,USGS-03274615,00065,00011,2023-01-08 09:15:00+00:00,1.51,ft,Approved,,2025-09-01 20:21:53.716170+00:00
,,c10a6bf5-5864-42f7-a1bd-da7c81baeb2f,0c49166273014487baa157c538b5a932,USGS-03274615,00065,00011,2023-01-08 09:00:00+00:00,1.51,ft,Approved,,2025-09-01 20:21:53.716170+00:00
,,8d5f58ac-6410-4a05-a427-9d660d5498b6,0c49166273014487baa157c538b5a932,USGS-03274615,00065,00011,2023-01-08 08:45:00+00:00,1.52,ft,Approved,,2025-09-01 20:21:53.716170+00:00
,,836a4046-3aa8-4ea1-b542-af101832acf3,0c49166273014487baa157c538b5a932,USGS-03274615,00065,00011,2023-01-08 08:30:00+00:00,1.52,ft,Approved,,2025-09-01 20:21:53.716170+00:00
,,7fff7a67-fcb6-4ca0-b3f1-9f2e73176174,0c49166273014487baa157c538b5a932,USGS-03274615,00065,00011,2023-01-08 08:15:00+00:00,1.52,ft,Approved,,2025-09-01 20:21:53.716170+00:00
,,169ca3d7-abac-4b08-b2c8-92f9e1366ecc,0c49166273014487baa157c538b5a932,USGS-03274615,00065,00011,2023-01-08 08:00:00+00:00,1.52,ft,Approved,,2025-09-01 20:21:53.716170+00:00
,,292b7aac-1e73-4804-b589-78ea8f8d0b83,0c49166273014487baa157c538b5a932,USGS-03274615,00065,00011,2023-01-08 07:45:00+00:00,1.52,ft,Approved,,2025-09-01 20:21:53.716170+00:00
,,3e6e4ba2-a1a3-4feb-ba60-c42eaba4dc7c,0c49166273014487baa157c538b5a932,USGS-03274615,00065,00011,2023-01-08 07:30:00+00:00,1.53,ft,Approved,,2025-09-01 20:21:53.716170+00:00
,,d77629f0-9415-4f90-b9c2-f50b2d371a55,0c49166273014487baa157c538b5a932,USGS-03274615,00065,00011,2023-01-08 07:15:00+00:00,1.54,ft,Approved,,2025-09-01 20:21:53.716170+00:00
,,b216aa24-071a-4273-aa37-48f006773830,0c49166273014487baa157c538b5a932,USGS-03274615,00065,00011,2023-01-08 07:00:00+00:00,1.54,ft,Approved,,2025-09-01 20:21:53.716170+00:00
,,787ca00f-4e33-431d-b12f-0ffeec416e69,0c49166273014487baa157c538b5a932,USGS-03274615,00065,00011,2023-01-08 06:45:00+00:00,1.55,ft,Approved,,2025-09-01 20:21:53.716170+00:00
,,e0020a8a-3a92-4a4f-904b-e453f999dc15,0c49166273014487baa157c538b5a932,USGS-03274615,00065,00011,2023-01-08 06:30:00+00:00,1.55,ft,Approved,,2025-09-01 20:21:53.716170+00:00
,,032ad108-f39b-4b11-b8a6-a66fd580146b,0c49166273014487baa157c538b5a932,USGS-03274615,00065,00011,2023-01-08 06:15:00+00:00,1.55,ft,Approved,,2025-09-01 20:21:53.716170+00:00
,,7715ff88-086d-4828-92c9-4b98824368a4,0c49166273014487baa157c538b5a932,USGS-03274615,00065,00011,2023-01-08 06:00:00+00:00,1.55,ft,Approved,,2025-09-01 20:21:53.716170+00:00
,,2f37feeb-39fc-412a-9596-7ad558b206bb,0c49166273014487baa157c538b5a932,USGS-03274615,00065,00011,2023-01-08 05:45:00+00:00,1.56,ft,Approved,,2025-09-01 20:21:53.716170+00:00
,,03387ce3-d0a8-4531-bb99-1c292b5687c2,0c49166273014487baa157c538b5a932,USGS-03274615,00065,00011,2023-01-08 05:30:00+00:00,1.56,ft,Approved,,2025-09-01 20:21:53.716170+00:00
,,e2b2ccbe-28c8-4d47-98ef-8a12b730a0e1,0c49166273014487baa157c538b5a932,USGS-03274615,00065,00011,2023-01-08 05:15:00+00:00,1.56,ft,Approved,,2025-09-01 20:21:53.716170+00:00
,,7a8b9cb3-1f6c-4c11-a6a6-aae7b989975f,0c49166273014487baa157c538b5a932,USGS-03274615,00065,00011,2023-01-08 05:00:00+00:00,1.56,ft,Approved,,2025-09-01 20:21:53.716170+00:00
,,9ce1b6f7-1b7c-401c-8a83-dfbe1d702bed,0c49166273014487baa157c538b5a932,USGS-03274615,00065,00011,2023-01-08 04:45:00+00:00,1.57,ft,Approved,,2025-09-01 20:21:53.716170+00:00
,,effd2631-776e-4a89-bc80-b0603aa23328,0c49166273014487baa157c538b5a932,USGS-03274615,00065,00011,2023-01-08 04:30:00+00:00,1.57,ft,Approved,,2025-09-01 20:21:53.716170+00:00
,,89218b96-d88c-41cc-8706-0668990a2e26,0c49166273014487baa157c538b5a932,USGS-03274615,00065,00011,2023-01-08 04:15:00+00:00,1.57,ft,Approved,,2025-09-01 20:21:53.716170+00:00
,,a8da1c69-7022-4004-9b4f-1b53a5514bf0,0c49166273014487baa157c538b5a932,USGS-03274615,00065,00011,2023-01-08 04:00:00+00:00,1.57,ft,Approved,,2025-09-01 20:21:53.716170+00:00
,,afc98f97-52e7-4499-b909-1b0256fe25fd,0c49166273014487baa157c538b5a932,USGS-03274615,00065,00011,2023-01-08 03:45:00+00:00,1.58,ft,Approved,,2025-09-01 20:21:53.716170+00:00
,,c3bd9a61-208e-4b14-83b9-532e9709ff22,0c49166273014487baa157c538b5a932,USGS-03274615,00065,00011,2023-01-08 03:30:00+00:00,1.58,ft,Approved,,2025-09-01 20:21:53.716170+00:00
,,c6bff85c-3a62-4636-b0a0-86cfd72fee08,0c49166273014487baa157c538b5a932,USGS-03274615,00065,00011,2023-01-08 03:15:00+00:00,1.58,ft,Approved,,2025-09-01 20:21:53.716170+00:00
,,538316ed-80fd-4ed1-b76d-876643080797,0c49166273014487baa157c538b5a932,USGS-03274615,00065,00011,2023-01-08 03:00:00+00:00,1.58,ft,Approved,,2025-09-01 20:21:53.716170+00:00
,,d453c403-0371-4deb-956d-ca260014a266,0c49166273014487baa157c538b5a932,USGS-03274615,00065,00011,2023-01-08 02:45:00+00:00,1.59,ft,Approved,,2025-09-01 20:21:53.716170+00:00
,,64d8a83e-8315-44f0-b23b-2e89b677c3d2,0c49166273014487baa157c538b5a932,USGS-03274615,00065,00011,2023-01-08 02:30:00+00:00,1.59,ft,Approved,,2025-09-01 20:21:53.716170+00:00
,,b0cf0915-3d9c-49af-bfdf-69479a11c8b5,0c49166273014487baa157c538b5a932,USGS-03274615,00065,00011,2023-01-08 02:15:00+00:00,1.59,ft,Approved,,2025-09-01 20:21:53.716170+00:00
,,0b70e967-4c43-4365-aea6-19ee90b390a7,0c49166273014487baa157c538b5a932,USGS-03274615,00065,00011,2023-01-08 02:00:00+00:00,1.60,ft,Approved,,2025-09-01 20:21:53.716170+00:00
,,f5cd6eef-4ade-437a-b9eb-772907c01977,0c49166273014487baa157c538b5a932,USGS-03274615,00065,00011,2023-01-08 01:45:00+00:00,1.60,ft,Approved,,2025-09-01 20:21:53.716170+00:00
,,4f37f804-552c-42d9-90fe-a3ec5941e9ed,0c49166273014487baa157c538b5a932,USGS-03274615,00065,00011,2023-01-08 01:30:00+00:00,1.60,ft,Approved,,2025-09-01 20:21:53.716170+00:00
,,76a462ec-2255-498d-801b-2e822e24e2ce,0c49166273014487baa157c538b5a932,USGS-03274615,00065,00011,2023-01-08 01:15:00+00:00,1.60,ft,Approved,,2025-09-01 20:21:53.716170+00:00
,,c59c5026-5796-4a4d-ad83-00bcadbf904e,0c49166273014487baa157c538b5a932,USGS-03274615,00065,00011,2023-01-08 01:00:00+00:00,1.61,ft,Approved,,2025-09-01 20:21:53.716170+00:00
,,c6da05bb-56e8-4e94-a81f-bbc397832d62,0c49166273014487baa157c538b5a932,USGS-03274615,00065,00011,2023-01-08 00:45:00+00:00,1.61,ft,Approved,,2025-09-01 20:21:53.716170+00:00
,,a2ae014b-7490-4e3c-a346-526e12918fbc,0c49166273014487baa157c538b5a932,USGS-03274615,00065,00011,2023-01-08 00:30:00+00:00,1.61,ft,Approved,,2025-09-01 20:21:53.716170+00:00
,,4b2ac324-22d1-408e-b27f-ce0f24a3abf7,0c49166273014487baa157c538b5a932,USGS-03274615,00065,00011,2023-01-08 00:15:00+00:00,1.61,ft,Approved,,2025-09-01 20:21:53.716170+00:00
,,5078e829-fe48-4d76-a7fd-b91230fb3c39,0c49166273014487baa157c538b5a932,USGS-03274615,00065,00011,2023-01-08 00:00:00+00:00,1.62,ft,Approved,,2025-09-01 20:21:53.716170+00:00
,,c59c19e0-36a9-48e7-823b-51771204ec0d,0c49166273014487baa157c538b5a932,USGS-03274615,00065,00011,2023-01-07 23:45:00+00:00,1.63,ft,Approved,,2025-09-01 20:21:53.716170+00:00
,,5d114820-7790-45be-be33-fe5c36f70a24,0c49166273014487baa157c538b5a932,USGS-03274615,00065,00011,2023-01-07 23:30:00+00:00,1.63,ft,Approved,,2025-09-01 20:21:53.716170+00:00
,,f566c08f-aa0e-4597-b6b9-b66e1493dd2d,0c49166273014487baa157c538b5a932,USGS-03274615,00065,00011,2023-01-07 23:15:00+00:00,1.63,ft,Approved,,2025-09-01 20:21:53.716170+00:00
,,eda16bb1-dfea-4834-b797-4165697591f9,0c49166273014487baa157c538b5a932,USGS-03274615,00065,00011,2023-01-07 23:00:00+00:00,1.63,ft,Approved,,2025-09-01 20:21:53.716170+00:00
,,6279bfe3-8a66-4240-b341-c4f7f39729fc,0c49166273014487baa157c538b5a932,USGS-03274615,00065,00011,2023-01-07 22:45:00+00:00,1.63,ft,Approved,,2025-09-01 20:21:53.716170+00:00
,,ae6579fa-233a-4812-8298-f6f27e3d0bf7,0c49166273014487baa157c538b5a932,USGS-03274615,00065,00011,2023-01-07 22:30:00+00:00,1.64,ft,Approved,,2025-09-01 20:21:53.716170+00:00
,,71a4e2e4-e083-426e-9649-db813e0d9619,0c49166273014487baa157c538b5a932,USGS-03274615,00065,00011,2023-01-07 22:15:00+00:00,1.64,ft,Approved,,2025-09-01 20:21:53.716170+00:00
,,c9fee439-7642-4664-9dab-796f3e2a051c,0c49166273014487baa157c538b5a932,USGS-03274615,00065,00011,2023-01-07 22:00:00+00:00,1.64,ft,Approved,,2025-09-01 20:21:53.716170+00:00
,,4d961bad-79e5-460e-b770-29717370f3c0,0c49166273014487baa157c538b5a932,USGS-03274615,00065,00011,2023-01-07 21:45:00+00:00,1.64,ft,Approved,,2025-09-01 20:21:53.716170+00:00
,,873bc666-5c94-4cdf-9e74-7407b401b761,0c49166273014487baa157c538b5a932,USGS-03274615,00065,00011,2023-01-07 21:30:00+00:00,1.65,ft,Approved,,2025-09-01 20:21:53.716170+00:00
,,9780a440-fac3-40db-ad28-32eb6eadaf9d,0c49166273014487baa157c538b5a932,USGS-03274615,00065,00011,2023-01-07 21:15:00+00:00,1.63,ft,Approved,,2025-09-01 20:21:53.716170+00:00
,,adad7105-b5bc-4a78-930d-4c93ba02e300,0c49166273014487baa157c538b5a932,USGS-03274615,00065,00011,2023-01-07 21:00:00+00:00,1.65,ft,Approved,,2025-09-01 20:21:53.716170+00:00
,,936d1031-16ed-41dc-8fb3-b90d66badd1a,0c49166273014487baa157c538b5a932,USGS-03274615,00065,00011,2023-01-07 20:45:00+00:00,1.65,ft,Approved,,2025-09-01 20:21:53.716170+00:00
,,79b9448a-9718-4d5c-9e19-5c550e2fa1c3,0c49166273014487baa157c538b5a932,USGS-03274615,00065,00011,2023-01-07 20:30:00+00:00,1.65,ft,Approved,,2025-09-01 20:21:53.716170+00:00
,,ca55e9b9-23bc-4ec9-b50f-de581f2d3290,0c49166273014487baa157c538b5a932,USGS-03274615,00065,00011,2023-01-07 20:15:00+00:00,1.66,ft,Approved,,2025-09-01 20:21:53.716170+00:00
,,dea96e72-db5b-4b1e-bf29-f27d5c6f4f79,0c49166273014487baa157c538b5a932,USGS-03274615,00065,00011,2023-01-07 20:00:00+00:00,1.66,ft,Approved,,2025-09-01 20:21:53.716170+00:00
,,a7e5a4ca-5418-45a5-9958-328b73327b99,0c49166273014487baa157c538b5a932,USGS-03274615,00065,00011,2023-01-07 19:45:00+00:00,1.67,ft,Approved,,2025-09-01 20:21:53.716170+00:00
,,68b6ca6b-c5a1-4f29-bad0-ef2843f6c777,0c49166273014487baa157c538b5a932,USGS-03274615,00065,00011,2023-01-07 19:30:00+00:00,1.67,ft,Approved,,2025-09-01 20:21:53.716170+00:00
,,1f6d6402-8bfc-4ac3-aebd-6ab2f96a74dc,0c49166273014487baa157c538b5a932,USGS-03274615,00065,00011,2023-01-07 19:15:00+00:00,1.68,ft,Approved,,2025-09-01 20:21:53.716170+00:00
,,57fcd395-0f93-4b17-b053-241324a90bf5,0c49166273014487baa157c538b5a932,USGS-03274615,00065,00011,2023-01-07 19:00:00+00:00,1.67,ft,Approved,,2025-09-01 20:21:53.716170+00:00
,,872f7d8e-24e2-4d85-ad5e-12526c11a011,0c49166273014487baa157c538b5a932,USGS-03274615,00065,00011,2023-01-07 18:45:00+00:00,1.69,ft,Approved,,2025-09-01 20:21:53.716170+00:00
,,f9d379c7-5717-4c57-a87b-cf09b8a3dd06,0c49166273014487baa157c538b5a932,USGS-03274615,00065,00011,2023-01-07 18:30:00+00:00,1.69,ft,Approved,,2025-09-01 20:21:53.716170+00:00
,,2b7c6d7c-07d8-4857-827a-4852db22d510,0c49166273014487baa157c538b5a932,USGS-03274615,00065,00011,2023-01-07 18:15:00+00:00,1.69,ft,Approved,,2025-09-01 20:21:53.716170+00:00
,,14b28538-bd4f-495e-8b93-e31078c3ed42,0c49166273014487baa157c538b5a932,USGS-03274615,00065,00011,2023-01-07 18:00:00+00:00,1.68,ft,Approved,,2025-09-01 20:21:53.716170+00:00
,,b238c069-72a2-4c31-8ef4-d477340180f2,0c49166273014487baa157c538b5a932,USGS-03274615,00065,00011,2023-01-07 17:45:00+00:00,1.70,ft,Approved,,2025-09-01 20:21:53.716170+00:00
,,4d919a7d-57f8-41b4-9b49-03cab3237de7,0c49166273014487baa157c538b5a932,USGS-03274615,00065,00011,2023-01-07 17:30:00+00:00,1.71,ft,Approved,,2025-09-01 20:21:53.716170+00:00
,,e5f0c994-0e32-4a07-8b97-70eeb5a28c70,0c49166273014487baa157c538b5a932,USGS-03274615,00065,00011,2023-01-07 17:15:00+00:00,1.71,ft,Approved,,2025-09-01 20:21:53.716170+00:00
,,1ae6acd7-decc-4d01-8b9b-e04c0a0e0e3c,0c49166273014487baa157c538b5a932,USGS-03274615,00065,00011,2023-01-07 16:30:00+00:00,1.72,ft,Approved,,2025-09-01 20:21:53.716170+00:00
,,3f3dbf8b-50f2-4043-b0da-306bddf7c0c7,0c49166273014487baa157c538b5a932,USGS-03274615,00065,00011,2023-01-07 16:15:00+00:00,1.72,ft,Approved,,2025-09-01 20:21:53.716170+00:00
,,ae387383-55e7-4ac8-a3bd-780bbd2eaa49,0c49166273014487baa157c538b5a932,USGS-03274615,00065,00011,2023-01-07 16:00:00+00:00,1.73,ft,Approved,,2025-09-01 20:21:53.716170+00:00
,,67a9b883-19bf-48e4-9dfb-9be85ad754ed,0c49166273014487baa157c538b5a932,USGS-03274615,00065,00011,2023-01-07 15:45:00+00:00,1.73,ft,Approved,,2025-09-01 20:21:53.716170+00:00
,,4f1c3593-77ce-448c-bce9-f6767fa3ed19,0c49166273014487baa157c538b5a932,USGS-03274615,00065,00011,2023-01-07 15:30:00+00:00,1.73,ft,Approved,,2025-09-01 20:21:53.716170+00:00
,,a5425b51-d04c-41b7-a44f-8f26a0a1e925,0c49166273014487baa157c538b5a932,USGS-03274615,00065,00011,2023-01-07 15:15:00+00:00,1.74,ft,Approved,,2025-09-01 20:21:53.716170+00:00
,,9596146e-ae5d-4b2c-b3da-e1dc01d0237a,0c49166273014487baa157c538b5a932,USGS-03274615,00065,00011,2023-01-07 15:00:00+00:00,1.74,ft,Approved,,2025-09-01 20:21:53.716170+00:00
,,47eea5ad-30e6-415c-bcbc-57d195b93f26,0c49166273014487baa157c538b5a932,USGS-03274615,00065,00011,2023-01-07 14:45:00+00:00,1.75,ft,Approved,,2025-09-01 20:21:53.716170+00:00
,,1f7666a0-1742-4bb6-a5bf-dfd6dc22f475,0c49166273014487baa157c538b5a932,USGS-03274615,00065,00011,2023-01-07 14:30:00+00:00,1.74,ft,Approved,,2025-09-01 20:21:53.716170+00:00
,,76174fb8-f1f4-4776-91b9-33b012c56fcd,0c49166273014487baa157c538b5a932,USGS-03274615,00065,00011,2023-01-07 14:15:00+00:00,1.75,ft,Approved,,2025-09-01 20:21:53.716170+00:00
,,c067eb72-f19b-4e3f-9659-1b59c14b01c2,0c49166273014487baa157c538b5a932,USGS-03274615,00065,00011,2023-01-07 14:00:00+00:00,1.76,ft,Approved,,2025-09-01 20:21:53.716170+00:00
,,b091f6fe-04a0-4317-bd71-7ea89582bece,0c49166273014487baa157c538b5a932,USGS-03274615,00065,00011,2023-01-07 13:45:00+00:00,1.76,ft,Approved,,2025-09-01 20:21:53.716170+00:00
,,bb23ae1b-7239-4c6c-9afa-7d9f7ee82bba,0c49166273014487baa157c538b5a932,USGS-03274615,00065,00011,2023-01-07 13:30:00+00:00,1.76,ft,Approved,,2025-09-01 20:21:53.716170+00:00
,,069eece8-83b2-4779-9f99-784b7e692b8e,0c49166273014487baa157c538b5a932,USGS-03274615,00065,00011,2023-01-07 13:15:00+00:00,1.77,ft,Approved,,2025-09-01 20:21:53.716170+00:00
,,6b7109a6-f8ae-47bc-ab19-bd430c4a673e,0c49166273014487baa157c538b5a932,USGS-03274615,00065,00011,2023-01-07 13:00:00+00:00,1.77,ft,Approved,,2025-09-01 20:21:53.716170+00:00
,,b39f797c-f755-4865-8065-008e7951eda2,0c49166273014487baa157c538b5a932,USGS-03274615,00065,00011,2023-01-07 12:45:00+00:00,1.78,ft,Approved,,2025-09-01 20:21:53.716170+00:00
,,d128833b-7a22-4136-aa63-b0b3b5380d52,0c49166273014487baa157c538b5a932,USGS-03274615,00065,00011,2023-01-07 12:30:00+00:00,1.78,ft,Approved,,2025-09-01 20:21:53.716170+00:00
,,6d301c64-428b-48e6-8c58-659f1d73edd1,0c49166273014487baa157c538b5a932,USGS-03274615,00065,00011,2023-01-07 12:15:00+00:00,1.79,ft,Approved,,2025-09-01 20:21:53.716170+00:00
,,55776b01-f93e-4f87-88c6-59ead06cf6f6,0c49166273014487baa157c538b5a932,USGS-03274615,00065,00011,2023-01-07 12:00:00+00:00,1.79,ft,Approved,,2025-09-01 20:21:53.716170+00:00
,,e92468db-c1bc-44a0-889d-de4574c79cbb,0c49166273014487baa157c538b5a932,USGS-03274615,00065,00011,2023-01-07 11:45:00+00:00,1.79,ft,Approved,,2025-09-01 20:21:53.716170+00:00
,,dd4a1b1c-c225-43db-8001-5d6b8a250b57,0c49166273014487baa157c538b5a932,USGS-03274615,00065,00011,2023-01-07 11:30:00+00:00,1.80,ft,Approved,,2025-09-01 20:21:53.716170+00:00
,,7a000ec1-4c69-40f6-a9af-c65c6ede0dff,0c49166273014487baa157c538b5a932,USGS-03274615,00065,00011,2023-01-07 11:15:00+00:00,1.80,ft,Approved,,2025-09-01 20:21:53.716170+00:00
,,f548a49c-125c-4b09-8797-92863eae9136,0c49166273014487baa157c538b5a932,USGS-03274615,00065,00011,2023-01-07 11:00:00+00:00,1.80,ft,Approved,,2025-09-01 20:21:53.716170+00:00
,,f5ae66c2-b8d3-43b2-a9ec-9dd13f492794,0c49166273014487baa157c538b5a932,USGS-03274615,00065,00011,2023-01-07 10:45:00+00:00,1.81,ft,Approved,,2025-09-01 20:21:53.716170+00:00
,,198c2a5b-5c05-4af9-9bb3-598abdc03b44,0c49166273014487baa157c538b5a932,USGS-03274615,00065,00011,2023-01-07 10:30:00+00:00,1.81,ft,Approved,,2025-09-01 20:21:53.716170+00:00
,,7ff734ba-1daf-4869-84f2-d9218ec79d30,0c49166273014487baa157c538b5a932,USGS-03274615,00065,00011,2023-01-07 10:15:00+00:00,1.81,ft,Approved,,2025-09-01 20:21:53.716170+00:00
,,c1d68433-fc3d-4775-a03c-9c25bba528e6,0c49166273014487baa157c538b5a932,USGS-03274615,00065,00011,2023-01-07 10:00:00+00:00,1.82,ft,Approved,,2025-09-01 20:21:53.716170+00:00
,,6ea9aaca-95e4-4b84-b4ff-fc086349ac2f,0c49166273014487baa157c538b5a932,USGS-03274615,00065,00011,2023-01-07 09:45:00+00:00,1.82,ft,Approved,,2025-09-01 20:21:53.716170+00:00
,,d6053d2f-3ce7-4050-82a2-dfb3238ec23e,0c49166273014487baa157c538b5a932,USGS-03274615,00065,00011,2023-01-07 09:30:00+00:00,1.82,ft,Approved,,2025-09-01 20:21:53.716170+00:00
,,ede69749-c6ef-46dd-9725-42db75916fea,0c49166273014487baa157c538b5a932,USGS-03274615,00065,00011,2023-01-07 09:15:00+00:00,1.83,ft,Approved,,2025-09-01 20:21:53.716170+00:00
,,532955eb-e5b7-4106-bba2-33a6e406c421,0c49166273014487baa157c538b5a932,USGS-03274615,00065,00011,2023-01-07 09:00:00+00:00,1.83,ft,Approved,,2025-09-01 20:21:53.716170+00:00
,,4153d134-e965-4673-b5ee-00f29a01ab1b,0c49166273014487baa157c538b5a932,USGS-03274615,00065,00011,2023-01-07 08:45:00+00:00,1.83,ft,Approved,,2025-09-01 20:21:53.716170+00:00
,,89541b7c-7e68-4b34-8a32-bd0f9e229344,0c49166273014487baa157c538b5a932,USGS-03274615,00065,00011,2023-01-07 08:30:00+00:00,1.84,ft,Approved,,2025-09-01 20:21:53.716170+00:00
,,a3bcd762-9dd3-4a3b-94be-1302d47996de,0c49166273014487baa157c538b5a932,USGS-03274615,00065,00011,2023-01-07 08:15:00+00:00,1.84,ft,Approved,,2025-09-01 20:21:53.716170+00:00
,,3ed8acc0-d3ee-44a7-b047-69ce8bb448d0,0c49166273014487baa157c538b5a932,USGS-03274615,00065,00011,2023-01-07 08:00:00+00:00,1.85,ft,Approved,,2025-09-01 20:21:53.716170+00:00
,,24ced416-69e3-4b6f-831a-6e86da4a5cf9,0c49166273014487baa157c538b5a932,USGS-03274615,00065,00011,2023-01-07 07:45:00+00:00,1.85,ft,Approved,,2025-09-01 20:21:53.716170+00:00
,,0388ee68-f5cf-445f-a392-2094277ff819,0c49166273014487baa157c538b5a932,USGS-03274615,00065,00011,2023-01-07 07:30:00+00:00,1.85,ft,Approved,,2025-09-01 20:21:53.716170+00:00
,,8e6a2cc1-5219-43ef-9b2e-e34ec5c759ad,0c49166273014487baa157c538b5a932,USGS-03274615,00065,00011,2023-01-07 07:15:00+00:00,1.86,ft,Approved,,2025-09-01 20:21:53.716170+00:00
,,13c9dc53-8f86-434a-a0fc-9ec40d85a69b,0c49166273014487baa157c538b5a932,USGS-03274615,00065,00011,2023-01-07 07:00:00+00:00,1.86,ft,Approved,,2025-09-01 20:21:53.716170+00:00
,,cb69c880-9e5f-4866-849c-a72d954f6ea5,0c49166273014487baa157c538b5a932,USGS-03274615,00065,00011,2023-01-07 06:45:00+00:00,1.87,ft,Approved,,2025-09-01 20:21:53.716170+00:00
,,db83bf51-4edd-4fe0-8525-4d41bdcc22d4,0c49166273014487baa157c538b5a932,USGS-03274615,00065,00011,2023-01-07 06:30:00+00:00,1.87,ft,Approved,,2025-09-01 20:21:53.716170+00:00
,,23189663-1f7b-4fec-a957-c897b43ac1f7,0c49166273014487baa157c538b5a932,USGS-03274615,00065,00011,2023-01-07 06:15:00+00:00,1.88,ft,Approved,,2025-09-01 20:21:53.716170+00:00
,,1c9f249c-7ae4-49a8-b378-fe4e6acdd469,0c49166273014487baa157c538b5a932,USGS-03274615,00065,00011,2023-01-07 06:00:00+00:00,1.88,ft,Approved,,2025-09-01 20:21:53.716170+00:00
,,f6eecd18-f59f-4d5d-83e2-da7f5d7ac792,0c49166273014487baa157c538b5a932,USGS-03274615,00065,00011,2023-01-07 05:45:00+00:00,1.89,ft,Approved,,2025-09-01 20:21:53.716170+00:00
,,627d8a2c-6305-4ea7-ad3e-6aebffeaad98,0c49166273014487baa157c538b5a932,USGS-03274615,00065,00011,2023-01-07 05:30:00+00:00,1.89,ft,Approved,,2025-09-01 20:21:53.716170+00:00
,,7a193ea5-8bd1-4244-a789-2adc53dccb0b,0c49166273014487baa157c538b5a932,USGS-03274615,00065,00011,2023-01-07 05:15:00+00:00,1.89,ft,Approved,,2025-09-01 20:21:53.716170+00:00
,,4f68d883-f2b2-48a4-afa2-d894abc1349c,0c49166273014487baa157c538b5a932,USGS-03274615,00065,00011,2023-01-07 05:00:00+00:00,1.90,ft,Approved,,2025-09-01 20:21:53.716170+00:00
,,ba72b28c-3b35-419f-bc4c-1401ee699d30,0c49166273014487baa157c538b5a932,USGS-03274615,00065,00011,2023-01-07 04:45:00+00:00,1.90,ft,Approved,,2025-09-01 20:21:53.716170+00:00
,,e4d40b40-c86a-4282-b506-0857e6363a5a,0c49166273014487baa157c538b5a932,USGS-03274615,00065,00011,2023-01-07 04:30:00+00:00,1.91,ft,Approved,,2025-09-01 20:21:53.716170+00:00
,,cca8fd88-af88-43ac-8032-13d1639d86c4,0c49166273014487baa157c538b5a932,USGS-03274615,00065,00011,2023-01-07 04:15:00+00:00,1.91,ft,Approved,,2025-09-01 20:21:53.716170+00:00
,,d62b7e05-cf20-4062-b20c-de586a4dfa52,0c49166273014487baa157c538b5a932,USGS-03274615,00065,00011,2023-01-07 04:00:00+00:00,1.92,ft,Approved,,2025-09-01 20:21:53.716170+00:00
,,2551a3f4-a484-4c1e-a6b4-c990e497afb7,0c49166273014487baa157c538b5a932,USGS-03274615,00065,00011,2023-01-07 03:45:00+00:00,1.92,ft,Approved,,2025-09-01 20:21:53.716170+00:00
,,51e2afa0-94b3-4de7-8bb2-884acc0cd7d4,0c49166273014487baa157c538b5a932,USGS-03274615,00065,00011,2023-01-07 03:30:00+00:00,1.92,ft,Approved,,2025-09-01 20:21:53.716170+00:00
,,435205c7-7ae6-4b69-80a7-3b46a19442c5,0c49166273014487baa157c538b5a932,USGS-03274615,00065,00011,2023-01-07 03:15:00+00:00,1.92,ft,Approved,,2025-09-01 20:21:53.716170+00:00
,,fb84b53c-706e-48b1-84f4-866b8883fd97,0c49166273014487baa157c538b5a932,USGS-03274615,00065,00011,2023-01-07 03:00:00+00:00,1.93,ft,Approved,,2025-09-01 20:21:53.716170+00:00
,,f1bf98fa-354a-4cbe-ac7a-f0c72989e0a7,0c49166273014487baa157c538b5a932,USGS-03274615,00065,00011,2023-01-07 02:45:00+00:00,1.93,ft,Approved,,2025-09-01 20:21:53.716170+00:00
,,6da458fe-2311-459d-a8f4-2c3b611f4551,0c49166273014487baa157c538b5a932,USGS-03274615,00065,00011,2023-01-07 02:30:00+00:00,1.94,ft,Approved,,2025-09-01 20:21:53.716170+00:00
,,f5f9a1ed-2222-4f3c-b546-9798eba4afb3,0c49166273014487baa157c538b5a932,USGS-03274615,00065,00011,2023-01-07 02:15:00+00:00,1.94,ft,Approved,,2025-09-01 20:21:53.716170+00:00
,,24a18065-247c-41f3-9352-7d647e8c663a,0c49166273014487baa157c538b5a932,USGS-03274615,00065,00011,2023-01-07 02:00:00+00:00,1.95,ft,Approved,,2025-09-01 20:21:53.716170+00:00
,,fa85f059-17b3-4506-a0e0-6f54d9ab4f88,0c49166273014487baa157c538b5a932,USGS-03274615,00065,00011,2023-01-07 01:45:00+00:00,1.95,ft,Approved,,2025-09-01 20:21:53.716170+00:00
,,4c960139-87e1-456d-84bb-54f2b0229743,0c49166273014487baa157c538b5a932,USGS-03274615,00065,00011,2023-01-07 01:30:00+00:00,1.95,ft,Approved,,2025-09-01 20:21:53.716170+00:00
,,5bce41c5-bf5e-47b7-9f80-b04f82949ef3,0c49166273014487baa157c538b5a932,USGS-03274615,00065,00011,2023-01-07 01:15:00+00:00,1.95,ft,Approved,,2025-09-01 20:21:53.716170+00:00
,,42b373dc-d20c-4f8a-ac16-c6615a086842,0c49166273014487baa157c538b5a932,USGS-03274615,00065,00011,2023-01-07 01:00:00+00:00,1.95,ft,Approved,,2025-09-01 20:21:53.716170+00:00
,,a6dd5ac6-a5ea-4821-9a0c-713a51d7c509,0c49166273014487baa157c538b5a932,USGS-03274615,00065,00011,2023-01-07 00:45:00+00:00,1.95,ft,Approved,,2025-09-01 20:21:53.716170+00:00
,,d5788042-d4e1-42da-8eb7-8201fe18f703,0c49166273014487baa157c538b5a932,USGS-03274615,00065,00011,2023-01-07 00:30:00+00:00,1.96,ft,Approved,,2025-09-01 20:21:53.716170+00:00
,,d00c4962-9c9e-4f85-adb0-dd8081ae15f9,0c49166273014487baa157c538b5a932,USGS-03274615,00065,00011,2023-01-07 00:15:00+00:00,1.96,ft,Approved,,2025-09-01 20:21:53.716170+00:00
,,5b5e88cf-b2c9-4372-a058-0e6ddb4f2f53,0c49166273014487baa157c538b5a932,USGS-03274615,00065,00011,2023-01-07 00:00:00+00:00,1.97,ft,Approved,,2025-09-01 20:21:53.716170+00:00
,,7fbd1aed-08f1-4f2e-ab30-4b9f7e9cb9fc,0c49166273014487baa157c538b5a932,USGS-03274615,00065,00011,2023-01-06 23:45:00+00:00,1.97,ft,Approved,,2025-09-01 20:21:53.716170+00:00
,,c8869a92-333e-4cb8-81ab-ed3e363658f0,0c49166273014487baa157c538b5a932,USGS-03274615,00065,00011,2023-01-06 23:30:00+00:00,1.97,ft,Approved,,2025-09-01 20:21:53.716170+00:00
,,963d27e6-d229-4ae6-b0ac-a6818edfdfc3,0c49166273014487baa157c538b5a932,USGS-03274615,00065,00011,2023-01-06 23:15:00+00:00,1.97,ft,Approved,,2025-09-01 20:21:53.716170+00:00
,,290e7f61-99aa-48f6-9eae-f05e96667d32,0c49166273014487baa157c538b5a932,USGS-03274615,00065,00011,2023-01-06 23:00:00+00:00,1.97,ft,Approved,,2025-09-01 20:21:53.716170+00:00
,,56dcecb1-a45b-44fa-896f-22b786fceb90,0c49166273014487baa157c538b5a932,USGS-03274615,00065,00011,2023-01-06 22:45:00+00:00,1.98,ft,Approved,,2025-09-01 20:21:53.716170+00:00
,,20c9c575-fc77-4216-b825-38dd9313bfa0,0c49166273014487baa157c538b5a932,USGS-03274615,00065,00011,2023-01-06 22:30:00+00:00,1.98,ft,Approved,,2025-09-01 20:21:53.716170+00:00
,,7ef36ac4-bccc-4ea6-b3e8-88eed6e50fa8,0c49166273014487baa157c538b5a932,USGS-03274615,00065,00011,2023-01-06 22:15:00+00:00,1.98,ft,Approved,,2025-09-01 20:21:53.716170+00:00
,,677f5966-4bf3-44e2-baf3-9e9ac9c5fe8a,0c49166273014487baa157c538b5a932,USGS-03274615,00065,00011,2023-01-06 22:00:00+00:00,1.99,ft,Approved,,2025-09-01 20:21:53.716170+00:00
,,e5427050-1530-43ad-bc06-8577d0834e20,0c49166273014487baa157c538b5a932,USGS-03274615,00065,00011,2023-01-06 21:45:00+00:00,2.00,ft,Approved,,2025-09-01 20:21:53.716170+00:00
,,ba66d007-4e1c-45bb-a708-8ab98db82132,0c49166273014487baa157c538b5a932,USGS-03274615,00065,00011,2023-01-06 21:30:00+00:00,2.00,ft,Approved,,2025-09-01 20:21:53.716170+00:00
,,bc539a0c-f02a-4c5c-a2d4-87085bcf869a,0c49166273014487baa157c538b5a932,USGS-03274615,00065,00011,2023-01-06 21:15:00+00:00,2.00,ft,Approved,,2025-09-01 20:21:53.716170+00:00
,,d05afd4e-85be-471b-9b70-be214f814cdf,0c49166273014487baa157c538b5a932,USGS-03274615,00065,00011,2023-01-06 21:00:00+00:00,2.01,ft,Approved,,2025-09-01 20:21:53.716170+00:00
,,4dadcfee-bd09-4654-9932-01bb05d7785a,0c49166273014487baa157c538b5a932,USGS-03274615,00065,00011,2023-01-06 20:45:00+00:00,2.01,ft,Approved,,2025-09-01 20:21:53.716170+00:00
,,2d32bee6-edc8-4f1f-ad5f-bbab1dd7a90e,0c49166273014487baa157c538b5a932,USGS-03274615,00065,00011,2023-01-06 20:30:00+00:00,2.02,ft,Approved,,2025-09-01 20:21:53.716170+00:00
,,86a97892-fb30-42fb-84ac-1f637b1c0f8f,0c49166273014487baa157c538b5a932,USGS-03274615,00065,00011,2023-01-06 19:30:00+00:00,2.00,ft,Approved,,2025-09-01 20:21:53.716170+00:00
,,57af7711-11af-42bf-954d-de6da1c43f52,0c49166273014487baa157c538b5a932,USGS-03274615,00065,00011,2023-01-06 19:15:00+00:00,2.02,ft,Approved,,2025-09-01 20:21:53.716170+00:00
,,004d8594-764f-4d80-b925-2d1efcd1a3f8,0c49166273014487baa157c538b5a932,USGS-03274615,00065,00011,2023-01-06 19:00:00+00:00,2.01,ft,Approved,,2025-09-01 20:21:53.716170+00:00
,,fdbce2f0-1e3c-46c4-863e-67875e75faea,0c49166273014487baa157c538b5a932,USGS-03274615,00065,00011,2023-01-06 18:00:00+00:00,2.05,ft,Approved,,2025-09-01 20:21:53.716170+00:00
,,bf70f430-edf3-45c7-a5d8-911cc56a2f1d,0c49166273014487baa157c538b5a932,USGS-03274615,00065,00011,2023-01-06 17:45:00+00:00,2.06,ft,Approved,,2025-09-01 20:21:53.716170+00:00
,,fd5252ec-ca33-4f43-8be9-3279ceae443a,0c49166273014487baa157c538b5a932,USGS-03274615,00065,00011,2023-01-06 17:30:00+00:00,2.05,ft,Approved,,2025-09-01 20:21:53.716170+00:00
,,9cb579df-5d83-44bf-a786-daf73d6a62ff,0c49166273014487baa157c538b5a932,USGS-03274615,00065,00011,2023-01-06 17:15:00+00:00,2.03,ft,Approved,,2025-09-01 20:21:53.716170+00:00
,,110de913-f3a2-4576-9460-f8b21a9116d3,0c49166273014487baa157c538b5a932,USGS-03274615,00065,00011,2023-01-06 16:45:00+00:00,2.04,ft,Approved,,2025-09-01 20:21:53.716170+00:00
,,0c3979c1-0597-4910-a248-6a0a9ff1befb,0c49166273014487baa157c538b5a932,USGS-03274615,00065,00011,2023-01-06 16:30:00+00:00,2.02,ft,Approved,,2025-09-01 20:21:53.716170+00:00
,,8f572970-35f1-48b9-92e3-ba0d54599f4c,0c49166273014487baa157c538b5a932,USGS-03274615,00065,00011,2023-01-06 16:00:00+00:00,2.04,ft,Approved,,2025-09-01 20:21:53.716170+00:00
,,07a2511c-2af9-4bff-9f99-6aa1f6f2d089,0c49166273014487baa157c538b5a932,USGS-03274615,00065,00011,2023-01-06 15:30:00+00:00,2.07,ft,Approved,,2025-09-01 20:21:53.716170+00:00
,,22950bd1-d7b9-48b3-a2cf-f262f0f5e424,0c49166273014487baa157c538b5a932,USGS-03274615,00065,00011,2023-01-06 15:15:00+00:00,2.10,ft,Approved,,2025-09-01 20:21:53.716170+00:00
,,5ac63e90-25b8-41a8-ba65-189cac54dea7,0c49166273014487baa157c538b5a932,USGS-03274615,00065,00011,2023-01-06 15:00:00+00:00,2.10,ft,Approved,,2025-09-01 20:21:53.716170+00:00
,,1e9172fa-7198-4716-8504-d23aabaad0d3,0c49166273014487baa157c538b5a932,USGS-03274615,00065,00011,2023-01-06 14:45:00+00:00,2.07,ft,Approved,,2025-09-01 20:21:53.716170+00:00
,,7c505612-af0d-4e8c-80a7-13012e6e2c9b,0c49166273014487baa157c538b5a932,USGS-03274615,00065,00011,2023-01-06 14:30:00+00:00,2.11,ft,Approved,,2025-09-01 20:21:53.716170+00:00
,,96f1d69e-2834-4243-bf99-c7d68eb6b7a5,0c49166273014487baa157c538b5a932,USGS-03274615,00065,00011,2023-01-06 14:15:00+00:00,2.10,ft,Approved,,2025-09-01 20:21:53.716170+00:00
,,44495e69-80da-40cc-912c-813180d962e4,0c49166273014487baa157c538b5a932,USGS-03274615,00065,00011,2023-01-06 14:00:00+00:00,2.12,ft,Approved,,2025-09-01 20:21:53.716170+00:00
,,b7e668ed-58b0-4138-9912-f6fe3576db7b,0c49166273014487baa157c538b5a932,USGS-03274615,00065,00011,2023-01-06 13:45:00+00:00,2.13,ft,Approved,,2025-09-01 20:21:53.716170+00:00
,,4fa8a753-5d17-4c14-b4f8-10117d3c71f3,0c49166273014487baa157c538b5a932,USGS-03274615,00065,00011,2023-01-06 13:30:00+00:00,2.09,ft,Approved,,2025-09-01 20:21:53.716170+00:00
,,eacd896a-89f8-4b94-a3a5-b5f90b0d8442,0c49166273014487baa157c538b5a932,USGS-03274615,00065,00011,2023-01-06 13:15:00+00:00,2.12,ft,Approved,,2025-09-01 20:21:53.716170+00:00
,,316beac5-00aa-46d0-a1fc-6574bcc17730,0c49166273014487baa157c538b5a932,USGS-03274615,00065,00011,2023-01-06 13:00:00+00:00,2.13,ft,Approved,,2025-09-01 20:21:53.716170+00:00
,,69f6d614-8593-4474-b898-2cb764017882,0c49166273014487baa157c538b5a932,USGS-03274615,00065,00011,2023-01-06 12:45:00+00:00,2.14,ft,Approved,,2025-09-01 20:21:53.716170+00:00
,,0e71640f-0245-4e49-aa65-63cc94e0a1d6,0c49166273014487baa157c538b5a932,USGS-03274615,00065,00011,2023-01-06 12:30:00+00:00,2.15,ft,Approved,,2025-09-01 20:21:53.716170+00:00
,,743df7d4-1424-4748-a44d-81c2ce322f84,0c49166273014487baa157c538b5a932,USGS-03274615,00065,00011,2023-01-06 12:15:00+00:00,2.14,ft,Approved,,2025-09-01 20:21:53.716170+00:00
,,ffc6ed6d-066a-419e-8a3a-36d0987a091a,0c49166273014487baa157c538b5a932,USGS-03274615,00065,00011,2023-01-06 12:00:00+00:00,2.15,ft,Approved,,2025-09-01 20:21:53.716170+00:00
,,cd5332f2-3f6b-487c-95db-752df48028e2,0c49166273014487baa157c538b5a932,USGS-03274615,00065,00011,2023-01-06 11:45:00+00:00,2.15,ft,Approved,,2025-09-01 20:21:53.716170+00:00
,,8aa2de76-caf5-4312-b981-cabf786dfa51,0c49166273014487baa157c538b5a932,USGS-03274615,00065,00011,2023-01-06 11:30:00+00:00,2.16,ft,Approved,,2025-09-01 20:21:53.716170+00:00
,,a6c71f75-992d-4bdf-9047-ac34e56d861e,0c49166273014487baa157c538b5a932,USGS-03274615,00065,00011,2023-01-06 11:15:00+00:00,2.17,ft,Approved,,2025-09-01 20:21:53.716170+00:00
,,253f7671-14eb-4cdd-a1b5-2e75df82085a,0c49166273014487baa157c538b5a932,USGS-03274615,00065,00011,2023-01-06 11:00:00+00:00,2.17,ft,Approved,,2025-09-01 20:21:53.716170+00:00
,,9af42db6-ea41-4108-a45d-45495bc88f93,0c49166273014487baa157c538b5a932,USGS-03274615,00065,00011,2023-01-06 10:45:00+00:00,2.17,ft,Approved,,2025-09-01 20:21:53.716170+00:00
,,55fc604d-d328-4457-a0de-1e59997cfdd4,0c49166273014487baa157c538b5a932,USGS-03274615,00065,00011,2023-01-06 10:30:00+00:00,2.17,ft,Approved,,2025-09-01 20:21:53.716170+00:00
,,05576023-5eec-4f84-9d63-2ec3d3802d13,0c49166273014487baa157c538b5a932,USGS-03274615,00065,00011,2023-01-06 10:15:00+00:00,2.18,ft,Approved,,2025-09-01 20:21:53.716170+00:00
,,ab21d0ac-4814-41f4-895a-175d83c45b5a,0c49166273014487baa157c538b5a932,USGS-03274615,00065,00011,2023-01-06 10:00:00+00:00,2.18,ft,Approved,,2025-09-01 20:21:53.716170+00:00
,,582bbafd-cd51-42ba-a778-67e9502caab8,0c49166273014487baa157c538b5a932,USGS-03274615,00065,00011,2023-01-06 09:45:00+00:00,2.18,ft,Approved,,2025-09-01 20:21:53.716170+00:00
,,cccc1f4a-b25a-4ea7-b699-74ec2e331129,0c49166273014487baa157c538b5a932,USGS-03274615,00065,00011,2023-01-06 09:30:00+00:00,2.18,ft,Approved,,2025-09-01 20:21:53.716170+00:00
,,910c6301-7988-422d-983e-27d0f938dc05,0c49166273014487baa157c538b5a932,USGS-03274615,00065,00011,2023-01-06 09:15:00+00:00,2.19,ft,Approved,,2025-09-01 20:21:53.716170+00:00
,,765358f2-0477-463f-99f2-d97a048ff884,0c49166273014487baa157c538b5a932,USGS-03274615,00065,00011,2023-01-06 09:00:00+00:00,2.19,ft,Approved,,2025-09-01 20:21:53.716170+00:00
,,a7483bcd-fca6-4243-8bcb-1b6bbad1654e,0c49166273014487baa157c538b5a932,USGS-03274615,00065,00011,2023-01-06 08:45:00+00:00,2.19,ft,Approved,,2025-09-01 20:21:53.716170+00:00
,,27ffa8e5-7dfa-4519-902d-b54a216f37c9,0c49166273014487baa157c538b5a932,USGS-03274615,00065,00011,2023-01-06 08:30:00+00:00,2.19,ft,Approved,,2025-09-01 20:21:53.716170+00:00
,,238f03f2-2868-4b11-8f88-2eaed210588d,0c49166273014487baa157c538b5a932,USGS-03274615,00065,00011,2023-01-06 08:15:00+00:00,2.18,ft,Approved,,2025-09-01 20:21:53.716170+00:00
,,06ab3137-83de-4b98-87e0-1314cf9a89a4,0c49166273014487baa157c538b5a932,USGS-03274615,00065,00011,2023-01-06 08:00:00+00:00,2.20,ft,Approved,,2025-09-01 20:21:53.716170+00:00
,,b501a5bc-3713-4ae5-92ff-16cc4e5c7608,0c49166273014487baa157c538b5a932,USGS-03274615,00065,00011,2023-01-06 07:45:00+00:00,2.20,ft,Approved,,2025-09-01 20:21:53.716170+00:00
,,74004ef5-9315-4fac-8e5e-d4999f3055f3,0c49166273014487baa157c538b5a932,USGS-03274615,00065,00011,2023-01-06 07:30:00+00:00,2.20,ft,Approved,,2025-09-01 20:21:53.716170+00:00
,,93f11b72-3e58-4a8c-b0a0-ebee8278dc97,0c49166273014487baa157c538b5a932,USGS-03274615,00065,00011,2023-01-06 07:15:00+00:00,2.20,ft,Approved,,2025-09-01 20:21:53.716170+00:00
,,484c7be2-9e15-4d96-9544-fb97e33bdb53,0c49166273014487baa157c538b5a932,USGS-03274615,00065,00011,2023-01-06 07:00:00+00:00,2.21,ft,Approved,,2025-09-01 20:21:53.716170+00:00
,,3da1aed0-b856-42bb-b0cf-9fe61a62d9f4,0c49166273014487baa157c538b5a932,USGS-03274615,00065,00011,2023-01-06 06:45:00+00:00,2.21,ft,Approved,,2025-09-01 20:21:53.716170+00:00
,,881ebdb2-2b5b-4172-b421-3d0b953d01ce,0c49166273014487baa157c538b5a932,USGS-03274615,00065,00011,2023-01-06 06:30:00+00:00,2.22,ft,Approved,,2025-09-01 20:21:53.716170+00:00
,,6b0850eb-88ac-43ab-99c5-6270a341d20f,0c49166273014487baa157c538b5a932,USGS-03274615,00065,00011,2023-01-06 06:15:00+00:00,2.20,ft,Approved,,2025-09-01 20:21:53.716170+00:00
,,f18db073-782d-4ca4-9136-5e1aa6394487,0c49166273014487baa157c538b5a932,USGS-03274615,00065,00011,2023-01-06 06:00:00+00:00,2.21,ft,Approved,,2025-09-01 20:21:53.716170+00:00
,,70f24d47-e17f-4485-80fc-d015215b11be,0c49166273014487baa157c538b5a932,USGS-03274615,00065,00011,2023-01-06 05:45:00+00:00,2.21,ft,Approved,,2025-09-01 20:21:53.716170+00:00
,,13c42577-a780-4e4e-8366-eacbee366615,0c49166273014487baa157c538b5a932,USGS-03274615,00065,00011,2023-01-06 05:30:00+00:00,2.21,ft,Approved,,2025-09-01 20:21:53.716170+00:00
,,d8ebd5b7-f0d1-4d80-a80d-26acad5f44c1,0c49166273014487baa157c538b5a932,USGS-03274615,00065,00011,2023-01-06 05:15:00+00:00,2.23,ft,Approved,,2025-09-01 20:21:53.716170+00:00
,,a62a1549-6436-49cc-9385-e54c160b06a1,0c49166273014487baa157c538b5a932,USGS-03274615,00065,00011,2023-01-06 05:00:00+00:00,2.23,ft,Approved,,2025-09-01 20:21:53.716170+00:00
,,72bf195a-c7b0-4849-9911-9bac6feeacba,0c49166273014487baa157c538b5a932,USGS-03274615,00065,00011,2023-01-06 04:45:00+00:00,2.24,ft,Approved,,2025-09-01 20:21:53.716170+00:00
,,ec842231-14c7-4915-aed4-ed904080f327,0c49166273014487baa157c538b5a932,USGS-03274615,00065,00011,2023-01-06 04:30:00+00:00,2.23,ft,Approved,,2025-09-01 20:21:53.716170+00:00
,,77f402c1-4be7-4665-a876-76802d19f619,0c49166273014487baa157c538b5a932,USGS-03274615,00065,00011,2023-01-06 04:15:00+00:00,2.24,ft,Approved,,2025-09-01 20:21:53.716170+00:00
,,01bf3ce9-9928-4ed5-835d-a9eba9058829,0c49166273014487baa157c538b5a932,USGS-03274615,00065,00011,2023-01-06 04:00:00+00:00,2.24,ft,Approved,,2025-09-01 20:21:53.716170+00:00
,,abdefc27-6172-42de-9553-561a18fd31ea,0c49166273014487baa157c538b5a932,USGS-03274615,00065,00011,2023-01-06 03:45:00+00:00,2.25,ft,Approved,,2025-09-01 20:21:53.716170+00:00
,,9470c628-86d4-4635-9267-1a3b0d5a7d8d,0c49166273014487baa157c538b5a932,USGS-03274615,00065,00011,2023-01-06 03:30:00+00:00,2.24,ft,Approved,,2025-09-01 20:21:53.716170+00:00
,,11d270d4-613c-42f3-a6dd-9a276bd0b953,0c49166273014487baa157c538b5a932,USGS-03274615,00065,00011,2023-01-06 03:15:00+00:00,2.25,ft,Approved,,2025-09-01 20:21:53.716170+00:00
,,51f5a974-aa8b-4d1f-ad7d-8876587b3859,0c49166273014487baa157c538b5a932,USGS-03274615,00065,00011,2023-01-06 03:00:00+00:00,2.24,ft,Approved,,2025-09-01 20:21:53.716170+00:00
,,cd5bafab-77a1-48d5-ba36-06b651dc858b,0c49166273014487baa157c538b5a932,USGS-03274615,00065,00011,2023-01-06 02:45:00+00:00,2.26,ft,Approved,,2025-09-01 20:21:53.716170+00:00
,,046d9b12-f2fc-4dbc-aa79-84c98eaad912,0c49166273014487baa157c538b5a932,USGS-03274615,00065,00011,2023-01-06 02:30:00+00:00,2.25,ft,Approved,,2025-09-01 20:21:53.716170+00:00
,,14b90b73-b212-4eb2-a5ac-1477deaead6e,0c49166273014487baa157c538b5a932,USGS-03274615,00065,00011,2023-01-06 02:15:00+00:00,2.24,ft,Approved,,2025-09-01 20:21:53.716170+00:00
,,90142083-c58c-4f8f-9951-c8726cb25c0d,0c49166273014487baa157c538b5a932,USGS-03274615,00065,00011,2023-01-06 02:00:00+00:00,2.25,ft,Approved,,2025-09-01 20:21:53.716170+00:00
,,38eced0c-f892-41e8-8a72-3e951798cca8,0c49166273014487baa157c538b5a932,USGS-03274615,00065,00011,2023-01-06 01:45:00+00:00,2.25,ft,Approved,,2025-09-01 20:21:53.716170+00:00
,,ee0c76c0-2d72-451b-a67c-e69a56a031d4,0c49166273014487baa157c538b5a932,USGS-03274615,00065,00011,2023-01-06 01:30:00+00:00,2.25,ft,Approved,,2025-09-01 20:21:53.716170+00:00
,,be4c69fd-3b2a-4380-a668-61718c8b7e25,0c49166273014487baa157c538b5a932,USGS-03274615,00065,00011,2023-01-06 01:15:00+00:00,2.26,ft,Approved,,2025-09-01 20:21:53.716170+00:00
,,7a110036-9611-407f-a71d-ad72c74656da,0c49166273014487baa157c538b5a932,USGS-03274615,00065,00011,2023-01-06 01:00:00+00:00,2.25,ft,Approved,,2025-09-01 20:21:53.716170+00:00
,,eb0bbd0c-4ec6-4305-a8e8-c6292010f50e,0c49166273014487baa157c538b5a932,USGS-03274615,00065,00011,2023-01-06 00:45:00+00:00,2.26,ft,Approved,,2025-09-01 20:21:53.716170+00:00
,,396258a0-7af2-4471-b939-5140ce05c089,0c49166273014487baa157c538b5a932,USGS-03274615,00065,00011,2023-01-06 00:30:00+00:00,2.25,ft,Approved,,2025-09-01 20:21:53.716170+00:00
,,a6c1edc3-cc0e-4c2e-bb73-e17e2134cbd9,0c49166273014487baa157c538b5a932,USGS-03274615,00065,00011,2023-01-06 00:15:00+00:00,2.26,ft,Approved,,2025-09-01 20:21:53.716170+00:00
,,cd827fdd-7674-4ad7-9cbd-7becd75ae2bd,0c49166273014487baa157c538b5a932,USGS-03274615,00065,00011,2023-01-06 00:00:00+00:00,2.25,ft,Approved,,2025-09-01 20:21:53.716170+00:00
,,c78bde44-783e-443f-9298-42b7e7843338,0c49166273014487baa157c538b5a932,USGS-03274615,00065,00011,2023-01-05 23:45:00+00:00,2.25,ft,Approved,,2025-09-01 20:21:53.716170+00:00
,,90f74a08-2f1a-4ac8-ba0b-456286a55d51,0c49166273014487baa157c538b5a932,USGS-03274615,00065,00011,2023-01-05 23:30:00+00:00,2.24,ft,Approved,,2025-09-01 20:21:53.716170+00:00
,,4abf2b60-40d8-4d1a-92e4-a01708c313c0,0c49166273014487baa157c538b5a932,USGS-03274615,00065,00011,2023-01-05 23:15:00+00:00,2.24,ft,Approved,,2025-09-01 20:21:53.716170+00:00
,,b599c900-197c-450a-821d-690c23feeb7c,0c49166273014487baa157c538b5a932,USGS-03274615,00065,00011,2023-01-05 23:00:00+00:00,2.25,ft,Approved,,2025-09-01 20:21:53.716170+00:00
,,edc45ca1-6bef-4db8-84ac-e3fa6d208010,0c49166273014487baa157c538b5a932,USGS-03274615,00065,00011,2023-01-05 22:45:00+00:00,2.25,ft,Approved,,2025-09-01 20:21:53.716170+00:00
,,5c276b96-aa72-48f5-9760-2e152e7b518a,0c49166273014487baa157c538b5a932,USGS-03274615,00065,00011,2023-01-05 22:30:00+00:00,2.27,ft,Approved,,2025-09-01 20:21:53.716170+00:00
,,15dc2e82-4b49-417a-9943-fd2a6b57bb01,0c49166273014487baa157c538b5a932,USGS-03274615,00065,00011,2023-01-05 22:15:00+00:00,2.26,ft,Approved,,2025-09-01 20:21:53.716170+00:00
,,85e622cb-b56d-4a59-9b65-07f036db6759,0c49166273014487baa157c538b5a932,USGS-03274615,00065,00011,2023-01-05 22:00:00+00:00,2.25,ft,Approved,,2025-09-01 20:21:53.716170+00:00
,,4832dd4b-2756-4802-a8da-64229b0ba8ca,0c49166273014487baa157c538b5a932,USGS-03274615,00065,00011,2023-01-05 21:45:00+00:00,2.26,ft,Approved,,2025-09-01 20:21:53.716170+00:00
,,46e28f3d-7dd7-4648-b8f5-8d5ad2b21e3f,0c49166273014487baa157c538b5a932,USGS-03274615,00065,00011,2023-01-05 21:30:00+00:00,2.24,ft,Approved,,2025-09-01 20:21:53.716170+00:00
,,671c62a3-d0ce-4031-838b-c23e64f35d0f,0c49166273014487baa157c538b5a932,USGS-03274615,00065,00011,2023-01-05 21:15:00+00:00,2.19,ft,Approved,,2025-09-01 20:21:53.716170+00:00
,,38d0b4c2-e1a5-4769-b07e-c677965bf4bf,0c49166273014487baa157c538b5a932,USGS-03274615,00065,00011,2023-01-05 21:00:00+00:00,2.18,ft,Approved,,2025-09-01 20:21:53.716170+00:00
,,6675b94f-2578-4803-92e5-23e0d572beb0,0c49166273014487baa157c538b5a932,USGS-03274615,00065,00011,2023-01-05 20:45:00+00:00,2.20,ft,Approved,,2025-09-01 20:21:53.716170+00:00
,,019f6609-3555-4668-ab54-5444bd36cbc5,0c49166273014487baa157c538b5a932,USGS-03274615,00065,00011,2023-01-05 20:30:00+00:00,2.18,ft,Approved,,2025-09-01 20:21:53.716170+00:00
,,bc5610c6-4d5e-4895-bd4e-a62926773952,0c49166273014487baa157c538b5a932,USGS-03274615,00065,00011,2023-01-05 20:15:00+00:00,2.18,ft,Approved,,2025-09-01 20:21:53.716170+00:00
,,9cb81199-5c69-4f79-8bbf-c6a2de8103d4,0c49166273014487baa157c538b5a932,USGS-03274615,00065,00011,2023-01-05 20:00:00+00:00,2.18,ft,Approved,,2025-09-01 20:21:53.716170+00:00
,,a9956708-db9d-4e6f-8a95-21636cb41c15,0c49166273014487baa157c538b5a932,USGS-03274615,00065,00011,2023-01-05 19:45:00+00:00,2.15,ft,Approved,,2025-09-01 20:21:53.716170+00:00
,,bb2002fb-c0bc-436f-b201-96e66dd8db55,0c49166273014487baa157c538b5a932,USGS-03274615,00065,00011,2023-01-05 19:30:00+00:00,2.13,ft,Approved,,2025-09-01 20:21:53.716170+00:00
,,e8ca09e0-7c9c-4b4a-baa4-13d8872efd86,0c49166273014487baa157c538b5a932,USGS-03274615,00065,00011,2023-01-05 19:15:00+00:00,2.12,ft,Approved,,2025-09-01 20:21:53.716170+00:00
,,b186c339-618a-489f-86a8-e16a4d0ef237,0c49166273014487baa157c538b5a932,USGS-03274615,00065,00011,2023-01-05 18:45:00+00:00,2.12,ft,Approved,,2025-09-01 20:21:53.716170+00:00
,,aab005a8-0f63-4b8f-b506-5daf68f27e7e,0c49166273014487baa157c538b5a932,USGS-03274615,00065,00011,2023-01-05 18:30:00+00:00,2.12,ft,Approved,,2025-09-01 20:21:53.716170+00:00
,,df1ac1e2-8c15-4277-baf2-db467cef065b,0c49166273014487baa157c538b5a932,USGS-03274615,00065,00011,2023-01-05 18:15:00+00:00,2.11,ft,Approved,,2025-09-01 20:21:53.716170+00:00
,,f6a281e8-6dc9-413a-8ff2-0d89f036599e,0c49166273014487baa157c538b5a932,USGS-03274615,00065,00011,2023-01-05 17:45:00+00:00,2.10,ft,Approved,,2025-09-01 20:21:53.716170+00:00
,,dd0675e3-6a03-4097-b72a-f68308f0bce6,0c49166273014487baa157c538b5a932,USGS-03274615,00065,00011,2023-01-05 17:30:00+00:00,2.09,ft,Approved,,2025-09-01 20:21:53.716170+00:00
,,e994a356-8ed4-4f37-bfdb-3a8c044591bb,0c49166273014487baa157c538b5a932,USGS-03274615,00065,00011,2023-01-05 17:15:00+00:00,2.10,ft,Approved,,2025-09-01 20:21:53.716170+00:00
,,39f973ce-886d-4dcd-8d45-ef5445dd45da,0c49166273014487baa157c538b5a932,USGS-03274615,00065,00011,2023-01-05 17:00:00+00:00,2.11,ft,Approved,,2025-09-01 20:21:53.716170+00:00
,,d3c08fca-6f1a-4a65-867b-396353b944ca,0c49166273014487baa157c538b5a932,USGS-03274615,00065,00011,2023-01-05 16:45:00+00:00,2.09,ft,Approved,,2025-09-01 20:21:53.716170+00:00
,,8faf5080-89e9-4d17-936e-654b182bd5df,0c49166273014487baa157c538b5a932,USGS-03274615,00065,00011,2023-01-05 16:30:00+00:00,2.14,ft,Approved,,2025-09-01 20:21:53.716170+00:00
,,fe6ccf2a-376c-415b-855a-ea072d79ed04,0c49166273014487baa157c538b5a932,USGS-03274615,00065,00011,2023-01-05 16:15:00+00:00,2.09,ft,Approved,,2025-09-01 20:21:53.716170+00:00
,,87e0d2b8-f9a4-4cfd-9b39-2ae9710cd438,0c49166273014487baa157c538b5a932,USGS-03274615,00065,00011,2023-01-05 16:00:00+00:00,2.11,ft,Approved,,2025-09-01 20:21:53.716170+00:00
,,4fe11db6-2c71-47f5-93b0-99a310436b46,0c49166273014487baa157c538b5a932,USGS-03274615,00065,00011,2023-01-05 15:30:00+00:00,2.13,ft,Approved,,2025-09-01 20:21:53.716170+00:00
,,e8557ba9-4fea-48dd-968e-c0ad83493c49,0c49166273014487baa157c538b5a932,USGS-03274615,00065,00011,2023-01-05 15:15:00+00:00,2.13,ft,Approved,,2025-09-01 20:21:53.716170+00:00
,,79779599-51e8-4a35-87da-930d1491daf5,0c49166273014487baa157c538b5a932,USGS-03274615,00065,00011,2023-01-05 15:00:00+00:00,2.12,ft,Approved,,2025-09-01 20:21:53.716170+00:00
,,be8cc8e8-6e9b-4e74-a13e-820743109d52,0c49166273014487baa157c538b5a932,USGS-03274615,00065,00011,2023-01-05 14:45:00+00:00,2.11,ft,Approved,,2025-09-01 20:21:53.716170+00:00
,,257cbf95-9b25-4055-9028-1e54ab7072c2,0c49166273014487baa157c538b5a932,USGS-03274615,00065,00011,2023-01-05 14:30:00+00:00,2.10,ft,Approved,,2025-09-01 20:21:53.716170+00:00
,,bddb268d-5566-4473-9c47-73064efa931a,0c49166273014487baa157c538b5a932,USGS-03274615,00065,00011,2023-01-05 14:15:00+00:00,2.13,ft,Approved,,2025-09-01 20:21:53.716170+00:00
,,a27c4963-bf9d-4edf-9a89-329bdad45398,0c49166273014487baa157c538b5a932,USGS-03274615,00065,00011,2023-01-05 14:00:00+00:00,2.12,ft,Approved,,2025-09-01 20:21:53.716170+00:00
,,a8734411-8cb9-4ab3-a13f-45868d1762ce,0c49166273014487baa157c538b5a932,USGS-03274615,00065,00011,2023-01-05 13:45:00+00:00,2.12,ft,Approved,,2025-09-01 20:21:53.716170+00:00
,,77f16389-209f-48fe-8358-cc78f43595b9,0c49166273014487baa157c538b5a932,USGS-03274615,00065,00011,2023-01-05 13:30:00+00:00,2.10,ft,Approved,,2025-09-01 20:21:53.716170+00:00
,,29be3ee4-1801-494a-98f0-729f15d72eb3,0c49166273014487baa157c538b5a932,USGS-03274615,00065,00011,2023-01-05 13:15:00+00:00,2.11,ft,Approved,,2025-09-01 20:21:53.716170+00:00
,,72becea5-7da6-408b-98fc-8c967220f926,0c49166273014487baa157c538b5a932,USGS-03274615,00065,00011,2023-01-05 13:00:00+00:00,2.10,ft,Approved,,2025-09-01 20:21:53.716170+00:00
,,bd940355-c1b2-4ffb-9aa1-dc5a93628731,0c49166273014487baa157c538b5a932,USGS-03274615,00065,00011,2023-01-05 12:45:00+00:00,2.09,ft,Approved,,2025-09-01 20:21:53.716170+00:00
,,9e73ab43-d2c2-41db-99e8-b111db3ab8f0,0c49166273014487baa157c538b5a932,USGS-03274615,00065,00011,2023-01-05 12:30:00+00:00,2.09,ft,Approved,,2025-09-01 20:21:53.716170+00:00
,,94e8eb74-aac0-4b71-9534-f5b51fbd39a7,0c49166273014487baa157c538b5a932,USGS-03274615,00065,00011,2023-01-05 12:15:00+00:00,2.08,ft,Approved,,2025-09-01 20:21:53.716170+00:00
,,bcf993fe-0b8b-41e4-8338-3f1c1dd10304,0c49166273014487baa157c538b5a932,USGS-03274615,00065,00011,2023-01-05 12:00:00+00:00,2.08,ft,Approved,,2025-09-01 20:21:53.716170+00:00
,,574f766d-bf95-437b-bd02-bac25b00d9ac,0c49166273014487baa157c538b5a932,USGS-03274615,00065,00011,2023-01-05 11:45:00+00:00,2.08,ft,Approved,,2025-09-01 20:21:53.716170+00:00
,,79b8f4b0-89a1-455d-902e-40a870e2dc33,0c49166273014487baa157c538b5a932,USGS-03274615,00065,00011,2023-01-05 11:30:00+00:00,2.07,ft,Approved,,2025-09-01 20:21:53.716170+00:00
,,b02a6bed-6a89-4ddc-9075-27c30c4e1201,0c49166273014487baa157c538b5a932,USGS-03274615,00065,00011,2023-01-05 11:15:00+00:00,2.06,ft,Approved,,2025-09-01 20:21:53.716170+00:00
,,ca81da7a-2e55-4b9b-ad8a-ac68d439fe31,0c49166273014487baa157c538b5a932,USGS-03274615,00065,00011,2023-01-05 11:00:00+00:00,2.06,ft,Approved,,2025-09-01 20:21:53.716170+00:00
,,3ac938b1-bbda-4560-93ac-c9399efec940,0c49166273014487baa157c538b5a932,USGS-03274615,00065,00011,2023-01-05 10:45:00+00:00,2.05,ft,Approved,,2025-09-01 20:21:53.716170+00:00
,,46067fbd-85d5-4488-a636-23a25a579944,0c49166273014487baa157c538b5a932,USGS-03274615,00065,00011,2023-01-05 10:30:00+00:00,2.05,ft,Approved,,2025-09-01 20:21:53.716170+00:00
,,6c8d8426-65a1-4c24-b7f5-30c49f476d50,0c49166273014487baa157c538b5a932,USGS-03274615,00065,00011,2023-01-05 10:15:00+00:00,2.05,ft,Approved,,2025-09-01 20:21:53.716170+00:00
,,325110f3-4659-4c38-87ff-4bf8f4e7ced5,0c49166273014487baa157c538b5a932,USGS-03274615,00065,00011,2023-01-05 10:00:00+00:00,2.04,ft,Approved,,2025-09-01 20:21:53.716170+00:00
,,70e1bcd0-217f-4b71-b90b-1fc4b65358b0,0c49166273014487baa157c538b5a932,USGS-03274615,00065,00011,2023-01-05 09:45:00+00:00,2.03,ft,Approved,,2025-09-01 20:21:53.716170+00:00
,,b33d193d-6b38-4696-8f56-7041c3f423ea,0c49166273014487baa157c538b5a932,USGS-03274615,00065,00011,2023-01-05 09:30:00+00:00,2.02,ft,Approved,,2025-09-01 20:21:53.716170+00:00
,,86e25f44-d128-47f0-b1bf-b1018bda8e97,0c49166273014487baa157c538b5a932,USGS-03274615,00065,00011,2023-01-05 09:15:00+00:00,2.02,ft,Approved,,2025-09-01 20:21:53.716170+00:00
,,c12612ec-26fb-473d-9146-1070c7623578,0c49166273014487baa157c538b5a932,USGS-03274615,00065,00011,2023-01-05 09:00:00+00:00,2.02,ft,Approved,,2025-09-01 20:21:53.716170+00:00
,,f01fe32e-2625-4e55-88aa-fb1a245600fb,0c49166273014487baa157c538b5a932,USGS-03274615,00065,00011,2023-01-05 08:45:00+00:00,2.01,ft,Approved,,2025-09-01 20:21:53.716170+00:00
,,259ecc43-a9a6-4959-9409-29cf45f70064,0c49166273014487baa157c538b5a932,USGS-03274615,00065,00011,2023-01-05 08:30:00+00:00,2.01,ft,Approved,,2025-09-01 20:21:53.716170+00:00
,,6b6ed643-0fbc-4cd8-bb70-b2e625a54ab4,0c49166273014487baa157c538b5a932,USGS-03274615,00065,00011,2023-01-05 08:15:00+00:00,2.00,ft,Approved,,2025-09-01 20:21:53.716170+00:00
,,ee815b55-6566-49cd-a84c-6bd43f20f683,0c49166273014487baa157c538b5a932,USGS-03274615,00065,00011,2023-01-05 08:00:00+00:00,1.99,ft,Approved,,2025-09-01 20:21:53.716170+00:00
,,eb083362-82c9-43f7-91a8-d648925d2185,0c49166273014487baa157c538b5a932,USGS-03274615,00065,00011,2023-01-05 07:45:00+00:00,1.98,ft,Approved,,2025-09-01 20:21:53.716170+00:00
,,f6d6e90b-afb8-493d-8695-dfd2fbde65a7,0c49166273014487baa157c538b5a932,USGS-03274615,00065,00011,2023-01-05 07:30:00+00:00,1.97,ft,Approved,,2025-09-01 20:21:53.716170+00:00
,,346bfe06-5133-45d0-85e5-698944b2a59b,0c49166273014487baa157c538b5a932,USGS-03274615,00065,00011,2023-01-05 07:15:00+00:00,1.97,ft,Approved,,2025-09-01 20:21:53.716170+00:00
,,f2565a85-9979-40ab-82dd-71847a5cbfdc,0c49166273014487baa157c538b5a932,USGS-03274615,00065,00011,2023-01-05 07:00:00+00:00,1.97,ft,Approved,,2025-09-01 20:21:53.716170+00:00
,,f5db9373-5fcb-4b56-bd22-a5b3380dd3ac,0c49166273014487baa157c538b5a932,USGS-03274615,00065,00011,2023-01-05 06:45:00+00:00,1.96,ft,Approved,,2025-09-01 20:21:53.716170+00:00
,,26437cf4-9be4-4998-8000-06e6ab84b7e9,0c49166273014487baa157c538b5a932,USGS-03274615,00065,00011,2023-01-05 06:30:00+00:00,1.95,ft,Approved,,2025-09-01 20:21:53.716170+00:00
,,a6c459fa-5484-489b-8ce0-b03ee08cb86c,0c49166273014487baa157c538b5a932,USGS-03274615,00065,00011,2023-01-05 06:15:00+00:00,1.95,ft,Approved,,2025-09-01 20:21:53.716170+00:00
,,29cd09a2-93c1-471b-ae9f-c026d9cc59ca,0c49166273014487baa157c538b5a932,USGS-03274615,00065,00011,2023-01-05 06:00:00+00:00,1.95,ft,Approved,,2025-09-01 20:21:53.716170+00:00
,,8733e7cb-ff78-410d-b1af-5fc2919caf2d,0c49166273014487baa157c538b5a932,USGS-03274615,00065,00011,2023-01-05 05:45:00+00:00,1.94,ft,Approved,,2025-09-01 20:21:53.716170+00:00
,,3a092598-35cf-45dd-b107-472b01bebefa,0c49166273014487baa157c538b5a932,USGS-03274615,00065,00011,2023-01-05 05:30:00+00:00,1.93,ft,Approved,,2025-09-01 20:21:53.716170+00:00
,,89aab0d6-5855-41df-aa99-b00405b3e104,0c49166273014487baa157c538b5a932,USGS-03274615,00065,00011,2023-01-05 05:15:00+00:00,1.92,ft,Approved,,2025-09-01 20:21:53.716170+00:00
,,95237254-f308-4917-ad88-6e669f26ccbf,0c49166273014487baa157c538b5a932,USGS-03274615,00065,00011,2023-01-05 05:00:00+00:00,1.92,ft,Approved,,2025-09-01 20:21:53.716170+00:00
,,e2752ca9-e24f-4c61-a099-aed74b1ce2fa,0c49166273014487baa157c538b5a932,USGS-03274615,00065,00011,2023-01-05 04:45:00+00:00,1.92,ft,Approved,,2025-09-01 20:21:53.716170+00:00
,,0aa4ca13-9335-41c8-b698-2ddd58a42a02,0c49166273014487baa157c538b5a932,USGS-03274615,00065,00011,2023-01-05 04:30:00+00:00,1.91,ft,Approved,,2025-09-01 20:21:53.716170+00:00
,,4319cdfc-4126-47e3-9e05-6ca431bbe08c,0c49166273014487baa157c538b5a932,USGS-03274615,00065,00011,2023-01-05 04:15:00+00:00,1.91,ft,Approved,,2025-09-01 20:21:53.716170+00:00
,,c9335e96-da29-4a9c-8bf8-397697c2a153,0c49166273014487baa157c538b5a932,USGS-03274615,00065,00011,2023-01-05 04:00:00+00:00,1.92,ft,Approved,,2025-09-01 20:21:53.716170+00:00
,,744f5f3f-46ad-4509-a4c6-744bfbc63dfe,0c49166273014487baa157c538b5a932,USGS-03274615,00065,00011,2023-01-05 03:45:00+00:00,1.92,ft,Approved,,2025-09-01 20:21:53.716170+00:00
,,65497ca6-606a-4691-abf8-0f74c96579ab,0c49166273014487baa157c538b5a932,USGS-03274615,00065,00011,2023-01-05 03:30:00+00:00,1.91,ft,Approved,,2025-09-01 20:21:53.716170+00:00
,,bf4ef9e6-02fd-4409-a893-78249a7c1015,0c49166273014487baa157c538b5a932,USGS-03274615,00065,00011,2023-01-05 03:15:00+00:00,1.92,ft,Approved,,2025-09-01 20:21:53.716170+00:00
,,e42a6820-85b6-4ff8-b879-926f6d47a165,0c49166273014487baa157c538b5a932,USGS-03274615,00065,00011,2023-01-05 03:00:00+00:00,1.92,ft,Approved,,2025-09-01 20:21:53.716170+00:00
,,498ba250-d36b-4e3b-a357-faf9132b80c1,0c49166273014487baa157c538b5a932,USGS-03274615,00065,00011,2023-01-05 02:45:00+00:00,1.92,ft,Approved,,2025-09-01 20:21:53.716170+00:00
,,417b0238-823e-4fe3-8c10-c808bc850c73,0c49166273014487baa157c538b5a932,USGS-03274615,00065,00011,2023-01-05 02:30:00+00:00,1.92,ft,Approved,,2025-09-01 20:21:53.716170+00:00
,,d925a205-ae5f-49a3-b913-aa21210dcbca,0c49166273014487baa157c538b5a932,USGS-03274615,00065,00011,2023-01-05 02:15:00+00:00,1.92,ft,Approved,,2025-09-01 20:21:53.716170+00:00
,,7662dc5a-c079-484f-bb5d-c8cc66730903,0c49166273014487baa157c538b5a932,USGS-03274615,00065,00011,2023-01-05 02:00:00+00:00,1.92,ft,Approved,,2025-09-01 20:21:53.716170+00:00
,,be5b0eb5-5aa6-4e89-9bc6-fcf162e96466,0c49166273014487baa157c538b5a932,USGS-03274615,00065,00011,2023-01-05 01:45:00+00:00,1.92,ft,Approved,,2025-09-01 20:21:53.716170+00:00
,,349e77b3-4950-4606-bf16-244530476846,0c49166273014487baa157c538b5a932,USGS-03274615,00065,00011,2023-01-05 01:30:00+00:00,1.92,ft,Approved,,2025-09-01 20:21:53.716170+00:00
,,afdfaab0-1648-46e5-9b30-5583d65aa2e3,0c49166273014487baa157c538b5a932,USGS-03274615,00065,00011,2023-01-05 01:15:00+00:00,1.92,ft,Approved,,2025-09-01 20:21:53.716170+00:00
,,b02fad94-d802-4f5a-b5c6-f016bb89a6ae,0c49166273014487baa157c538b5a932,USGS-03274615,00065,00011,2023-01-05 01:00:00+00:00,1.93,ft,Approved,,2025-09-01 20:21:53.716170+00:00
,,8c7c106e-4b1c-4517-ae13-fe2bb14b5661,0c49166273014487baa157c538b5a932,USGS-03274615,00065,00011,2023-01-05 00:45:00+00:00,1.93,ft,Approved,,2025-09-01 20:21:53.716170+00:00
,,e1788211-56d0-4551-ad3a-517287fa7222,0c49166273014487baa157c538b5a932,USGS-03274615,00065,00011,2023-01-05 00:30:00+00:00,1.93,ft,Approved,,2025-09-01 20:21:53.716170+00:00
,,0eedba0f-f8fe-418f-980c-fa585b20cc21,0c49166273014487baa157c538b5a932,USGS-03274615,00065,00011,2023-01-05 00:15:00+00:00,1.93,ft,Approved,,2025-09-01 20:21:53.716170+00:00
,,0722f44f-f48b-4808-85c9-969a0e8cecc5,0c49166273014487baa157c538b5a932,USGS-03274615,00065,00011,2023-01-05 00:00:00+00:00,1.93,ft,Approved,,2025-09-01 20:21:53.716170+00:00
,,5f338f26-6ed6-40d0-8d68-e3a9bf5997d4,0c49166273014487baa157c538b5a932,USGS-03274615,00065,00011,2023-01-04 23:45:00+00:00,1.94,ft,Approved,,2025-09-01 20:21:53.716170+00:00
,,c02394fd-dbde-4043-8d97-a79963742b39,0c49166273014487baa157c538b5a932,USGS-03274615,00065,00011,2023-01-04 23:30:00+00:00,1.94,ft,Approved,,2025-09-01 20:21:53.716170+00:00
,,d5d0af9d-f527-4843-a305-7a0dad6f6e22,0c49166273014487baa157c538b5a932,USGS-03274615,00065,00011,2023-01-04 23:15:00+00:00,1.94,ft,Approved,,2025-09-01 20:21:53.716170+00:00
,,2db67f60-9c4e-4fb6-9b6a-408fcb7d953c,0c49166273014487baa157c538b5a932,USGS-03274615,00065,00011,2023-01-04 23:00:00+00:00,1.94,ft,Approved,,2025-09-01 20:21:53.716170+00:00
,,771b60c2-a776-4b74-a3b1-baecbd54fd6e,0c49166273014487baa157c538b5a932,USGS-03274615,00065,00011,2023-01-04 22:45:00+00:00,1.95,ft,Approved,,2025-09-01 20:21:53.716170+00:00
,,3335e8d6-e5f4-48c0-97a2-8dda5b999feb,0c49166273014487baa157c538b5a932,USGS-03274615,00065,00011,2023-01-04 22:30:00+00:00,1.95,ft,Approved,,2025-09-01 20:21:53.716170+00:00
,,541e3a67-ff3a-4351-85c7-886685ffca29,0c49166273014487baa157c538b5a932,USGS-03274615,00065,00011,2023-01-04 22:15:00+00:00,1.95,ft,Approved,,2025-09-01 20:21:53.716170+00:00
,,e29be062-e66b-49d3-a725-7d860851bf8c,0c49166273014487baa157c538b5a932,USGS-03274615,00065,00011,2023-01-04 22:00:00+00:00,1.96,ft,Approved,,2025-09-01 20:21:53.716170+00:00
,,dc24934f-5b71-4584-95b7-45ced02258d4,0c49166273014487baa157c538b5a932,USGS-03274615,00065,00011,2023-01-04 21:45:00+00:00,1.97,ft,Approved,,2025-09-01 20:21:53.716170+00:00
,,d24309ab-105b-4a4b-85e4-6296fcd916a6,0c49166273014487baa157c538b5a932,USGS-03274615,00065,00011,2023-01-04 21:30:00+00:00,1.95,ft,Approved,,2025-09-01 20:21:53.716170+00:00
,,a2ff76c7-4f8d-4409-99fa-69a05cbe5c07,0c49166273014487baa157c538b5a932,USGS-03274615,00065,00011,2023-01-04 21:15:00+00:00,1.95,ft,Approved,,2025-09-01 20:21:53.716170+00:00
,,8e48e477-4f94-43b1-ae64-f6924c9d33b0,0c49166273014487baa157c538b5a932,USGS-03274615,00065,00011,2023-01-04 21:00:00+00:00,1.99,ft,Approved,,2025-09-01 20:21:53.716170+00:00
,,a7e6369c-04ee-4c2c-b5d7-f70db708e6a3,0c49166273014487baa157c538b5a932,USGS-03274615,00065,00011,2023-01-04 20:30:00+00:00,1.95,ft,Approved,,2025-09-01 20:21:53.716170+00:00
,,5e63925b-2360-4474-bb04-97c1107405cb,0c49166273014487baa157c538b5a932,USGS-03274615,00065,00011,2023-01-04 20:00:00+00:00,1.96,ft,Approved,,2025-09-01 20:21:53.716170+00:00
,,fd02a74b-ac83-439e-95e5-beda3d087c6e,0c49166273014487baa157c538b5a932,USGS-03274615,00065,00011,2023-01-04 19:45:00+00:00,2.02,ft,Approved,,2025-09-01 20:21:53.716170+00:00
,,2da3ff5d-e7e0-4b0f-b8e1-7fdc560b9fef,0c49166273014487baa157c538b5a932,USGS-03274615,00065,00011,2023-01-04 19:30:00+00:00,1.99,ft,Approved,,2025-09-01 20:21:53.716170+00:00
,,ae29b955-31a1-4c29-ab83-b566505aff34,0c49166273014487baa157c538b5a932,USGS-03274615,00065,00011,2023-01-04 19:15:00+00:00,1.98,ft,Approved,,2025-09-01 20:21:53.716170+00:00
,,c2fea86a-cdd2-4e3f-8608-6cdd5f8f3025,0c49166273014487baa157c538b5a932,USGS-03274615,00065,00011,2023-01-04 18:45:00+00:00,2.04,ft,Approved,,2025-09-01 20:21:53.716170+00:00
,,11234f23-bc66-445c-9995-b666cfacde70,0c49166273014487baa157c538b5a932,USGS-03274615,00065,00011,2023-01-04 18:30:00+00:00,2.05,ft,Approved,,2025-09-01 20:21:53.716170+00:00
,,0e62d730-d172-4840-9c67-2b6bb9d15abe,0c49166273014487baa157c538b5a932,USGS-03274615,00065,00011,2023-01-04 18:00:00+00:00,2.07,ft,Approved,,2025-09-01 20:21:53.716170+00:00
,,d9f7d63f-8443-423d-bcaa-37ee6d277798,0c49166273014487baa157c538b5a932,USGS-03274615,00065,00011,2023-01-04 17:30:00+00:00,2.06,ft,Approved,,2025-09-01 20:21:53.716170+00:00
,,62c0e77f-d752-4e42-8796-f3f9739962f9,0c49166273014487baa157c538b5a932,USGS-03274615,00065,00011,2023-01-04 17:15:00+00:00,2.10,ft,Approved,,2025-09-01 20:21:53.716170+00:00
,,dcfdad04-e38e-430b-9e3d-bd98e60a9a98,0c49166273014487baa157c538b5a932,USGS-03274615,00065,00011,2023-01-04 17:00:00+00:00,2.11,ft,Approved,,2025-09-01 20:21:53.716170+00:00
,,bc4481b6-5cdf-4942-b7a7-ccc0ec52901e,0c49166273014487baa157c538b5a932,USGS-03274615,00065,00011,2023-01-04 16:45:00+00:00,2.04,ft,Approved,,2025-09-01 20:21:53.716170+00:00
,,c9de7249-90a4-46ee-b9be-9f98078f26cc,0c49166273014487baa157c538b5a932,USGS-03274615,00065,00011,2023-01-04 16:30:00+00:00,2.06,ft,Approved,,2025-09-01 20:21:53.716170+00:00
,,34ffe891-b3ef-4e5f-a86a-b3fafe13eb0d,0c49166273014487baa157c538b5a932,USGS-03274615,00065,00011,2023-01-04 16:15:00+00:00,2.10,ft,Approved,,2025-09-01 20:21:53.716170+00:00
,,c69f8c79-8ef4-4abf-9aa4-814fd813f762,0c49166273014487baa157c538b5a932,USGS-03274615,00065,00011,2023-01-04 16:00:00+00:00,2.10,ft,Approved,,2025-09-01 20:21:53.716170+00:00
,,bdd12be0-4ac2-4e72-9f48-0abbd8140bf4,0c49166273014487baa157c538b5a932,USGS-03274615,00065,00011,2023-01-04 15:45:00+00:00,2.16,ft,Approved,,2025-09-01 20:21:53.716170+00:00
,,67dee3bb-af2a-47bd-9a79-b72aa72418e9,0c49166273014487baa157c538b5a932,USGS-03274615,00065,00011,2023-01-04 15:30:00+00:00,2.18,ft,Approved,,2025-09-01 20:21:53.716170+00:00
,,1057ef6b-f4f3-436a-adfe-012f94611191,0c49166273014487baa157c538b5a932,USGS-03274615,00065,00011,2023-01-04 15:15:00+00:00,2.19,ft,Approved,,2025-09-01 20:21:53.716170+00:00
,,5a323687-0589-4237-a13e-8f2bd3023077,0c49166273014487baa157c538b5a932,USGS-03274615,00065,00011,2023-01-04 15:00:00+00:00,2.19,ft,Approved,,2025-09-01 20:21:53.716170+00:00
,,5456acf0-3429-4845-9ea4-32225d036ef9,0c49166273014487baa157c538b5a932,USGS-03274615,00065,00011,2023-01-04 14:45:00+00:00,2.21,ft,Approved,,2025-09-01 20:21:53.716170+00:00
,,0d5392f9-ba32-4573-8b95-d7103a9941ca,0c49166273014487baa157c538b5a932,USGS-03274615,00065,00011,2023-01-04 14:30:00+00:00,2.22,ft,Approved,,2025-09-01 20:21:53.716170+00:00
,,abf338e0-27da-45b7-bff8-ba301aab67f2,0c49166273014487baa157c538b5a932,USGS-03274615,00065,00011,2023-01-04 14:15:00+00:00,2.22,ft,Approved,,2025-09-01 20:21:53.716170+00:00
,,68b98c8b-61ec-45bd-8a78-93158533ab93,0c49166273014487baa157c538b5a932,USGS-03274615,00065,00011,2023-01-04 14:00:00+00:00,2.25,ft,Approved,,2025-09-01 20:21:53.716170+00:00
,,846b61af-3a0b-4d90-aca6-111c6aa374d2,0c49166273014487baa157c538b5a932,USGS-03274615,00065,00011,2023-01-04 13:45:00+00:00,2.25,ft,Approved,,2025-09-01 20:21:53.716170+00:00
,,be3fcdbd-f35f-4d8b-999c-3a9b46badb50,0c49166273014487baa157c538b5a932,USGS-03274615,00065,00011,2023-01-04 13:30:00+00:00,2.25,ft,Approved,,2025-09-01 20:21:53.716170+00:00
,,1c6dea8b-83a2-4706-91c3-f9f85a802b99,0c49166273014487baa157c538b5a932,USGS-03274615,00065,00011,2023-01-04 13:15:00+00:00,2.27,ft,Approved,,2025-09-01 20:21:53.716170+00:00
,,16123745-3741-4e9c-9777-129933af6ec5,0c49166273014487baa157c538b5a932,USGS-03274615,00065,00011,2023-01-04 13:00:00+00:00,2.28,ft,Approved,,2025-09-01 20:21:53.716170+00:00
,,30e08abf-8520-41bf-a779-33fdfd160041,0c49166273014487baa157c538b5a932,USGS-03274615,00065,00011,2023-01-04 12:45:00+00:00,2.29,ft,Approved,,2025-09-01 20:21:53.716170+00:00
,,d290d5e3-1c92-445e-a206-8a5fa33ee9d7,0c49166273014487baa157c538b5a932,USGS-03274615,00065,00011,2023-01-04 12:30:00+00:00,2.29,ft,Approved,,2025-09-01 20:21:53.716170+00:00
,,1dd9f0cd-94bf-4c39-b484-3103b0936fda,0c49166273014487baa157c538b5a932,USGS-03274615,00065,00011,2023-01-04 12:15:00+00:00,2.30,ft,Approved,,2025-09-01 20:21:53.716170+00:00
,,48484431-298e-490f-b83f-32e7e06560a6,0c49166273014487baa157c538b5a932,USGS-03274615,00065,00011,2023-01-04 12:00:00+00:00,2.31,ft,Approved,,2025-09-01 20:21:53.716170+00:00
,,b03a1dac-e90e-4294-b730-151810fdd5a8,0c49166273014487baa157c538b5a932,USGS-03274615,00065,00011,2023-01-04 11:45:00+00:00,2.31,ft,Approved,,2025-09-01 20:21:53.716170+00:00
,,dc410fb6-f81b-464b-9057-e62e70b8b2c4,0c49166273014487baa157c538b5a932,USGS-03274615,00065,00011,2023-01-04 11:30:00+00:00,2.32,ft,Approved,,2025-09-01 20:21:53.716170+00:00
,,e16b7e4c-c25d-4807-a6e1-0a9c307f63fd,0c49166273014487baa157c538b5a932,USGS-03274615,00065,00011,2023-01-04 11:15:00+00:00,2.33,ft,Approved,,2025-09-01 20:21:53.716170+00:00
,,f57e8f87-3c8e-48f8-8d4b-e14e14891b93,0c49166273014487baa157c538b5a932,USGS-03274615,00065,00011,2023-01-04 11:00:00+00:00,2.34,ft,Approved,,2025-09-01 20:21:53.716170+00:00
,,4212b728-4bb4-4be9-b91c-93e0a99d23db,0c49166273014487baa157c538b5a932,USGS-03274615,00065,00011,2023-01-04 10:45:00+00:00,2.34,ft,Approved,,2025-09-01 20:21:53.716170+00:00
,,dc2ec75b-1048-4855-9675-757bc70edd35,0c49166273014487baa157c538b5a932,USGS-03274615,00065,00011,2023-01-04 10:30:00+00:00,2.34,ft,Approved,,2025-09-01 20:21:53.716170+00:00
,,43f4f99f-e284-4516-9d64-908df883ac61,0c49166273014487baa157c538b5a932,USGS-03274615,00065,00011,2023-01-04 10:15:00+00:00,2.33,ft,Approved,,2025-09-01 20:21:53.716170+00:00
,,6b5ac05a-cb80-4b80-8d3a-953594935d7d,0c49166273014487baa157c538b5a932,USGS-03274615,00065,00011,2023-01-04 10:00:00+00:00,2.31,ft,Approved,,2025-09-01 20:21:53.716170+00:00
,,f9d44ffe-076b-4341-9fdf-4a9839b8667d,0c49166273014487baa157c538b5a932,USGS-03274615,00065,00011,2023-01-04 09:45:00+00:00,2.33,ft,Approved,,2025-09-01 20:21:53.716170+00:00
,,f5299b92-f252-4fee-99c0-278fdc28ddf3,0c49166273014487baa157c538b5a932,USGS-03274615,00065,00011,2023-01-04 09:30:00+00:00,2.30,ft,Approved,,2025-09-01 20:21:53.716170+00:00
,,ee6fcf38-918b-4695-8829-9f4b5e775625,0c49166273014487baa157c538b5a932,USGS-03274615,00065,00011,2023-01-04 09:15:00+00:00,2.33,ft,Approved,,2025-09-01 20:21:53.716170+00:00
,,7e182ae5-7d9c-479f-a34d-d2a2b1f47bb5,0c49166273014487baa157c538b5a932,USGS-03274615,00065,00011,2023-01-04 09:00:00+00:00,2.34,ft,Approved,,2025-09-01 20:21:53.716170+00:00
,,c8d93b16-94e9-49d4-a342-82d727c40641,0c49166273014487baa157c538b5a932,USGS-03274615,00065,00011,2023-01-04 08:45:00+00:00,2.33,ft,Approved,,2025-09-01 20:21:53.716170+00:00
,,ef08b048-082f-4457-8bee-598e86fdeb3d,0c49166273014487baa157c538b5a932,USGS-03274615,00065,00011,2023-01-04 08:30:00+00:00,2.31,ft,Approved,,2025-09-01 20:21:53.716170+00:00
,,874befd4-5da4-4da8-b500-9d0d40174477,0c49166273014487baa157c538b5a932,USGS-03274615,00065,00011,2023-01-04 08:15:00+00:00,2.29,ft,Approved,,2025-09-01 20:21:53.716170+00:00
,,3e06351b-c79a-420d-a57a-2888ade44f9b,0c49166273014487baa157c538b5a932,USGS-03274615,00065,00011,2023-01-04 08:00:00+00:00,2.31,ft,Approved,,2025-09-01 20:21:53.716170+00:00
,,4e1ceacd-8726-47f5-a274-ae9b9cb20296,0c49166273014487baa157c538b5a932,USGS-03274615,00065,00011,2023-01-04 07:45:00+00:00,2.28,ft,Approved,,2025-09-01 20:21:53.716170+00:00
,,46aace95-fdc9-4761-95e3-11d392bd1826,0c49166273014487baa157c538b5a932,USGS-03274615,00065,00011,2023-01-04 07:30:00+00:00,2.30,ft,Approved,,2025-09-01 20:21:53.716170+00:00
,,dd63d725-ea7a-4663-be82-7ae67cbfa25a,0c49166273014487baa157c538b5a932,USGS-03274615,00065,00011,2023-01-04 07:15:00+00:00,2.26,ft,Approved,,2025-09-01 20:21:53.716170+00:00
,,69f00fa7-a5fa-4c93-99ba-06b0bfb32571,0c49166273014487baa157c538b5a932,USGS-03274615,00065,00011,2023-01-04 07:00:00+00:00,2.28,ft,Approved,,2025-09-01 20:21:53.716170+00:00
,,2df6ab26-9c00-4f21-9195-6130cde8961f,0c49166273014487baa157c538b5a932,USGS-03274615,00065,00011,2023-01-04 06:45:00+00:00,2.28,ft,Approved,,2025-09-01 20:21:53.716170+00:00
,,c1d68cfa-b256-45be-8907-dd4c0bacda7c,0c49166273014487baa157c538b5a932,USGS-03274615,00065,00011,2023-01-04 06:30:00+00:00,2.27,ft,Approved,,2025-09-01 20:21:53.716170+00:00
,,bd09d9da-dc5d-49a7-90db-077b00d3059a,0c49166273014487baa157c538b5a932,USGS-03274615,00065,00011,2023-01-04 06:15:00+00:00,2.25,ft,Approved,,2025-09-01 20:21:53.716170+00:00
,,6ed22eeb-c42b-4c20-9d82-a7641aba1873,0c49166273014487baa157c538b5a932,USGS-03274615,00065,00011,2023-01-04 06:00:00+00:00,2.25,ft,Approved,,2025-09-01 20:21:53.716170+00:00
,,e3adbf9a-7f39-43cf-92f1-e56a786881e8,0c49166273014487baa157c538b5a932,USGS-03274615,00065,00011,2023-01-04 05:45:00+00:00,2.25,ft,Approved,,2025-09-01 20:21:53.716170+00:00
,,b5bd5f0b-6e80-4bc7-aff3-60146b45de83,0c49166273014487baa157c538b5a932,USGS-03274615,00065,00011,2023-01-04 05:30:00+00:00,2.25,ft,Approved,,2025-09-01 20:21:53.716170+00:00
,,9ad5b216-5cb6-4dda-af9a-2ce6d1cadddc,0c49166273014487baa157c538b5a932,USGS-03274615,00065,00011,2023-01-04 05:00:00+00:00,2.25,ft,Approved,,2025-09-01 20:21:53.716170+00:00
,,e45f2793-e93a-4e51-b50d-33fc5b8f3751,0c49166273014487baa157c538b5a932,USGS-03274615,00065,00011,2023-01-04 04:45:00+00:00,2.22,ft,Approved,,2025-09-01 20:21:53.716170+00:00
,,dc637cc5-7f32-406e-8a38-104516c8f17f,0c49166273014487baa157c538b5a932,USGS-03274615,00065,00011,2023-01-04 04:30:00+00:00,2.21,ft,Approved,,2025-09-01 20:21:53.716170+00:00
,,7b60a669-705a-489d-bcb4-513c9b7d469c,0c49166273014487baa157c538b5a932,USGS-03274615,00065,00011,2023-01-04 04:15:00+00:00,2.23,ft,Approved,,2025-09-01 20:21:53.716170+00:00
,,28c9d3af-37e2-4252-bee3-b58edcaca1d1,0c49166273014487baa157c538b5a932,USGS-03274615,00065,00011,2023-01-04 04:00:00+00:00,2.21,ft,Approved,,2025-09-01 20:21:53.716170+00:00
,,d60b854e-dfbb-4a4f-ba12-91584823a8f1,0c49166273014487baa157c538b5a932,USGS-03274615,00065,00011,2023-01-04 03:45:00+00:00,2.23,ft,Approved,,2025-09-01 20:21:53.716170+00:00
,,ca5d630b-a030-4f50-8bf2-75b0dd1d76a5,0c49166273014487baa157c538b5a932,USGS-03274615,00065,00011,2023-01-04 03:30:00+00:00,2.23,ft,Approved,,2025-09-01 20:21:53.716170+00:00
,,a6e556e3-832a-4b36-a2f6-f26aee90439c,0c49166273014487baa157c538b5a932,USGS-03274615,00065,00011,2023-01-04 03:15:00+00:00,2.24,ft,Approved,,2025-09-01 20:21:53.716170+00:00
,,bf87c985-df53-41d5-999d-a21925e6f770,0c49166273014487baa157c538b5a932,USGS-03274615,00065,00011,2023-01-04 03:00:00+00:00,2.22,ft,Approved,,2025-09-01 20:21:53.716170+00:00
,,d6800acf-4827-4ffc-b94a-b58e973669e8,0c49166273014487baa157c538b5a932,USGS-03274615,00065,00011,2023-01-04 02:45:00+00:00,2.22,ft,Approved,,2025-09-01 20:21:53.716170+00:00
,,860b2a80-e5e8-4c6c-8869-d164f5cef19f,0c49166273014487baa157c538b5a932,USGS-03274615,00065,00011,2023-01-04 02:30:00+00:00,2.22,ft,Approved,,2025-09-01 20:21:53.716170+00:00
,,d5731b60-63d7-4db4-a223-c916092e9554,0c49166273014487baa157c538b5a932,USGS-03274615,00065,00011,2023-01-04 02:15:00+00:00,2.21,ft,Approved,,2025-09-01 20:21:53.716170+00:00
,,59d9d6d4-35cd-48b3-8362-d7a2b4311879,0c49166273014487baa157c538b5a932,USGS-03274615,00065,00011,2023-01-04 02:00:00+00:00,2.21,ft,Approved,,2025-09-01 20:21:53.716170+00:00
,,dd017f85-90d3-4f1e-af1c-85935798d5f7,0c49166273014487baa157c538b5a932,USGS-03274615,00065,00011,2023-01-04 01:45:00+00:00,2.20,ft,Approved,,2025-09-01 20:21:53.716170+00:00
,,a1932d4e-9ae6-4571-849f-204fa71c7003,0c49166273014487baa157c538b5a932,USGS-03274615,00065,00011,2023-01-04 01:30:00+00:00,2.17,ft,Approved,,2025-09-01 20:21:53.716170+00:00
,,e5bc8df9-0628-4685-ab01-243be201a2c8,0c49166273014487baa157c538b5a932,USGS-03274615,00065,00011,2023-01-04 01:15:00+00:00,2.18,ft,Approved,,2025-09-01 20:21:53.716170+00:00
,,7834a545-3f19-4bc3-9a14-1d1cfb74d53b,0c49166273014487baa157c538b5a932,USGS-03274615,00065,00011,2023-01-04 01:00:00+00:00,2.19,ft,Approved,,2025-09-01 20:21:53.716170+00:00
,,b96f94d7-c803-4079-a3d3-1fcd19bf00ab,0c49166273014487baa157c538b5a932,USGS-03274615,00065,00011,2023-01-04 00:45:00+00:00,2.18,ft,Approved,,2025-09-01 20:21:53.716170+00:00
,,a7e34067-677d-4783-8572-086b57de1fd2,0c49166273014487baa157c538b5a932,USGS-03274615,00065,00011,2023-01-04 00:30:00+00:00,2.18,ft,Approved,,2025-09-01 20:21:53.716170+00:00
,,22d6538d-d2f7-4b83-b143-2a256b29acac,0c49166273014487baa157c538b5a932,USGS-03274615,00065,00011,2023-01-04 00:15:00+00:00,2.16,ft,Approved,,2025-09-01 20:21:53.716170+00:00
,,8b85d43a-11e9-484b-a170-521a29053dc9,0c49166273014487baa157c538b5a932,USGS-03274615,00065,00011,2023-01-04 00:00:00+00:00,2.17,ft,Approved,,2025-09-01 20:21:53.716170+00:00
,,d6ce478a-01d5-42da-9ef0-e4ffb3bd86ea,0c49166273014487baa157c538b5a932,USGS-03274615,00065,00011,2023-01-03 23:45:00+00:00,2.17,ft,Approved,,2025-09-01 20:21:53.716170+00:00
,,c543cc4a-30c2-4e6c-9d70-a0d4ec1c1d66,0c49166273014487baa157c538b5a932,USGS-03274615,00065,00011,2023-01-03 23:30:00+00:00,2.15,ft,Approved,,2025-09-01 20:21:53.716170+00:00
,,03317438-f66e-4003-8fb9-baabc2528aa6,0c49166273014487baa157c538b5a932,USGS-03274615,00065,00011,2023-01-03 23:15:00+00:00,2.17,ft,Approved,,2025-09-01 20:21:53.716170+00:00
,,52a1ee52-61a2-4d20-ae98-22c513155701,0c49166273014487baa157c538b5a932,USGS-03274615,00065,00011,2023-01-03 23:00:00+00:00,2.19,ft,Approved,,2025-09-01 20:21:53.716170+00:00
,,1744982c-95d5-44a3-88da-7202825a0479,0c49166273014487baa157c538b5a932,USGS-03274615,00065,00011,2023-01-03 22:45:00+00:00,2.17,ft,Approved,,2025-09-01 20:21:53.716170+00:00
,,90be8e90-1d8a-414b-8474-2751a77a3099,0c49166273014487baa157c538b5a932,USGS-03274615,00065,00011,2023-01-03 22:30:00+00:00,2.18,ft,Approved,,2025-09-01 20:21:53.716170+00:00
,,4dfe23c5-2c11-492d-a233-be99b13e35ab,0c49166273014487baa157c538b5a932,USGS-03274615,00065,00011,2023-01-03 22:15:00+00:00,2.19,ft,Approved,,2025-09-01 20:21:53.716170+00:00
,,83fb00dc-e26c-4bea-8e7d-e7e7dbe0fec6,0c49166273014487baa157c538b5a932,USGS-03274615,00065,00011,2023-01-03 22:00:00+00:00,2.17,ft,Approved,,2025-09-01 20:21:53.716170+00:00
,,6f3b947d-dafe-4092-8ef6-6c017ede51c6,0c49166273014487baa157c538b5a932,USGS-03274615,00065,00011,2023-01-03 21:45:00+00:00,2.12,ft,Approved,,2025-09-01 20:21:53.716170+00:00
,,009e173a-a297-47b6-b646-b86efc3a58bc,0c49166273014487baa157c538b5a932,USGS-03274615,00065,00011,2023-01-03 21:30:00+00:00,2.13,ft,Approved,,2025-09-01 20:21:53.716170+00:00
,,a7c0afd9-b165-46fb-b0d9-17f175262ac1,0c49166273014487baa157c538b5a932,USGS-03274615,00065,00011,2023-01-03 21:15:00+00:00,2.14,ft,Approved,,2025-09-01 20:21:53.716170+00:00
,,bd85b3ed-946d-4473-be93-b55bc4b5a30f,0c49166273014487baa157c538b5a932,USGS-03274615,00065,00011,2023-01-03 21:00:00+00:00,2.13,ft,Approved,,2025-09-01 20:21:53.716170+00:00
,,1714d3dd-1a79-406e-a6d1-66221fbfea59,0c49166273014487baa157c538b5a932,USGS-03274615,00065,00011,2023-01-03 20:45:00+00:00,2.11,ft,Approved,,2025-09-01 20:21:53.716170+00:00
,,d4cb92cf-fe60-4d0b-87f8-803b97d8beba,0c49166273014487baa157c538b5a932,USGS-03274615,00065,00011,2023-01-03 20:30:00+00:00,2.09,ft,Approved,,2025-09-01 20:21:53.716170+00:00
,,bad9ad86-2773-4042-bdc6-07c543d36567,0c49166273014487baa157c538b5a932,USGS-03274615,00065,00011,2023-01-03 20:15:00+00:00,2.06,ft,Approved,,2025-09-01 20:21:53.716170+00:00
,,42d4f07b-8005-47f5-a691-9db64af430f7,0c49166273014487baa157c538b5a932,USGS-03274615,00065,00011,2023-01-03 20:00:00+00:00,2.03,ft,Approved,,2025-09-01 20:21:53.716170+00:00
,,532e849d-d516-4c28-b5f0-725115deee26,0c49166273014487baa157c538b5a932,USGS-03274615,00065,00011,2023-01-03 19:45:00+00:00,1.91,ft,Approved,,2025-09-01 20:21:53.716170+00:00
,,2520b30f-8de5-439d-8738-58ed8d4f7ab1,0c49166273014487baa157c538b5a932,USGS-03274615,00065,00011,2023-01-03 19:30:00+00:00,1.82,ft,Approved,,2025-09-01 20:21:53.716170+00:00
,,80b98313-158f-490f-b7a8-7e6851f346fa,0c49166273014487baa157c538b5a932,USGS-03274615,00065,00011,2023-01-03 19:15:00+00:00,1.82,ft,Approved,,2025-09-01 20:21:53.716170+00:00
,,aa84b02d-aaa1-4220-ae14-564067e1d89d,0c49166273014487baa157c538b5a932,USGS-03274615,00065,00011,2023-01-03 19:00:00+00:00,1.86,ft,Approved,,2025-09-01 20:21:53.716170+00:00
,,f7bb5b62-b384-4ab9-9c59-8f3bb6fe733b,0c49166273014487baa157c538b5a932,USGS-03274615,00065,00011,2023-01-03 18:45:00+00:00,1.85,ft,Approved,,2025-09-01 20:21:53.716170+00:00
,,78659f04-79d1-4c3c-89f9-c38de85d2c2d,0c49166273014487baa157c538b5a932,USGS-03274615,00065,00011,2023-01-03 18:30:00+00:00,1.85,ft,Approved,,2025-09-01 20:21:53.716170+00:00
,,71cdfac2-3bf5-4823-978e-38f1751b67f3,0c49166273014487baa157c538b5a932,USGS-03274615,00065,00011,2023-01-03 18:15:00+00:00,1.82,ft,Approved,,2025-09-01 20:21:53.716170+00:00
,,7631fbc9-986f-4bb2-80f6-57224e6933ff,0c49166273014487baa157c538b5a932,USGS-03274615,00065,00011,2023-01-03 18:00:00+00:00,1.82,ft,Approved,,2025-09-01 20:21:53.716170+00:00
,,e0d1b8fd-7cb2-41d8-9837-2c6d6f12fc85,0c49166273014487baa157c538b5a932,USGS-03274615,00065,00011,2023-01-03 17:45:00+00:00,1.81,ft,Approved,,2025-09-01 20:21:53.716170+00:00
,,eb0c18bd-d74f-4c10-84b0-77136e39f7ca,0c49166273014487baa157c538b5a932,USGS-03274615,00065,00011,2023-01-03 17:30:00+00:00,1.86,ft,Approved,,2025-09-01 20:21:53.716170+00:00
,,3da24e2d-955a-474b-9eef-6ed237b1d55a,0c49166273014487baa157c538b5a932,USGS-03274615,00065,00011,2023-01-03 17:15:00+00:00,1.82,ft,Approved,,2025-09-01 20:21:53.716170+00:00
,,46d6281a-4ac8-4331-b1e6-03e35b4f9793,0c49166273014487baa157c538b5a932,USGS-03274615,00065,00011,2023-01-03 17:00:00+00:00,1.82,ft,Approved,,2025-09-01 20:21:53.716170+00:00
,,f2749744-aeef-4e25-914b-d69ef31749f4,0c49166273014487baa157c538b5a932,USGS-03274615,00065,00011,2023-01-03 16:45:00+00:00,1.79,ft,Approved,,2025-09-01 20:21:53.716170+00:00
,,12ee6229-6c5d-4539-8292-3d7f5255f4c6,0c49166273014487baa157c538b5a932,USGS-03274615,00065,00011,2023-01-03 16:30:00+00:00,1.81,ft,Approved,,2025-09-01 20:21:53.716170+00:00
,,390df9d1-30fc-41d9-8a72-be365320de66,0c49166273014487baa157c538b5a932,USGS-03274615,00065,00011,2023-01-03 16:15:00+00:00,1.78,ft,Approved,,2025-09-01 20:21:53.716170+00:00
,,26e7e344-cc55-4974-93de-ae5b1ac96c84,0c49166273014487baa157c538b5a932,USGS-03274615,00065,00011,2023-01-03 16:00:00+00:00,1.76,ft,Approved,,2025-09-01 20:21:53.716170+00:00
,,87962ffa-185e-403d-b655-3e999275d499,0c49166273014487baa157c538b5a932,USGS-03274615,00065,00011,2023-01-03 15:45:00+00:00,1.73,ft,Approved,,2025-09-01 20:21:53.716170+00:00
,,365f982c-6bbf-4cd6-80f6-f6abbc97d032,0c49166273014487baa157c538b5a932,USGS-03274615,00065,00011,2023-01-03 15:30:00+00:00,1.71,ft,Approved,,2025-09-01 20:21:53.716170+00:00
,,4dc958e1-7c3f-44c9-9a08-61b1bf18fb1e,0c49166273014487baa157c538b5a932,USGS-03274615,00065,00011,2023-01-03 15:15:00+00:00,1.65,ft,Approved,,2025-09-01 20:21:53.716170+00:00
,,0521e9ee-7a9e-4586-909e-d95580c02ca7,0c49166273014487baa157c538b5a932,USGS-03274615,00065,00011,2023-01-03 15:00:00+00:00,1.60,ft,Approved,,2025-09-01 20:21:53.716170+00:00
,,bb3840a8-a1e7-4590-a9f4-65ed7c57687d,0c49166273014487baa157c538b5a932,USGS-03274615,00065,00011,2023-01-03 14:45:00+00:00,1.61,ft,Approved,,2025-09-01 20:21:53.716170+00:00
,,e1f499a7-6ff2-4182-8e66-3243054bb5df,0c49166273014487baa157c538b5a932,USGS-03274615,00065,00011,2023-01-03 14:30:00+00:00,1.59,ft,Approved,,2025-09-01 20:21:53.716170+00:00
,,66397706-b80c-43c5-9199-32ef02a25e64,0c49166273014487baa157c538b5a932,USGS-03274615,00065,00011,2023-01-03 14:15:00+00:00,1.53,ft,Approved,,2025-09-01 20:21:53.716170+00:00
,,8bfd0ce1-5d3d-492d-b8ab-5c2f2703f13c,0c49166273014487baa157c538b5a932,USGS-03274615,00065,00011,2023-01-03 14:00:00+00:00,1.50,ft,Approved,,2025-09-01 20:21:53.716170+00:00
,,0c6d52f0-d3b2-4f3e-bd0b-597d33086f4e,0c49166273014487baa157c538b5a932,USGS-03274615,00065,00011,2023-01-03 13:45:00+00:00,1.46,ft,Approved,,2025-09-01 20:21:53.716170+00:00
,,ea7e068d-aac2-4116-9920-b7ce4214a879,0c49166273014487baa157c538b5a932,USGS-03274615,00065,00011,2023-01-03 13:30:00+00:00,1.45,ft,Approved,,2025-09-01 20:21:53.716170+00:00
,,d2ba242d-3f9a-4d2f-98c0-f4b7cb3feb14,0c49166273014487baa157c538b5a932,USGS-03274615,00065,00011,2023-01-03 13:15:00+00:00,1.46,ft,Approved,,2025-09-01 20:21:53.716170+00:00
,,75c56963-d819-44a1-83f4-52c76f62a646,0c49166273014487baa157c538b5a932,USGS-03274615,00065,00011,2023-01-03 13:00:00+00:00,1.47,ft,Approved,,2025-09-01 20:21:53.716170+00:00
,,9d36a69a-a8d0-4ce0-8864-6ef859e8db31,0c49166273014487baa157c538b5a932,USGS-03274615,00065,00011,2023-01-03 12:45:00+00:00,1.49,ft,Approved,,2025-09-01 20:21:53.716170+00:00
,,cb0cfebd-8e96-4343-a3aa-1f5c34feb2f5,0c49166273014487baa157c538b5a932,USGS-03274615,00065,00011,2023-01-03 12:15:00+00:00,1.43,ft,Approved,,2025-09-01 20:21:53.716170+00:00
,,287bb797-1ea9-47ec-9630-ac1e20f5e6c1,0c49166273014487baa157c538b5a932,USGS-03274615,00065,00011,2023-01-03 11:45:00+00:00,1.45,ft,Approved,,2025-09-01 20:21:53.716170+00:00
,,64a7f576-7103-42b8-814c-55850b6c8aec,0c49166273014487baa157c538b5a932,USGS-03274615,00065,00011,2023-01-03 11:30:00+00:00,1.44,ft,Approved,,2025-09-01 20:21:53.716170+00:00
,,7feee726-dc99-44a6-b8a8-3f89ffaf5cf5,0c49166273014487baa157c538b5a932,USGS-03274615,00065,00011,2023-01-03 11:15:00+00:00,1.48,ft,Approved,,2025-09-01 20:21:53.716170+00:00
,,9eadbccb-0920-46b6-a11c-9155e9384d8c,0c49166273014487baa157c538b5a932,USGS-03274615,00065,00011,2023-01-03 11:00:00+00:00,1.48,ft,Approved,,2025-09-01 20:21:53.716170+00:00
,,12f8b462-8c91-4609-88d5-b5a6f870aae6,0c49166273014487baa157c538b5a932,USGS-03274615,00065,00011,2023-01-03 10:45:00+00:00,1.45,ft,Approved,,2025-09-01 20:21:53.716170+00:00
,,5bd0794d-0981-477e-b7d4-701fd15fd8f9,0c49166273014487baa157c538b5a932,USGS-03274615,00065,00011,2023-01-03 10:30:00+00:00,1.42,ft,Approved,,2025-09-01 20:21:53.716170+00:00
,,d5a25581-de1c-4226-8377-6643b1996429,0c49166273014487baa157c538b5a932,USGS-03274615,00065,00011,2023-01-03 10:15:00+00:00,1.43,ft,Approved,,2025-09-01 20:21:53.716170+00:00
,,6a705d1c-157f-4008-ac61-4db36dc8b282,0c49166273014487baa157c538b5a932,USGS-03274615,00065,00011,2023-01-03 10:00:00+00:00,1.46,ft,Approved,,2025-09-01 20:21:53.716170+00:00
,,84b63df2-b476-4742-a796-da375d802665,0c49166273014487baa157c538b5a932,USGS-03274615,00065,00011,2023-01-03 09:45:00+00:00,1.47,ft,Approved,,2025-09-01 20:21:53.716170+00:00
,,230984ab-2d3f-45e5-95d6-c399014b557c,0c49166273014487baa157c538b5a932,USGS-03274615,00065,00011,2023-01-03 09:30:00+00:00,1.47,ft,Approved,,2025-09-01 20:21:53.716170+00:00
,,15f766a3-22b2-4d93-ab9d-7460a0fcafab,0c49166273014487baa157c538b5a932,USGS-03274615,00065,00011,2023-01-03 09:15:00+00:00,1.46,ft,Approved,,2025-09-01 20:21:53.716170+00:00
,,976ddb11-b422-4150-b9b3-9e3f72cd203d,0c49166273014487baa157c538b5a932,USGS-03274615,00065,00011,2023-01-03 09:00:00+00:00,1.46,ft,Approved,,2025-09-01 20:21:53.716170+00:00
,,fcb6e36d-8e00-4302-a5aa-8e9a20095b7e,0c49166273014487baa157c538b5a932,USGS-03274615,00065,00011,2023-01-03 08:45:00+00:00,1.46,ft,Approved,,2025-09-01 20:21:53.716170+00:00
,,63deea0b-b1ce-416a-9952-bce962c6882e,0c49166273014487baa157c538b5a932,USGS-03274615,00065,00011,2023-01-03 08:30:00+00:00,1.45,ft,Approved,,2025-09-01 20:21:53.716170+00:00
,,2c906d6f-c064-4d7a-afaa-29485a63574d,0c49166273014487baa157c538b5a932,USGS-03274615,00065,00011,2023-01-03 08:15:00+00:00,1.45,ft,Approved,,2025-09-01 20:21:53.716170+00:00
,,90327153-5532-4e77-bb69-0520e017d520,0c49166273014487baa157c538b5a932,USGS-03274615,00065,00011,2023-01-03 07:45:00+00:00,1.46,ft,Approved,,2025-09-01 20:21:53.716170+00:00
,,0baff671-8ddd-4874-9a9d-5980815b0fc7,0c49166273014487baa157c538b5a932,USGS-03274615,00065,00011,2023-01-03 07:30:00+00:00,1.44,ft,Approved,['FORCEINTERPOLATION'],2025-09-01 20:24:54.157692+00:00
,,7ebdff32-fcf5-43e7-881e-42c602c81653,0c49166273014487baa157c538b5a932,USGS-03274615,00065,00011,2023-01-03 06:15:00+00:00,1.42,ft,Approved,['FORCEINTERPOLATION'],2025-09-01 20:24:54.157692+00:00
,,37b8e2a8-463a-47a4-ae52-726d9a300572,0c49166273014487baa157c538b5a932,USGS-03274615,00065,00011,2023-01-03 05:00:00+00:00,1.44,ft,Approved,['FORCEINTERPOLATION'],2025-09-01 20:24:54.157692+00:00
,,035342d0-8e8e-45a3-952e-497f8c93bdbb,0c49166273014487baa157c538b5a932,USGS-03274615,00065,00011,2023-01-03 04:45:00+00:00,1.43,ft,Approved,,2025-09-01 20:21:53.716170+00:00
,,5a010282-c725-4a84-8244-353447684130,0c49166273014487baa157c538b5a932,USGS-03274615,00065,00011,2023-01-03 04:30:00+00:00,1.43,ft,Approved,,2025-09-01 20:21:53.716170+00:00
,,8f601aea-cd9b-44d4-80d0-40267d55bc1d,0c49166273014487baa157c538b5a932,USGS-03274615,00065,00011,2023-01-03 04:15:00+00:00,1.44,ft,Approved,,2025-09-01 20:21:53.716170+00:00
,,540e917b-29a1-4940-8b5e-15cd0bc576f3,0c49166273014487baa157c538b5a932,USGS-03274615,00065,00011,2023-01-03 04:00:00+00:00,1.43,ft,Approved,,2025-09-01 20:21:53.716170+00:00
,,828dbff7-4b29-46a5-bddf-9d0a77741e7b,0c49166273014487baa157c538b5a932,USGS-03274615,00065,00011,2023-01-03 03:45:00+00:00,1.43,ft,Approved,,2025-09-01 20:21:53.716170+00:00
,,5dcce954-1fe1-48ed-8d3a-35263dece0f7,0c49166273014487baa157c538b5a932,USGS-03274615,00065,00011,2023-01-03 03:30:00+00:00,1.44,ft,Approved,,2025-09-01 20:21:53.716170+00:00
,,47e6b454-20ce-4a27-968d-d2b6e25a9037,0c49166273014487baa157c538b5a932,USGS-03274615,00065,00011,2023-01-03 03:15:00+00:00,1.44,ft,Approved,,2025-09-01 20:21:53.716170+00:00
,,606603f9-e55d-47de-8c77-afebd3c68476,0c49166273014487baa157c538b5a932,USGS-03274615,00065,00011,2023-01-03 03:00:00+00:00,1.44,ft,Approved,,2025-09-01 20:21:53.716170+00:00
,,4a5a8188-7985-41ae-836f-3631b6e0d8b0,0c49166273014487baa157c538b5a932,USGS-03274615,00065,00011,2023-01-03 02:45:00+00:00,1.44,ft,Approved,,2025-09-01 20:21:53.716170+00:00
,,f654e2ce-a3c3-44bc-9b07-e0497dfe7e9a,0c49166273014487baa157c538b5a932,USGS-03274615,00065,00011,2023-01-03 02:30:00+00:00,1.44,ft,Approved,,2025-09-01 20:21:53.716170+00:00
,,5ab67e45-8c75-4073-8d97-266f0732f2ac,0c49166273014487baa157c538b5a932,USGS-03274615,00065,00011,2023-01-03 02:15:00+00:00,1.44,ft,Approved,,2025-09-01 20:21:53.716170+00:00
,,ad3a28eb-3a38-4fb9-9626-4f01ece3bd7f,0c49166273014487baa157c538b5a932,USGS-03274615,00065,00011,2023-01-03 02:00:00+00:00,1.44,ft,Approved,,2025-09-01 20:21:53.716170+00:00
,,557f928c-e499-4ca7-8577-9509d621b4a2,0c49166273014487baa157c538b5a932,USGS-03274615,00065,00011,2023-01-03 01:45:00+00:00,1.44,ft,Approved,,2025-09-01 20:21:53.716170+00:00
,,d6ffc34c-3c20-4bb0-b585-dc8b0a2dbe09,0c49166273014487baa157c538b5a932,USGS-03274615,00065,00011,2023-01-03 01:30:00+00:00,1.43,ft,Approved,,2025-09-01 20:21:53.716170+00:00
,,5ffbaa45-1389-4b34-89cc-f6251fa8ec7a,0c49166273014487baa157c538b5a932,USGS-03274615,00065,00011,2023-01-03 01:15:00+00:00,1.44,ft,Approved,,2025-09-01 20:21:53.716170+00:00
,,cef2fcfd-bacf-4cce-af3f-5542ae16b45f,0c49166273014487baa157c538b5a932,USGS-03274615,00065,00011,2023-01-03 01:00:00+00:00,1.44,ft,Approved,,2025-09-01 20:21:53.716170+00:00
,,1a07390d-bf75-42fd-a1b6-19e9b39f76f5,0c49166273014487baa157c538b5a932,USGS-03274615,00065,00011,2023-01-03 00:45:00+00:00,1.44,ft,Approved,,2025-09-01 20:21:53.716170+00:00
,,a4691abc-4ee4-4bd1-b2d0-98130b66b4ee,0c49166273014487baa157c538b5a932,USGS-03274615,00065,00011,2023-01-03 00:30:00+00:00,1.44,ft,Approved,,2025-09-01 20:21:53.716170+00:00
,,869e0bff-ccb3-419f-b1d6-6fbf7e1130bc,0c49166273014487baa157c538b5a932,USGS-03274615,00065,00011,2023-01-03 00:15:00+00:00,1.44,ft,Approved,,2025-09-01 20:21:53.716170+00:00
,,669845b7-24d3-4e52-9276-bb75df1aa2c1,0c49166273014487baa157c538b5a932,USGS-03274615,00065,00011,2023-01-03 00:00:00+00:00,1.44,ft,Approved,,2025-09-01 20:21:53.716170+00:00
,,f56c8617-ae6e-485a-b300-bf3dbabab47b,0c49166273014487baa157c538b5a932,USGS-03274615,00065,00011,2023-01-02 23:45:00+00:00,1.43,ft,Approved,,2025-09-01 20:21:53.716170+00:00
,,9489e30f-591c-4f10-8be9-0d8b339b9783,0c49166273014487baa157c538b5a932,USGS-03274615,00065,00011,2023-01-02 23:30:00+00:00,1.44,ft,Approved,,2025-09-01 20:21:53.716170+00:00
,,ac0b0d8b-6338-46a4-8292-72384fff32b9,0c49166273014487baa157c538b5a932,USGS-03274615,00065,00011,2023-01-02 23:15:00+00:00,1.44,ft,Approved,,2025-09-01 20:21:53.716170+00:00
,,32b43641-bb71-444f-aa4d-ed94cebfb7c2,0c49166273014487baa157c538b5a932,USGS-03274615,00065,00011,2023-01-02 23:00:00+00:00,1.43,ft,Approved,,2025-09-01 20:21:53.716170+00:00
,,ccfb9333-b14c-4697-9b5f-726334042933,0c49166273014487baa157c538b5a932,USGS-03274615,00065,00011,2023-01-02 22:45:00+00:00,1.43,ft,Approved,,2025-09-01 20:21:53.716170+00:00
,,3372f697-da4d-4e29-ad18-d8e208310c8d,0c49166273014487baa157c538b5a932,USGS-03274615,00065,00011,2023-01-02 22:30:00+00:00,1.43,ft,Approved,,2025-09-01 20:21:53.716170+00:00
,,39a478df-95cf-4bea-878e-fde874174123,0c49166273014487baa157c538b5a932,USGS-03274615,00065,00011,2023-01-02 22:15:00+00:00,1.43,ft,Approved,,2025-09-01 20:21:53.716170+00:00
,,13f4f065-9b30-4340-86ce-b50680c2b010,0c49166273014487baa157c538b5a932,USGS-03274615,00065,00011,2023-01-02 22:00:00+00:00,1.43,ft,Approved,,2025-09-01 20:21:53.716170+00:00
,,da3b1f3d-fdb3-4e91-991b-057b0bebeeef,0c49166273014487baa157c538b5a932,USGS-03274615,00065,00011,2023-01-02 21:45:00+00:00,1.43,ft,Approved,,2025-09-01 20:21:53.716170+00:00
,,5f9bf2e0-da40-4ae6-9435-1e7b6fb2b61a,0c49166273014487baa157c538b5a932,USGS-03274615,00065,00011,2023-01-02 21:30:00+00:00,1.44,ft,Approved,,2025-09-01 20:21:53.716170+00:00
,,41f5dc00-3ab0-4688-8f57-88c5763a8d62,0c49166273014487baa157c538b5a932,USGS-03274615,00065,00011,2023-01-02 21:15:00+00:00,1.43,ft,Approved,,2025-09-01 20:21:53.716170+00:00
,,a9c301ef-50c5-4777-b79d-6b91efa6cf3c,0c49166273014487baa157c538b5a932,USGS-03274615,00065,00011,2023-01-02 21:00:00+00:00,1.43,ft,Approved,,2025-09-01 20:21:53.716170+00:00
,,cb80efd0-0124-43b6-9c59-37f4ab4919fa,0c49166273014487baa157c538b5a932,USGS-03274615,00065,00011,2023-01-02 20:45:00+00:00,1.43,ft,Approved,,2025-09-01 20:21:53.716170+00:00
,,6e2f0353-f0c2-45b3-9dcb-fe488c320f2b,0c49166273014487baa157c538b5a932,USGS-03274615,00065,00011,2023-01-02 20:30:00+00:00,1.43,ft,Approved,,2025-09-01 20:21:53.716170+00:00
,,dbea2dee-a8ba-4eab-aa20-eda436db94a1,0c49166273014487baa157c538b5a932,USGS-03274615,00065,00011,2023-01-02 20:15:00+00:00,1.42,ft,Approved,,2025-09-01 20:21:53.716170+00:00
,,212bc49f-a95d-4d6e-a0ab-99be83392639,0c49166273014487baa157c538b5a932,USGS-03274615,00065,00011,2023-01-02 20:00:00+00:00,1.42,ft,Approved,,2025-09-01 20:21:53.716170+00:00
,,3b63fe86-2fbb-4e53-938d-065c079f6896,0c49166273014487baa157c538b5a932,USGS-03274615,00065,00011,2023-01-02 19:45:00+00:00,1.39,ft,Approved,,2025-09-01 20:21:53.716170+00:00
,,8bfeaff4-9bea-4331-83b8-4deca6320f53,0c49166273014487baa157c538b5a932,USGS-03274615,00065,00011,2023-01-02 19:30:00+00:00,1.43,ft,Approved,,2025-09-01 20:21:53.716170+00:00
,,366a01de-2f32-4b0d-a2b8-132a551dd996,0c49166273014487baa157c538b5a932,USGS-03274615,00065,00011,2023-01-02 19:15:00+00:00,1.43,ft,Approved,,2025-09-01 20:21:53.716170+00:00
,,6252c149-b088-4990-9158-3937705a3e1b,0c49166273014487baa157c538b5a932,USGS-03274615,00065,00011,2023-01-02 19:00:00+00:00,1.43,ft,Approved,,2025-09-01 20:21:53.716170+00:00
,,7bde57fb-6901-4467-804f-cca1f773177a,0c49166273014487baa157c538b5a932,USGS-03274615,00065,00011,2023-01-02 18:45:00+00:00,1.43,ft,Approved,,2025-09-01 20:21:53.716170+00:00
,,7224536e-5aaa-4fd9-98d1-38cbceff1717,0c49166273014487baa157c538b5a932,USGS-03274615,00065,00011,2023-01-02 18:30:00+00:00,1.43,ft,Approved,,2025-09-01 20:21:53.716170+00:00
,,86551fc7-adef-4bd3-90a8-1a7a88e22c3a,0c49166273014487baa157c538b5a932,USGS-03274615,00065,00011,2023-01-02 18:15:00+00:00,1.38,ft,Approved,,2025-09-01 20:21:53.716170+00:00
,,7dcbe469-e743-4986-926d-bfd9785aa425,0c49166273014487baa157c538b5a932,USGS-03274615,00065,00011,2023-01-02 18:00:00+00:00,1.43,ft,Approved,,2025-09-01 20:21:53.716170+00:00
,,17225cfd-6dfd-4f7a-8175-f1f1d25bed8e,0c49166273014487baa157c538b5a932,USGS-03274615,00065,00011,2023-01-02 17:45:00+00:00,1.43,ft,Approved,,2025-09-01 20:21:53.716170+00:00
,,c6f93148-732b-471a-81a9-4fd6d7b53b81,0c49166273014487baa157c538b5a932,USGS-03274615,00065,00011,2023-01-02 17:30:00+00:00,1.43,ft,Approved,,2025-09-01 20:21:53.716170+00:00
,,a9b1e07b-4b71-4d80-947c-18cec8d157e2,0c49166273014487baa157c538b5a932,USGS-03274615,00065,00011,2023-01-02 17:15:00+00:00,1.43,ft,Approved,,2025-09-01 20:21:53.716170+00:00
,,c15266b1-5d98-4002-bebf-0e18f0f514f9,0c49166273014487baa157c538b5a932,USGS-03274615,00065,00011,2023-01-02 17:00:00+00:00,1.43,ft,Approved,,2025-09-01 20:21:53.716170+00:00
,,3ab236b6-2590-4a81-b348-1559691a46f9,0c49166273014487baa157c538b5a932,USGS-03274615,00065,00011,2023-01-02 16:45:00+00:00,1.43,ft,Approved,,2025-09-01 20:21:53.716170+00:00
,,c97bb0d8-df39-4561-9f3b-ff9d9f0cb3c4,0c49166273014487baa157c538b5a932,USGS-03274615,00065,00011,2023-01-02 16:30:00+00:00,1.43,ft,Approved,,2025-09-01 20:21:53.716170+00:00
,,583303b2-5da0-419a-bc6b-99a9cf3c43fd,0c49166273014487baa157c538b5a932,USGS-03274615,00065,00011,2023-01-02 16:15:00+00:00,1.43,ft,Approved,,2025-09-01 20:21:53.716170+00:00
,,33100e31-9cb0-4a00-856f-ae9f7405792a,0c49166273014487baa157c538b5a932,USGS-03274615,00065,00011,2023-01-02 16:00:00+00:00,1.43,ft,Approved,,2025-09-01 20:21:53.716170+00:00
,,6de20d9c-885a-475a-be28-9baecec5929c,0c49166273014487baa157c538b5a932,USGS-03274615,00065,00011,2023-01-02 15:45:00+00:00,1.43,ft,Approved,,2025-09-01 20:21:53.716170+00:00
,,6dbd7671-0054-48a1-8ce3-2fb916380cc3,0c49166273014487baa157c538b5a932,USGS-03274615,00065,00011,2023-01-02 15:30:00+00:00,1.43,ft,Approved,,2025-09-01 20:21:53.716170+00:00
,,1fff9e6c-f6af-49bd-8a61-1bfbae5df33e,0c49166273014487baa157c538b5a932,USGS-03274615,00065,00011,2023-01-02 15:15:00+00:00,1.43,ft,Approved,,2025-09-01 20:21:53.716170+00:00
,,74a5c312-7cca-434e-966e-1ccc6c053ff5,0c49166273014487baa157c538b5a932,USGS-03274615,00065,00011,2023-01-02 15:00:00+00:00,1.43,ft,Approved,,2025-09-01 20:21:53.716170+00:00
,,1f87eeca-5583-40fc-82bd-d3ad15614594,0c49166273014487baa157c538b5a932,USGS-03274615,00065,00011,2023-01-02 14:45:00+00:00,1.43,ft,Approved,,2025-09-01 20:21:53.716170+00:00
,,b5977af8-09e2-41b3-a5fb-d1b529d5deda,0c49166273014487baa157c538b5a932,USGS-03274615,00065,00011,2023-01-02 14:30:00+00:00,1.43,ft,Approved,,2025-09-01 20:21:53.716170+00:00
,,bb7c8253-df17-4c8c-b228-47bf6493f1c5,0c49166273014487baa157c538b5a932,USGS-03274615,00065,00011,2023-01-02 14:15:00+00:00,1.43,ft,Approved,,2025-09-01 20:21:53.716170+00:00
,,00059944-5b18-4165-a6e1-5360bb3c372a,0c49166273014487baa157c538b5a932,USGS-03274615,00065,00011,2023-01-02 14:00:00+00:00,1.43,ft,Approved,,2025-09-01 20:21:53.716170+00:00
,,fdcb5970-5b1e-42da-bac1-cb4e352f4d7d,0c49166273014487baa157c538b5a932,USGS-03274615,00065,00011,2023-01-02 13:45:00+00:00,1.43,ft,Approved,,2025-09-01 20:21:53.716170+00:00
,,98d5ba1d-566b-492e-8659-e164efd9ef92,0c49166273014487baa157c538b5a932,USGS-03274615,00065,00011,2023-01-02 13:30:00+00:00,1.43,ft,Approved,,2025-09-01 20:21:53.716170+00:00
,,9a06aee7-cf82-43f9-be64-a66d0fb5ab1b,0c49166273014487baa157c538b5a932,USGS-03274615,00065,00011,2023-01-02 13:15:00+00:00,1.42,ft,Approved,,2025-09-01 20:21:53.716170+00:00
,,9e56c685-5284-48b5-8db8-34ec02e3ee45,0c49166273014487baa157c538b5a932,USGS-03274615,00065,00011,2023-01-02 13:00:00+00:00,1.42,ft,Approved,,2025-09-01 20:21:53.716170+00:00
,,cd34f5fa-08d7-4c1a-97ee-ee13d9f42cdc,0c49166273014487baa157c538b5a932,USGS-03274615,00065,00011,2023-01-02 12:45:00+00:00,1.42,ft,Approved,,2025-09-01 20:21:53.716170+00:00
,,4fe2079b-df42-4d98-9eb5-8c75681e1706,0c49166273014487baa157c538b5a932,USGS-03274615,00065,00011,2023-01-02 12:30:00+00:00,1.42,ft,Approved,,2025-09-01 20:21:53.716170+00:00
,,ee17122c-800d-4f75-a1cd-cd399e95cbe4,0c49166273014487baa157c538b5a932,USGS-03274615,00065,00011,2023-01-02 12:15:00+00:00,1.42,ft,Approved,,2025-09-01 20:21:53.716170+00:00
,,917ad4c9-b2bb-44b7-a8fd-ac1da7e275e0,0c49166273014487baa157c538b5a932,USGS-03274615,00065,00011,2023-01-02 12:00:00+00:00,1.43,ft,Approved,,2025-09-01 20:21:53.716170+00:00
,,007cb5e4-5462-48a1-9c2f-fbe12a791619,0c49166273014487baa157c538b5a932,USGS-03274615,00065,00011,2023-01-02 11:45:00+00:00,1.42,ft,Approved,,2025-09-01 20:21:53.716170+00:00
,,3cc62d89-fc52-43f5-9d4d-3aed4debd30a,0c49166273014487baa157c538b5a932,USGS-03274615,00065,00011,2023-01-02 11:30:00+00:00,1.42,ft,Approved,,2025-09-01 20:21:53.716170+00:00
,,91a0c382-4cfd-4aed-b7ea-60a888847f22,0c49166273014487baa157c538b5a932,USGS-03274615,00065,00011,2023-01-02 11:15:00+00:00,1.42,ft,Approved,,2025-09-01 20:21:53.716170+00:00
,,1dd1a512-c209-484c-ab62-a500d95c8806,0c49166273014487baa157c538b5a932,USGS-03274615,00065,00011,2023-01-02 11:00:00+00:00,1.42,ft,Approved,,2025-09-01 20:21:53.716170+00:00
,,5df00353-c061-4c07-8041-99cfe595b532,0c49166273014487baa157c538b5a932,USGS-03274615,00065,00011,2023-01-02 10:45:00+00:00,1.42,ft,Approved,,2025-09-01 20:21:53.716170+00:00
,,18bdd7c5-7cd1-485c-b2f8-711329bee501,0c49166273014487baa157c538b5a932,USGS-03274615,00065,00011,2023-01-02 10:30:00+00:00,1.42,ft,Approved,,2025-09-01 20:21:53.716170+00:00
,,aacd7ff2-2a1c-4810-a9e5-62b60161baba,0c49166273014487baa157c538b5a932,USGS-03274615,00065,00011,2023-01-02 10:15:00+00:00,1.41,ft,Approved,,2025-09-01 20:21:53.716170+00:00
,,f2e0c94e-1631-43ff-bac8-9e42fbb02fa9,0c49166273014487baa157c538b5a932,USGS-03274615,00065,00011,2023-01-02 10:00:00+00:00,1.41,ft,Approved,,2025-09-01 20:21:53.716170+00:00
,,fcdbeed1-78ca-4226-ad79-bcf4ef377012,0c49166273014487baa157c538b5a932,USGS-03274615,00065,00011,2023-01-02 09:45:00+00:00,1.41,ft,Approved,,2025-09-01 20:21:53.716170+00:00
,,01549099-c172-4396-8ed2-80f711492666,0c49166273014487baa157c538b5a932,USGS-03274615,00065,00011,2023-01-02 09:30:00+00:00,1.41,ft,Approved,,2025-09-01 20:21:53.716170+00:00
,,6096f675-602e-40a9-98ee-59206d22e7ad,0c49166273014487baa157c538b5a932,USGS-03274615,00065,00011,2023-01-02 09:15:00+00:00,1.41,ft,Approved,,2025-09-01 20:21:53.716170+00:00
,,c2786f85-d453-4eed-8803-b758a526b7b0,0c49166273014487baa157c538b5a932,USGS-03274615,00065,00011,2023-01-02 09:00:00+00:00,1.41,ft,Approved,,2025-09-01 20:21:53.716170+00:00
,,6d16c4dd-9eda-4163-b538-5f0971750aa2,0c49166273014487baa157c538b5a932,USGS-03274615,00065,00011,2023-01-02 08:45:00+00:00,1.41,ft,Approved,,2025-09-01 20:21:53.716170+00:00
,,445ab774-aea3-4c4e-8bf3-1988d6cdfb0e,0c49166273014487baa157c538b5a932,USGS-03274615,00065,00011,2023-01-02 08:30:00+00:00,1.41,ft,Approved,,2025-09-01 20:21:53.716170+00:00
,,69c74a29-7ff5-47df-9d3c-d965ff0ff5ed,0c49166273014487baa157c538b5a932,USGS-03274615,00065,00011,2023-01-02 08:15:00+00:00,1.41,ft,Approved,,2025-09-01 20:21:53.716170+00:00
,,95fe16ee-1110-4343-89ce-5b63add053a1,0c49166273014487baa157c538b5a932,USGS-03274615,00065,00011,2023-01-02 08:00:00+00:00,1.41,ft,Approved,,2025-09-01 20:21:53.716170+00:00
,,142cf4a0-91e3-4c77-90ad-8998854c1015,0c49166273014487baa157c538b5a932,USGS-03274615,00065,00011,2023-01-02 07:45:00+00:00,1.41,ft,Approved,,2025-09-01 20:21:53.716170+00:00
,,966fa6a8-d0a4-4eab-a646-00135ca54a75,0c49166273014487baa157c538b5a932,USGS-03274615,00065,00011,2023-01-02 07:30:00+00:00,1.41,ft,Approved,,2025-09-01 20:21:53.716170+00:00
,,ceab5c3e-f492-4e91-b925-b5757806a67a,0c49166273014487baa157c538b5a932,USGS-03274615,00065,00011,2023-01-02 07:15:00+00:00,1.41,ft,Approved,,2025-09-01 20:21:53.716170+00:00
,,1099ca60-ad6f-4486-8499-a1c0771447fa,0c49166273014487baa157c538b5a932,USGS-03274615,00065,00011,2023-01-02 07:00:00+00:00,1.41,ft,Approved,,2025-09-01 20:21:53.716170+00:00
,,559475ea-5716-4b51-9343-efdaabe4e495,0c49166273014487baa157c538b5a932,USGS-03274615,00065,00011,2023-01-02 06:45:00+00:00,1.41,ft,Approved,,2025-09-01 20:21:53.716170+00:00
,,307bb6ee-e3a0-4a08-b519-d02908598399,0c49166273014487baa157c538b5a932,USGS-03274615,00065,00011,2023-01-02 06:30:00+00:00,1.41,ft,Approved,,2025-09-01 20:21:53.716170+00:00
,,b289d6c3-fa19-4c52-b952-e71b8e196940,0c49166273014487baa157c538b5a932,USGS-03274615,00065,00011,2023-01-02 06:15:00+00:00,1.41,ft,Approved,,2025-09-01 20:21:53.716170+00:00
,,17fb9e88-0ab5-48c1-9f94-e5ad32bdafc7,0c49166273014487baa157c538b5a932,USGS-03274615,00065,00011,2023-01-02 06:00:00+00:00,1.40,ft,Approved,,2025-09-01 20:21:53.716170+00:00
,,5098b574-ab33-41df-a430-a41634e88724,0c49166273014487baa157c538b5a932,USGS-03274615,00065,00011,2023-01-02 05:45:00+00:00,1.41,ft,Approved,,2025-09-01 20:21:53.716170+00:00
,,6027bf31-b29a-4831-8643-08996407f69e,0c49166273014487baa157c538b5a932,USGS-03274615,00065,00011,2023-01-02 05:30:00+00:00,1.41,ft,Approved,,2025-09-01 20:21:53.716170+00:00
,,eec024fc-70c7-41db-87c9-b568448f22e2,0c49166273014487baa157c538b5a932,USGS-03274615,00065,00011,2023-01-02 05:15:00+00:00,1.41,ft,Approved,,2025-09-01 20:21:53.716170+00:00
,,592bc529-bb10-40f8-88f8-2a71dd78d3de,0c49166273014487baa157c538b5a932,USGS-03274615,00065,00011,2023-01-02 05:00:00+00:00,1.41,ft,Approved,,2025-09-01 20:21:53.716170+00:00
,,d99ec49a-2e1c-4654-a2d5-84566b5dcb21,0c49166273014487baa157c538b5a932,USGS-03274615,00065,00011,2023-01-02 04:45:00+00:00,1.41,ft,Approved,,2025-09-01 20:21:53.716170+00:00
,,9c6a513a-6329-4a22-aa6d-a1803eaea8b1,0c49166273014487baa157c538b5a932,USGS-03274615,00065,00011,2023-01-02 04:30:00+00:00,1.41,ft,Approved,,2025-09-01 20:21:53.716170+00:00
,,da20cf94-0fec-4179-91ad-9bcb965dd58b,0c49166273014487baa157c538b5a932,USGS-03274615,00065,00011,2023-01-02 04:15:00+00:00,1.41,ft,Approved,,2025-09-01 20:21:53.716170+00:00
,,f5df0c23-be4c-4972-a5b7-c2c2ddec3eea,0c49166273014487baa157c538b5a932,USGS-03274615,00065,00011,2023-01-02 04:00:00+00:00,1.41,ft,Approved,,2025-09-01 20:21:53.716170+00:00
,,d2518d65-e9f5-4df5-a2ce-1dbf9dac48f1,0c49166273014487baa157c538b5a932,USGS-03274615,00065,00011,2023-01-02 03:45:00+00:00,1.41,ft,Approved,,2025-09-01 20:21:53.716170+00:00
,,b5b61104-8628-45e0-8bc7-46f27f5e30c9,0c49166273014487baa157c538b5a932,USGS-03274615,00065,00011,2023-01-02 03:30:00+00:00,1.41,ft,Approved,,2025-09-01 20:21:53.716170+00:00
,,04e8acea-1cad-4ada-9d13-539488c4503c,0c49166273014487baa157c538b5a932,USGS-03274615,00065,00011,2023-01-02 03:15:00+00:00,1.41,ft,Approved,,2025-09-01 20:21:53.716170+00:00
,,205785f3-17c6-44a0-ab70-f11dea6e9102,0c49166273014487baa157c538b5a932,USGS-03274615,00065,00011,2023-01-02 03:00:00+00:00,1.41,ft,Approved,,2025-09-01 20:21:53.716170+00:00
,,02be6d1a-7161-469c-b8e1-baa245946443,0c49166273014487baa157c538b5a932,USGS-03274615,00065,00011,2023-01-02 02:45:00+00:00,1.41,ft,Approved,,2025-09-01 20:21:53.716170+00:00
,,0e058c49-dff3-41b3-aaf2-317cec8e39ee,0c49166273014487baa157c538b5a932,USGS-03274615,00065,00011,2023-01-02 02:30:00+00:00,1.41,ft,Approved,,2025-09-01 20:21:53.716170+00:00
,,83505734-3680-4449-9cb2-ef597427f7c3,0c49166273014487baa157c538b5a932,USGS-03274615,00065,00011,2023-01-02 02:15:00+00:00,1.41,ft,Approved,,2025-09-01 20:21:53.716170+00:00
,,1bc0774d-40ca-4959-87ad-be320afb4b9d,0c49166273014487baa157c538b5a932,USGS-03274615,00065,00011,2023-01-02 02:00:00+00:00,1.41,ft,Approved,,2025-09-01 20:21:53.716170+00:00
,,2c0f059c-9e98-4816-a8bf-a5cd57489b31,0c49166273014487baa157c538b5a932,USGS-03274615,00065,00011,2023-01-02 01:45:00+00:00,1.42,ft,Approved,,2025-09-01 20:21:53.716170+00:00
,,5f92e74d-c538-4832-8d18-879d8a40fcfc,0c49166273014487baa157c538b5a932,USGS-03274615,00065,00011,2023-01-02 01:30:00+00:00,1.42,ft,Approved,,2025-09-01 20:21:53.716170+00:00
,,b897a151-2960-4990-a800-b833f5e7ec3c,0c49166273014487baa157c538b5a932,USGS-03274615,00065,00011,2023-01-02 01:15:00+00:00,1.42,ft,Approved,,2025-09-01 20:21:53.716170+00:00
,,30cc3237-b9f2-418e-8d1c-54a8e4cb0be0,0c49166273014487baa157c538b5a932,USGS-03274615,00065,00011,2023-01-02 01:00:00+00:00,1.42,ft,Approved,,2025-09-01 20:21:53.716170+00:00
,,01938846-3496-47c4-8c37-bb4e48175f76,0c49166273014487baa157c538b5a932,USGS-03274615,00065,00011,2023-01-02 00:45:00+00:00,1.42,ft,Approved,,2025-09-01 20:21:53.716170+00:00
,,6ca45e40-330c-4050-baee-6ca1877ac1ca,0c49166273014487baa157c538b5a932,USGS-03274615,00065,00011,2023-01-02 00:30:00+00:00,1.42,ft,Approved,,2025-09-01 20:21:53.716170+00:00
,,cca0d227-697e-48f7-9289-b72b72cb4ba2,0c49166273014487baa157c538b5a932,USGS-03274615,00065,00011,2023-01-02 00:15:00+00:00,1.42,ft,Approved,,2025-09-01 20:21:53.716170+00:00
,,1a86496c-2c3e-4870-8bb6-5275bb0c5fac,0c49166273014487baa157c538b5a932,USGS-03274615,00065,00011,2023-01-02 00:00:00+00:00,1.42,ft,Approved,,2025-09-01 20:21:53.716170+00:00
,,2b948eb1-3b8a-485f-b505-c4a0f287b0ce,0c49166273014487baa157c538b5a932,USGS-03274615,00065,00011,2023-01-01 23:45:00+00:00,1.43,ft,Approved,,2025-09-01 20:23:24.431930+00:00
,,06160112-7e2b-4641-bf00-6ae85d242543,0c49166273014487baa157c538b5a932,USGS-03274615,00065,00011,2023-01-01 23:30:00+00:00,1.43,ft,Approved,,2025-09-01 20:23:24.431930+00:00
,,bf8a166d-032c-410f-ab44-ffbe6d71f491,0c49166273014487baa157c538b5a932,USGS-03274615,00065,00011,2023-01-01 23:15:00+00:00,1.43,ft,Approved,,2025-09-01 20:23:24.431930+00:00
,,edae4e8f-6b29-4f3a-870a-632b63ac9dc0,0c49166273014487baa157c538b5a932,USGS-03274615,00065,00011,2023-01-01 23:00:00+00:00,1.43,ft,Approved,,2025-09-01 20:23:24.431930+00:00
,,b56f97f3-58d3-4b40-ac65-031426da539e,0c49166273014487baa157c538b5a932,USGS-03274615,00065,00011,2023-01-01 22:45:00+00:00,1.43,ft,Approved,,2025-09-01 20:23:24.431930+00:00
,,871c3117-eacd-41e2-859e-e4d98a2ae90f,0c49166273014487baa157c538b5a932,USGS-03274615,00065,00011,2023-01-01 22:30:00+00:00,1.44,ft,Approved,,2025-09-01 20:23:24.431930+00:00
,,4c3d303a-1d2b-48b7-a954-9f6c2fcc91cd,0c49166273014487baa157c538b5a932,USGS-03274615,00065,00011,2023-01-01 22:15:00+00:00,1.44,ft,Approved,,2025-09-01 20:23:24.431930+00:00
,,98105271-3be0-46a4-accf-b6af22b25360,0c49166273014487baa157c538b5a932,USGS-03274615,00065,00011,2023-01-01 22:00:00+00:00,1.44,ft,Approved,,2025-09-01 20:23:24.431930+00:00
,,441ee6f7-a7ab-4a6d-b928-e467a9643348,0c49166273014487baa157c538b5a932,USGS-03274615,00065,00011,2023-01-01 21:45:00+00:00,1.45,ft,Approved,,2025-09-01 20:23:24.431930+00:00
,,f2ecc10a-4635-4de6-a5b5-f8f877c3a3bf,0c49166273014487baa157c538b5a932,USGS-03274615,00065,00011,2023-01-01 21:30:00+00:00,1.45,ft,Approved,,2025-09-01 20:23:24.431930+00:00
,,2769d027-4be2-44f6-940f-98c3d0276552,0c49166273014487baa157c538b5a932,USGS-03274615,00065,00011,2023-01-01 21:15:00+00:00,1.45,ft,Approved,,2025-09-01 20:23:24.431930+00:00
,,91230998-fc77-4cc1-9016-f5e2397dc2cb,0c49166273014487baa157c538b5a932,USGS-03274615,00065,00011,2023-01-01 21:00:00+00:00,1.45,ft,Approved,,2025-09-01 20:23:24.431930+00:00
,,6f526acd-a4ba-4a46-987a-87634b06770a,0c49166273014487baa157c538b5a932,USGS-03274615,00065,00011,2023-01-01 20:45:00+00:00,1.46,ft,Approved,,2025-09-01 20:23:24.431930+00:00
,,13072290-9e89-4ddc-adcf-4a076e370407,0c49166273014487baa157c538b5a932,USGS-03274615,00065,00011,2023-01-01 20:30:00+00:00,1.46,ft,Approved,,2025-09-01 20:23:24.431930+00:00
,,6482e609-3f4a-4032-8d3a-6ba5a1389fbc,0c49166273014487baa157c538b5a932,USGS-03274615,00065,00011,2023-01-01 20:15:00+00:00,1.46,ft,Approved,,2025-09-01 20:23:24.431930+00:00
,,60e769f8-90bb-45dd-b571-beb8ed6847cc,0c49166273014487baa157c538b5a932,USGS-03274615,00065,00011,2023-01-01 20:00:00+00:00,1.47,ft,Approved,,2025-09-01 20:23:24.431930+00:00
,,31624be4-3b5c-4562-881e-713ab5631723,0c49166273014487baa157c538b5a932,USGS-03274615,00065,00011,2023-01-01 19:45:00+00:00,1.47,ft,Approved,,2025-09-01 20:23:24.431930+00:00
,,3a7d9831-3f07-40df-8a2b-5e2011b3d239,0c49166273014487baa157c538b5a932,USGS-03274615,00065,00011,2023-01-01 19:30:00+00:00,1.47,ft,Approved,,2025-09-01 20:23:24.431930+00:00
,,7cac5601-49b7-4049-88c3-4584fb358055,0c49166273014487baa157c538b5a932,USGS-03274615,00065,00011,2023-01-01 19:15:00+00:00,1.47,ft,Approved,,2025-09-01 20:23:24.431930+00:00
,,ce60a5d8-0bf4-410e-8879-39ca5a35ce9d,0c49166273014487baa157c538b5a932,USGS-03274615,00065,00011,2023-01-01 19:00:00+00:00,1.48,ft,Approved,,2025-09-01 20:23:24.431930+00:00
,,81673568-c007-43d4-9dc8-349de53d2963,0c49166273014487baa157c538b5a932,USGS-03274615,00065,00011,2023-01-01 18:45:00+00:00,1.48,ft,Approved,,2025-09-01 20:23:24.431930+00:00
,,066f779d-8ca9-484f-b0b7-de1a9357e59a,0c49166273014487baa157c538b5a932,USGS-03274615,00065,00011,2023-01-01 18:30:00+00:00,1.49,ft,Approved,,2025-09-01 20:23:24.431930+00:00
,,35800020-fea3-4ecb-a76e-7bf862161701,0c49166273014487baa157c538b5a932,USGS-03274615,00065,00011,2023-01-01 18:15:00+00:00,1.49,ft,Approved,,2025-09-01 20:23:24.431930+00:00
,,35bc1a40-1ff8-4131-aeca-81e66b093751,0c49166273014487baa157c538b5a932,USGS-03274615,00065,00011,2023-01-01 18:00:00+00:00,1.49,ft,Approved,,2025-09-01 20:23:24.431930+00:00
,,7b7908eb-4c62-41b0-b88c-23b39c9c1795,0c49166273014487baa157c538b5a932,USGS-03274615,00065,00011,2023-01-01 17:45:00+00:00,1.50,ft,Approved,,2025-09-01 20:23:24.431930+00:00
,,58d17182-8b2a-482f-9334-1f2b2756592e,0c49166273014487baa157c538b5a932,USGS-03274615,00065,00011,2023-01-01 17:30:00+00:00,1.50,ft,Approved,,2025-09-01 20:23:24.431930+00:00
,,776fd12b-ca8f-47d3-baea-0d339f5c672a,0c49166273014487baa157c538b5a932,USGS-03274615,00065,00011,2023-01-01 17:15:00+00:00,1.51,ft,Approved,,2025-09-01 20:23:24.431930+00:00
,,6761e56f-2e3b-4736-a50c-47efd0b6387c,0c49166273014487baa157c538b5a932,USGS-03274615,00065,00011,2023-01-01 17:00:00+00:00,1.51,ft,Approved,,2025-09-01 20:23:24.431930+00:00
,,f7804eff-bcaf-4597-b2e3-e5f983e01c2c,0c49166273014487baa157c538b5a932,USGS-03274615,00065,00011,2023-01-01 16:45:00+00:00,1.51,ft,Approved,,2025-09-01 20:23:24.431930+00:00
,,69b1a632-8561-4fda-b748-b9dd92860785,0c49166273014487baa157c538b5a932,USGS-03274615,00065,00011,2023-01-01 16:30:00+00:00,1.51,ft,Approved,,2025-09-01 20:23:24.431930+00:00
,,cd39939b-38f0-49e7-b31a-5950656baafb,0c49166273014487baa157c538b5a932,USGS-03274615,00065,00011,2023-01-01 16:15:00+00:00,1.52,ft,Approved,,2025-09-01 20:23:24.431930+00:00
,,53e47b66-41a8-4ca3-ac36-2cd09cb47533,0c49166273014487baa157c538b5a932,USGS-03274615,00065,00011,2023-01-01 16:00:00+00:00,1.52,ft,Approved,,2025-09-01 20:23:24.431930+00:00
,,6be70619-4f4c-45c1-9f67-e4ec9cc677f1,0c49166273014487baa157c538b5a932,USGS-03274615,00065,00011,2023-01-01 15:45:00+00:00,1.51,ft,Approved,,2025-09-01 20:23:24.431930+00:00
,,259401ba-b564-48de-9717-c10d7edc65ce,0c49166273014487baa157c538b5a932,USGS-03274615,00065,00011,2023-01-01 15:30:00+00:00,1.52,ft,Approved,,2025-09-01 20:23:24.431930+00:00
,,0de47e31-f975-474a-b7c2-84bbf8c678bc,0c49166273014487baa157c538b5a932,USGS-03274615,00065,00011,2023-01-01 15:15:00+00:00,1.52,ft,Approved,,2025-09-01 20:23:24.431930+00:00
,,5d7eb94e-e084-48f2-9db3-d629be781fda,0c49166273014487baa157c538b5a932,USGS-03274615,00065,00011,2023-01-01 15:00:00+00:00,1.53,ft,Approved,,2025-09-01 20:23:24.431930+00:00
,,e5406d51-0ef1-44a4-95ad-5b3d55e6737f,0c49166273014487baa157c538b5a932,USGS-03274615,00065,00011,2023-01-01 14:45:00+00:00,1.53,ft,Approved,,2025-09-01 20:23:24.431930+00:00
,,cbee88c8-513a-4f41-afd5-a80ab08f0191,0c49166273014487baa157c538b5a932,USGS-03274615,00065,00011,2023-01-01 14:30:00+00:00,1.53,ft,Approved,,2025-09-01 20:23:24.431930+00:00
,,38f43b4e-8f22-4594-ac40-0c0dfa75f63c,0c49166273014487baa157c538b5a932,USGS-03274615,00065,00011,2023-01-01 14:15:00+00:00,1.53,ft,Approved,,2025-09-01 20:23:24.431930+00:00
,,a9908da1-6bab-4f44-9a8d-e334d1861a0d,0c49166273014487baa157c538b5a932,USGS-03274615,00065,00011,2023-01-01 14:00:00+00:00,1.53,ft,Approved,,2025-09-01 20:23:24.431930+00:00
,,3c599c23-00c0-499e-ba51-2d1b58d614b8,0c49166273014487baa157c538b5a932,USGS-03274615,00065,00011,2023-01-01 13:45:00+00:00,1.53,ft,Approved,,2025-09-01 20:23:24.431930+00:00
,,34b9ba50-dbeb-4fb3-9c62-73d77c52bc6c,0c49166273014487baa157c538b5a932,USGS-03274615,00065,00011,2023-01-01 13:30:00+00:00,1.53,ft,Approved,,2025-09-01 20:23:24.431930+00:00
,,709a832c-1e8e-4279-83e9-2aede41511e4,0c49166273014487baa157c538b5a932,USGS-03274615,00065,00011,2023-01-01 13:15:00+00:00,1.54,ft,Approved,,2025-09-01 20:23:24.431930+00:00
,,140d5da8-417f-4ec9-983f-6c38f31aab35,0c49166273014487baa157c538b5a932,USGS-03274615,00065,00011,2023-01-01 13:00:00+00:00,1.54,ft,Approved,,2025-09-01 20:23:24.431930+00:00
,,5e29855f-632c-493f-8a22-651242357212,0c49166273014487baa157c538b5a932,USGS-03274615,00065,00011,2023-01-01 12:45:00+00:00,1.53,ft,Approved,,2025-09-01 20:23:24.431930+00:00
,,549b9044-b317-470b-8293-a6fe3edec2a4,0c49166273014487baa157c538b5a932,USGS-03274615,00065,00011,2023-01-01 12:30:00+00:00,1.53,ft,Approved,,2025-09-01 20:23:24.431930+00:00
,,deab2ced-7449-455f-8bd8-59657fad30c7,0c49166273014487baa157c538b5a932,USGS-03274615,00065,00011,2023-01-01 12:15:00+00:00,1.53,ft,Approved,,2025-09-01 20:23:24.431930+00:00
,,2ffb1e25-770f-47fc-94f4-4a34647c50bc,0c49166273014487baa157c538b5a932,USGS-03274615,00065,00011,2023-01-01 12:00:00+00:00,1.53,ft,Approved,,2025-09-01 20:23:24.431930+00:00
,,dcc757a6-84c1-4972-8fca-1496f3ff6999,0c49166273014487baa157c538b5a932,USGS-03274615,00065,00011,2023-01-01 11:45:00+00:00,1.53,ft,Approved,,2025-09-01 20:23:24.431930+00:00
,,1aafce86-d243-42a2-8458-9575c14b20b2,0c49166273014487baa157c538b5a932,USGS-03274615,00065,00011,2023-01-01 11:30:00+00:00,1.53,ft,Approved,,2025-09-01 20:23:24.431930+00:00
,,7b83be86-04e0-4488-889a-9992dc8a8a7f,0c49166273014487baa157c538b5a932,USGS-03274615,00065,00011,2023-01-01 11:15:00+00:00,1.53,ft,Approved,,2025-09-01 20:23:24.431930+00:00
,,0838a30e-4047-4bf4-8c15-00e3de5271b0,0c49166273014487baa157c538b5a932,USGS-03274615,00065,00011,2023-01-01 11:00:00+00:00,1.52,ft,Approved,,2025-09-01 20:23:24.431930+00:00
,,1cd51813-5878-4358-97fc-cd6b3aa62b34,0c49166273014487baa157c538b5a932,USGS-03274615,00065,00011,2023-01-01 10:45:00+00:00,1.52,ft,Approved,,2025-09-01 20:23:24.431930+00:00
,,661d313f-c200-4c92-99d2-80fe09660774,0c49166273014487baa157c538b5a932,USGS-03274615,00065,00011,2023-01-01 10:30:00+00:00,1.51,ft,Approved,,2025-09-01 20:23:24.431930+00:00
,,c8fccc80-346c-4906-9b39-b9df494290b1,0c49166273014487baa157c538b5a932,USGS-03274615,00065,00011,2023-01-01 10:15:00+00:00,1.51,ft,Approved,,2025-09-01 20:23:24.431930+00:00
,,e3f5f978-4f05-436e-bf8b-9d352af278c2,0c49166273014487baa157c538b5a932,USGS-03274615,00065,00011,2023-01-01 10:00:00+00:00,1.50,ft,Approved,,2025-09-01 20:23:24.431930+00:00
,,d8e0d85f-4f8b-469e-b071-dae2dd78d89f,0c49166273014487baa157c538b5a932,USGS-03274615,00065,00011,2023-01-01 09:45:00+00:00,1.49,ft,Approved,,2025-09-01 20:23:24.431930+00:00
,,8f95ad17-124d-4dcb-b60c-fabb867d9323,0c49166273014487baa157c538b5a932,USGS-03274615,00065,00011,2023-01-01 09:30:00+00:00,1.48,ft,Approved,,2025-09-01 20:23:24.431930+00:00
,,04f97ab9-3e30-4af7-a77b-9ff433ffa95f,0c49166273014487baa157c538b5a932,USGS-03274615,00065,00011,2023-01-01 09:15:00+00:00,1.47,ft,Approved,,2025-09-01 20:23:24.431930+00:00
,,7504d893-df78-465b-865c-51c56d873912,0c49166273014487baa157c538b5a932,USGS-03274615,00065,00011,2023-01-01 09:00:00+00:00,1.46,ft,Approved,,2025-09-01 20:23:24.431930+00:00
,,e649b260-595e-417c-8ca9-bd02074cdca9,0c49166273014487baa157c538b5a932,USGS-03274615,00065,00011,2023-01-01 08:45:00+00:00,1.45,ft,Approved,,2025-09-01 20:23:24.431930+00:00
,,cba05302-cb01-4e3c-bf24-6effd63458dc,0c49166273014487baa157c538b5a932,USGS-03274615,00065,00011,2023-01-01 08:30:00+00:00,1.44,ft,Approved,,2025-09-01 20:23:24.431930+00:00
,,2f195594-5c49-4bb7-8a7c-da68af3b25ea,0c49166273014487baa157c538b5a932,USGS-03274615,00065,00011,2023-01-01 08:15:00+00:00,1.43,ft,Approved,,2025-09-01 20:23:24.431930+00:00
,,0eda09a2-651f-4ac8-85c6-f97c4724af2d,0c49166273014487baa157c538b5a932,USGS-03274615,00065,00011,2023-01-01 08:00:00+00:00,1.42,ft,Approved,,2025-09-01 20:23:24.431930+00:00
,,377c95cd-626d-4f97-af0c-48843ab26de4,0c49166273014487baa157c538b5a932,USGS-03274615,00065,00011,2023-01-01 07:45:00+00:00,1.41,ft,Approved,,2025-09-01 20:23:24.431930+00:00
,,90faad35-04ed-4054-9af9-0e80fd0a2030,0c49166273014487baa157c538b5a932,USGS-03274615,00065,00011,2023-01-01 07:30:00+00:00,1.40,ft,Approved,,2025-09-01 20:23:24.431930+00:00
,,e7ea0d55-2022-4a19-9f1f-757d026d9669,0c49166273014487baa157c538b5a932,USGS-03274615,00065,00011,2023-01-01 07:15:00+00:00,1.39,ft,Approved,,2025-09-01 20:23:24.431930+00:00
,,46e8c700-92cc-4d30-8ce8-278c8ecc3bb5,0c49166273014487baa157c538b5a932,USGS-03274615,00065,00011,2023-01-01 07:00:00+00:00,1.38,ft,Approved,,2025-09-01 20:23:24.431930+00:00
,,b7336f8a-f8a4-4647-8f7f-fbeb1279fa81,0c49166273014487baa157c538b5a932,USGS-03274615,00065,00011,2023-01-01 06:45:00+00:00,1.37,ft,Approved,,2025-09-01 20:23:24.431930+00:00
,,2ed9f908-bea4-4aa2-977a-1446c8798286,0c49166273014487baa157c538b5a932,USGS-03274615,00065,00011,2023-01-01 06:30:00+00:00,1.36,ft,Approved,,2025-09-01 20:23:24.431930+00:00
,,789598c9-28de-4879-b096-dd08f93dd0ce,0c49166273014487baa157c538b5a932,USGS-03274615,00065,00011,2023-01-01 06:15:00+00:00,1.35,ft,Approved,,2025-09-01 20:23:24.431930+00:00
,,abe98184-2d8e-40d7-807f-97680b4da600,0c49166273014487baa157c538b5a932,USGS-03274615,00065,00011,2023-01-01 06:00:00+00:00,1.34,ft,Approved,,2025-09-01 20:23:24.431930+00:00
,,6a6997ad-d1d1-4c18-97de-500767ee4661,0c49166273014487baa157c538b5a932,USGS-03274615,00065,00011,2023-01-01 05:45:00+00:00,1.33,ft,Approved,,2025-09-01 20:23:24.431930+00:00
,,f284d517-c4a1-474d-8360-f7715fb0c2f6,0c49166273014487baa157c538b5a932,USGS-03274615,00065,00011,2023-01-01 05:30:00+00:00,1.32,ft,Approved,,2025-09-01 20:23:24.431930+00:00
,,0f1bcfe6-b0e1-49b3-a84d-a5bd9313b6fb,0c49166273014487baa157c538b5a932,USGS-03274615,00065,00011,2023-01-01 05:15:00+00:00,1.32,ft,Approved,,2025-09-01 20:23:24.431930+00:00
,,47ec2e60-54fa-49f7-847d-c7dbdb27a6ce,0c49166273014487baa157c538b5a932,USGS-03274615,00065,00011,2023-01-01 05:00:00+00:00,1.31,ft,Approved,,2025-09-01 20:23:24.431930+00:00
