SW2,ElevRaw,waterStage,flowm3s
2023-01-01 00:00:00,145.26278594971703,148.66278594971703,21.7095633386448
2023-01-01 01:00:00,145.27300381598764,148.67300381598764,22.104341401265675
2023-01-01 02:00:00,145.2924937139906,148.69249371399061,22.450673325463654
2023-01-01 03:00:00,145.3023537593226,148.70235375932262,22.84201165507075
2023-01-01 04:00:00,145.31845775478942,148.71845775478943,23.486970736996774
2023-01-01 05:00:00,145.32757185225321,148.72757185225322,23.855163820111876
2023-01-01 06:00:00,145.33269782278742,148.73269782278743,24.063249208940526
2023-01-01 07:00:00,145.33625775478941,148.73625775478942,24.208187354835694
2023-01-01 08:00:00,145.33412790211844,148.73412790211844,24.121431248156355
2023-01-01 09:00:00,145.33187807211345,148.73187807211346,24.0299234223616
2023-01-01 10:00:00,145.32964011517885,148.72964011517885,23.93903658832944
2023-01-01 11:00:00,145.32829205624725,148.72829205624726,23.88435636824516
2023-01-01 12:00:00,145.32299005851382,148.72299005851383,23.66978127429932
2023-01-01 13:00:00,145.31633400864862,148.71633400864863,23.40150457787117
2023-01-01 14:00:00,145.31272401998163,148.71272401998164,23.256513513952434
2023-01-01 15:00:00,145.31107396331663,148.71107396331664,23.190360954927947
2023-01-01 16:00:00,145.30159816277745,148.70159816277746,22.81192689719635
2023-01-01 17:00:00,145.29604821944244,148.69604821944245,22.591437311619867
2023-01-01 18:00:00,145.29997019450985,148.69997019450986,22.747161782429558
2023-01-01 19:00:00,145.29890426930766,148.69890426930766,22.704796216838254
2023-01-01 20:00:00,145.29278040983687,148.69278040983687,22.462013879938567
2023-01-01 21:00:00,145.29551237357126,148.69551237357126,22.570194450756627
2023-01-01 22:00:00,145.29307042116986,148.69307042116986,22.473487912548954
2023-01-01 23:00:00,145.29075643703607,148.69075643703607,22.38200252615208
2023-01-02 00:00:00,145.29027641437006,148.69027641437006,22.363043108475104
2023-01-02 01:00:00,145.29298617637704,148.69298617637705,22.47015460298786
2023-01-02 02:00:00,145.29232812877845,148.69232812877846,22.444124472636123
2023-01-02 03:00:00,145.28989416731065,148.68989416731065,22.347950123134574
2023-01-02 04:00:00,145.29258018317685,148.69258018317686,22.454093463420868
2023-01-02 05:00:00,145.29536808344645,148.69536808344645,22.56447563648851
2023-01-02 06:00:00,145.29767207891325,148.69767207891326,22.655861758586394
2023-01-02 07:00:00,145.29971802678145,148.69971802678145,22.73713643624197
2023-01-02 08:00:00,145.29930227157425,148.69930227157425,22.720611258773218
2023-01-02 09:00:00,145.30062835543845,148.70062835543845,22.77333638889842
2023-01-02 10:00:00,145.30026842343648,148.70026842343648,22.759020649440775
2023-01-02 11:00:00,145.29719062516386,148.69719062516387,22.636753073718165
2023-01-02 12:00:00,145.30088440530366,148.70088440530367,22.783522568594115
2023-01-02 13:00:00,145.29833623304205,148.69833623304206,22.68223232399531
2023-01-02 14:00:00,145.30019616504404,148.70019616504405,22.756147117498816
2023-01-02 15:00:00,145.29604411064565,148.69604411064566,22.5912743937009
2023-01-02 16:00:00,145.30081802678143,148.70081802678143,22.780881722249813
2023-01-02 17:00:00,145.30078195425023,148.70078195425023,22.779446640535955
2023-01-02 18:00:00,145.30210193158422,148.70210193158422,22.831983144486795
2023-01-02 19:00:00,145.30333600638204,148.70333600638205,22.881144413540326
2023-01-02 20:00:00,145.30603789078543,148.70603789078544,22.988925753131653
2023-01-02 21:00:00,145.30279982052082,148.70279982052082,22.85977942833415
2023-01-02 22:00:00,145.303735553062,148.70373555306202,22.89707003305998
2023-01-02 23:00:00,145.30075952586282,148.70075952586282,22.77855438513015
2023-01-03 00:00:00,145.3028013649342,148.7028013649342,22.859840955920163
2023-01-03 01:00:00,145.30334297734555,148.70334297734556,22.88142223272594
2023-01-03 02:00:00,145.30532699547837,148.70532699547837,22.960547665727347
2023-01-03 03:00:00,145.30844708614237,148.70844708614237,23.085202180210956
2023-01-03 04:00:00,145.31271255802454,148.71271255802455,23.256053731727867
2023-01-03 05:00:00,145.30917836989673,148.70917836989673,23.114457624306898
2023-01-03 06:00:00,145.3172361908353,148.7172361908353,23.43779597256554
2023-01-03 07:00:00,145.3305742610999,148.73057426109992,23.97695692374075
2023-01-03 08:00:00,145.3377161001713,148.7377161001713,24.267662536490768
2023-01-03 09:00:00,145.35195028829912,148.75195028829913,24.455030567835713
2023-01-03 10:00:00,145.37264429509892,148.77264429509893,25.320346779107638
2023-01-03 11:00:00,145.40324218403552,148.80324218403553,26.621745781558733
2023-01-03 12:00:00,145.4245101069711,148.8245101069711,27.541628264930413
2023-01-03 13:00:00,145.4453998916441,148.8453998916441,28.45728277174149
2023-01-03 14:00:00,145.47431376244788,148.87431376244788,29.744337817098465
2023-01-03 15:00:00,145.50870742925767,148.90870742925767,31.304826264584502
2023-01-03 16:00:00,145.53025759925268,148.93025759925268,32.29878922613686
2023-01-03 17:00:00,145.53537580551327,148.93537580551327,32.53668075807247
2023-01-03 18:00:00,145.53958579418028,148.9395857941803,32.73288189570811
2023-01-03 19:00:00,145.5388359641753,148.9388359641753,32.69790249747577
2023-01-03 20:00:00,145.5415741477699,148.9415741477699,32.825710552067015
2023-01-03 21:00:00,145.54939812057071,148.94939812057072,33.19200214691476
2023-01-03 22:00:00,145.5555881319037,148.9555881319037,33.48294817473877
2023-01-03 23:00:00,145.5558361908353,148.9558361908353,33.4946287254688
2023-01-04 00:00:00,145.55660822256772,148.95660822256772,33.53099243315954
2023-01-04 01:00:00,145.5601121047045,148.9601121047045,33.69622817187911
2023-01-04 02:00:00,145.57323784857869,148.9732378485787,34.31809496791583
2023-01-04 03:00:00,145.5861880185737,148.9861880185737,34.93609335071945
2023-01-04 04:00:00,145.58883984631208,148.9888398463121,35.06318566319515
2023-01-04 05:00:00,145.58787768991667,148.98787768991667,35.017051721888045
2023-01-04 06:00:00,145.57954161738547,148.97954161738548,34.61836762372787
2023-01-04 07:00:00,145.5708876785837,148.9708876785837,34.206415271333526
2023-01-04 08:00:00,145.55688356978686,148.95688356978687,33.54396546656444
2023-01-04 09:00:00,145.54907158338648,148.94907158338648,33.17668229368346
2023-01-04 10:00:00,145.53402363778486,148.93402363778486,32.47376485053918
2023-01-04 11:00:00,145.51892974431507,148.91892974431508,31.774762825400195
2023-01-04 12:00:00,145.50799566951727,148.90799566951728,31.272209860147314
2023-01-04 13:00:00,145.4995917873805,148.8995917873805,30.888130968385006
2023-01-04 14:00:00,145.48824583951227,148.88824583951228,30.37260863175571
2023-01-04 15:00:00,145.4814279732417,148.8814279732417,30.064498788643007
2023-01-04 16:00:00,145.4790720367065,148.8790720367065,29.9583227048935
2023-01-04 17:00:00,145.47243841522874,148.87243841522874,29.660170003086165
2023-01-04 18:00:00,145.46555273935255,148.86555273935255,29.35195154683512
2023-01-04 19:00:00,145.46435096827918,148.86435096827918,29.298289613800776
2023-01-04 20:00:00,145.46150502041095,148.86150502041096,29.171367981331016
2023-01-04 21:00:00,145.4609413196022,148.8609413196022,29.146254596342892
2023-01-04 22:00:00,145.459455530396,148.85945553039602,29.08010279494701
2023-01-04 23:00:00,145.4589677434564,148.85896774345642,29.058398165590376
2023-01-05 00:00:00,145.46543589305202,148.86543589305202,29.346732358223857
2023-01-05 01:00:00,145.46857396331663,148.86857396331663,29.487029802906203
2023-01-05 02:00:00,145.47849782278743,148.87849782278744,29.932467117775666
2023-01-05 03:00:00,145.48727984318683,148.88727984318683,30.328877384674147
2023-01-05 04:00:00,145.48991580238803,148.88991580238803,30.448268312549175
2023-01-05 05:00:00,145.4996816142602,148.8996816142602,30.89222624422685
2023-01-05 06:00:00,145.50404765279242,148.90404765279243,31.091538959825264
2023-01-05 07:00:00,145.51246974118982,148.91246974118982,31.47746014168605
2023-01-05 08:00:00,145.51759571172403,148.91759571172403,31.713276314842446
2023-01-05 09:00:00,145.5258637479896,148.9258637479896,32.09512274987643
2023-01-05 10:00:00,145.52755387265262,148.92755387265262,32.17340344889219
2023-01-05 11:00:00,145.53951580238802,148.93951580238803,32.72961616158829
2023-01-05 12:00:00,145.54140969585782,148.94140969585783,32.81802893007853
2023-01-05 13:00:00,145.5477733966666,148.9477733966666,33.11580441207969
2023-01-05 14:00:00,145.5540631813396,148.9540631813396,33.4111774072506
2023-01-05 15:00:00,145.55567128560318,148.9556712856032,33.48686351838989
2023-01-05 16:00:00,145.5595213422682,148.9595213422682,33.66834628416568
2023-01-05 17:00:00,145.5624114669312,148.9624114669312,33.80483777326745
2023-01-05 18:00:00,145.5618116935912,148.96181169359122,33.77649420469586
2023-01-05 19:00:00,145.56179205624724,148.96179205624725,33.77556636090163
2023-01-05 20:00:00,145.55991214691124,148.95991214691125,33.686789841016214
2023-01-05 21:00:00,145.56107019450985,148.96107019450986,33.74146623123422
2023-01-05 22:00:00,145.55533235090525,148.95533235090525,33.47090571539451
2023-01-05 23:00:00,145.55216043250286,148.95216043250286,33.32171222638021
2023-01-06 00:00:00,145.54825843476948,148.94825843476949,33.13854482197292
2023-01-06 01:00:00,145.54394245290226,148.94394245290226,32.93641486920449
2023-01-06 02:00:00,145.54508052316686,148.94508052316687,32.98966597529102
2023-01-06 03:00:00,145.54049062516387,148.94049062516387,32.775111970070824
2023-01-06 04:00:00,145.5350747566267,148.9350747566267,32.52266883997762
2023-01-06 05:00:00,145.53276676569308,148.9327667656931,32.41532670744809
2023-01-06 06:00:00,145.53060683369108,148.9306068336911,32.31499925629401
2023-01-06 07:00:00,145.51983103315192,148.91983103315192,31.81633082948329
2023-01-06 08:00:00,145.51351116914793,148.91351116914794,31.525313206254925
2023-01-06 09:00:00,145.51167132780992,148.91167132780993,31.440793162230474
2023-01-06 10:00:00,145.50425346153935,148.90425346153935,31.100946924406383
2023-01-06 11:00:00,145.50595346153935,148.90595346153935,31.178701149554584
2023-01-06 12:00:00,145.49406156580295,148.89406156580296,30.636422445187293
2023-01-06 13:00:00,145.49546544793975,148.89546544793976,30.700242231608907
2023-01-06 14:00:00,145.48679940940752,148.88679940940753,30.307137238034006
2023-01-06 15:00:00,145.48524946607253,148.88524946607254,30.23704314704468
2023-01-06 16:00:00,145.47867554993675,148.87867554993676,29.940468825350866
2023-01-06 17:00:00,145.47616156580295,148.87616156580296,29.82736271521576
2023-01-06 18:00:00,145.46873359753533,148.86873359753534,29.494173912739488
2023-01-06 19:00:00,145.46729375619736,148.86729375619737,29.429761737187196
2023-01-06 20:00:00,145.46138388086035,148.86138388086036,29.165970374065342
2023-01-06 21:00:00,145.45683993072558,148.85683993072558,28.96379457284542
2023-01-06 22:00:00,145.448611962458,148.848611962458,28.599137347123097
2023-01-06 23:00:00,145.44308998739058,148.84308998739058,28.355445024244727
2023-01-07 00:00:00,145.43998199645696,148.83998199645697,28.218652224298484
2023-01-07 01:00:00,145.432311962458,148.832311962458,27.88220240318168
2023-01-07 02:00:00,145.42393205312197,148.82393205312198,27.51646115052693
2023-01-07 03:00:00,145.42084015738558,148.8208401573856,27.382003550059657
2023-01-07 04:00:00,145.41444615058577,148.81444615058578,27.104783139225436
2023-01-07 05:00:00,145.40661418685139,148.8066141868514,26.76675760310884
2023-01-07 06:00:00,145.4035862185838,148.8035862185838,26.636526432567464
2023-01-07 07:00:00,145.3965483749792,148.7965483749792,26.33481527875212
2023-01-07 08:00:00,145.3943044248444,148.7943044248444,26.238906748349187
2023-01-07 09:00:00,145.3888985449742,148.78889854497422,26.00842956221081
2023-01-07 10:00:00,145.38797468550342,148.78797468550343,25.96912265250341
2023-01-07 11:00:00,145.3865146401714,148.78651464017142,25.90705145308738
2023-01-07 12:00:00,145.38026658123982,148.78026658123983,25.642098156095255
2023-01-07 13:00:00,145.374262472443,148.774262472443,25.38851724710074
2023-01-07 14:00:00,145.3689744588434,148.76897445884342,25.16601597422126
2023-01-07 15:00:00,145.3686383863122,148.7686383863122,25.15190169328496
2023-01-07 16:00:00,145.3644964339108,148.7644964339108,24.978209314379242
2023-01-07 17:00:00,145.3598345041754,148.75983450417542,24.78328807799578
2023-01-07 18:00:00,145.3547146401714,148.75471464017141,24.569924385844644
2023-01-07 19:00:00,145.35131863563822,148.75131863563823,24.825217024170158
2023-01-07 20:00:00,145.34580276710102,148.74580276710103,24.598516487398435
2023-01-07 21:00:00,145.34388667190382,148.74388667190382,24.519960333983807
2023-01-07 22:00:00,145.33421886229823,148.73421886229823,24.125133817015687
2023-01-07 23:00:00,145.33009877163423,148.73009877163423,23.957652099871662
2023-01-08 00:00:00,145.33311053137461,148.73311053137462,24.08003427511613
2023-01-08 01:00:00,145.327502427111,148.727502427111,23.8523505154336
2023-01-08 02:00:00,145.31636247244302,148.71636247244302,23.402649225538195
2023-01-08 03:00:00,145.3139144135114,148.71391441351142,23.30428447249432
2023-01-08 04:00:00,145.3099763432468,148.7099763432468,23.14639793284259
2023-01-08 05:00:00,145.30584803498917,148.70584803498917,22.981345565409462
2023-01-08 06:00:00,145.30353604858877,148.70353604858877,22.889117386089453
2023-01-08 07:00:00,145.30276578792976,148.70276578792976,22.858423627331437
2023-01-08 08:00:00,145.29532783099518,148.69532783099518,22.562880368820608
2023-01-08 09:00:00,145.29485768366615,148.69485768366616,22.544251035017687
2023-01-08 10:00:00,145.29292960206854,148.69292960206855,22.467916241119536
2023-01-08 11:00:00,145.28694758166915,148.68694758166916,22.64765474319173
2023-01-08 12:00:00,145.28607732101014,148.68607732101015,22.613591089106237
2023-01-08 13:00:00,145.2901748699567,148.6901748699567,22.359033240324045
2023-01-08 14:00:00,145.28685078382588,148.6868507838259,22.643864878177844
2023-01-08 15:00:00,145.2848107158279,148.6848107158279,22.564050412032646
2023-01-08 16:00:00,145.28425666369608,148.6842566636961,22.542393458703767
2023-01-08 17:00:00,145.2786088314245,148.6786088314245,22.322104240666633
2023-01-08 18:00:00,145.2784049492877,148.6784049492877,22.31416816779414
2023-01-08 19:00:00,145.27823702635212,148.67823702635212,22.307632647639014
2023-01-08 20:00:00,145.27331116914792,148.67331116914792,22.116260374470446
2023-01-08 21:00:00,145.26740728701114,148.66740728701114,21.88776109392348
2023-01-08 22:00:00,145.26935523261272,148.66935523261273,21.963047931197636
2023-01-08 23:00:00,145.26398730967713,148.66398730967714,21.755831459669558
2023-01-09 00:00:00,145.26181539127472,148.66181539127473,21.67221288357778
2023-01-09 01:00:00,145.26008342754034,148.66008342754034,21.605624844794217
2023-01-09 02:00:00,145.25895934140954,148.65895934140954,21.562451476645563
2023-01-09 03:00:00,145.25822138447492,148.65822138447493,21.534127161218606
2023-01-09 04:00:00,145.25397754767013,148.65397754767014,21.37152915473923
2023-01-09 05:00:00,145.24880551593773,148.64880551593774,21.174035417675444
2023-01-09 06:00:00,145.24491972673155,148.64491972673156,21.026139650409203
2023-01-09 07:00:00,145.24623570859876,148.64623570859877,21.07618037194968
2023-01-09 08:00:00,145.24548776299716,148.64548776299716,21.04773361350015
2023-01-09 09:00:00,145.23621595792477,148.63621595792478,21.040060486154363
2023-01-09 10:00:00,145.23996201912297,148.63996201912298,20.838048455788556
2023-01-09 11:00:00,145.2318662412498,148.6318662412498,21.234327622568333
2023-01-09 12:00:00,145.23198998739056,148.63198998739057,21.238904057432734
2023-01-09 13:00:00,145.23200163380096,148.63200163380097,21.23933479047709
2023-01-09 14:00:00,145.22670140714092,148.62670140714093,21.04367147106964
2023-01-09 15:00:00,145.22761927341153,148.62761927341154,21.077503580411605
2023-01-09 16:00:00,145.22355723034613,148.62355723034614,20.92794347801554
2023-01-09 17:00:00,145.22535312154932,148.62535312154932,20.994013742055586
2023-01-09 18:00:00,145.2211071736811,148.6211071736811,20.837941073168906
2023-01-09 19:00:00,145.2195871963471,148.6195871963471,20.782182983376547
2023-01-09 20:00:00,145.21631116914793,148.61631116914793,20.66221013422875
2023-01-09 21:00:00,145.2185849719537,148.6185849719537,20.745450582909054
2023-01-09 22:00:00,145.2122309198219,148.6122309198219,20.87314349839005
2023-01-09 23:00:00,145.2117829742203,148.61178297422032,20.856960471663534
2023-01-10 00:00:00,145.2098229288883,148.6098229288883,20.786208556242876
2023-01-10 01:00:00,145.2125727588933,148.6125727588933,20.885496569157517
2023-01-10 02:00:00,145.20694279289228,148.60694279289228,20.682418607246902
2023-01-10 03:00:00,145.2046967316941,148.6046967316941,20.601622766212838
2023-01-10 04:00:00,145.19850660703108,148.59850660703108,20.379605429887082
2023-01-10 05:00:00,145.19889827610746,148.59889827610746,20.393624655354156
2023-01-10 06:00:00,145.19940215824425,148.59940215824426,20.411666055507723
2023-01-10 07:00:00,145.19284422397564,148.59284422397565,20.177359815854977
2023-01-10 08:00:00,145.19270004718084,148.59270004718084,20.17222073240695
2023-01-10 09:00:00,145.19391391798462,148.59391391798462,20.215504680886262
2023-01-10 10:00:00,145.18919993385083,148.58919993385084,20.04762230520019
2023-01-10 11:00:00,145.18781991118482,148.58781991118482,19.998580619423905
2023-01-10 12:00:00,145.19195963919282,148.59195963919282,20.14583764500887
2023-01-10 13:00:00,145.1931674034664,148.5931674034664,20.188881230502645
2023-01-10 14:00:00,145.19540924253778,148.59540924253778,20.26887564973666
2023-01-10 15:00:00,145.1891832720036,148.5891832720036,20.04702990878345
2023-01-10 16:00:00,145.1874374374654,148.5874374374654,19.98499720503191
2023-01-10 17:00:00,145.1893815009302,148.58938150093022,20.054078207012314
2023-01-10 18:00:00,145.1882035893276,148.5882035893276,20.012210517374236
2023-01-10 19:00:00,145.1891176867914,148.5891176867914,20.044698155847012
2023-01-10 20:00:00,145.18646985451983,148.58646985451983,19.95065033541603
2023-01-10 21:00:00,145.18398594971703,148.58398594971703,19.86258592426142
2023-01-10 22:00:00,145.18540592705102,148.58540592705103,19.912910750725487
2023-01-10 23:00:00,145.18190592705102,148.58190592705103,19.788960692545565
2023-01-11 00:00:00,145.18308983185383,148.58308983185384,19.83085320464387
2023-01-11 01:00:00,145.18501979785484,148.58501979785484,19.89922106419517
2023-01-11 02:00:00,145.17512190891824,148.57512190891825,19.900972682791124
2023-01-11 03:00:00,145.17876386131962,148.57876386131963,19.677950490017132
2023-01-11 04:00:00,145.17368383865363,148.57368383865364,19.850866575305222
2023-01-11 05:00:00,145.17242567772502,148.57242567772502,19.807070426265753
2023-01-11 06:00:00,145.1716576414594,148.5716576414594,19.78035437045198
2023-01-11 07:00:00,145.1675576414594,148.56755764145942,19.637980474157157
2023-01-11 08:00:00,145.1704174601314,148.5704174601314,19.737245256601554
2023-01-11 09:00:00,145.1660674034664,148.5660674034664,19.58633343416829
2023-01-11 10:00:00,145.1667732833366,148.5667732833366,19.610790265807886
2023-01-11 11:00:00,145.16824120627217,148.56824120627218,19.661688913989277
2023-01-11 12:00:00,145.17373886854875,148.57373886854876,19.8527830301438
2023-01-11 13:00:00,145.16474086628216,148.56474086628216,19.540405536491676
2023-01-11 14:00:00,145.16890468042095,148.56890468042096,19.684711480039145
2023-01-11 15:00:00,145.16705062828913,148.56705062828914,19.620402859886973
2023-01-11 16:00:00,145.16657659882333,148.56657659882333,19.60397445161833
2023-01-11 17:00:00,145.16600079828416,148.56600079828416,19.58402637476094
2023-01-11 18:00:00,145.16506084361615,148.56506084361615,19.55147997184516
2023-01-11 19:00:00,145.16759480508395,148.56759480508396,19.639269145657586
2023-01-11 20:00:00,145.16278903854376,148.56278903854377,19.47290701999025
2023-01-11 21:00:00,145.16367094561315,148.56367094561315,19.50339374539076
2023-01-11 22:00:00,145.16121500907798,148.56121500907798,19.4185416735498
2023-01-11 23:00:00,145.16253099094516,148.56253099094516,19.463990157104202
2023-01-12 00:00:00,145.16092699547838,148.56092699547838,19.40860056317454
2023-01-12 01:00:00,145.16041090028116,148.56041090028117,19.390792056125452
2023-01-12 02:00:00,145.16284874388575,148.56284874388575,19.47497037729843
2023-01-12 03:00:00,145.16219668948733,148.56219668948734,19.45244076300271
2023-01-12 04:00:00,145.16056638349633,148.56056638349634,19.396156509689362
2023-01-12 05:00:00,145.1616722633665,148.56167226336652,19.43432849714594
2023-01-12 06:00:00,145.1596341931019,148.5596341931019,19.364003135759845
2023-01-12 07:00:00,145.1614722633665,148.5614722633665,19.427422813575213
2023-01-12 08:00:00,145.16808191204348,148.56808191204348,19.656163005528143
2023-01-12 09:00:00,145.17294361511887,148.57294361511887,19.82509496303457
2023-01-12 10:00:00,145.17994316179883,148.57994316179884,19.71958627448689
2023-01-12 11:00:00,145.18273317313185,148.58273317313186,19.818229093919665
2023-01-12 12:00:00,145.21264704393562,148.61264704393562,20.888181401401905
2023-01-12 13:00:00,145.259538939672,148.65953893967202,21.584708098775724
2023-01-12 14:00:00,145.28427501220324,148.68427501220324,22.54311053738503
2023-01-12 15:00:00,145.32090720259765,148.72090720259766,23.585698845818314
2023-01-12 16:00:00,145.34506559018627,148.74506559018627,24.568281780898978
2023-01-12 17:00:00,145.3511599369761,148.7511599369761,24.818682937418124
2023-01-12 18:00:00,145.3429300843051,148.7429300843051,24.480779736826026
2023-01-12 19:00:00,145.3366184378947,148.73661843789472,24.222891532063077
2023-01-12 20:00:00,145.34548681415035,148.74548681415035,24.585556114950716
2023-01-12 21:00:00,145.37716695014637,148.77716695014638,25.511060714369236
2023-01-12 22:00:00,145.40420324933757,148.80420324933758,26.66304395613678
2023-01-12 23:00:00,145.4256234533316,148.82562345333162,27.59012669372374
2023-01-13 00:00:00,145.4334115802612,148.8334115802612,27.93033852860103
2023-01-13 01:00:00,145.4411115802612,148.8411115802612,28.268338275216657
2023-01-13 02:00:00,145.45357173892322,148.85357173892322,28.818729598888844
2023-01-13 03:00:00,145.48072367999163,148.88072367999163,30.03274233416579
2023-01-13 04:00:00,145.5015018182542,148.90150181825422,30.975257508518723
2023-01-13 05:00:00,145.52979382732062,148.92979382732062,32.277267864463454
2023-01-13 06:00:00,145.55236597238303,148.95236597238303,33.33137186496456
2023-01-13 07:00:00,145.56476009251284,148.96476009251285,33.915918593415
2023-01-13 08:00:00,145.56411014917785,148.96411014917786,33.885164224630735
2023-01-13 09:00:00,145.56874821944245,148.96874821944246,34.104875172263306
2023-01-13 10:00:00,145.56657042116987,148.96657042116988,34.0016395219236
2023-01-13 11:00:00,145.55792658436508,148.95792658436508,33.59312548581699
2023-01-13 12:00:00,145.55923257756527,148.95923257756527,33.65472097573396
2023-01-13 13:00:00,145.55261048916788,148.95261048916788,33.342864737123165
2023-01-13 14:00:00,145.55371237357127,148.95371237357128,33.394675593370785
2023-01-13 15:00:00,145.55062247556828,148.95062247556828,33.24946930286637
2023-01-13 16:00:00,145.55840249823427,148.95840249823428,33.615566124478164
2023-01-13 17:00:00,145.55249673169408,148.95249673169408,33.33751766734862
2023-01-13 18:00:00,145.5612148246247,148.9612148246247,33.74829733013338
2023-01-13 19:00:00,145.5657230422183,148.96572304221831,33.96150447988325
2023-01-13 20:00:00,145.56738919408053,148.96738919408054,34.04043768439264
2023-01-13 21:00:00,145.58282326887831,148.98282326887832,34.775099150568984
2023-01-13 22:00:00,145.59150140714092,148.99150140714093,35.19092999837602
2023-01-13 23:00:00,145.60894335954234,149.00894335954234,36.03266555423222
2023-01-14 00:00:00,145.63279729834412,149.03279729834412,36.62422352149815
2023-01-14 01:00:00,145.66388730967714,149.06388730967714,38.175736612255676
2023-01-14 02:00:00,145.69909741167413,149.09909741167414,39.9638121963982
2023-01-14 03:00:00,145.75209141847392,149.15209141847393,42.716353271816224
2023-01-14 04:00:00,145.80874746833913,149.20874746833914,45.739653747895076
2023-01-14 05:00:00,145.85314758166913,149.25314758166914,48.16640863989618
2023-01-14 06:00:00,145.89527965873356,149.29527965873356,49.71277053078838
2023-01-14 07:00:00,145.92913781966217,149.32913781966218,51.64553053401757
2023-01-14 08:00:00,145.93975591259277,149.33975591259278,52.25771504439693
2023-01-14 09:00:00,145.93589409618738,149.3358940961874,52.03472875951003
2023-01-14 10:00:00,145.955282223117,149.355282223117,52.40855590696606
2023-01-14 11:00:00,145.9533103047146,149.3533103047146,52.292932164622975
2023-01-14 12:00:00,145.951392211784,149.351392211784,52.180562512490916
2023-01-14 13:00:00,145.94201806898818,149.34201806898818,52.38851198019078
2023-01-14 14:00:00,145.93622394885838,149.3362239488584,52.05375998090227
2023-01-14 15:00:00,145.94619986272755,149.34619986272756,51.876859046129034
2023-01-14 16:00:00,145.93110574259777,149.33110574259777,51.75877293286898
2023-01-14 17:00:00,145.91380197379098,149.313801973791,50.76644603098964
2023-01-14 18:00:00,145.92280008938758,149.32280008938758,51.28150603800802
2023-01-14 19:00:00,145.9137201800516,149.3137201800516,50.76177362740938
2023-01-14 20:00:00,145.90348821631719,149.3034882163172,50.178638444215956
2023-01-14 21:00:00,145.889182336447,149.289182336447,49.36784946245169
2023-01-14 22:00:00,145.8788601347196,149.2788601347196,48.78612189460723
2023-01-14 23:00:00,145.8954702367166,149.2954702367166,49.72356686574284
2023-01-15 00:00:00,145.86202817098518,149.2620281709852,48.65779803641482
2023-01-15 01:00:00,145.85909021405058,149.2590902140506,48.49501133745066
2023-01-15 02:00:00,145.8477282843152,149.2477282843152,47.86752376848046
2023-01-15 03:00:00,145.8514542548494,149.2514542548494,48.07293841766186
2023-01-15 04:00:00,145.8482462639158,149.2482462639158,47.89605918833173
2023-01-15 05:00:00,145.8317403840456,149.2317403840456,46.99010216722875
2023-01-15 06:00:00,145.8161985449742,149.21619854497422,46.14339568929477
2023-01-15 07:00:00,145.81711064470463,149.21711064470463,46.19291593423273
2023-01-15 08:00:00,145.80240076936764,149.20240076936764,45.39687350973475
2023-01-15 09:00:00,145.80672673990182,149.20672673990182,45.630403881584385
2023-01-15 10:00:00,145.79420453817443,149.19420453817443,44.95572891763945
2023-01-15 11:00:00,145.79051053137462,149.19051053137463,44.75747056642775
2023-01-15 12:00:00,145.7806882163172,149.1806882163172,44.23201091076616
2023-01-15 13:00:00,145.77911984006155,149.17911984006156,44.14833817541326
2023-01-15 14:00:00,145.77150962473456,149.17150962473457,43.74323426343656
2023-01-15 15:00:00,145.76138553860375,149.16138553860375,43.20663099681129
2023-01-15 16:00:00,145.75500340487434,149.15500340487435,42.86972380232349
2023-01-15 17:00:00,145.74892127114492,149.14892127114493,42.549635812167644
2023-01-15 18:00:00,145.73855523261273,149.13855523261273,42.00631009056351
2023-01-15 19:00:00,145.72659929607752,149.12659929607753,41.38312477850877
2023-01-15 20:00:00,145.71767931874354,149.11767931874354,40.920614108750115
2023-01-15 21:00:00,145.7158331442153,149.11583314421532,40.82514777220908
2023-01-15 22:00:00,145.7050511238159,149.1050511238159,40.269388977944196
2023-01-15 23:00:00,145.7003770943501,149.1003770943501,40.029413883362395
2023-01-16 00:00:00,145.6938069470211,149.0938069470211,39.693058680411774
2023-01-16 01:00:00,145.68502292888832,149.08502292888832,39.245140938921196
2023-01-16 02:00:00,145.6755168223581,149.0755168223581,38.76269586114458
2023-01-16 03:00:00,145.66857076115988,149.0685707611599,38.41168666760946
2023-01-16 04:00:00,145.66168474529368,149.0616847452937,38.06497359968916
2023-01-16 05:00:00,145.65677863876348,149.0567786387635,37.81871727971738
2023-01-16 06:00:00,145.64962270222827,149.04962270222828,37.46068063590204
2023-01-16 07:00:00,145.6376447906257,149.0376447906257,36.864436397932124
2023-01-16 08:00:00,145.63365643703605,149.03365643703606,36.6667515180195
2023-01-16 09:00:00,145.62803023984185,149.02803023984185,36.3886094636634
2023-01-16 10:00:00,145.61928018317684,149.01928018317685,35.9577184033741
2023-01-16 11:00:00,145.61638395198364,149.01638395198364,36.39416111588695
2023-01-16 12:00:00,145.610655530396,149.010655530396,36.1157221980506
2023-01-16 13:00:00,145.60403920853878,149.00403920853879,35.795190916875924
2023-01-16 14:00:00,145.59794897054576,148.99794897054576,35.50115717649436
2023-01-16 15:00:00,145.59608281868356,148.99608281868356,35.41125452524386
2023-01-16 16:00:00,145.58341855122472,148.98341855122473,34.80356014686198
2023-01-16 17:00:00,145.5824264288283,148.98242642882832,34.75613103715754
2023-01-16 18:00:00,145.5775783698967,148.97757836989672,34.52473844584904
2023-01-16 19:00:00,145.5706842497669,148.97068424976692,34.19675521532058
2023-01-16 20:00:00,145.5700500616391,148.9700500616391,34.16664705313703
2023-01-16 21:00:00,145.5675958961773,148.9675958961773,34.0502352146046
2023-01-16 22:00:00,145.56327791657668,148.9632779165767,33.845800490028815
2023-01-16 23:00:00,145.56784361511887,148.96784361511888,34.06197839931915
2023-01-17 00:00:00,145.56837957432006,148.96837957432007,34.08739123582572
2023-01-17 01:00:00,145.55736947232305,148.95736947232305,33.56686374768275
2023-01-17 02:00:00,145.55929333179384,148.95929333179384,33.657587469385504
2023-01-17 03:00:00,145.55632130006146,148.95632130006146,33.51747616377229
2023-01-17 04:00:00,145.55511519353124,148.95511519353124,33.46068306017236
2023-01-17 05:00:00,145.55016724792964,148.95016724792964,33.22809778617676
2023-01-17 06:00:00,145.55013117539843,148.95013117539844,33.22640452846845
2023-01-17 07:00:00,145.55347723659665,148.95347723659665,33.38361669853582
2023-01-17 08:00:00,145.55559133406044,148.95559133406044,33.4830989468897
2023-01-17 09:00:00,145.55263551085525,148.95263551085526,33.34404090550344
2023-01-17 10:00:00,145.55320366045086,148.95320366045087,33.37075178766673
2023-01-17 11:00:00,145.55968157205348,148.95968157205348,33.675907648217915
2023-01-17 12:00:00,145.56205149272245,148.96205149272245,33.78782528315363
2023-01-17 13:00:00,145.56575526152923,148.96575526152924,33.963030160385976
2023-01-17 14:00:00,145.56508922299705,148.96508922299705,33.931496823343025
2023-01-17 15:00:00,145.55924727059565,148.95924727059565,33.65541421035108
2023-01-17 16:00:00,145.56389732726063,148.96389732726064,33.875096228112625
2023-01-17 17:00:00,145.55495371711586,148.95495371711587,33.45308238859963
2023-01-17 18:00:00,145.5545799143101,148.9545799143101,33.43549019462445
2023-01-17 19:00:00,145.5517961228373,148.9517961228373,33.30459372805522
2023-01-17 20:00:00,145.5501284265617,148.95012842656172,33.226275498490295
2023-01-17 21:00:00,145.54573675748534,148.94573675748535,33.0203872790671
2023-01-17 22:00:00,145.53954897054575,148.93954897054576,32.73116373229203
2023-01-17 23:00:00,145.53867505440996,148.93867505440997,32.690398043462174
2023-01-18 00:00:00,145.53648515640697,148.93648515640697,32.58833484962092
2023-01-18 01:00:00,145.5299313309352,148.9299313309352,32.283648128731485
2023-01-18 02:00:00,145.5231334419986,148.9231334419986,31.968825665468888
2023-01-18 03:00:00,145.5189916029272,148.9189916029272,31.777615088434604
2023-01-18 04:00:00,145.52168161426022,148.92168161426022,31.901748909000528
2023-01-18 05:00:00,145.51256585905304,148.91256585905305,31.481875488700048
2023-01-18 06:00:00,145.51330992251783,148.91330992251784,31.51606376343711
2023-01-18 07:00:00,145.51227596105002,148.91227596105003,31.46855925540948
2023-01-18 08:00:00,145.50320815144445,148.90320815144446,31.053175325713326
2023-01-18 09:00:00,145.50700426930766,148.90700426930766,31.226801593511464
2023-01-18 10:00:00,145.50249039850385,148.90249039850386,31.020390390769712
2023-01-18 11:00:00,145.49618451863367,148.89618451863367,30.732951399394608
2023-01-18 12:00:00,145.49751226024125,148.89751226024126,30.79338446513331
2023-01-18 13:00:00,145.49184011517883,148.89184011517884,30.535544967775586
2023-01-18 14:00:00,145.49303001318185,148.89303001318186,30.589562437573953
2023-01-18 15:00:00,145.48352202224822,148.88352202224823,30.158998353667574
2023-01-18 16:00:00,145.4858917162572,148.88589171625722,30.26608016585947
2023-01-18 17:00:00,145.48155975252283,148.88155975252283,30.070442183293043
2023-01-18 18:00:00,145.4796515349292,148.8796515349292,29.98442528515342
2023-01-18 19:00:00,145.4821973694674,148.8821973694674,30.099206066013068
2023-01-18 20:00:00,145.47193298867856,148.87193298867857,29.637502181618157
2023-01-18 21:00:00,145.47432288668156,148.87432288668157,29.744747556752188
2023-01-18 22:00:00,145.47897648549332,148.87897648549333,29.95401962504869
2023-01-18 23:00:00,145.4810542837659,148.8810542837659,30.04764752639272
2023-01-19 00:00:00,145.4821899029771,148.8821899029771,30.098869177481248
2023-01-19 01:00:00,145.48507957432005,148.88507957432006,30.229363970701023
2023-01-19 02:00:00,145.48825925699603,148.88825925699604,30.37321622695158
2023-01-19 03:00:00,145.50602096007142,148.90602096007143,31.181789985328244
2023-01-19 04:00:00,145.51749687394062,148.91749687394062,31.708722706781163
2023-01-19 05:00:00,145.5474925384838,148.9474925384838,33.102639579264334
2023-01-19 06:00:00,145.5646867719436,148.9646867719436,33.91244861276733
2023-01-19 07:00:00,145.59951296913783,148.99951296913784,35.57657368348765
2023-01-19 08:00:00,145.66180509153423,149.06180509153424,38.0710222712089
2023-01-19 09:00:00,145.72407324112984,149.12407324112985,41.25193503324842
2023-01-19 10:00:00,145.77647923433005,149.17647923433006,44.00760530141627
2023-01-19 11:00:00,145.81674715726564,149.21674715726564,46.17317871806358
2023-01-19 12:00:00,145.85447689660663,149.25447689660663,48.23983658730823
2023-01-19 13:00:00,145.8844404840854,149.2844404840854,49.10027074730444
2023-01-19 14:00:00,145.90672827102497,149.30672827102498,50.363002464972276
2023-01-19 15:00:00,145.95056600129956,149.35056600129957,52.132189554612516
2023-01-19 16:00:00,145.94222472887822,149.34222472887822,52.40046748763546
2023-01-19 17:00:00,145.94560120939744,149.34560120939744,51.84188907334839
2023-01-19 18:00:00,145.95633773524867,149.35633773524867,52.47048799075659
2023-01-19 19:00:00,145.97647414776992,149.37647414776993,52.17763025603913
2023-01-19 20:00:00,146.00965839256273,149.40965839256273,54.188544342915506
2023-01-19 21:00:00,145.98440256935754,149.38440256935755,52.65531311459552
2023-01-19 22:00:00,145.99803276201854,149.39803276201854,53.480588935867175
2023-01-19 23:00:00,146.01373886854876,149.41373886854876,54.437911646048114
2023-01-20 00:00:00,146.0060413196022,149.4060413196022,53.96787973653365
2023-01-20 01:00:00,145.9976433173356,149.3976433173356,53.456937773884064
2023-01-20 02:00:00,145.9973394351988,149.3973394351988,53.43848577299697
2023-01-20 03:00:00,145.9725495371958,149.3725495371958,53.42538514136407
2023-01-20 04:00:00,145.98675375932262,149.38675375932263,52.79730556208681
2023-01-20 05:00:00,146.02637784545342,149.42637784545343,55.21321163770927
2023-01-20 06:00:00,146.01078994518383,149.41078994518384,54.25765024123836
2023-01-20 07:00:00,146.03799416731064,149.43799416731065,55.92964239406397
2023-01-20 08:00:00,146.08182236223826,149.48182236223826,57.91419903762394
2023-01-20 09:00:00,146.12912647103508,149.52912647103508,60.19679727326023
2023-01-20 10:00:00,146.14399473396068,149.5439947339607,61.17113911567977
2023-01-20 11:00:00,146.1480149379547,149.54801493795472,61.43566359930166
2023-01-20 12:00:00,146.1831989560875,149.5831989560875,63.770160497890416
2023-01-20 13:00:00,146.1631968450241,149.5631968450241,62.43872710491404
2023-01-20 14:00:00,146.1825089447545,149.5825089447545,63.724043126949255
2023-01-20 15:00:00,146.1787310331519,149.5787310331519,63.47178049677551
2023-01-20 16:00:00,146.15431716234812,149.55431716234813,61.851260552624
2023-01-20 17:00:00,146.16170140714092,149.56170140714093,62.339635648371925
2023-01-20 18:00:00,146.14501750233813,149.54501750233814,61.23839271322492
2023-01-20 19:00:00,146.14387965873357,149.54387965873357,61.16357402966881
2023-01-20 20:00:00,146.15889364286735,149.55889364286736,62.153756266496195
2023-01-20 21:00:00,146.15253171313196,149.55253171313197,61.733406248503975
2023-01-20 22:00:00,146.15572571993175,149.55572571993176,61.94430035053765
2023-01-20 23:00:00,146.12628576526376,149.52628576526376,60.011353664466135
2023-01-21 00:00:00,146.11562383552837,149.51562383552837,59.31737742619592
2023-01-21 01:00:00,146.13418388086038,149.53418388086038,60.52751531412256
2023-01-21 02:00:00,146.09462195112496,149.49462195112497,57.959844267831336
2023-01-21 03:00:00,146.10000197379097,149.50000197379097,58.30640340537236
2023-01-21 04:00:00,146.08031595792477,149.48031595792477,57.81854927538346
2023-01-21 05:00:00,146.09304980606257,149.49304980606257,57.85872916775045
2023-01-21 06:00:00,146.0721080803212,149.4721080803212,57.29849847751716
2023-01-21 07:00:00,146.068232053122,149.468232053122,57.053567282656886
2023-01-21 08:00:00,146.07018011205358,149.47018011205358,57.17661519713717
2023-01-21 09:00:00,146.0522481483192,149.4522481483192,56.047963407480836
2023-01-21 10:00:00,146.0276942095174,149.4276942095174,55.29421204994862
2023-01-21 11:00:00,146.0584842208504,149.4584842208504,56.439445677304654
2023-01-21 12:00:00,146.01632206445498,149.416322064455,54.596013356510525
2023-01-21 13:00:00,146.02805979472956,149.42805979472956,55.31671619326345
2023-01-21 14:00:00,145.98021750233815,149.38021750233816,52.402948233636224
2023-01-21 15:00:00,145.99408742300713,149.39408742300714,53.24118020702858
2023-01-21 16:00:00,146.00023525527874,149.40023525527874,53.61442614716324
2023-01-21 17:00:00,145.9975270376851,149.3975270376851,53.44987686633952
2023-01-21 18:00:00,145.97275900141952,149.37275900141952,53.43776791800986
2023-01-21 19:00:00,145.95743114648192,149.35743114648193,52.53467464916559
2023-01-21 20:00:00,145.9519810898169,149.35198108981692,52.215051086637175
2023-01-21 21:00:00,145.9613229288883,149.3613229288883,52.7633890460127
2023-01-21 22:00:00,145.9247846319637,149.3247846319637,51.395382778434914
2023-01-21 23:00:00,145.92002858209847,149.32002858209847,51.12264093023187
2023-01-22 00:00:00,145.91492258889826,149.31492258889827,50.83047761661126
2023-01-22 01:00:00,145.91082835543847,149.31082835543847,50.59669097885356
2023-01-22 02:00:00,145.90070415597765,149.30070415597766,50.02043730548186
2023-01-22 03:00:00,145.89101380465462,149.29101380465463,49.47135333755212
2023-01-22 04:00:00,145.8824994805308,149.28249948053082,48.99090940285862
2023-01-22 05:00:00,145.8769874941304,149.2769874941304,48.68088136935543
2023-01-22 06:00:00,145.8469213422682,149.2469213422682,47.823083004153894
2023-01-22 07:00:00,145.84244109294218,149.2424410929422,47.576642424318784
2023-01-22 08:00:00,145.85771312467458,149.25771312467458,48.418784517224694
2023-01-22 09:00:00,145.85529902721078,149.25529902721078,48.28527136255695
2023-01-22 10:00:00,145.83050302267756,149.23050302267757,46.92246623531385
2023-01-22 11:00:00,145.84172277335153,149.24172277335154,47.53717792350263
2023-01-22 12:00:00,145.82642477108496,149.22642477108496,46.69981918800987
2023-01-22 13:00:00,145.82334452175894,149.22334452175895,46.53193772450703
2023-01-22 14:00:00,145.82802243336153,149.22802243336153,46.786991094013466
2023-01-22 15:00:00,145.80297437442994,149.20297437442994,45.42781106481446
2023-01-22 16:00:00,145.7979303109651,149.19793031096512,45.15604704212773
2023-01-22 17:00:00,145.80180645149431,149.20180645149432,45.364827696547394
2023-01-22 18:00:00,145.79718458975694,149.19718458975694,45.115924437633836
2023-01-22 19:00:00,145.80101466908795,149.20101466908795,45.32214859518575
2023-01-22 20:00:00,145.78257471441995,149.18257471441996,44.332739358336745
2023-01-22 21:00:00,145.78276872121975,149.18276872121976,44.343103433182186
2023-01-22 22:00:00,145.78837083228316,149.18837083228317,44.64279269744352
2023-01-22 23:00:00,145.77190279601754,149.17190279601755,43.7641267957038
2023-01-23 00:00:00,145.76391489574794,149.16391489574795,43.34044528209455
2023-01-23 01:00:00,145.75679303401057,149.15679303401058,42.964090295578146
2023-01-23 02:00:00,145.75133521307197,149.15133521307197,42.676560887728364
2023-01-23 03:00:00,145.7547812742702,149.1547812742702,42.85801672714052
2023-01-23 04:00:00,145.7447735099966,149.1447735099966,42.331899820769216
2023-01-23 05:00:00,145.73854165959222,149.13854165959222,42.00560050575463
2023-01-23 06:00:00,145.74185786811944,149.14185786811944,42.179111265171926
2023-01-23 07:00:00,145.72749616504404,149.12749616504405,41.429743415738656
2023-01-23 08:00:00,145.72586642570306,149.12586642570307,41.345046265011234
2023-01-23 09:00:00,145.73049250956728,149.1304925095673,41.58564355483528
2023-01-23 10:00:00,145.7176988427575,149.1176988427575,40.92162417897326
2023-01-23 11:00:00,145.71666510794972,149.11666510794973,40.86815787016629
2023-01-23 12:00:00,145.7152870830171,149.1152870830171,40.7969278491032
2023-01-23 13:00:00,145.71110506261772,149.11110506261772,40.58106390478725
2023-01-23 14:00:00,145.7033950739507,149.1033950739507,40.18429806085711
2023-01-23 15:00:00,145.7015950739507,149.1015950739507,40.091892392489946
2023-01-23 16:00:00,145.69787121447993,149.09787121447994,39.90099277579297
2023-01-23 17:00:00,145.69326955673654,149.09326955673654,39.66559751354246
2023-01-23 18:00:00,145.69250551593774,149.09250551593775,39.62656737348996
2023-01-23 19:00:00,145.68559963606754,149.08559963606754,39.2744862084663
2023-01-23 20:00:00,145.68756167913295,149.08756167913296,39.37438884171999
2023-01-23 21:00:00,145.68105579926277,149.08105579926277,39.043514668950344
2023-01-23 22:00:00,145.6645360485888,149.0645360485888,38.20838506734796
2023-01-23 23:00:00,145.67375791032617,149.07375791032618,38.673691034641955
2023-01-24 00:00:00,145.66798388086036,149.06798388086037,38.38208805253435
2023-01-24 01:00:00,145.65667577659676,149.05667577659676,37.813561076794336
2023-01-24 02:00:00,145.65949375619735,149.05949375619736,37.954920445386705
2023-01-24 03:00:00,145.65405591259278,149.0540559125928,37.68232917909903
2023-01-24 04:00:00,145.6488540281894,149.0488540281894,37.42230223135258
2023-01-24 05:00:00,145.6450360485888,149.0450360485888,37.23191118137879
2023-01-24 06:00:00,145.6378982049842,149.0378982049842,36.87701137902055
2023-01-24 07:00:00,145.63874426618239,149.0387442661824,36.91900723106048
2023-01-24 08:00:00,145.6296963205808,149.0296963205808,36.470887121026436
2023-01-24 09:00:00,145.63693638857882,149.03693638857882,36.82929302252765
2023-01-24 10:00:00,145.6265764565768,149.0265764565768,36.31687663478841
2023-01-24 11:00:00,145.6249884429772,149.02498844297722,36.23858530419883
2023-01-24 12:00:00,145.6236440395224,149.0236440395224,36.172357138715945
2023-01-24 13:00:00,145.62823970406555,149.02823970406556,36.398949550289785
2023-01-24 14:00:00,145.62214170179897,149.02214170179897,36.09840613959298
2023-01-24 15:00:00,145.61586755900314,149.01586755900314,36.36902595379607
2023-01-24 16:00:00,145.61215734367613,149.01215734367614,36.18863744860967
2023-01-24 17:00:00,145.60690740034113,149.00690740034113,35.93400166503628
2023-01-24 18:00:00,145.59991761566815,148.99991761566815,35.59609628999232
2023-01-24 19:00:00,145.59793559526875,148.99793559526876,35.50051249249783
2023-01-24 20:00:00,145.59084547060573,148.99084547060573,35.15943039948051
2023-01-24 21:00:00,145.58867121447992,148.98867121447992,35.05509826644439
2023-01-24 22:00:00,145.58456311021632,148.98456311021633,34.85830873004807
2023-01-24 23:00:00,145.5827808631569,148.9827808631569,34.77307204941265
2023-01-25 00:00:00,145.5837768676901,148.9837768676901,34.82069607649354
2023-01-25 01:00:00,145.57733434863866,148.97733434863866,34.51310792311892
2023-01-25 02:00:00,145.57958828744046,148.97958828744046,34.62059459806372
2023-01-25 03:00:00,145.57925997918284,148.97925997918284,34.604929793332666
2023-01-25 04:00:00,145.5849595258628,148.98495952586282,34.87727881388082
2023-01-25 05:00:00,145.58150290934756,148.98150290934757,34.712004791124876
2023-01-25 06:00:00,145.58821244469453,148.98821244469454,35.033099950184415
2023-01-25 07:00:00,145.5834701523031,148.9834701523031,34.80602768050304
2023-01-25 08:00:00,145.59830343379085,148.99830343379085,35.51824389594004
2023-01-25 09:00:00,145.61212883767502,149.01212883767502,36.18725289254847
2023-01-25 10:00:00,145.6093606880794,149.0093606880794,36.05290292509579
2023-01-25 11:00:00,145.63431628462456,149.03431628462457,36.69942786104616
2023-01-25 12:00:00,145.64943004209834,149.04943004209835,37.45106001142962
2023-01-25 13:00:00,145.67125378823914,149.07125378823915,38.54711817602695
2023-01-25 14:00:00,145.69980184717073,149.09980184717074,39.999919071483475
2023-01-25 15:00:00,145.73903026875837,149.13903026875838,42.031147555925614
2023-01-25 16:00:00,145.778908860341,149.178908860341,44.13708726213603
2023-01-25 17:00:00,145.82319122073045,149.22319122073046,46.52358874498619
2023-01-25 18:00:00,145.85864161738547,149.25864161738548,48.47017464089579
2023-01-25 19:00:00,145.8993078825777,149.2993078825777,49.94117087359838
2023-01-25 20:00:00,145.9614220933715,149.36142209337152,52.76922199013191
2023-01-25 21:00:00,146.0135182112347,149.4135182112347,54.42441505703783
2023-01-25 22:00:00,146.0458203222981,149.44582032229812,56.41439745948314
2023-01-25 23:00:00,146.13315439709592,149.53315439709593,60.46013577224985
2023-01-26 00:00:00,146.14008847189373,149.54008847189374,60.91454939953708
2023-01-26 01:00:00,146.14282054895813,149.54282054895813,61.093965354190956
2023-01-26 02:00:00,146.14932676881836,149.54932676881836,61.52207923390217
2023-01-26 03:00:00,146.18303087761515,149.58303087761516,63.75892563084788
2023-01-26 04:00:00,146.19547094561315,149.59547094561316,64.59259452459452
2023-01-26 05:00:00,146.19534109294216,149.59534109294216,64.58387010807998
2023-01-26 06:00:00,146.21113521307197,149.61113521307198,65.64848474271342
2023-01-26 07:00:00,146.17853932186878,149.5785393218688,63.45899002433026
2023-01-26 08:00:00,146.18248738080038,149.5824873808004,63.72260210064495
2023-01-26 09:00:00,146.1868215689282,149.5868215689282,64.01249915224979
2023-01-26 10:00:00,146.15139171625722,149.55139171625723,61.65820413523964
2023-01-26 11:00:00,146.13483789078543,149.53483789078544,60.570335747161465
2023-01-26 12:00:00,146.12146397464963,149.52146397464963,59.69710737865015
2023-01-26 13:00:00,146.08371391798462,149.48371391798463,57.259732128262144
2023-01-26 14:00:00,146.08721814011145,149.48721814011145,57.48427311189468
2023-01-26 15:00:00,146.09501414464464,149.49501414464464,57.98507984570203
2023-01-26 16:00:00,146.09327230557327,149.49327230557327,57.87303530001099
2023-01-26 17:00:00,146.12792435997167,149.52792435997168,60.11829454218129
2023-01-26 18:00:00,146.10660050050086,149.50660050050087,58.73258118853742
2023-01-26 19:00:00,146.06666265689628,149.4666626568963,56.954514496927
2023-01-26 20:00:00,146.05652270222828,149.45652270222828,56.31618982326119
2023-01-26 21:00:00,146.0679587747595,149.4679587747595,57.036314308854294
2023-01-26 22:00:00,146.0890968450241,149.4890968450241,57.60480010168909
2023-01-26 23:00:00,146.0977289220885,149.4977289220885,58.15988186156343
2023-01-27 00:00:00,146.1154390240855,149.5154390240855,59.305376681274645
2023-01-27 01:00:00,146.12332304221832,149.52332304221832,59.818188567348805
2023-01-27 02:00:00,146.12435911474952,149.52435911474953,59.8857106162262
2023-01-27 03:00:00,146.11242315554833,149.51242315554833,59.10967831027188
2023-01-27 04:00:00,146.1132272643451,149.51322726434512,59.16183127572329
2023-01-27 05:00:00,146.13056933007653,149.53056933007653,60.29107592478654
2023-01-27 06:00:00,146.12949729834412,149.52949729834413,60.22102207088718
2023-01-27 07:00:00,146.09851550460473,149.49851550460474,58.21056850280661
2023-01-27 08:00:00,146.11641150913795,149.51641150913795,59.368535961791636
2023-01-27 09:00:00,146.16278542527374,149.56278542527374,62.411459125432266
2023-01-27 10:00:00,146.15403536860873,149.55403536860874,61.83265387752503
2023-01-27 11:00:00,146.11877720768013,149.51877720768013,59.522291518721175
2023-01-27 12:00:00,146.1171128268913,149.5171128268913,59.41410062427861
2023-01-27 13:00:00,146.12514233957225,149.52514233957226,59.936774508020584
2023-01-27 14:00:00,146.13292989985183,149.53292989985184,60.44544645194461
2023-01-27 15:00:00,146.1244815009302,149.5244815009302,59.89368867773564
2023-01-27 16:00:00,146.1126733966666,149.5126733966666,59.12590650084937
2023-01-27 17:00:00,146.1203595258628,149.5203595258628,59.62522103380536
2023-01-27 18:00:00,146.095565632393,149.495565632393,58.02057259747309
2023-01-27 19:00:00,146.06997761879342,149.46997761879342,57.16381990005996
2023-01-27 20:00:00,146.06479982052082,149.46479982052082,56.83703054967558
2023-01-27 21:00:00,146.06408195425024,149.46408195425025,56.791782611401025
2023-01-27 22:00:00,146.06228617637706,149.46228617637706,56.67865580312381
2023-01-27 23:00:00,146.05459627837405,149.45459627837405,56.195244151850495
2023-01-28 00:00:00,146.06681836677146,149.46681836677146,56.964339083046596
2023-01-28 01:00:00,146.00758052316687,149.40758052316687,54.061736984414125
2023-01-28 02:00:00,146.0202768676901,149.4202768676901,54.838417995929554
2023-01-28 03:00:00,145.9952450172857,149.3952450172857,53.311380118010916
2023-01-28 04:00:00,146.01705723034613,149.41705723034613,54.64104190914919
2023-01-28 05:00:00,146.00580129381092,149.40580129381092,53.95324937180594
2023-01-28 06:00:00,145.98795745700613,149.38795745700614,52.87005814322707
2023-01-28 07:00:00,145.99693159980194,149.39693159980195,53.413725640086696
2023-01-28 08:00:00,145.96953382419537,149.36953382419537,53.24723422171471
2023-01-28 09:00:00,145.99234980606258,149.39234980606258,53.13587548620771
2023-01-28 10:00:00,145.95152994205858,149.3515299420586,52.18862808739823
2023-01-28 11:00:00,145.97657577659675,149.37657577659675,52.183742314176385
2023-01-28 12:00:00,145.96914381286237,149.36914381286238,53.22421198706518
2023-01-28 13:00:00,145.94625357486936,149.34625357486937,51.87999706955775
2023-01-28 14:00:00,145.93871527794474,149.33871527794474,52.197589912065624
2023-01-28 15:00:00,145.9096571170161,149.30965711701612,50.529890896028164
2023-01-28 16:00:00,145.91837709435012,149.31837709435013,51.02807004475633
2023-01-28 17:00:00,145.9237530082193,149.3237530082193,51.33617368115633
2023-01-28 18:00:00,145.9116649946197,149.31166499461972,50.644429234259746
2023-01-28 19:00:00,145.8842951872807,149.28429518728072,49.09208095846537
2023-01-28 20:00:00,145.8957990694175,149.2957990694175,49.74219760228893
2023-01-28 21:00:00,145.8939348019587,149.2939348019587,49.63661040478992
2023-01-28 22:00:00,145.88437886542349,149.2843788654235,49.096797487677534
2023-01-28 23:00:00,145.88800871809448,149.2880087180945,49.30156900795465
2023-01-29 00:00:00,145.8741808631569,149.27418086315691,48.52332179407802
2023-01-29 01:00:00,145.86301659569807,149.26301659569808,48.712613847503995
2023-01-29 02:00:00,145.88815266822928,149.2881526682293,49.309696719189084
2023-01-29 03:00:00,145.86645266822927,149.26645266822928,48.09053042598915
2023-01-29 04:00:00,145.87322258889827,149.27322258889828,48.46957267458649
2023-01-29 05:00:00,145.86375655036608,149.26375655036608,47.9399085972021
2023-01-29 06:00:00,145.85867253223327,149.25867253223328,48.471886087960996
2023-01-29 07:00:00,145.87416842343646,149.27416842343646,48.52262390378795
2023-01-29 08:00:00,145.87355655036606,149.27355655036607,48.48830169963188
2023-01-29 09:00:00,145.85839872942748,149.25839872942748,48.456729195962836
2023-01-29 10:00:00,145.87495078382588,149.2749507838259,48.56652351735466
2023-01-29 11:00:00,145.8640929628873,149.2640929628873,47.958692361727714
2023-01-29 12:00:00,145.8687688767565,149.2687688767565,48.22007905215405
2023-01-29 13:00:00,145.8664628835563,149.2664628835563,48.09110147674052
2023-01-29 14:00:00,145.85387475662668,149.2538747566267,48.206570376179805
2023-01-29 15:00:00,145.8478707611599,149.2478707611599,47.875372118645224
2023-01-29 16:00:00,145.86389273622729,149.2638927362273,47.94751224956208
2023-01-29 17:00:00,145.8569089447545,149.2569089447545,48.374292469539846
2023-01-29 18:00:00,145.8516150512847,149.25161505128472,48.08181112531353
2023-01-29 19:00:00,145.85576733234313,149.25576733234314,48.311159738478224
2023-01-29 20:00:00,145.85469940940754,149.25469940940755,48.252131994780804
2023-01-29 21:00:00,145.86400551593775,149.26400551593775,47.95380943363855
2023-01-29 22:00:00,145.85142360886834,149.25142360886835,48.0712474542976
2023-01-29 23:00:00,145.83952149780495,149.23952149780496,47.41632137351544
2023-01-30 00:00:00,145.85057732101012,149.25057732101013,48.02456095206144
2023-01-30 01:00:00,145.87582937540853,149.27582937540853,48.615841759679775
2023-01-30 02:00:00,145.88471750233813,149.28471750233814,49.115886651526665
2023-01-30 03:00:00,145.86893348420534,149.26893348420535,48.22929107101543
2023-01-30 04:00:00,145.88292138447494,149.28292138447495,49.01467230522991
2023-01-30 05:00:00,145.86929952273755,149.26929952273755,48.24977841325123
2023-01-30 06:00:00,145.88444335954233,149.28444335954234,49.10043283060993
2023-01-30 07:00:00,145.87995534594273,149.27995534594274,48.84771379248022
2023-01-30 08:00:00,145.89877366553335,149.29877366553336,49.91085667663583
2023-01-30 09:00:00,145.89616201912298,149.296162019123,49.76276455353599
2023-01-30 10:00:00,145.89180596925777,149.29180596925778,49.516148709474166
2023-01-30 11:00:00,145.93422594659177,149.33422594659177,51.93852563190508
2023-01-30 12:00:00,145.91812183779496,149.31812183779496,51.01345926941341
2023-01-30 13:00:00,145.91882583326176,149.31882583326177,51.05375972404598
2023-01-30 14:00:00,145.93863970406557,149.33863970406557,52.193224530544974
2023-01-30 15:00:00,145.93150973806456,149.33150973806457,51.78203277069658
2023-01-30 16:00:00,145.95077988539356,149.35077988539356,52.14471031550698
2023-01-30 17:00:00,145.96077400552338,149.36077400552338,52.731105545362965
2023-01-30 18:00:00,145.95365602592278,149.3536560259228,52.31319619657768
2023-01-30 19:00:00,145.95429221178398,149.35429221178399,52.350493670084724
2023-01-30 20:00:00,145.9808762299168,149.3808762299168,52.442638183762234
2023-01-30 21:00:00,145.97797223445,149.37797223445,52.26775566896016
2023-01-30 22:00:00,145.99253250644202,149.39253250644202,53.14694374555317
2023-01-30 23:00:00,145.97341652457482,149.37341652457482,53.47664579482523
2023-01-31 00:00:00,145.98222251777503,149.38222251777503,52.52379270658192
2023-01-31 01:00:00,145.9831285109752,149.3831285109752,52.578434424662404
2023-01-31 02:00:00,145.98344860163922,149.38344860163923,52.59774497334477
2023-01-31 03:00:00,145.95620465150444,149.35620465150444,52.46267770164193
2023-01-31 04:00:00,145.98683484416543,149.38683484416543,52.80220514479106
2023-01-31 05:00:00,145.98252086003163,149.38252086003163,52.541783635991166
2023-01-31 06:00:00,146.00682285776503,149.40682285776504,54.01552806225546
2023-01-31 07:00:00,145.96128301642705,149.36128301642705,52.76104143192778
2023-01-31 08:00:00,145.97261121135466,149.37261121135467,53.429030978086786
2023-01-31 09:00:00,145.98017913429027,149.38017913429027,52.40063683522457
2023-01-31 10:00:00,145.97463318642207,149.37463318642207,53.54861411689166
2023-01-31 11:00:00,145.97340310709106,149.37340310709106,53.475852335915576
2023-01-31 12:00:00,145.96829289176404,149.36829289176404,53.17399623187284
2023-01-31 13:00:00,145.96994260843903,149.36994260843903,53.27136888924014
2023-01-31 14:00:00,145.9568744588434,149.3568744588434,52.501991421820385
2023-01-31 15:00:00,145.9696342775154,149.36963427751542,53.25316459155206
2023-01-31 16:00:00,145.9725602480496,149.3725602480496,53.42601830093184
2023-01-31 17:00:00,145.932702313781,149.332702313781,51.850719103968146
2023-01-31 18:00:00,145.954832393112,149.35483239311202,52.38217106184552
2023-01-31 19:00:00,145.9415144135114,149.34151441351142,52.35937951407268
2023-01-31 20:00:00,145.94428866963722,149.34428866963722,52.519928645614016
2023-01-31 21:00:00,145.93437080336662,149.33437080336662,51.94687678025236
2023-01-31 22:00:00,145.91671874896824,149.31671874896824,50.933176956156764
2023-01-31 23:00:00,145.91084683056584,149.31084683056585,50.597744966865804
2023-02-01 00:00:00,145.91373672856884,149.31373672856884,50.76271893467116
2023-02-01 01:00:00,145.91523073536862,149.31523073536863,50.84809066554512
2023-02-01 02:00:00,145.90342673990182,149.30342673990182,50.17514295787563
2023-02-01 03:00:00,145.89068889629723,149.29068889629724,49.45298509018674
2023-02-01 04:00:00,145.87384894162923,149.27384894162924,48.50470178580242
2023-02-01 05:00:00,145.88155704589286,149.28155704589287,48.93784529134486
2023-02-01 06:00:00,145.86475316375606,149.26475316375607,47.99556356907369
2023-02-01 07:00:00,145.85808335641707,149.25808335641707,48.439273453486706
2023-02-01 08:00:00,145.8368875785439,149.2368875785439,47.271873165824125
2023-02-01 09:00:00,145.8415395196123,149.2415395196123,47.527112054654744
2023-02-01 10:00:00,145.83709345841407,149.23709345841408,47.283157584748636
2023-02-01 11:00:00,145.8209556148095,149.2209556148095,46.40190275274161
2023-02-01 12:00:00,145.80997936095028,149.20997936095029,45.80630678796759
2023-02-01 13:00:00,145.81341920228826,149.21341920228826,45.99262905613348
2023-02-01 14:00:00,145.81439688723083,149.21439688723083,46.045641491052976
2023-02-01 15:00:00,145.80323273310202,149.20323273310203,45.44174846824507
2023-02-01 16:00:00,145.8005185223082,149.20051852230822,45.29541320161049
2023-02-01 17:00:00,145.78212862430522,149.18212862430522,44.30891236782345
2023-02-01 18:00:00,145.78224260843902,149.18224260843903,44.315000109702176
2023-02-01 19:00:00,145.77848855630722,149.17848855630723,44.11467713225374
2023-02-01 20:00:00,145.776592551774,149.176592551774,44.01364094011187
2023-02-01 21:00:00,145.77231464017143,149.17231464017144,43.78601585539722
2023-02-01 22:00:00,145.7610844475104,149.1610844475104,43.190712959317224
2023-02-01 23:00:00,145.7570444928424,149.1570444928424,42.977356277950065
2023-02-02 00:00:00,145.7682845608404,149.16828456084042,43.57200986238188
2023-02-02 01:00:00,145.7487942095174,149.1487942095174,42.54295910114003
2023-02-02 02:00:00,145.7383744588434,149.1383744588434,41.9968598004226
2023-02-02 03:00:00,145.7404282843152,149.1404282843152,42.104277457698245
2023-02-02 04:00:00,145.7363980916542,149.1363980916542,41.89359696238434
2023-02-02 05:00:00,145.7330641301864,149.1330641301864,41.719631971714236
2023-02-02 06:00:00,145.7168801120536,149.1168801120536,40.879275900622574
2023-02-02 07:00:00,145.7182882163172,149.1182882163172,40.952119974223535
2023-02-02 08:00:00,145.71114015738559,149.1111401573856,40.58287349015689
2023-02-02 09:00:00,145.70219010072057,149.10219010072058,40.12242955814412
2023-02-02 10:00:00,145.70372594659176,149.10372594659177,40.20129315597926
2023-02-02 11:00:00,145.70255368819934,149.10255368819935,40.14109368439747
2023-02-02 12:00:00,145.70295768366614,149.10295768366615,40.161836156034134
2023-02-02 13:00:00,145.69138142980694,149.09138142980694,39.569172677995056
2023-02-02 14:00:00,145.68558519861372,149.08558519861373,39.27375146345591
2023-02-02 15:00:00,145.67492503995172,149.07492503995172,38.73274123141258
2023-02-02 16:00:00,145.6699189334215,149.06991893342152,38.479714702450025
2023-02-02 17:00:00,145.6663768676901,149.0663768676901,38.301086958503525
2023-02-02 18:00:00,145.6591830875503,149.0591830875503,37.93932591055248
2023-02-02 19:00:00,145.65188896742052,149.05188896742052,37.573922427388
2023-02-02 20:00:00,145.64408108981692,149.04408108981693,37.18435103242451
2023-02-02 21:00:00,145.6424350286187,149.0424350286187,37.10242875807234
2023-02-02 22:00:00,145.62900728701112,149.02900728701113,36.43685090421122
2023-02-02 23:00:00,145.62698730967713,149.02698730967714,36.33714328090603
2023-02-03 00:00:00,145.62457743434013,149.02457743434013,36.21833300437827
2023-02-03 01:00:00,145.62943148647193,149.02943148647194,36.4578035967863
2023-02-03 02:00:00,145.62262172446495,149.02262172446495,36.1220281707485
2023-02-03 03:00:00,145.61702994205856,149.01702994205857,36.42561412865805
2023-02-03 04:00:00,145.6124703500466,149.0124703500466,36.20384177677125
2023-02-03 05:00:00,145.6101105313746,149.0101105313746,36.089276240172396
2023-02-03 06:00:00,145.60142685323183,149.00142685323183,35.668948858684445
2023-02-03 07:00:00,145.60245904362625,149.00245904362626,35.71880813467112
2023-02-03 08:00:00,145.59557936095027,148.99557936095027,35.38701585723744
2023-02-03 09:00:00,145.5860256488085,148.9860256488085,34.928317565744614
2023-02-03 10:00:00,145.58245384373612,148.98245384373612,34.75744127854121
2023-02-03 11:00:00,145.58386594346652,148.98386594346653,34.824956511073125
2023-02-03 12:00:00,145.57427216332673,148.97427216332673,34.367291570778264
2023-02-03 13:00:00,145.57335207266271,148.97335207266272,34.32352658789783
2023-02-03 14:00:00,145.5704280998619,148.97042809986192,34.18459318892374
2023-02-03 15:00:00,145.56528004093033,148.96528004093034,33.940529827158784
2023-02-03 16:00:00,145.55573609079553,148.95573609079554,33.48991503814336
2023-02-03 17:00:00,145.55187627212354,148.95187627212354,33.30835955027959
2023-02-03 18:00:00,145.54958837185393,148.94958837185393,33.20092930060033
2023-02-03 19:00:00,145.54225652144956,148.94225652144956,32.85759221236865
2023-02-03 20:00:00,145.53896651011655,148.93896651011656,32.703991360203204
2023-02-03 21:00:00,145.53434042625236,148.93434042625236,32.4885005415092
2023-02-03 22:00:00,145.53161456904814,148.93161456904815,32.361792434348935
2023-02-03 23:00:00,145.52893055091536,148.92893055091537,32.237222758773534
2023-02-04 00:00:00,145.52333465971216,148.92333465971217,31.978126690842643
2023-02-04 01:00:00,145.52214864384595,148.92214864384596,31.923320271953287
2023-02-04 02:00:00,145.52469248065074,148.92469248065075,32.04091847441624
2023-02-04 03:00:00,145.51792855318195,148.91792855318195,31.72861275397941
2023-02-04 04:00:00,145.51967039225335,148.91967039225335,31.808920379029637
2023-02-04 05:00:00,145.51189225399074,148.91189225399074,31.450937443485522
2023-02-04 06:00:00,145.51044607946253,148.91044607946253,31.384557121074582
2023-02-04 07:00:00,145.50536805452992,148.90536805452993,31.151917166322345
2023-02-04 08:00:00,145.5072878052039,148.9072878052039,31.23978545394632
2023-02-04 09:00:00,145.5022956828075,148.9022956828075,31.011498714469948
2023-02-04 10:00:00,145.50570144934767,148.90570144934767,31.16716976891486
2023-02-04 11:00:00,145.50045516148947,148.90045516148948,30.927501838394104
2023-02-04 12:00:00,145.49210887363125,148.89210887363126,30.547742381934334
2023-02-04 13:00:00,145.4942944361774,148.8942944361774,30.64700494180619
2023-02-04 14:00:00,145.48367999872357,148.88367999872358,30.16613227650343
2023-02-04 15:00:00,145.48437566326675,148.88437566326675,30.19755521838829
2023-02-04 16:00:00,145.48084158846893,148.88084158846894,30.03805787032859
2023-02-04 17:00:00,145.47026556126974,148.87026556126975,29.562769076069532
2023-02-04 18:00:00,145.46890562926774,148.86890562926774,29.501873623453093
2023-02-04 19:00:00,145.46630962473455,148.86630962473455,29.385768433165087
2023-02-04 20:00:00,145.46487566326675,148.86487566326676,29.32171366043208
2023-02-04 21:00:00,145.46605557260276,148.86605557260276,29.37441589994341
2023-02-04 22:00:00,145.46080762700115,148.86080762700115,29.14029973840793
2023-02-04 23:00:00,145.46733548193873,148.86733548193874,29.431627570938783
2023-02-05 00:00:00,145.46735734367613,148.86735734367613,29.432605172638382
2023-02-05 01:00:00,145.46243114648192,148.86243114648192,29.212646523504645
2023-02-05 02:00:00,145.4614551192827,148.8614551192827,29.16914449153611
2023-02-05 03:00:00,145.4538869696871,148.8538869696871,28.832709024625323
2023-02-05 04:00:00,145.4505588880895,148.8505588880895,28.6852566449202
2023-02-05 05:00:00,145.4429308064919,148.8429308064919,28.34843252650054
2023-02-05 06:00:00,145.43430871809448,148.8343087180945,27.969635626085914
2023-02-05 07:00:00,145.42892258889827,148.82892258889828,27.734040520406086
2023-02-05 08:00:00,145.42433257756528,148.8243325775653,27.533898070083023
2023-02-05 09:00:00,145.43224445063566,148.83224445063567,27.879248133513567
2023-02-05 10:00:00,145.42682236223825,148.82682236223826,27.642390467389372
2023-02-05 11:00:00,145.42544633503906,148.82544633503906,27.58240896918939
2023-02-05 12:00:00,145.42721014917785,148.82721014917786,27.659303645734425
2023-02-05 13:00:00,145.42421991118482,148.82421991118483,27.52899266784676
2023-02-05 14:00:00,145.4258476527924,148.82584765279242,27.59989716415887
2023-02-05 15:00:00,145.4265536459926,148.82655364599262,27.63067293898138
2023-02-05 16:00:00,145.4295175734614,148.8295175734614,27.76002661356167
2023-02-05 17:00:00,145.42447573439003,148.82447573439003,27.540131505692326
2023-02-05 18:00:00,145.42301192025124,148.82301192025125,27.476419700861662
2023-02-05 19:00:00,145.42262213557825,148.82262213557826,27.459464463218637
2023-02-05 20:00:00,145.42256220357626,148.82256220357627,27.45685785330306
2023-02-05 21:00:00,145.42271625570805,148.82271625570806,27.463558209936114
2023-02-05 22:00:00,145.42825632370605,148.82825632370606,27.70495278388552
2023-02-05 23:00:00,145.42565455263266,148.82565455263267,27.591481898896717
2023-02-06 00:00:00,145.4233487860925,148.8233487860925,27.491076395291486
2023-02-06 01:00:00,145.4210150512847,148.82101505128472,27.38960214909634
2023-02-06 02:00:00,145.4282691034165,148.82826910341652,27.705510604303754
2023-02-06 03:00:00,145.4231272643451,148.82312726434512,27.481437854556024
2023-02-06 04:00:00,145.42447943207353,148.82447943207353,27.54029252031721
2023-02-06 05:00:00,145.41998354087033,148.81998354087034,27.344798393860813
2023-02-06 06:00:00,145.41898576526376,148.81898576526376,27.30148783403107
2023-02-06 07:00:00,145.41216801232318,148.81216801232318,27.006284310948462
2023-02-06 08:00:00,145.42227999872358,148.8222799987236,27.44458530756447
2023-02-06 09:00:00,145.419502313781,148.81950231378102,27.32390628625414
2023-02-06 10:00:00,145.4205343908454,148.8205343908454,27.368720965644986
2023-02-06 11:00:00,145.4179584769762,148.8179584769762,27.25692490996077
2023-02-06 12:00:00,145.42117246111002,148.82117246111002,27.396441840268096
2023-02-06 13:00:00,145.42328410752037,148.82328410752038,27.488262053063224
2023-02-06 14:00:00,145.42495779699615,148.82495779699616,27.561125966346705
2023-02-06 15:00:00,145.42205357486935,148.82205357486936,27.43474015698358
2023-02-06 16:00:00,145.42114558393575,148.82114558393576,27.395273938685367
2023-02-06 17:00:00,145.41469940940755,148.81469940940755,27.115742033775458
2023-02-06 18:00:00,145.39468331421034,148.79468331421035,26.25509101225474
2023-02-06 19:00:00,145.38544935274254,148.78544935274255,25.861800173617393
2023-02-06 20:00:00,145.39106533460972,148.79106533460973,26.100711959812177
2023-02-06 21:00:00,145.4169611124829,148.81696111248291,27.21368791902591
2023-02-06 22:00:00,145.44095888808948,148.8409588880895,28.26161988976575
2023-02-06 23:00:00,145.4411988427575,148.8411988427575,28.272178071820743
2023-02-07 00:00:00,145.4324168223581,148.8324168223581,27.886791246635593
2023-02-07 01:00:00,145.41630871809448,148.8163087180945,27.185420666493194
2023-02-07 02:00:00,145.41795655036609,148.8179565503661,27.25684136255102
2023-02-07 03:00:00,145.4065168223581,148.8065168223581,26.762566059490645
2023-02-07 04:00:00,145.40221659569806,148.80221659569807,26.57770321907103
2023-02-07 05:00:00,145.39793035317186,148.79793035317186,26.3939519487796
2023-02-07 06:00:00,145.39744233957225,148.79744233957226,26.3730631431289
2023-02-07 07:00:00,145.39573634637208,148.79573634637208,26.30009225502132
2023-02-07 08:00:00,145.39763845743548,148.79763845743548,26.38145692544463
2023-02-07 09:00:00,145.38806653903308,148.78806653903308,25.973029626362948
2023-02-07 10:00:00,145.39243857076548,148.79243857076548,26.15926501272604
2023-02-07 11:00:00,145.3873506704959,148.7873506704959,25.942586507305055
2023-02-07 12:00:00,145.3921706478299,148.7921706478299,26.147836996863383
2023-02-07 13:00:00,145.38711459796468,148.7871145979647,25.932550387497614
2023-02-07 14:00:00,145.38987042116986,148.78987042116987,26.049805073515657
2023-02-07 15:00:00,145.38649450730068,148.7864945073007,25.906195955656305
2023-02-07 16:00:00,145.38825477929268,148.78825477929269,25.981037127537604
2023-02-07 17:00:00,145.3867928495573,148.78679284955732,25.918874442020744
2023-02-07 18:00:00,145.3890089447545,148.7890089447545,26.01312826775514
2023-02-07 19:00:00,145.3876250399517,148.7876250399517,25.954252690787442
2023-02-07 20:00:00,145.38047732101012,148.78047732101012,25.651016964017114
2023-02-07 21:00:00,145.38356721901312,148.78356721901312,25.78192825884531
2023-02-07 22:00:00,145.38070129381092,148.78070129381092,25.660497172569112
2023-02-07 23:00:00,145.37445135047594,148.77445135047594,25.39647906609339
2023-02-08 00:00:00,145.37653747967215,148.77653747967216,25.484482553740683
2023-02-08 01:00:00,145.37309175846397,148.77309175846398,25.33919015209504
2023-02-08 02:00:00,145.37241584459477,148.77241584459478,25.31072853800368
2023-02-08 03:00:00,145.36887800099018,148.76887800099018,25.16196463999134
2023-02-08 04:00:00,145.36679609392078,148.7667960939208,25.074585891238335
2023-02-08 05:00:00,145.3643063092478,148.76430630924781,24.97024801477784
2023-02-08 06:00:00,145.3650162979148,148.7650162979148,24.999983335412573
2023-02-08 07:00:00,145.3646184089782,148.7646184089782,24.98331744538156
2023-02-08 08:00:00,145.3642005427076,148.7642005427076,24.965819575305694
2023-02-08 09:00:00,145.36290054270762,148.76290054270763,24.911414310580792
2023-02-08 10:00:00,145.35790254044102,148.75790254044102,24.702689310079943
2023-02-08 11:00:00,145.3634204067116,148.76342040671162,24.9331650283635
2023-02-08 12:00:00,145.3656402707156,148.7656402707156,25.02612787663576
2023-02-08 13:00:00,145.36361396019137,148.76361396019138,24.941265099645882
2023-02-08 14:00:00,145.36206379019637,148.76206379019638,24.876421165093557
2023-02-08 15:00:00,145.35949153180394,148.75949153180395,24.768972094139627
2023-02-08 16:00:00,145.36594535727573,148.76594535727574,25.03891502164888
2023-02-08 17:00:00,145.35891938674155,148.75891938674155,24.7450975947422
2023-02-08 18:00:00,145.35951727567812,148.75951727567812,24.770046552386077
2023-02-08 19:00:00,145.36024113514893,148.76024113514893,24.80026551746563
2023-02-08 20:00:00,145.35530106715092,148.75530106715092,24.59432554060063
2023-02-08 21:00:00,145.35818885409049,148.7581888540905,24.714627277618582
2023-02-08 22:00:00,145.35520860476447,148.75520860476448,24.590477548670222
2023-02-08 23:00:00,145.35766631237306,148.75766631237306,24.692841418955677
2023-02-09 00:00:00,145.35751991118482,148.75751991118483,24.686739025032416
2023-02-09 01:00:00,145.3548376641254,148.7548376641254,24.575042594411777
2023-02-09 02:00:00,145.3588674034664,148.7588674034664,24.742928890285942
2023-02-09 03:00:00,145.35950302267756,148.75950302267756,24.769451680255177
2023-02-09 04:00:00,145.35981090028116,148.75981090028117,24.782302723608186
2023-02-09 05:00:00,145.36364651949233,148.76364651949234,24.942627785937468
2023-02-09 06:00:00,145.3742243177649,148.77422431776492,25.386909025449302
2023-02-09 07:00:00,145.3728180979047,148.77281809790472,25.32766521753662
2023-02-09 08:00:00,145.37865982364607,148.77865982364608,25.574138677924502
2023-02-09 09:00:00,145.38450965365107,148.78450965365107,25.821909907356158
2023-02-09 10:00:00,145.38413351312187,148.78413351312187,25.805949629236935
2023-02-09 11:00:00,145.38772940432506,148.78772940432506,25.95869081252695
2023-02-09 12:00:00,145.40678111873342,148.80678111873343,26.773944635363822
2023-02-09 13:00:00,145.38948933632705,148.78948933632705,26.033578081367217
2023-02-09 14:00:00,145.40309122073043,148.80309122073044,26.615261027249858
2023-02-09 15:00:00,145.41024150405545,148.81024150405545,26.923100723232324
2023-02-09 16:00:00,145.4102881319037,148.81028813190372,26.925112827925766
2023-02-09 17:00:00,145.43086860788975,148.83086860788976,27.81906950833399
2023-02-09 18:00:00,145.43998903854376,148.83998903854376,28.21896187032496
2023-02-09 19:00:00,145.4481913762672,148.8481913762672,28.580546962035406
2023-02-09 20:00:00,145.4673018182542,148.86730181825422,29.430122241360515
2023-02-09 21:00:00,145.48611802678144,148.88611802678145,30.276314633742633
2023-02-09 22:00:00,145.49196831010647,148.89196831010648,30.541362761746736
2023-02-09 23:00:00,145.49464644836905,148.89464644836906,30.663004461127024
2023-02-10 00:00:00,145.4917587747595,148.8917587747595,30.53185377391396
2023-02-10 01:00:00,145.4910668790231,148.8910668790231,30.500463054722566
2023-02-10 02:00:00,145.4982688767565,148.8982688767565,30.827843620127755
2023-02-10 03:00:00,145.5026750966167,148.90267509661672,31.028825557208016
2023-02-10 04:00:00,145.51040917141452,148.91040917141453,31.382863752601228
2023-02-10 05:00:00,145.50033337087532,148.90033337087533,30.921946828550297
2023-02-10 06:00:00,145.50898942074053,148.90898942074054,31.317752291256976
2023-02-10 07:00:00,145.51610551593774,148.91610551593774,31.644648473150777
2023-02-10 08:00:00,145.52764957940255,148.92764957940255,32.17783853464352
2023-02-10 09:00:00,145.52860574259776,148.92860574259777,32.22216091013419
2023-02-10 10:00:00,145.53431784232816,148.93431784232817,32.487449942121174
2023-02-10 11:00:00,145.54256978339657,148.94256978339658,32.872232489919206
2023-02-10 12:00:00,145.54668587859376,148.94668587859377,33.06484017401339
2023-02-10 13:00:00,145.54800585592776,148.94800585592776,33.12670219706083
2023-02-10 14:00:00,145.55328787632718,148.95328787632718,33.3747118256654
2023-02-10 15:00:00,145.55047400552337,148.95047400552338,33.24249849370217
2023-02-10 16:00:00,145.5532481483192,148.9532481483192,33.37284369342685
2023-02-10 17:00:00,145.54855025938258,148.94855025938259,33.15222966542203
2023-02-10 18:00:00,145.5539242888484,148.9539242888484,33.40464358718273
2023-02-10 19:00:00,145.54990453817442,148.94990453817442,33.215766884578244
2023-02-10 20:00:00,145.55594272176901,148.95594272176902,33.499645533554414
2023-02-10 21:00:00,145.55702086003163,148.95702086003163,33.55043467089154
2023-02-10 22:00:00,145.57350887363123,148.97350887363123,34.33098339740664
2023-02-10 23:00:00,145.57492308442505,148.97492308442506,34.39826672014898
2023-02-11 00:00:00,145.58899100736065,148.98899100736065,35.07043581468487
2023-02-11 01:00:00,145.60185904362626,149.00185904362627,35.68982214023704
2023-02-11 02:00:00,145.61926503682645,149.01926503682645,35.95697431158797
2023-02-11 03:00:00,145.64479711389086,149.04479711389087,37.22000915133536
2023-02-11 04:00:00,145.67809911162425,149.07809911162425,38.89351362150372
2023-02-11 05:00:00,145.70713318642206,149.10713318642206,40.37647135516704
2023-02-11 06:00:00,145.74105527481947,149.14105527481948,42.13709171532698
2023-02-11 07:00:00,145.77085738588286,149.17085738588287,43.70858407064881
2023-02-11 08:00:00,145.79332542214848,149.1933254221485,44.908514741630796
2023-02-11 09:00:00,145.82187947428028,149.22187947428029,46.45217377918224
2023-02-11 10:00:00,145.80943329975207,149.20943329975208,45.776756695816864
2023-02-11 11:00:00,145.83726726121986,149.23726726121987,47.292684676093906
2023-02-11 12:00:00,145.82515116602266,149.22515116602267,46.63037513153995
2023-02-11 13:00:00,145.84254505949247,149.24254505949247,47.58235543501266
2023-02-11 14:00:00,145.84239677390082,149.24239677390082,47.57420715562734
2023-02-11 15:00:00,145.8350884429772,149.2350884429772,47.173307144952986
2023-02-11 16:00:00,145.84766624124978,149.2476662412498,47.86410628134782
2023-02-11 17:00:00,145.83624814831919,149.2362481483192,47.236832420064474
2023-02-11 18:00:00,145.8134542548494,149.2134542548494,45.994529268306984
2023-02-11 19:00:00,145.81448222311698,149.214482223117,46.05026976760942
2023-02-11 20:00:00,145.811282109787,149.211282109787,45.87683582038973
2023-02-11 21:00:00,145.813801973791,149.213801973791,46.0133809402397
2023-02-11 22:00:00,145.80070785366115,149.20070785366116,45.30561477709295
2023-02-11 23:00:00,145.78838976073055,149.18838976073056,44.64380665777473
2023-02-12 00:00:00,145.79550374486436,149.19550374486437,45.025540990036596
2023-02-12 01:00:00,145.7873372530121,149.18733725301212,44.58743984008461
2023-02-12 02:00:00,145.77781328021132,149.17781328021132,44.07868171748413
2023-02-12 03:00:00,145.7727070603511,149.17270706035112,43.80687662547767
2023-02-12 04:00:00,145.7617808631569,149.1617808631569,43.227534516752876
2023-02-12 05:00:00,145.7513249266217,149.1513249266217,42.676019705342455
2023-02-12 06:00:00,145.7396367996921,149.1396367996921,42.06286881718915
2023-02-12 07:00:00,145.7305348019587,149.1305348019587,41.58784570875502
2023-02-12 08:00:00,145.72773679969208,149.1277367996921,41.442255012616684
2023-02-12 09:00:00,145.72355266822927,149.12355266822928,41.224919978736686
2023-02-12 10:00:00,145.71577452996667,149.11577452996667,40.822118269673076
2023-02-12 11:00:00,145.71306831010645,149.11306831010646,40.68234408365121
2023-02-12 12:00:00,145.70263611971205,149.10263611971206,40.145325644500325
2023-02-12 13:00:00,145.70136186358621,149.10136186358622,40.07992641998238
2023-02-12 14:00:00,145.6984376641254,149.0984376641254,39.93000769677409
2023-02-12 15:00:00,145.6905936006606,149.0905936006606,39.528966758388215
2023-02-12 16:00:00,145.6804876074604,149.0804876074604,39.01467078111916
2023-02-12 17:00:00,145.6763315575952,149.0763315575952,38.80395099065306
2023-02-12 18:00:00,145.6644014782642,149.06440147826422,38.20161175923802
2023-02-12 19:00:00,145.6661594125328,149.0661594125328,38.29013144440805
2023-02-12 20:00:00,145.6571994805308,149.0571994805308,37.83981587098178
2023-02-12 21:00:00,145.6471595258628,149.0471595258628,37.33775460369313
2023-02-12 22:00:00,145.6422095825278,149.04220958252782,37.091214234035846
2023-02-12 23:00:00,145.6362475394624,149.0362475394624,36.79513251424948
2023-02-13 00:00:00,145.6219215689282,149.0219215689282,36.08757541525888
2023-02-13 01:00:00,145.6271334419986,149.02713344199861,36.344352816427026
2023-02-13 02:00:00,145.61550735813438,149.01550735813439,36.351497474832826
2023-02-13 03:00:00,145.61425530373597,149.01425530373598,36.290594965417164
2023-02-13 04:00:00,145.6056213422682,149.0056213422682,35.87173424322
2023-02-13 05:00:00,145.5958592992028,148.9958592992028,35.400492495641515
2023-02-13 06:00:00,145.59988116094019,148.9998811609402,35.594337316897146
2023-02-13 07:00:00,145.59873110427517,148.99873110427518,35.53886391039583
2023-02-13 08:00:00,145.59174708614236,148.99174708614237,35.2027309800976
2023-02-13 09:00:00,145.58884897054577,148.98884897054577,35.06362327266366
2023-02-13 10:00:00,145.59040490708097,148.99040490708097,35.138279848479144
2023-02-13 11:00:00,145.58780490708097,148.98780490708097,35.013562883703855
2023-02-13 12:00:00,145.58268082095015,148.98268082095015,34.76828996520453
2023-02-13 13:00:00,145.57775884588276,148.97775884588276,34.5333412869539
2023-02-13 14:00:00,145.57220878921774,148.97220878921775,34.26917631416578
2023-02-13 15:00:00,145.56708281868356,148.96708281868356,34.02591778645005
2023-02-13 16:00:00,145.57146683681634,148.97146683681635,34.23392325557705
2023-02-13 17:00:00,145.56662300001156,148.96662300001157,34.004130477594714
2023-02-13 18:00:00,145.56248915187376,148.96248915187377,33.808509636560146
2023-02-13 19:00:00,145.56453321533857,148.96453321533858,33.90518182919815
2023-02-13 20:00:00,145.55820136493418,148.95820136493418,33.606081408744636
2023-02-13 21:00:00,145.55552756212842,148.95552756212842,33.48009632448033
2023-02-13 22:00:00,145.5492136913246,148.94921369132462,33.18334909712029
2023-02-13 23:00:00,145.544395711724,148.944395711724,32.95761904416435
2023-02-14 00:00:00,145.54057596105002,148.94057596105003,32.77909587175025
2023-02-14 01:00:00,145.54177196558322,148.94177196558323,32.834951662903606
2023-02-14 02:00:00,145.53715986585283,148.93715986585283,32.61976699930119
2023-02-14 03:00:00,145.53132601771503,148.93132601771504,32.34839107614355
2023-02-14 04:00:00,145.53266996784984,148.93266996784985,32.410827847593964
2023-02-14 05:00:00,145.52700204491424,148.92700204491425,32.14783631987109
2023-02-14 06:00:00,145.52605210157924,148.92605210157924,32.103842856446875
2023-02-14 07:00:00,145.51400415597766,148.91400415597766,31.547975829711124
2023-02-14 08:00:00,145.51806608571303,148.91806608571304,31.73495074904295
2023-02-14 09:00:00,145.51928206758024,148.91928206758024,31.791009606560735
2023-02-14 10:00:00,145.51818994518382,148.91818994518383,31.7406590735273
2023-02-14 11:00:00,145.51915587038602,148.91915587038602,31.78518985824113
2023-02-14 12:00:00,145.5155196845248,148.9155196845248,31.617685522804994
2023-02-14 13:00:00,145.5127815009302,148.9127815009302,31.491782287668705
2023-02-14 14:00:00,145.51313321533857,148.91313321533858,31.507943066974683
2023-02-14 15:00:00,145.50574120627218,148.90574120627218,31.1689888224268
2023-02-14 16:00:00,145.50194297734555,148.90194297734556,30.9953950448358
2023-02-14 17:00:00,145.49998492974697,148.89998492974698,30.906056232916583
2023-02-14 18:00:00,145.49080468042095,148.89080468042096,30.488570702832476
2023-02-14 19:00:00,145.4937583925627,148.89375839256272,30.622647315315056
2023-02-14 20:00:00,145.4874998916441,148.8874998916441,30.338836896687916
2023-02-14 21:00:00,145.4785523993625,148.87855239936252,29.934924196614762
2023-02-14 22:00:00,145.48671444242794,148.88671444242794,30.303293039519527
2023-02-14 23:00:00,145.48338213870352,148.88338213870352,30.152682037224167
2023-02-15 00:00:00,145.48083396644188,148.88083396644188,30.03771424362164
2023-02-15 01:00:00,145.4731158735113,148.8731158735113,29.690564129396957
2023-02-15 02:00:00,145.4711118780445,148.8711118780445,29.600691058990286
2023-02-15 03:00:00,145.4703138757779,148.8703138757779,29.564933441775725
2023-02-15 04:00:00,145.47009578284727,148.87009578284727,29.555163942090267
2023-02-15 05:00:00,145.46575793924268,148.86575793924268,29.36111813494878
2023-02-15 06:00:00,145.4634320820385,148.8634320820385,29.257285662494382
2023-02-15 07:00:00,145.4558344197619,148.85583441976192,28.919132008149585
2023-02-15 08:00:00,145.45562254669153,148.85562254669154,28.909724593624144
2023-02-15 09:00:00,145.45842676881836,148.85842676881836,29.034334471383847
2023-02-15 10:00:00,145.44577305667656,148.84577305667656,28.473748359482453
2023-02-15 11:00:00,145.45805895921276,148.85805895921277,29.01797807776636
2023-02-15 12:00:00,145.44936917453978,148.8493691745398,28.63261916507046
2023-02-15 13:00:00,145.45344908387577,148.85344908387577,28.813290992323047
2023-02-15 14:00:00,145.44434708614236,148.84434708614236,28.410849168795124
2023-02-15 15:00:00,145.44678304534358,148.84678304534359,28.5183323523579
2023-02-15 16:00:00,145.43965519040597,148.83965519040598,28.2042838034888
2023-02-15 17:00:00,145.4368033626676,148.8368033626676,28.07902403254354
2023-02-15 18:00:00,145.439145428399,148.839145428399,28.18187734860452
2023-02-15 19:00:00,145.43303566639202,148.83303566639202,27.91387904106177
2023-02-15 20:00:00,145.4377975961274,148.83779759612742,28.122668056600148
2023-02-15 21:00:00,145.4403576414594,148.8403576414594,28.23517152416611
2023-02-15 22:00:00,145.43980570039102,148.83980570039103,28.210900792252094
2023-02-15 23:00:00,145.43806585905304,148.83806585905305,28.13444868135082
2023-02-16 00:00:00,145.43454576838903,148.83454576838903,27.98002277010656
2023-02-16 01:00:00,145.43271979785482,148.83271979785482,27.900051654957526
2023-02-16 02:00:00,145.4281195711948,148.8281195711948,27.698983967222727
2023-02-16 03:00:00,145.4252215689282,148.8252215689282,27.572616289607904
2023-02-16 04:00:00,145.4198594125328,148.8198594125328,27.339408845336553
2023-02-16 05:00:00,145.42490102494418,148.82490102494418,27.55865313635922
2023-02-16 06:00:00,145.43163509974198,148.831635099742,27.85258903456208
2023-02-16 07:00:00,145.44243532640198,148.84243532640198,28.32660926679227
2023-02-16 08:00:00,145.46944542839898,148.869445428399,29.526038903038568
2023-02-16 09:00:00,145.71385884588275,149.11385884588276,40.72315482416394
2023-02-16 10:00:00,145.76917283001654,149.16917283001655,43.61914285411262
2023-02-16 11:00:00,145.71773886854876,149.11773886854877,40.923694934952586
2023-02-16 12:00:00,145.72968470308695,149.12968470308695,41.54359023435695
2023-02-16 13:00:00,145.76296638349632,149.16296638349633,43.29024535327639
2023-02-16 14:00:00,145.7924021160375,149.1924021160375,44.85894864282377
2023-02-16 15:00:00,145.81201176471447,149.21201176471448,45.9163572970089
2023-02-16 16:00:00,145.8146558281793,149.2146558281793,46.05968598493518
2023-02-16 17:00:00,145.8288779165767,149.2288779165767,46.83369483506898
2023-02-16 18:00:00,145.88103773524867,149.28103773524867,48.90861515473329
2023-02-16 19:00:00,145.93696981231307,149.33696981231307,52.09680367614028
2023-02-16 20:00:00,145.9583857941803,149.3583857941803,52.59074111725662
2023-02-16 21:00:00,145.98478779191367,149.38478779191368,52.678566896286846
2023-02-16 22:00:00,145.9753761455033,149.3753761455033,52.111613576102044
2023-02-16 23:00:00,145.97873053762513,149.37873053762513,52.31339916394285
2023-02-17 00:00:00,145.98143664415534,149.38143664415534,52.476413976555506
2023-02-17 01:00:00,145.99404697281236,149.39404697281236,53.23872785769061
2023-02-17 02:00:00,145.97899914054076,149.37899914054077,52.32957063008096
2023-02-17 03:00:00,145.944355303736,149.344355303736,52.52378724894802
2023-02-17 04:00:00,145.9695813876002,149.3695813876002,53.25004214556698
2023-02-17 05:00:00,145.948165632393,149.348165632393,51.99175462119633
2023-02-17 06:00:00,145.95810992251782,149.35810992251783,52.574536714452925
2023-02-17 07:00:00,145.96954233957226,149.36954233957226,53.247736925903986
2023-02-17 08:00:00,145.9579245866317,149.3579245866317,52.563651406915504
2023-02-17 09:00:00,146.00776676569308,149.40776676569308,54.073098067965674
2023-02-17 10:00:00,145.98116721901312,149.38116721901312,52.46017481702495
2023-02-17 11:00:00,146.00747543660674,149.40747543660675,54.05532696234263
2023-02-17 12:00:00,146.00130363153434,149.40130363153435,53.67939553128285
2023-02-17 13:00:00,145.97941573126477,149.37941573126477,52.354655782486375
2023-02-17 14:00:00,145.95308776299717,149.35308776299718,52.2798898114712
2023-02-17 15:00:00,145.92013981739555,149.32013981739556,51.129013231973204
2023-02-17 16:00:00,145.90330796699118,149.30330796699118,50.16838992707289
2023-02-17 17:00:00,145.89756823898318,149.2975682389832,49.84248168507665
2023-02-17 18:00:00,145.85539454950742,149.25539454950743,48.29055147999165
2023-02-17 19:00:00,145.84011075803463,149.24011075803463,47.44866144371709
2023-02-17 20:00:00,145.81460687589785,149.21460687589786,46.05703076942319
2023-02-17 21:00:00,145.80176104135964,149.20176104135965,45.36237953954356
2023-02-17 22:00:00,145.78997525215345,149.18997525215346,44.72877106530765
2023-02-17 23:00:00,145.77175116602265,149.17175116602266,43.75606893247707
2023-02-18 00:00:00,145.75329323175407,149.15329323175408,42.7796245647687
2023-02-18 01:00:00,145.73961332241808,149.13961332241809,42.061640789535566
2023-02-18 02:00:00,145.72518335641706,149.12518335641707,41.30956794464737
2023-02-18 03:00:00,145.72088124535367,149.12088124535367,41.08639828025796
2023-02-18 04:00:00,145.70825938361628,149.10825938361629,40.434440097951956
2023-02-18 05:00:00,145.6997715966767,149.0997715966767,39.998368270003354
2023-02-18 06:00:00,145.6923196556083,149.0923196556083,39.61707523789064
2023-02-18 07:00:00,145.68863940628228,149.08863940628228,39.429307371007695
2023-02-18 08:00:00,145.6772335264121,149.0772335264121,38.849643771996476
2023-02-18 09:00:00,145.6709816986737,149.0709816986737,38.53337518890903
2023-02-18 10:00:00,145.6667695989433,149.0667695989433,38.32087615814939
2023-02-18 11:00:00,145.6630235377451,149.0630235377451,38.132283728010364
2023-02-18 12:00:00,145.64881543348147,149.04881543348148,37.42037568729479
2023-02-18 13:00:00,145.64732519548846,149.04732519548847,37.346017358157695
2023-02-18 14:00:00,145.63266292576304,149.03266292576305,36.617573765413454
2023-02-18 15:00:00,145.63203861297222,149.03203861297223,36.58668445431673
2023-02-18 16:00:00,145.63087057670663,149.03087057670663,36.52892118125266
2023-02-18 17:00:00,145.6199184089782,149.0199184089782,35.98907799461881
2023-02-18 18:00:00,145.6110643568464,149.01106435684642,36.135565498105436
2023-02-18 19:00:00,145.6056703500466,149.0056703500466,35.8741062743625
2023-02-18 20:00:00,145.60500020271758,149.00500020271758,35.84167583309328
2023-02-18 21:00:00,145.59526024804958,148.9952602480496,35.37165579738587
2023-02-18 22:00:00,145.59430808032118,148.9943080803212,35.32584037088412
2023-02-18 23:00:00,145.58844803498917,148.98844803498918,35.04439597151673
2023-02-19 00:00:00,145.58766578792975,148.98766578792976,35.006894607561975
2023-02-19 01:00:00,145.57881550460473,148.97881550460474,34.58372678121863
2023-02-19 02:00:00,145.57748930741053,148.97748930741054,34.520493374728346
2023-02-19 03:00:00,145.56930129381092,148.96930129381093,34.131112862445015
2023-02-19 04:00:00,145.57069918274752,148.97069918274752,34.197464288306186
2023-02-19 05:00:00,145.56287509661672,148.96287509661673,33.82675409941367
2023-02-19 06:00:00,145.5644449039557,148.9644449039557,33.90100293776374
2023-02-19 07:00:00,145.5580747566267,148.9580747566267,33.60011156999883
2023-02-19 08:00:00,145.5592706478299,148.9592706478299,33.656517187789696
2023-02-19 09:00:00,145.5490846319637,148.9490846319637,33.17729442785207
2023-02-19 10:00:00,145.55010638037106,148.95010638037107,33.22524066089959
2023-02-19 11:00:00,145.54474833277246,148.94474833277246,32.974118997626974
2023-02-19 12:00:00,145.54130626704105,148.94130626704106,32.81319809239565
2023-02-19 13:00:00,145.53745198824925,148.93745198824925,32.633379631682025
2023-02-19 14:00:00,145.53154765279243,148.93154765279243,32.35868440583081
2023-02-19 15:00:00,145.5294394351988,148.92943943519882,32.26082614665497
2023-02-19 16:00:00,145.5244813876002,148.9244813876002,32.03115334233725
2023-02-19 17:00:00,145.520935326402,148.920935326402,31.86729115267168
2023-02-19 18:00:00,145.52975507707598,148.92975507707598,32.27546991701079
2023-02-19 19:00:00,145.52670313600757,148.92670313600757,32.1339907505398
2023-02-19 20:00:00,145.52492910654178,148.92492910654178,32.05186616708694
2023-02-19 21:00:00,145.52561101361115,148.92561101361116,32.083423528744014
2023-02-19 22:00:00,145.52220302267756,148.92220302267756,31.925832323846727
2023-02-19 23:00:00,145.52476695014636,148.92476695014636,32.04436370593971
2023-02-20 00:00:00,145.52185684814935,148.92185684814936,31.909842003430477
2023-02-20 01:00:00,145.52234286401554,148.92234286401555,31.932292713531293
2023-02-20 02:00:00,145.51265696147937,148.91265696147937,31.486060671258983
2023-02-20 03:00:00,145.51493487308196,148.91493487308196,31.59077868694459
2023-02-20 04:00:00,145.51265262602254,148.91265262602255,31.48586149832311
2023-02-20 05:00:00,145.51264052629213,148.91264052629214,31.485305633654193
2023-02-20 06:00:00,145.51501666682134,148.91501666682134,31.594541418356066
2023-02-20 07:00:00,145.50839046962713,148.90839046962714,31.290299903439067
2023-02-20 08:00:00,145.50665451042593,148.90665451042594,31.210788181392402
2023-02-20 09:00:00,145.50282654215835,148.90282654215835,31.035742762540135
2023-02-20 10:00:00,145.50183253535855,148.90183253535855,30.990353221427387
2023-02-20 11:00:00,145.50302443109493,148.90302443109493,31.044782177965118
2023-02-20 12:00:00,145.49884629283233,148.89884629283233,30.854151685283618
2023-02-20 13:00:00,145.4973759188433,148.8973759188433,30.787176605641765
2023-02-20 14:00:00,145.49378556752026,148.89378556752027,30.623881949072324
2023-02-20 15:00:00,145.48874938165906,148.88874938165907,30.39541428642681
2023-02-20 16:00:00,145.48903328646185,148.88903328646185,30.408275483445532
2023-02-20 17:00:00,145.49159122073044,148.89159122073045,30.52425080540729
2023-02-20 18:00:00,145.48929532952724,148.88929532952724,30.4201482512492
2023-02-20 19:00:00,145.49028733859365,148.89028733859365,30.465111446277522
2023-02-20 20:00:00,145.48353351312187,148.88353351312188,30.159517237318312
2023-02-20 21:00:00,145.48298756525367,148.88298756525367,30.1348682775028
2023-02-20 22:00:00,145.47419367178387,148.87419367178387,29.738945146444983
2023-02-20 23:00:00,145.4760397329821,148.8760397329821,29.82188571233269
2023-02-21 00:00:00,145.47360754258767,148.87360754258768,29.71263063115618
2023-02-21 01:00:00,145.47078556752027,148.87078556752027,29.586067348517847
2023-02-21 02:00:00,145.46791142472446,148.86791142472447,29.457386614187648
2023-02-21 03:00:00,145.46508534086024,148.86508534086025,29.331076426501596
2023-02-21 04:00:00,145.46376924566303,148.86376924566304,29.272328426946412
2023-02-21 05:00:00,145.46730897367104,148.86730897367104,29.430442205558723
2023-02-21 06:00:00,145.46505326379585,148.86505326379586,29.32964400690937
2023-02-21 07:00:00,145.46057147005646,148.86057147005647,29.129782162594942
2023-02-21 08:00:00,145.45451176471448,148.8545117647145,28.86042459918174
2023-02-21 09:00:00,145.4473259755083,148.8473259755083,28.54231048221691
2023-02-21 10:00:00,145.44787825656672,148.84787825656673,28.566709857386442
2023-02-21 11:00:00,145.44849646282734,148.84849646282734,28.594031651283032
2023-02-21 12:00:00,145.44790068495413,148.84790068495414,28.56770090342509
2023-02-21 13:00:00,145.44608270535355,148.84608270535355,28.48741423448485
2023-02-21 14:00:00,145.44752865322175,148.84752865322176,28.551263667399805
2023-02-21 15:00:00,145.44541078695116,148.84541078695116,28.45776346384922
2023-02-21 16:00:00,145.44349480508396,148.84349480508396,28.37328184205958
2023-02-21 17:00:00,145.44028093428017,148.84028093428017,28.23179794827588
2023-02-21 18:00:00,145.43615696147936,148.83615696147936,28.05066340313246
2023-02-21 19:00:00,145.43280102494415,148.83280102494416,27.90360717098455
2023-02-21 20:00:00,145.43238104761016,148.83238104761017,27.885225650277786
2023-02-21 21:00:00,145.43132699547837,148.83132699547838,27.839113357865752
2023-02-21 22:00:00,145.42326706347637,148.82326706347638,27.48752043910681
2023-02-21 23:00:00,145.42017693881337,148.82017693881338,27.353196417478454
2023-02-22 00:00:00,145.41770479375094,148.81770479375095,27.24592482314549
2023-02-22 01:00:00,145.41378447642694,148.81378447642695,27.076159854800842
2023-02-22 02:00:00,145.41776250135953,148.81776250135954,27.248426955930597
2023-02-22 03:00:00,145.41447637216334,148.81447637216334,27.106090779757746
2023-02-22 04:00:00,145.4127121047045,148.8127121047045,27.02979594708102
2023-02-22 05:00:00,145.4088240911049,148.8088240911049,26.86196462698544
2023-02-22 06:00:00,145.4084238644449,148.8084238644449,26.844712048893825
2023-02-22 07:00:00,145.40602763325168,148.8060276332517,26.741510431464597
2023-02-22 08:00:00,145.41202164005148,148.81202164005148,26.99996058435621
2023-02-22 09:00:00,145.41014161738548,148.81014161738548,26.91879057370416
2023-02-22 10:00:00,145.4143457261823,148.8143457261823,27.1004381131336
2023-02-22 11:00:00,145.40736370578287,148.80736370578288,26.799033199811273
2023-02-22 12:00:00,145.40836347912287,148.80836347912287,26.842109402643477
2023-02-22 13:00:00,145.40119721393063,148.80119721393064,26.53395609964695
2023-02-22 14:00:00,145.39196713459964,148.79196713459964,26.139157654929573
2023-02-22 15:00:00,145.39860286714082,148.79860286714083,26.42274889830626
2023-02-22 16:00:00,145.3987448195422,148.7987448195422,26.428828884676353
2023-02-22 17:00:00,145.404088656347,148.804088656347,26.658118407905096
2023-02-22 18:00:00,145.4067967606106,148.8067967606106,26.774618115325932
2023-02-22 19:00:00,145.4017447062122,148.80174470621222,26.557448335822496
2023-02-22 20:00:00,145.39405292380582,148.79405292380582,26.228166082762225
2023-02-22 21:00:00,145.40188322979685,148.80188322979686,26.563393534606917
2023-02-22 22:00:00,145.41756924566303,148.81756924566304,27.240047981906013
2023-02-22 23:00:00,145.41959744059065,148.81959744059066,27.328035637732725
2023-02-23 00:00:00,145.43363762191868,148.83363762191868,27.940237690377362
2023-02-23 01:00:00,145.43762175338148,148.83762175338148,28.114947086083248
2023-02-23 02:00:00,145.4526220933715,148.8526220933715,28.776632399806893
2023-02-23 03:00:00,145.4777941251039,148.87779412510392,29.900793340580467
2023-02-23 04:00:00,145.4892643857629,148.8892643857629,30.418746140400263
2023-02-23 05:00:00,145.49492054895813,148.89492054895814,30.675465085983326
2023-02-23 06:00:00,145.49985861922275,148.89985861922275,30.900296670835054
2023-02-23 07:00:00,145.50155074161916,148.90155074161916,30.977490449423726
2023-02-23 08:00:00,145.50405884588275,148.90405884588276,31.092050591005272
2023-02-23 09:00:00,145.49455907254276,148.89455907254276,30.659032777878608
2023-02-23 10:00:00,145.49529303401056,148.89529303401056,30.69240151851388
2023-02-23 11:00:00,145.49193920853878,148.8919392085388,30.5400420237535
2023-02-23 12:00:00,145.50231312467457,148.90231312467458,31.01229515432206
2023-02-23 13:00:00,145.49803532640198,148.89803532640198,30.8172052158623
2023-02-23 14:00:00,145.498015349068,148.898015349068,30.816295300612705
2023-02-23 15:00:00,145.494495485064,148.894495485064,30.656142527445727
2023-02-23 16:00:00,145.5021174601314,148.9021174601314,31.003361084348864
2023-02-23 17:00:00,145.50767961652681,148.90767961652682,31.25773108616024
2023-02-23 18:00:00,145.50730592705102,148.90730592705103,31.24061537477588
2023-02-23 19:00:00,145.51317818544345,148.91317818544346,31.510009618775943
2023-02-23 20:00:00,145.51571670902808,148.9157167090281,31.626752569565333
2023-02-23 21:00:00,145.52064313288233,148.92064313288233,31.85380399141233
2023-02-23 22:00:00,145.52211561793476,148.92211561793476,31.921794665357513
2023-02-23 23:00:00,145.51846213245298,148.918462132453,31.753204839708143
2023-02-24 00:00:00,145.5174063092478,148.9174063092478,31.704550482308697
2023-02-24 01:00:00,145.51524860163923,148.91524860163923,31.60521201691748
2023-02-24 02:00:00,145.50916891896324,148.90916891896325,31.32598130685205
2023-02-24 03:00:00,145.51319722722087,148.91319722722088,31.51088467909138
2023-02-24 04:00:00,145.51326937228328,148.91326937228328,31.514200176315278
2023-02-24 05:00:00,145.5113797009403,148.9113797009403,31.427404517490547
2023-02-24 06:00:00,145.51232598879852,148.91232598879853,31.47085707920214
2023-02-24 07:00:00,145.51630412706112,148.91630412706112,31.65379165694228
2023-02-24 08:00:00,145.51078837185395,148.91078837185395,31.40026348969323
2023-02-24 09:00:00,145.51391046025134,148.91391046025134,31.543668132201027
2023-02-24 10:00:00,145.52013443305214,148.92013443305214,31.830328712422716
2023-02-24 11:00:00,145.51992255998175,148.91992255998176,31.820553319802663
2023-02-24 12:00:00,145.52439059624737,148.92439059624738,32.026953714486744
2023-02-24 13:00:00,145.52933243531874,148.92933243531874,32.25586263783087
2023-02-24 14:00:00,145.54479413839414,148.94479413839414,32.97626259090536
2023-02-24 15:00:00,145.56164385506912,148.96164385506913,33.76856434033632
2023-02-24 16:00:00,145.57368780520392,148.97368780520392,34.339493439013175
2023-02-24 17:00:00,145.5917377485389,148.9917377485389,35.20228242732935
2023-02-24 18:00:00,145.61684785053592,149.01684785053592,36.416747061197476
2023-02-24 19:00:00,145.6447919140007,149.0447919140007,37.21975014665458
2023-02-24 20:00:00,145.67453586413552,149.07453586413553,38.71304711849535
2023-02-24 21:00:00,145.7009558414695,149.1009558414695,40.059096923787
2023-02-24 22:00:00,145.7118036737411,149.1118036737411,40.617092341205854
2023-02-24 23:00:00,145.7336334130821,149.1336334130821,41.749316459987085
2023-02-25 00:00:00,145.74482919095527,149.14482919095528,42.33481982349429
2023-02-25 01:00:00,145.72888067870363,149.12888067870364,41.501750706247456
2023-02-25 02:00:00,145.75469666057083,149.15469666057083,42.853557619755556
2023-02-25 03:00:00,145.7641743455134,149.1641743455134,43.3541806915915
2023-02-25 04:00:00,145.7627701233866,149.1627701233866,43.279861209874966
2023-02-25 05:00:00,145.738092211784,149.138092211784,41.9821065031323
2023-02-25 06:00:00,145.768702200451,149.168702200451,43.59416795330105
2023-02-25 07:00:00,145.77165391485937,149.17165391485938,43.75090116073509
2023-02-25 08:00:00,145.76590174713095,149.16590174713096,43.44567463302134
2023-02-25 09:00:00,145.77294780832915,149.17294780832916,43.81967657916923
2023-02-25 10:00:00,145.76335779699616,149.16335779699617,43.310958058679226
2023-02-25 11:00:00,145.76427366553335,149.16427366553336,43.35943920740078
2023-02-25 12:00:00,145.76533559526874,149.16533559526874,43.4156792071537
2023-02-25 13:00:00,145.77100951140454,149.17100951140455,43.71666475774954
2023-02-25 14:00:00,145.76476133914292,149.16476133914293,43.38526287328964
2023-02-25 15:00:00,145.76131116914792,149.16131116914792,43.20269902570199
2023-02-25 16:00:00,145.7665190467515,149.16651904675152,43.478389372999324
2023-02-25 17:00:00,145.7456411351489,149.1456411351489,42.37740868908926
2023-02-25 18:00:00,145.75864513061572,149.15864513061572,43.06183805019464
2023-02-25 19:00:00,145.7556810898169,149.1556810898169,42.90544811874514
2023-02-25 20:00:00,145.74522715101511,149.14522715101512,42.355691861030344
2023-02-25 21:00:00,145.74456299688632,149.14456299688632,42.3208608887977
2023-02-25 22:00:00,145.74016899008652,149.14016899008652,42.09070998977923
2023-02-25 23:00:00,145.74310084049088,149.1431008404909,42.24421979728303
2023-02-26 00:00:00,145.7288328042253,149.1288328042253,41.49925996354704
2023-02-26 01:00:00,145.7313507838259,149.1313507838259,41.63034280533549
2023-02-26 02:00:00,145.72087275889328,149.12087275889328,41.085958527729616
2023-02-26 03:00:00,145.7152067203611,149.1152067203611,40.79277544240783
2023-02-26 04:00:00,145.71287064782987,149.11287064782988,40.67214249388867
2023-02-26 05:00:00,145.70666265689627,149.10666265689628,40.3522616449575
2023-02-26 06:00:00,145.70542258889827,149.10542258889828,40.288485428507215
2023-02-26 07:00:00,145.70166265689627,149.10166265689628,40.09536032557854
2023-02-26 08:00:00,145.6962927362273,149.0962927362273,39.820183818966456
2023-02-26 09:00:00,145.69272869542849,149.0927286954285,39.63796665043977
2023-02-26 10:00:00,145.68986254356628,149.08986254356628,39.491672758744784
2023-02-26 11:00:00,145.69006642570307,149.09006642570307,39.502072145176626
2023-02-26 12:00:00,145.68504622170906,149.08504622170906,39.24632600487723
2023-02-26 13:00:00,145.68282002451483,149.08282002451483,39.133128748417136
2023-02-26 14:00:00,145.6731118069212,149.07311180692122,38.64101733362206
2023-02-26 15:00:00,145.66425575705603,149.06425575705603,38.194277737057384
2023-02-26 16:00:00,145.6589076981244,149.05890769812441,37.92550441892407
2023-02-26 17:00:00,145.665045541729,149.065045541729,38.23403366140234
2023-02-26 18:00:00,145.656515575728,149.056515575728,37.805531199483305
2023-02-26 19:00:00,145.6544115802612,149.05441158026122,37.70013426098445
2023-02-26 20:00:00,145.6448975961274,149.0448975961274,37.22501427740077
2023-02-26 21:00:00,145.6472674034664,149.0472674034664,37.343134904315846
2023-02-26 22:00:00,145.6396314442652,149.0396314442652,36.9630645307487
2023-02-26 23:00:00,145.6344274487984,149.0344274487984,36.70493397316774
2023-02-27 00:00:00,145.63691323800458,149.0369132380046,36.828144763495324
2023-02-27 01:00:00,145.63184697281235,149.03184697281236,36.57720470841706
2023-02-27 02:00:00,145.63076284134956,149.03076284134957,36.52359514906789
2023-02-27 03:00:00,145.62606250135954,149.02606250135955,36.29153051417176
2023-02-27 04:00:00,145.61909423843392,149.01909423843392,35.948583958783
2023-02-27 05:00:00,145.61650776924768,149.01650776924768,36.40018888975913
2023-02-27 06:00:00,145.61054972164908,149.01054972164908,36.11058724567214
2023-02-27 07:00:00,145.61282729326163,149.01282729326164,36.22118346086142
2023-02-27 08:00:00,145.61234904166903,149.01234904166904,36.19794890220751
2023-02-27 09:00:00,145.6098925384838,149.0098925384838,36.07870035270627
2023-02-27 10:00:00,145.60562781770494,149.00562781770495,35.87204765798466
2023-02-27 11:00:00,145.6030335842451,149.00303358424512,35.74657300804328
2023-02-27 12:00:00,145.60259894279727,149.00259894279728,35.725568015499356
2023-02-27 13:00:00,145.59336652574285,148.99336652574286,35.28055897687118
2023-02-27 14:00:00,145.59203765083518,148.9920376508352,35.21669005055028
2023-02-27 15:00:00,145.58810357603738,148.9881035760374,35.02788043663071
2023-02-27 16:00:00,145.5771678434962,148.9771678434962,34.50517286731955
2023-02-27 17:00:00,145.57944831948222,148.97944831948223,34.613915860830126
2023-02-27 18:00:00,145.58844477733547,148.98844477733547,35.04423976446411
2023-02-27 19:00:00,145.60129506066048,149.00129506066048,35.66258471120487
2023-02-27 20:00:00,145.6150413485187,149.0150413485187,36.32882503322327
2023-02-27 21:00:00,145.61165567264254,149.01165567264255,36.164274036832666
2023-02-27 22:00:00,145.61572393556816,149.01572393556816,36.36203639180377
2023-02-27 23:00:00,145.61230629595758,149.0123062959576,36.19587250789654
2023-02-28 00:00:00,145.6095766699466,149.0095766699466,36.06337824511724
2023-02-28 01:00:00,145.60571108473442,149.00571108473443,35.87607792643713
2023-02-28 02:00:00,145.61428123206343,149.01428123206344,36.2918557585474
2023-02-28 03:00:00,145.62721741792467,149.02721741792467,36.34849608357882
2023-02-28 04:00:00,145.64185160605246,149.04185160605246,37.073409943820074
2023-02-28 05:00:00,145.66241387577787,149.06241387577788,38.10162600942886
2023-02-28 06:00:00,145.6820162135013,149.0820162135013,39.0922888590552
2023-02-28 07:00:00,145.69805239936252,149.09805239936253,39.910272586047995
2023-02-28 08:00:00,145.70560679148434,149.10560679148435,40.297956344272585
2023-02-28 09:00:00,145.72131689348134,149.12131689348135,41.108975281538164
2023-02-28 10:00:00,145.71705519040597,149.11705519040598,40.888330232792974
2023-02-28 11:00:00,145.7125193445348,149.1125193445348,40.65401383073635
2023-02-28 12:00:00,145.7071674034664,149.1071674034664,40.37823211889334
2023-02-28 13:00:00,145.7014074714644,149.1014074714644,40.08226643779241
2023-02-28 14:00:00,145.699115349068,149.099115349068,39.964731442006396
2023-02-28 15:00:00,145.68896940119978,149.0889694011998,39.446129285426274
2023-02-28 16:00:00,145.68770125160418,149.0877012516042,39.38149941212156
2023-02-28 17:00:00,145.6915811609402,149.0915811609402,39.57936831559579
2023-02-28 18:00:00,145.68889514507399,149.088895145074,39.44234373386372
2023-02-28 19:00:00,145.68572134226818,149.0857213422682,39.280680249319964
2023-02-28 20:00:00,145.69521323800458,149.0952132380046,39.76495749093395
2023-02-28 21:00:00,145.70408715414038,149.1040871541404,40.21984966901742
2023-02-28 22:00:00,145.70127716547339,149.1012771654734,40.07558093213159
2023-02-28 23:00:00,145.7079891518738,149.1079891518738,40.420527427357655
2023-03-01 00:00:00,145.71984297734556,149.11984297734557,41.032611147337704
2023-03-01 01:00:00,145.75074086628214,149.15074086628215,42.645296099243716
2023-03-01 02:00:00,145.80718070762015,149.20718070762015,45.65493836097703
2023-03-01 03:00:00,145.91278247869354,149.31278247869355,50.70822045977232
2023-03-01 04:00:00,146.0183422973655,149.4183422973655,54.71978729694176
2023-03-01 05:00:00,146.0752381885687,149.4752381885687,57.496600285843776
2023-03-01 06:00:00,146.11567226336652,149.51567226336653,59.320522252102194
2023-03-01 07:00:00,146.1434082225677,149.5434082225677,61.132585557296814
2023-03-01 08:00:00,146.17158036763013,149.57158036763013,62.995405260673564
2023-03-01 09:00:00,146.13778647416032,149.53778647416033,60.76354071327583
2023-03-01 10:00:00,146.16954252402553,149.56954252402554,62.85990767039298
2023-03-01 11:00:00,146.19841444242792,149.59841444242792,64.79048578576948
2023-03-01 12:00:00,146.2169843630969,149.61698436309692,66.04451614005443
2023-03-01 13:00:00,146.2250500616391,149.62505006163912,66.59218610919834
2023-03-01 14:00:00,146.1923779165767,149.5923779165767,64.38491119975389
2023-03-01 15:00:00,146.21661165138448,149.6166116513845,66.0192523409133
2023-03-01 16:00:00,146.20110354712085,149.60110354712086,64.97148585975764
2023-03-01 17:00:00,146.21224749725565,149.61224749725565,65.72372136536858
2023-03-01 18:00:00,146.20285725926266,149.60285725926266,65.0896346878532
2023-03-01 19:00:00,146.20240931366104,149.60240931366104,65.05944811110142
2023-03-01 20:00:00,146.18821553352126,149.58821553352126,64.10584787892071
2023-03-01 21:00:00,146.1859359641753,149.5859359641753,63.95322169918716
2023-03-01 22:00:00,146.1797162135013,149.5797162135013,63.53752540042935
2023-03-01 23:00:00,146.1471941251039,149.5471941251039,61.381618032231856
