SW2,ElevRaw,waterStage,flowm3s
2023-01-01 00:00:00,145.26278594971703,148.66278594971703,2.5588750578868344
2023-01-01 01:00:00,145.27300381598764,148.67300381598764,2.702862153410778
2023-01-01 02:00:00,145.2924937139906,148.69249371399061,3.0718823113370033
2023-01-01 03:00:00,145.3023537593226,148.70235375932262,3.2657056617451286
2023-01-01 04:00:00,145.31845775478942,148.71845775478943,3.5923838198827625
2023-01-01 05:00:00,145.32757185225321,148.72757185225322,3.78275157623524
2023-01-01 06:00:00,145.33269782278742,148.73269782278743,3.8915400220842544
2023-01-01 07:00:00,145.33625775478941,148.73625775478942,3.9678168489228742
2023-01-01 08:00:00,145.33412790211844,148.73412790211844,3.9221104083058953
2023-01-01 09:00:00,145.33187807211345,148.73187807211346,3.874059625196085
2023-01-01 10:00:00,145.32964011517885,148.72964011517885,3.826497790095212
2023-01-01 11:00:00,145.32829205624725,148.72829205624726,3.7979619071603534
2023-01-01 12:00:00,145.32299005851382,148.72299005851383,3.6865593419478784
2023-01-01 13:00:00,145.31633400864862,148.71633400864863,3.5485910731195287
2023-01-01 14:00:00,145.31272401998163,148.71272401998164,3.4746451862115837
2023-01-01 15:00:00,145.31107396331663,148.71107396331664,3.441053656741676
2023-01-01 16:00:00,145.30159816277745,148.70159816277746,3.2506850109310634
2023-01-01 17:00:00,145.29604821944244,148.69604821944245,3.1412076897362544
2023-01-01 18:00:00,145.29997019450985,148.69997019450986,3.2184165311134127
2023-01-01 19:00:00,145.29890426930766,148.69890426930766,3.197358307015396
2023-01-01 20:00:00,145.29278040983687,148.69278040983687,3.077450928819141
2023-01-01 21:00:00,145.29551237357126,148.69551237357126,3.130717208955973
2023-01-01 22:00:00,145.29307042116986,148.69307042116986,3.083088048699076
2023-01-01 23:00:00,145.29075643703607,148.69075643703607,3.0382247992455467
2023-01-02 00:00:00,145.29027641437006,148.69027641437006,3.0289511478440083
2023-01-02 01:00:00,145.29298617637704,148.69298617637705,3.0814501080967465
2023-01-02 02:00:00,145.29232812877845,148.69232812877846,3.0686679164691437
2023-01-02 03:00:00,145.28989416731065,148.68989416731065,3.0215745560613665
2023-01-02 04:00:00,145.29258018317685,148.69258018317686,3.0735614148086583
2023-01-02 05:00:00,145.29536808344645,148.69536808344645,3.1278947798684715
2023-01-02 06:00:00,145.29767207891325,148.69767207891326,3.1730843423739774
2023-01-02 07:00:00,145.29971802678145,148.69971802678145,3.21342975804306
2023-01-02 08:00:00,145.29930227157425,148.69930227157425,3.205214697418435
2023-01-02 09:00:00,145.30062835543845,148.70062835543845,3.2314466403576834
2023-01-02 10:00:00,145.30026842343648,148.70026842343648,3.2243181849282956
2023-01-02 11:00:00,145.29719062516386,148.69719062516387,3.1636198925061474
2023-01-02 12:00:00,145.30088440530366,148.70088440530367,3.2365215424132234
2023-01-02 13:00:00,145.29833623304205,148.69833623304206,3.1861588842341932
2023-01-02 14:00:00,145.30019616504404,148.70019616504405,3.2228878661881173
2023-01-02 15:00:00,145.29604411064565,148.69604411064566,3.1411271966810004
2023-01-02 16:00:00,145.30081802678143,148.70081802678143,3.2352056158329994
2023-01-02 17:00:00,145.30078195425023,148.70078195425023,3.2344905826995847
2023-01-02 18:00:00,145.30210193158422,148.70210193158422,3.2606964514561216
2023-01-02 19:00:00,145.30333600638204,148.70333600638205,3.2852733325605024
2023-01-02 20:00:00,145.30603789078543,148.70603789078544,3.3393394003963377
2023-01-02 21:00:00,145.30279982052082,148.70279982052082,3.2745859989486115
2023-01-02 22:00:00,145.303735553062,148.70373555306202,3.293246210276968
2023-01-02 23:00:00,145.30075952586282,148.70075952586282,3.234046036956608
2023-01-03 00:00:00,145.3028013649342,148.7028013649342,3.2746167624100027
2023-01-03 01:00:00,145.30334297734555,148.70334297734556,3.2854123705340426
2023-01-03 02:00:00,145.30532699547837,148.70532699547837,3.3250798103647714
2023-01-03 03:00:00,145.30844708614237,148.70844708614237,3.387845921165967
2023-01-03 04:00:00,145.31271255802454,148.71271255802455,3.4744113958165457
2023-01-03 05:00:00,145.30917836989673,148.70917836989673,3.402624842836426
2023-01-03 06:00:00,145.3172361908353,148.7172361908353,3.5671682838089818
2023-01-03 07:00:00,145.3305742610999,148.73057426109992,3.84632200253444
2023-01-03 08:00:00,145.3377161001713,148.7377161001713,3.9992348816723586
2023-01-03 09:00:00,145.35195028829912,148.75195028829913,4.311068722258364
2023-01-03 10:00:00,145.37264429509892,148.77264429509893,4.780966035306928
2023-01-03 11:00:00,145.40324218403552,148.80324218403553,5.457608135642687
2023-01-03 12:00:00,145.4245101069711,148.8245101069711,5.995065213331317
2023-01-03 13:00:00,145.4453998916441,148.8453998916441,6.542499895316478
2023-01-03 14:00:00,145.47431376244788,148.87431376244788,7.331525076884722
2023-01-03 15:00:00,145.50870742925767,148.90870742925767,8.250081194143096
2023-01-03 16:00:00,145.53025759925268,148.93025759925268,8.898574313355777
2023-01-03 17:00:00,145.53537580551327,148.93537580551327,9.055493816724086
2023-01-03 18:00:00,145.53958579418028,148.9395857941803,9.115153029324498
2023-01-03 19:00:00,145.5388359641753,148.9388359641753,9.091785165699967
2023-01-03 20:00:00,145.5415741477699,148.9415741477699,9.17723715831577
2023-01-03 21:00:00,145.54939812057071,148.94939812057072,9.42320085325479
2023-01-03 22:00:00,145.5555881319037,148.9555881319037,9.619675971245458
2023-01-03 23:00:00,145.5558361908353,148.9558361908353,9.62758399786607
2023-01-04 00:00:00,145.55660822256772,148.95660822256772,9.652213052363189
2023-01-04 01:00:00,145.5601121047045,148.9601121047045,9.764315024478723
2023-01-04 02:00:00,145.57323784857869,148.9732378485787,10.188935202616765
2023-01-04 03:00:00,145.5861880185737,148.9861880185737,10.615067395513725
2023-01-04 04:00:00,145.58883984631208,148.9888398463121,10.703202756560596
2023-01-04 05:00:00,145.58787768991667,148.98787768991667,10.671190517222865
2023-01-04 06:00:00,145.57954161738547,148.97954161738548,10.395475595548831
2023-01-04 07:00:00,145.5708876785837,148.9708876785837,10.11236559192425
2023-01-04 08:00:00,145.55688356978686,148.95688356978687,9.661003283982748
2023-01-04 09:00:00,145.54907158338648,148.94907158338648,9.4128823438695
2023-01-04 10:00:00,145.53402363778486,148.93402363778486,9.013930003596482
2023-01-04 11:00:00,145.51892974431507,148.91892974431508,8.555222810127018
2023-01-04 12:00:00,145.50799566951727,148.90799566951728,8.229001734293119
2023-01-04 13:00:00,145.4995917873805,148.8995917873805,7.981763761560821
2023-01-04 14:00:00,145.48824583951227,148.88824583951228,7.724477353450953
2023-01-04 15:00:00,145.4814279732417,148.8814279732417,7.531152932781983
2023-01-04 16:00:00,145.4790720367065,148.8790720367065,7.464806312293011
2023-01-04 17:00:00,145.47243841522874,148.87243841522874,7.279260559075708
2023-01-04 18:00:00,145.46555273935255,148.86555273935255,7.088650147943647
2023-01-04 19:00:00,145.46435096827918,148.86435096827918,7.05559060443344
2023-01-04 20:00:00,145.46150502041095,148.86150502041096,6.977548696282733
2023-01-04 21:00:00,145.4609413196022,148.8609413196022,6.962132143936893
2023-01-04 22:00:00,145.459455530396,148.85945553039602,6.921563103205621
2023-01-04 23:00:00,145.4589677434564,148.85896774345642,6.908264957494082
2023-01-05 00:00:00,145.46543589305202,148.86543589305202,7.0854331018666015
2023-01-05 01:00:00,145.46857396331663,148.86857396331663,7.172034479909355
2023-01-05 02:00:00,145.47849782278743,148.87849782278744,7.44867129375119
2023-01-05 03:00:00,145.48727984318683,148.88727984318683,7.696966628211973
2023-01-05 04:00:00,145.48991580238803,148.88991580238803,7.7721291761573434
2023-01-05 05:00:00,145.4996816142602,148.8996816142602,7.984390289733678
2023-01-05 06:00:00,145.50404765279242,148.90404765279243,8.112473458095504
2023-01-05 07:00:00,145.51246974118982,148.91246974118982,8.361867409378196
2023-01-05 08:00:00,145.51759571172403,148.91759571172403,8.515147442512847
2023-01-05 09:00:00,145.5258637479896,148.9258637479896,8.76474760258989
2023-01-05 10:00:00,145.52755387265262,148.92755387265262,8.816128043760035
2023-01-05 11:00:00,145.53951580238802,148.93951580238803,9.112970752573421
2023-01-05 12:00:00,145.54140969585782,148.94140969585783,9.172095797734874
2023-01-05 13:00:00,145.5477733966666,148.9477733966666,9.371905583929601
2023-01-05 14:00:00,145.5540631813396,148.9540631813396,9.571119407007771
2023-01-05 15:00:00,145.55567128560318,148.9556712856032,9.622326584771391
2023-01-05 16:00:00,145.5595213422682,148.9595213422682,9.745377366704687
2023-01-05 17:00:00,145.5624114669312,148.9624114669312,9.838166800884558
2023-01-05 18:00:00,145.5618116935912,148.96181169359122,9.818881173707236
2023-01-05 19:00:00,145.56179205624724,148.96179205624725,9.818249998694215
2023-01-05 20:00:00,145.55991214691124,148.95991214691125,9.757903438153527
2023-01-05 21:00:00,145.56107019450985,148.96107019450986,9.79505972051468
2023-01-05 22:00:00,145.55533235090525,148.95533235090525,9.611524545704732
2023-01-05 23:00:00,145.55216043250286,148.95216043250286,9.510673952876164
2023-01-06 00:00:00,145.54825843476948,148.94825843476949,9.387207079283808
2023-01-06 01:00:00,145.54394245290226,148.94394245290226,9.25140943189583
2023-01-06 02:00:00,145.54508052316686,148.94508052316687,9.287139074126454
2023-01-06 03:00:00,145.54049062516387,148.94049062516387,9.143384013057345
2023-01-06 04:00:00,145.5350747566267,148.9350747566267,9.046233301433285
2023-01-06 05:00:00,145.53276676569308,148.9327667656931,8.975364694312887
2023-01-06 06:00:00,145.53060683369108,148.9306068336911,8.90924630343054
2023-01-06 07:00:00,145.51983103315192,148.91983103315192,8.582341225326712
2023-01-06 08:00:00,145.51351116914793,148.91351116914794,8.39291777366679
2023-01-06 09:00:00,145.51167132780992,148.91167132780993,8.338094065974442
2023-01-06 10:00:00,145.50425346153935,148.90425346153935,8.118531436257925
2023-01-06 11:00:00,145.50595346153935,148.90595346153935,8.168640785302195
2023-01-06 12:00:00,145.49406156580295,148.89406156580296,7.820734433800734
2023-01-06 13:00:00,145.49546544793975,148.89546544793976,7.861487048692326
2023-01-06 14:00:00,145.48679940940752,148.88679940940753,7.68329895016497
2023-01-06 15:00:00,145.48524946607253,148.88524946607254,7.639271608483545
2023-01-06 16:00:00,145.47867554993675,148.87867554993676,7.453663809540244
2023-01-06 17:00:00,145.47616156580295,148.87616156580296,7.383168477989328
2023-01-06 18:00:00,145.46873359753533,148.86873359753534,7.176451177258833
2023-01-06 19:00:00,145.46729375619736,148.86729375619737,7.136653648378033
2023-01-06 20:00:00,145.46138388086035,148.86138388086036,6.974234519100968
2023-01-06 21:00:00,145.45683993072558,148.85683993072558,6.8503760987209406
2023-01-06 22:00:00,145.448611962458,148.848611962458,6.628370093846284
2023-01-06 23:00:00,145.44308998739058,148.84308998739058,6.4810257083069125
2023-01-07 00:00:00,145.43998199645696,148.83998199645697,6.3986794762897565
2023-01-07 01:00:00,145.432311962458,148.832311962458,6.19727352373737
2023-01-07 02:00:00,145.42393205312197,148.82393205312198,5.98019042375763
2023-01-07 03:00:00,145.42084015738558,148.8208401573856,5.90088005164828
2023-01-07 04:00:00,145.41444615058577,148.81444615058578,5.738217669023323
2023-01-07 05:00:00,145.40661418685139,148.8066141868514,5.541467614590699
2023-01-07 06:00:00,145.4035862185838,148.8035862185838,5.466140532145862
2023-01-07 07:00:00,145.3965483749792,148.7965483749792,5.292661761547237
2023-01-07 08:00:00,145.3943044248444,148.7943044248444,5.237822591740967
2023-01-07 09:00:00,145.3888985449742,148.78889854497422,5.163565393802532
2023-01-07 10:00:00,145.38797468550342,148.78797468550343,5.141504140071708
2023-01-07 11:00:00,145.3865146401714,148.78651464017142,5.106716155301746
2023-01-07 12:00:00,145.38026658123982,148.78026658123983,4.958915429348266
2023-01-07 13:00:00,145.374262472443,148.774262472443,4.818526238091383
2023-01-07 14:00:00,145.3689744588434,148.76897445884342,4.696220240680336
2023-01-07 15:00:00,145.3686383863122,148.7686383863122,4.6884898020685934
2023-01-07 16:00:00,145.3644964339108,148.7644964339108,4.593634314612751
2023-01-07 17:00:00,145.3598345041754,148.75983450417542,4.487800531292647
2023-01-07 18:00:00,145.3547146401714,148.75471464017141,4.37271067859058
2023-01-07 19:00:00,145.35131863563822,148.75131863563823,4.2970327450895605
2023-01-07 20:00:00,145.34580276710102,148.74580276710103,4.175244098283755
2023-01-07 21:00:00,145.34388667190382,148.74388667190382,4.1332656677024255
2023-01-07 22:00:00,145.33421886229823,148.73421886229823,3.924058073304534
2023-01-07 23:00:00,145.33009877163423,148.73009877163423,3.8362261624610943
2023-01-08 00:00:00,145.33311053137461,148.73311053137462,3.9003525480699626
2023-01-08 01:00:00,145.327502427111,148.727502427111,3.78128664415839
2023-01-08 02:00:00,145.31636247244302,148.71636247244302,3.549176590090995
2023-01-08 03:00:00,145.3139144135114,148.71391441351142,3.4989599820595476
2023-01-08 04:00:00,145.3099763432468,148.7099763432468,3.418780880980283
2023-01-08 05:00:00,145.30584803498917,148.70584803498917,3.33552876310283
2023-01-08 06:00:00,145.30353604858877,148.70353604858877,3.2892641702032686
2023-01-08 07:00:00,145.30276578792976,148.70276578792976,3.2739081266939905
2023-01-08 08:00:00,145.29532783099518,148.69532783099518,3.1271075917371385
2023-01-08 09:00:00,145.29485768366615,148.69485768366616,3.1179191306208036
2023-01-08 10:00:00,145.29292960206854,148.69292960206855,3.0803503500170644
2023-01-08 11:00:00,145.28694758166915,148.68694758166916,2.9649532876038998
2023-01-08 12:00:00,145.28607732101014,148.68607732101015,2.948312501727012
2023-01-08 13:00:00,145.2901748699567,148.6901748699567,3.0269908450956953
2023-01-08 14:00:00,145.28685078382588,148.6868507838259,2.9631005051187618
2023-01-08 15:00:00,145.2848107158279,148.6848107158279,2.9241599713288005
2023-01-08 16:00:00,145.28425666369608,148.6842566636961,2.9136199109257204
2023-01-08 17:00:00,145.2786088314245,148.6786088314245,2.80704881628146
2023-01-08 18:00:00,145.2784049492877,148.6784049492877,2.8032314357661767
2023-01-08 19:00:00,145.27823702635212,148.67823702635212,2.800088897141057
2023-01-08 20:00:00,145.27331116914792,148.67331116914792,2.7085343707454963
2023-01-08 21:00:00,145.26740728701114,148.66740728701114,2.6004121057223286
2023-01-08 22:00:00,145.26935523261272,148.66935523261273,2.6358914372375333
2023-01-08 23:00:00,145.26398730967713,148.66398730967714,2.5801918298273203
2023-01-09 00:00:00,145.26181539127472,148.66181539127473,2.541705744901463
2023-01-09 01:00:00,145.26008342754034,148.66008342754034,2.511183070870124
2023-01-09 02:00:00,145.25895934140954,148.65895934140954,2.491452831445195
2023-01-09 03:00:00,145.25822138447492,148.65822138447493,2.4785342029156117
2023-01-09 04:00:00,145.25397754767013,148.65397754767014,2.4047692145591184
2023-01-09 05:00:00,145.24880551593773,148.64880551593774,2.3160913759211628
2023-01-09 06:00:00,145.24491972673155,148.64491972673156,2.2503550659336438
2023-01-09 07:00:00,145.24623570859876,148.64623570859877,2.27253201315553
2023-01-09 08:00:00,145.24548776299716,148.64548776299716,2.259916842765461
2023-01-09 09:00:00,145.23621595792477,148.63621595792478,2.199400200893464
2023-01-09 10:00:00,145.23996201912297,148.63996201912298,2.259849689159896
2023-01-09 11:00:00,145.2318662412498,148.6318662412498,2.1300525641211365
2023-01-09 12:00:00,145.23198998739056,148.63198998739057,2.1320128833229033
2023-01-09 13:00:00,145.23200163380096,148.63200163380097,2.1321974174149636
2023-01-09 14:00:00,145.22670140714092,148.62670140714093,2.048893766324427
2023-01-09 15:00:00,145.22761927341153,148.62761927341154,2.063222505177319
2023-01-09 16:00:00,145.22355723034613,148.62355723034614,2.000120784124034
2023-01-09 17:00:00,145.22535312154932,148.62535312154932,2.0279199999308672
2023-01-09 18:00:00,145.2211071736811,148.6211071736811,1.9624494980479348
2023-01-09 19:00:00,145.2195871963471,148.6195871963471,1.9392265985159678
2023-01-09 20:00:00,145.21631116914793,148.61631116914793,1.8895602890160892
2023-01-09 21:00:00,145.2185849719537,148.6185849719537,1.9239762367713849
2023-01-09 22:00:00,145.2122309198219,148.6122309198219,1.82844317131717
2023-01-09 23:00:00,145.2117829742203,148.61178297422032,1.8217838334850542
2023-01-10 00:00:00,145.2098229288883,148.6098229288883,1.7927625749101999
2023-01-10 01:00:00,145.2125727588933,148.6125727588933,1.8335318011196768
2023-01-10 02:00:00,145.20694279289228,148.60694279289228,1.7504663350220027
2023-01-10 03:00:00,145.2046967316941,148.6046967316941,1.7177706276918108
2023-01-10 04:00:00,145.19850660703108,148.59850660703108,1.62898029024343
2023-01-10 05:00:00,145.19889827610746,148.59889827610746,1.6345407124687048
2023-01-10 06:00:00,145.19940215824425,148.59940215824426,1.6417056807805008
2023-01-10 07:00:00,145.19284422397564,148.59284422397565,1.5494690892113403
2023-01-10 08:00:00,145.19270004718084,148.59270004718084,1.5474660372719653
2023-01-10 09:00:00,145.19391391798462,148.59391391798462,1.5643637857036659
2023-01-10 10:00:00,145.18919993385083,148.58919993385084,1.4991680521658703
2023-01-10 11:00:00,145.18781991118482,148.58781991118482,1.4802995109067871
2023-01-10 12:00:00,145.19195963919282,148.59195963919282,1.5371964028035316
2023-01-10 13:00:00,145.1931674034664,148.5931674034664,1.5539629183536021
2023-01-10 14:00:00,145.19540924253778,148.59540924253778,1.585283594113033
2023-01-10 15:00:00,145.1891832720036,148.5891832720036,1.4989396514263948
2023-01-10 16:00:00,145.1874374374654,148.5874374374654,1.475087600395887
2023-01-10 17:00:00,145.1893815009302,148.58938150093022,1.5016579081749264
2023-01-10 18:00:00,145.1882035893276,148.5882035893276,1.4855354750778569
2023-01-10 19:00:00,145.1891176867914,148.5891176867914,1.4980407486493523
2023-01-10 20:00:00,145.18646985451983,148.58646985451983,1.461936490893382
2023-01-10 21:00:00,145.18398594971703,148.58398594971703,1.4283996346740824
2023-01-10 22:00:00,145.18540592705102,148.58540592705103,1.4475322297741298
2023-01-10 23:00:00,145.18190592705102,148.58190592705103,1.400564429774119
2023-01-11 00:00:00,145.18308983185383,148.58308983185384,1.416379796545699
2023-01-11 01:00:00,145.18501979785484,148.58501979785484,1.4423191352936096
2023-01-11 02:00:00,145.17512190891824,148.57512190891825,1.311366207249856
2023-01-11 03:00:00,145.17876386131962,148.57876386131963,1.358948643663252
2023-01-11 04:00:00,145.17368383865363,148.57368383865364,1.292772229412497
2023-01-11 05:00:00,145.17242567772502,148.57242567772502,1.2765951828529682
2023-01-11 06:00:00,145.1716576414594,148.5716576414594,1.2667617362545847
2023-01-11 07:00:00,145.1675576414594,148.56755764145942,1.214805490908005
2023-01-11 08:00:00,145.1704174601314,148.5704174601314,1.2509501830940377
2023-01-11 09:00:00,145.1660674034664,148.5660674034664,1.196146222819891
2023-01-11 10:00:00,145.1667732833366,148.5667732833366,1.2049695094571162
2023-01-11 11:00:00,145.16824120627217,148.56824120627218,1.2234047109903237
2023-01-11 12:00:00,145.17373886854875,148.57373886854876,1.293481721728583
2023-01-11 13:00:00,145.16474086628216,148.56474086628216,1.179638269598894
2023-01-11 14:00:00,145.16890468042095,148.56890468042096,1.2317753829274212
2023-01-11 15:00:00,145.16705062828913,148.56705062828914,1.2084436457372743
2023-01-11 16:00:00,145.16657659882333,148.56657659882333,1.202508290531181
2023-01-11 17:00:00,145.16600079828416,148.56600079828416,1.1953150767676612
2023-01-11 18:00:00,145.16506084361615,148.56506084361615,1.1836114187483349
2023-01-11 19:00:00,145.16759480508395,148.56759480508396,1.2152723570535473
2023-01-11 20:00:00,145.16278903854376,148.56278903854377,1.1555235937019885
2023-01-11 21:00:00,145.16367094561315,148.56367094561315,1.1663936861069022
2023-01-11 22:00:00,145.16121500907798,148.56121500907798,1.1362286110825226
2023-01-11 23:00:00,145.16253099094516,148.56253099094516,1.1523510415148919
2023-01-12 00:00:00,145.16092699547838,148.56092699547838,1.1327127770119942
2023-01-12 01:00:00,145.16041090028116,148.56041090028117,1.1264241316525263
2023-01-12 02:00:00,145.16284874388575,148.56284874388575,1.156258157699319
2023-01-12 03:00:00,145.16219668948733,148.56219668948734,1.1482464198935736
2023-01-12 04:00:00,145.16056638349633,148.56056638349634,1.1283171583066494
2023-01-12 05:00:00,145.1616722633665,148.56167226336652,1.141819766964191
2023-01-12 06:00:00,145.1596341931019,148.5596341931019,1.1169875870361208
2023-01-12 07:00:00,145.1614722633665,148.5614722633665,1.1393728182612217
2023-01-12 08:00:00,145.16808191204348,148.56808191204348,1.2213985335500852
2023-01-12 09:00:00,145.17294361511887,148.57294361511887,1.2832443919193515
2023-01-12 10:00:00,145.17994316179883,148.57994316179884,1.3745070625282332
2023-01-12 11:00:00,145.18273317313185,148.58273317313186,1.411607569107414
2023-01-12 12:00:00,145.21264704393562,148.61264704393562,1.834638379517646
2023-01-12 13:00:00,145.259538939672,148.65953893967202,2.5016182404265748
2023-01-12 14:00:00,145.28427501220324,148.68427501220324,2.913968721595447
2023-01-12 15:00:00,145.32090720259765,148.72090720259766,3.6431591801500014
2023-01-12 16:00:00,145.34506559018627,148.74506559018627,4.159073706385567
2023-01-12 17:00:00,145.3511599369761,148.7511599369761,4.293509174874487
2023-01-12 18:00:00,145.3429300843051,148.7429300843051,4.112371987029485
2023-01-12 19:00:00,145.3366184378947,148.73661843789472,3.9755780394146836
2023-01-12 20:00:00,145.34548681415035,148.74548681415035,4.168310418226249
2023-01-12 21:00:00,145.37716695014637,148.77716695014638,4.886237880397893
2023-01-12 22:00:00,145.40420324933757,148.80420324933758,5.481456899979591
2023-01-12 23:00:00,145.4256234533316,148.82562345333162,6.023756187440202
2023-01-13 00:00:00,145.4334115802612,148.8334115802612,6.2259894176109265
2023-01-13 01:00:00,145.4411115802612,148.8411115802612,6.428558949014686
2023-01-13 02:00:00,145.45357173892322,148.85357173892322,6.761843142575807
2023-01-13 03:00:00,145.48072367999163,148.88072367999163,7.51129434623811
2023-01-13 04:00:00,145.5015018182542,148.90150181825422,8.037688081726827
2023-01-13 05:00:00,145.52979382732062,148.92979382732062,8.884410242121845
2023-01-13 06:00:00,145.55236597238303,148.95236597238303,9.517195894887399
2023-01-13 07:00:00,145.56476009251284,148.96476009251285,9.91383501875864
2023-01-13 08:00:00,145.56411014917785,148.96411014917786,9.892871426478083
2023-01-13 09:00:00,145.56874821944245,148.96874821944246,10.042865906275978
2023-01-13 10:00:00,145.56657042116987,148.96657042116988,9.972321620061262
2023-01-13 11:00:00,145.55792658436508,148.95792658436508,9.694330265549882
2023-01-13 12:00:00,145.55923257756527,148.95923257756527,9.73612609772007
2023-01-13 13:00:00,145.55261048916788,148.95261048916788,9.52495698196581
2023-01-13 14:00:00,145.55371237357127,148.95371237357128,9.559963390031943
2023-01-13 15:00:00,145.55062247556828,148.95062247556828,9.461931321358383
2023-01-13 16:00:00,145.55840249823427,148.95840249823428,9.709552487648205
2023-01-13 17:00:00,145.55249673169408,148.95249673169408,9.52134594060322
2023-01-13 18:00:00,145.5612148246247,148.9612148246247,9.799704264828865
2023-01-13 19:00:00,145.5657230422183,148.96572304221831,9.9449277356511
2023-01-13 20:00:00,145.56738919408053,148.96738919408054,9.998819917545806
2023-01-13 21:00:00,145.58282326887831,148.98282326887832,10.50366508979555
2023-01-13 22:00:00,145.59150140714092,148.99150140714093,10.79195969122029
2023-01-13 23:00:00,145.60894335954234,149.00894335954234,11.380963847803866
2023-01-14 00:00:00,145.63279729834412,149.03279729834412,12.206971001838209
2023-01-14 01:00:00,145.66388730967714,149.06388730967714,13.318536504990076
2023-01-14 02:00:00,145.69909741167413,149.09909741167414,14.527600474170574
2023-01-14 03:00:00,145.75209141847392,149.15209141847393,16.602946078490977
2023-01-14 04:00:00,145.80874746833913,149.20874746833914,18.945241731002838
2023-01-14 05:00:00,145.85314758166913,149.25314758166914,20.639191410262164
2023-01-14 06:00:00,145.89527965873356,149.29527965873356,22.56438248096528
2023-01-14 07:00:00,145.92913781966217,149.32913781966218,23.287077415921885
2023-01-14 08:00:00,145.93975591259277,149.33975591259278,23.73093749867695
2023-01-14 09:00:00,145.93589409618738,149.3358940961874,23.60355023392104
2023-01-14 10:00:00,145.955282223117,149.355282223117,24.425009815466357
2023-01-14 11:00:00,145.9533103047146,149.3533103047146,24.329685270565957
2023-01-14 12:00:00,145.951392211784,149.351392211784,24.237120578568266
2023-01-14 13:00:00,145.94201806898818,149.34201806898818,23.83835010992297
2023-01-14 14:00:00,145.93622394885838,149.3362239488584,23.61904779738676
2023-01-14 15:00:00,145.94619986272755,149.34619986272756,23.987326902122252
2023-01-14 16:00:00,145.93110574259777,149.33110574259777,23.379068535256526
2023-01-14 17:00:00,145.91380197379098,149.313801973791,22.630789391434696
2023-01-14 18:00:00,145.92280008938758,149.32280008938758,22.99187617846737
2023-01-14 19:00:00,145.9137201800516,149.3137201800516,22.62704488894171
2023-01-14 20:00:00,145.90348821631719,149.3034882163172,22.160697854806784
2023-01-14 21:00:00,145.889182336447,149.289182336447,22.281360141383026
2023-01-14 22:00:00,145.8788601347196,149.2788601347196,21.80561802074844
2023-01-14 23:00:00,145.8954702367166,149.2954702367166,22.57325252863424
2023-01-15 00:00:00,145.86202817098518,149.2620281709852,21.039030639826496
2023-01-15 01:00:00,145.85909021405058,149.2590902140506,20.906398293308303
2023-01-15 02:00:00,145.8477282843152,149.2477282843152,20.396766974264725
2023-01-15 03:00:00,145.8514542548494,149.2514542548494,20.56331453833175
2023-01-15 04:00:00,145.8482462639158,149.2482462639158,20.41988637259633
2023-01-15 05:00:00,145.8317403840456,149.2317403840456,19.68855580372276
2023-01-15 06:00:00,145.8161985449742,149.21619854497422,19.262603552752335
2023-01-15 07:00:00,145.81711064470463,149.21711064470463,19.30159964507319
2023-01-15 08:00:00,145.80240076936764,149.20240076936764,18.67661278514177
2023-01-15 09:00:00,145.80672673990182,149.20672673990182,18.85954344561032
2023-01-15 10:00:00,145.79420453817443,149.19420453817443,18.332015234752674
2023-01-15 11:00:00,145.79051053137462,149.19051053137463,18.17756180866511
2023-01-15 12:00:00,145.7806882163172,149.1806882163172,17.769466205848953
2023-01-15 13:00:00,145.77911984006155,149.17911984006156,17.70465352535781
2023-01-15 14:00:00,145.77150962473456,149.17150962473457,17.391535985466493
2023-01-15 15:00:00,145.76138553860375,149.16138553860375,16.978525404087957
2023-01-15 16:00:00,145.75500340487434,149.15500340487435,16.720251738201902
2023-01-15 17:00:00,145.74892127114492,149.14892127114493,16.475624311162434
2023-01-15 18:00:00,145.73855523261273,149.13855523261273,16.062095167877093
2023-01-15 19:00:00,145.72659929607752,149.12659929607753,15.590488282442386
2023-01-15 20:00:00,145.71767931874354,149.11767931874354,15.242387684319098
2023-01-15 21:00:00,145.7158331442153,149.11583314421532,15.170743095225722
2023-01-15 22:00:00,145.7050511238159,149.1050511238159,14.75508956507203
2023-01-15 23:00:00,145.7003770943501,149.1003770943501,14.576374450781405
2023-01-16 00:00:00,145.6938069470211,149.0938069470211,14.326670787203676
2023-01-16 01:00:00,145.68502292888832,149.08502292888832,13.995596010896529
2023-01-16 02:00:00,145.6755168223581,149.0755168223581,13.74437362933153
2023-01-16 03:00:00,145.66857076115988,149.0685707611599,13.489376794766388
2023-01-16 04:00:00,145.66168474529368,149.0616847452937,13.238498003934398
2023-01-16 05:00:00,145.65677863876348,149.0567786387635,13.060919888240159
2023-01-16 06:00:00,145.64962270222827,149.04962270222828,12.80365503508361
2023-01-16 07:00:00,145.6376447906257,149.0376447906257,12.377693135347398
2023-01-16 08:00:00,145.63365643703605,149.03365643703606,12.237158504654793
2023-01-16 09:00:00,145.62803023984185,149.02803023984185,12.040021700111005
2023-01-16 10:00:00,145.61928018317684,149.01928018317685,11.736016837228384
2023-01-16 11:00:00,145.61638395198364,149.01638395198364,11.636089204897198
2023-01-16 12:00:00,145.610655530396,149.010655530396,11.439467568784455
2023-01-16 13:00:00,145.60403920853878,149.00403920853879,11.214068030974259
2023-01-16 14:00:00,145.59794897054576,148.99794897054576,11.008205945763379
2023-01-16 15:00:00,145.59608281868356,148.99608281868356,10.945437188005583
2023-01-16 16:00:00,145.58341855122472,148.98341855122473,10.523339225625852
2023-01-16 17:00:00,145.5824264288283,148.98242642882832,10.490557821046435
2023-01-16 18:00:00,145.5775783698967,148.97757836989672,10.330969553123698
2023-01-16 19:00:00,145.5706842497669,148.97068424976692,10.105748863140072
2023-01-16 20:00:00,145.5700500616391,148.9700500616391,10.0851325835317
2023-01-16 21:00:00,145.5675958961773,148.9675958961773,10.005514038308533
2023-01-16 22:00:00,145.56327791657668,148.9632779165767,9.866054618996513
2023-01-16 23:00:00,145.56784361511887,148.96784361511888,10.013538910509306
2023-01-17 00:00:00,145.56837957432006,148.96837957432007,10.030910322482129
2023-01-17 01:00:00,145.55736947232305,148.95736947232305,9.676523284542574
2023-01-17 02:00:00,145.55929333179384,148.95929333179384,9.738072207166663
2023-01-17 03:00:00,145.55632130006146,148.95632130006146,9.643056764081976
2023-01-17 04:00:00,145.55511519353124,148.95511519353124,9.604606221523168
2023-01-17 05:00:00,145.55016724792964,148.95016724792964,9.447523363658531
2023-01-17 06:00:00,145.55013117539843,148.95013117539844,9.446382051212165
2023-01-17 07:00:00,145.55347723659665,148.95347723659665,9.552488786514957
2023-01-17 08:00:00,145.55559133406044,148.95559133406044,9.619778037914262
2023-01-17 09:00:00,145.55263551085525,148.95263551085526,9.525751328720892
2023-01-17 10:00:00,145.55320366045086,148.95320366045087,9.543795271409241
2023-01-17 11:00:00,145.55968157205348,148.95968157205348,9.750512258164187
2023-01-17 12:00:00,145.56205149272245,148.96205149272245,9.82659002873141
2023-01-17 13:00:00,145.56575526152923,148.96575526152924,9.945968752556256
2023-01-17 14:00:00,145.56508922299705,148.96508922299705,9.924457857801624
2023-01-17 15:00:00,145.55924727059565,148.95924727059565,9.736596737573628
2023-01-17 16:00:00,145.56389732726063,148.96389732726064,9.886010897661736
2023-01-17 17:00:00,145.55495371711586,148.95495371711587,9.599463131486557
2023-01-17 18:00:00,145.5545799143101,148.9545799143101,9.587561673655536
2023-01-17 19:00:00,145.5517961228373,148.9517961228373,9.499118606222646
2023-01-17 20:00:00,145.5501284265617,148.95012842656172,9.446295082037238
2023-01-17 21:00:00,145.54573675748534,148.94573675748535,9.30776707841511
2023-01-17 22:00:00,145.53954897054575,148.93954897054576,9.114004877198285
2023-01-17 23:00:00,145.53867505440996,148.93867505440997,9.086773735024504
2023-01-18 00:00:00,145.53648515640697,148.93648515640697,9.089651379479093
2023-01-18 01:00:00,145.5299313309352,148.9299313309352,8.888608793745117
2023-01-18 02:00:00,145.5231334419986,148.9231334419986,8.682001632486013
2023-01-18 03:00:00,145.5189916029272,148.9189916029272,8.557082934017275
2023-01-18 04:00:00,145.52168161426022,148.92168161426022,8.638131002030079
2023-01-18 05:00:00,145.51256585905304,148.91256585905305,8.364731233179109
2023-01-18 06:00:00,145.51330992251783,148.91330992251784,8.386913944719266
2023-01-18 07:00:00,145.51227596105002,148.91227596105003,8.356094950730357
2023-01-18 08:00:00,145.50320815144445,148.90320815144446,8.087781682350696
2023-01-18 09:00:00,145.50700426930766,148.90700426930766,8.199676777021793
2023-01-18 10:00:00,145.50249039850385,148.90249039850386,8.066694953971645
2023-01-18 11:00:00,145.49618451863367,148.89618451863367,7.882393759615846
2023-01-18 12:00:00,145.49751226024125,148.89751226024126,7.921056323412509
2023-01-18 13:00:00,145.49184011517883,148.89184011517884,7.827184355089019
2023-01-18 14:00:00,145.49303001318185,148.89303001318186,7.790844601012597
2023-01-18 15:00:00,145.48352202224822,148.88352202224823,7.590321808473527
2023-01-18 16:00:00,145.4858917162572,148.88589171625722,7.657502916752575
2023-01-18 17:00:00,145.48155975252283,148.88155975252283,7.534870977932373
2023-01-18 18:00:00,145.4796515349292,148.8796515349292,7.48110400263458
2023-01-18 19:00:00,145.4821973694674,148.8821973694674,7.552871209808296
2023-01-18 20:00:00,145.47193298867856,148.87193298867857,7.26520035439151
2023-01-18 21:00:00,145.47432288668156,148.87432288668157,7.331779728766697
2023-01-18 22:00:00,145.47897648549332,148.87897648549333,7.462120417875175
2023-01-18 23:00:00,145.4810542837659,148.8810542837659,7.520613589553507
2023-01-19 00:00:00,145.4821899029771,148.8821899029771,7.5526603275923545
2023-01-19 01:00:00,145.48507957432005,148.88507957432006,7.634451870657307
2023-01-19 02:00:00,145.48825925699603,148.88825925699604,7.72485974858169
2023-01-19 03:00:00,145.50602096007142,148.90602096007143,8.170632949485036
2023-01-19 04:00:00,145.51749687394062,148.91749687394062,8.51218130393412
2023-01-19 05:00:00,145.5474925384838,148.9474925384838,9.363050013452593
2023-01-19 06:00:00,145.5646867719436,148.9646867719436,9.911469195348385
2023-01-19 07:00:00,145.59951296913783,148.99951296913784,11.060924086238384
2023-01-19 08:00:00,145.66180509153423,149.06180509153424,13.24286618727669
2023-01-19 09:00:00,145.72407324112984,149.12407324112985,15.491583184796461
2023-01-19 10:00:00,145.77647923433005,149.17647923433006,17.595749462716686
2023-01-19 11:00:00,145.81674715726564,149.21674715726564,19.28605518626189
2023-01-19 12:00:00,145.85447689660663,149.25447689660663,20.69883879348796
2023-01-19 13:00:00,145.8844404840854,149.2844404840854,22.062282010429485
2023-01-19 14:00:00,145.90672827102497,149.30672827102498,22.307926409693934
2023-01-19 15:00:00,145.95056600129956,149.35056600129957,24.197296739307316
2023-01-19 16:00:00,145.94222472887822,149.34222472887822,23.84817333512193
2023-01-19 17:00:00,145.94560120939744,149.34560120939744,23.958600435250595
2023-01-19 18:00:00,145.95633773524867,149.35633773524867,24.476101903571497
2023-01-19 19:00:00,145.97647414776992,149.37647414776993,25.406411414116253
2023-01-19 20:00:00,146.00965839256273,149.40965839256273,27.019391100205514
2023-01-19 21:00:00,145.98440256935754,149.38440256935755,25.80069149167355
2023-01-19 22:00:00,145.99803276201854,149.39803276201854,26.42918173235368
2023-01-19 23:00:00,146.01373886854876,149.41373886854876,27.227925164216625
2023-01-20 00:00:00,146.0060413196022,149.4060413196022,26.835136693136473
2023-01-20 01:00:00,145.9976433173356,149.3976433173356,26.409511210194427
2023-01-20 02:00:00,145.9973394351988,149.3973394351988,26.394166927372265
2023-01-20 03:00:00,145.9725495371958,149.3725495371958,25.212243421551513
2023-01-20 04:00:00,145.98675375932262,149.38675375932263,25.918135792232228
2023-01-20 05:00:00,146.02637784545342,149.42637784545343,27.878362440361556
2023-01-20 06:00:00,146.01078994518383,149.41078994518384,27.077147940155516
2023-01-20 07:00:00,146.03799416731064,149.43799416731065,28.482167872967693
2023-01-20 08:00:00,146.08182236223826,149.48182236223826,30.761775312869705
2023-01-20 09:00:00,146.12912647103508,149.52912647103508,33.15730888520133
2023-01-20 10:00:00,146.14399473396068,149.5439947339607,33.960510675861215
2023-01-20 11:00:00,146.1480149379547,149.54801493795472,34.06847419407378
2023-01-20 12:00:00,146.1831989560875,149.5831989560875,35.72763399427893
2023-01-20 13:00:00,146.1631968450241,149.5631968450241,34.63780843842219
2023-01-20 14:00:00,146.1825089447545,149.5825089447545,35.683941985868536
2023-01-20 15:00:00,146.1787310331519,149.5787310331519,35.44523835586576
2023-01-20 16:00:00,146.15431716234812,149.55431716234813,34.322719850867685
2023-01-20 17:00:00,146.16170140714092,149.56170140714093,34.547843999285305
2023-01-20 18:00:00,146.14501750233813,149.54501750233814,34.02068678708163
2023-01-20 19:00:00,146.14387965873357,149.54387965873357,33.953743201991145
2023-01-20 20:00:00,146.15889364286735,149.55889364286736,34.59501734124436
2023-01-20 21:00:00,146.15253171313196,149.55253171313197,34.216769464370635
2023-01-20 22:00:00,146.15572571993175,149.55572571993176,34.40641710882607
2023-01-20 23:00:00,146.12628576526376,149.52628576526376,32.99330081269257
2023-01-21 00:00:00,146.11562383552837,149.51562383552837,32.38649240802343
2023-01-21 01:00:00,146.13418388086038,149.53418388086038,33.38583542789267
2023-01-21 02:00:00,146.09462195112496,149.49462195112497,31.207462965783055
2023-01-21 03:00:00,146.10000197379097,149.50000197379097,31.507563673106215
2023-01-21 04:00:00,146.08031595792477,149.48031595792477,30.67984532734176
2023-01-21 05:00:00,146.09304980606257,149.49304980606257,31.241924827145773
2023-01-21 06:00:00,146.0721080803212,149.4721080803212,30.235144630566154
2023-01-21 07:00:00,146.068232053122,149.468232053122,30.026147629956604
2023-01-21 08:00:00,146.07018011205358,149.47018011205358,30.131107050963482
2023-01-21 09:00:00,146.0522481483192,149.4522481483192,29.171131160012123
2023-01-21 10:00:00,146.0276942095174,149.4276942095174,27.94649786862731
2023-01-21 11:00:00,146.0584842208504,149.4584842208504,29.503400179312397
2023-01-21 12:00:00,146.01632206445498,149.416322064455,27.360308888862416
2023-01-21 13:00:00,146.02805979472956,149.42805979472956,27.96543375576709
2023-01-21 14:00:00,145.98021750233815,149.38021750233816,25.592231032575988
2023-01-21 15:00:00,145.99408742300713,149.39408742300714,26.285982411986932
2023-01-21 16:00:00,146.00023525527874,149.40023525527874,26.540550960180536
2023-01-21 17:00:00,145.9975270376851,149.3975270376851,26.403639292385623
2023-01-21 18:00:00,145.97275900141952,149.37275900141952,25.222589743300723
2023-01-21 19:00:00,145.95743114648192,149.35743114648193,24.52907813816878
2023-01-21 20:00:00,145.9519810898169,149.35198108981692,24.26552250194093
2023-01-21 21:00:00,145.9613229288883,149.3613229288883,24.718046094904313
2023-01-21 22:00:00,145.9247846319637,149.3247846319637,23.08413918868733
2023-01-21 23:00:00,145.92002858209847,149.32002858209847,22.863292069579835
2023-01-22 00:00:00,145.91492258889826,149.31492258889827,22.682117335389314
2023-01-22 01:00:00,145.91082835543847,149.31082835543847,22.494826199679338
2023-01-22 02:00:00,145.90070415597765,149.30070415597766,22.034519829948813
2023-01-22 03:00:00,145.89101380465462,149.29101380465463,22.366216370555673
2023-01-22 04:00:00,145.8824994805308,149.28249948053082,21.972865400392703
2023-01-22 05:00:00,145.8769874941304,149.2769874941304,21.719767334726043
2023-01-22 06:00:00,145.8469213422682,149.2469213422682,20.36077186505954
2023-01-22 07:00:00,145.84244109294218,149.2424410929422,20.161405288251533
2023-01-22 08:00:00,145.85771312467458,149.25771312467458,20.84435076581579
2023-01-22 09:00:00,145.85529902721078,149.25529902721078,20.73576434506492
2023-01-22 10:00:00,145.83050302267756,149.23050302267757,19.634181346421478
2023-01-22 11:00:00,145.84172277335153,149.24172277335154,20.12951701383561
2023-01-22 12:00:00,145.82642477108496,149.22642477108496,19.4554127484934
2023-01-22 13:00:00,145.82334452175894,149.22334452175895,19.32084506357043
2023-01-22 14:00:00,145.82802243336153,149.22802243336153,19.525364151313774
2023-01-22 15:00:00,145.80297437442994,149.20297437442994,18.700826857675352
2023-01-22 16:00:00,145.7979303109651,149.19793031096512,18.488335513334487
2023-01-22 17:00:00,145.80180645149431,149.20180645149432,18.651537818055367
2023-01-22 18:00:00,145.79718458975694,149.19718458975694,18.457004427111485
2023-01-22 19:00:00,145.80101466908795,149.20101466908795,18.61815289977539
2023-01-22 20:00:00,145.78257471441995,149.18257471441996,17.847552995631542
2023-01-22 21:00:00,145.78276872121975,149.18276872121976,17.85559132464541
2023-01-22 22:00:00,145.78837083228316,149.18837083228317,18.088340525229874
2023-01-22 23:00:00,145.77190279601754,149.17190279601755,17.407656943606042
2023-01-23 00:00:00,145.76391489574794,149.16391489574795,17.08133059845847
2023-01-23 01:00:00,145.75679303401057,149.15679303401058,16.79251183269435
2023-01-23 02:00:00,145.75133521307197,149.15133521307197,16.572538468740603
2023-01-23 03:00:00,145.7547812742702,149.1547812742702,16.711291615286726
2023-01-23 04:00:00,145.7447735099966,149.1447735099966,16.309643788259386
2023-01-23 05:00:00,145.73854165959222,149.13854165959222,16.061556520677023
2023-01-23 06:00:00,145.74185786811944,149.14185786811944,16.193379981455607
2023-01-23 07:00:00,145.72749616504404,149.12749616504405,15.625666169089532
2023-01-23 08:00:00,145.72586642570306,149.12586642570307,15.56176698687483
2023-01-23 09:00:00,145.73049250956728,149.1304925095673,15.743426721474203
2023-01-23 10:00:00,145.7176988427575,149.1176988427575,15.243146091724089
2023-01-23 11:00:00,145.71666510794972,149.11666510794973,15.203012055792046
2023-01-23 12:00:00,145.7152870830171,149.1152870830171,15.149578548044556
2023-01-23 13:00:00,145.71110506261772,149.11110506261772,14.98789070112319
2023-01-23 14:00:00,145.7033950739507,149.1033950739507,14.691667182414072
2023-01-23 15:00:00,145.7015950739507,149.1015950739507,14.622858867633635
2023-01-23 16:00:00,145.69787121447993,149.09787121447994,14.480927916975563
2023-01-23 17:00:00,145.69326955673654,149.09326955673654,14.306325133936731
2023-01-23 18:00:00,145.69250551593774,149.09250551593775,14.277418879732027
2023-01-23 19:00:00,145.68559963606754,149.08559963606754,14.017235002562945
2023-01-23 20:00:00,145.68756167913295,149.08756167913296,14.090956714128366
2023-01-23 21:00:00,145.68105579926277,149.08105579926277,13.847114835611098
2023-01-23 22:00:00,145.6645360485888,149.0645360485888,13.342148159178118
2023-01-23 23:00:00,145.67375791032617,149.07375791032618,13.67961931111886
2023-01-24 00:00:00,145.66798388086036,149.06798388086037,13.467920554775677
2023-01-24 01:00:00,145.65667577659676,149.05667577659676,13.057207170542721
2023-01-24 02:00:00,145.65949375619735,149.05949375619736,13.159074295434156
2023-01-24 03:00:00,145.65405591259278,149.0540559125928,12.962789882921339
2023-01-24 04:00:00,145.6488540281894,149.0488540281894,12.776143806241905
2023-01-24 05:00:00,145.6450360485888,149.0450360485888,12.639852426341877
2023-01-24 06:00:00,145.6378982049842,149.0378982049842,12.386644507979776
2023-01-24 07:00:00,145.63874426618239,149.0387442661824,12.416549005118542
2023-01-24 08:00:00,145.6296963205808,149.0296963205808,12.09826412887017
2023-01-24 09:00:00,145.63693638857882,149.03693638857882,12.352684137889657
2023-01-24 10:00:00,145.6265764565768,149.0265764565768,11.989294003335454
2023-01-24 11:00:00,145.6249884429772,149.02498844297722,11.933981978400254
2023-01-24 12:00:00,145.6236440395224,149.0236440395224,11.88723636308002
2023-01-24 13:00:00,145.62823970406555,149.02823970406556,12.04733782387716
2023-01-24 14:00:00,145.62214170179897,149.02214170179897,11.83508749640526
2023-01-24 15:00:00,145.61586755900314,149.01586755900314,11.618308769975794
2023-01-24 16:00:00,145.61215734367613,149.01215734367614,11.49088386117709
2023-01-24 17:00:00,145.60690740034113,149.00690740034113,11.311555317163787
2023-01-24 18:00:00,145.59991761566815,148.99991761566815,11.0745803013575
2023-01-24 19:00:00,145.59793559526875,148.99793559526876,11.007755543506894
2023-01-24 20:00:00,145.59084547060573,148.99084547060573,10.770058013813292
2023-01-24 21:00:00,145.58867121447992,148.98867121447992,10.69758932709577
2023-01-24 22:00:00,145.58456311021632,148.98456311021633,10.56120912251545
2023-01-24 23:00:00,145.5827808631569,148.9827808631569,10.502264148999437
2023-01-25 00:00:00,145.5837768676901,148.9837768676901,10.535188845599762
2023-01-25 01:00:00,145.57733434863866,148.97733434863866,10.322963226919983
2023-01-25 02:00:00,145.57958828744046,148.97958828744046,10.397011014618812
2023-01-25 03:00:00,145.57925997918284,148.97925997918284,10.386211814991437
2023-01-25 04:00:00,145.5849595258628,148.98495952586282,10.574338197252969
2023-01-25 05:00:00,145.58150290934756,148.98150290934757,10.46008061913798
2023-01-25 06:00:00,145.58821244469453,148.98821244469454,10.68232383109755
2023-01-25 07:00:00,145.5834701523031,148.9834701523031,10.52504535213767
2023-01-25 08:00:00,145.59830343379085,148.99830343379085,11.020144957391924
2023-01-25 09:00:00,145.61212883767502,149.01212883767502,11.489907053130633
2023-01-25 10:00:00,145.6093606880794,149.0093606880794,11.395212441180165
2023-01-25 11:00:00,145.63431628462456,149.03431628462457,12.260364076650985
2023-01-25 12:00:00,145.64943004209834,149.04943004209835,12.796757378279274
2023-01-25 13:00:00,145.67125378823914,149.07125378823915,13.587643994851256
2023-01-25 14:00:00,145.69980184717073,149.09980184717074,14.554441123936748
2023-01-25 15:00:00,145.73903026875837,149.13903026875838,16.080951692251972
2023-01-25 16:00:00,145.778908860341,149.178908860341,17.695942218015464
2023-01-25 17:00:00,145.82319122073045,149.22319122073046,19.314157975962544
2023-01-25 18:00:00,145.85864161738547,149.25864161738548,20.886177428012452
2023-01-25 19:00:00,145.8993078825777,149.2993078825777,21.971353518260255
2023-01-25 20:00:00,145.9614220933715,149.36142209337152,24.722869434423217
2023-01-25 21:00:00,146.0135182112347,149.4135182112347,27.21663015123513
2023-01-25 22:00:00,146.0458203222981,149.44582032229812,28.830409832247334
2023-01-25 23:00:00,146.13315439709592,149.53315439709593,33.32580239710488
2023-01-26 00:00:00,146.14008847189373,149.54008847189374,33.731143345825636
2023-01-26 01:00:00,146.14282054895813,149.54282054895813,33.891487804317336
2023-01-26 02:00:00,146.14932676881836,149.54932676881836,34.14596205359844
2023-01-26 03:00:00,146.18303087761515,149.58303087761516,35.71698846465435
2023-01-26 04:00:00,146.19547094561315,149.59547094561316,36.373510575563245
2023-01-26 05:00:00,146.19534109294216,149.59534109294216,36.36509248021234
2023-01-26 06:00:00,146.21113521307197,149.61113521307198,37.35686463809527
2023-01-26 07:00:00,146.17853932186878,149.5785393218688,35.43314857594169
2023-01-26 08:00:00,146.18248738080038,149.5824873808004,35.682577009993835
2023-01-26 09:00:00,146.1868215689282,149.5868215689282,35.81786589812124
2023-01-26 10:00:00,146.15139171625722,149.55139171625723,34.26810598793413
2023-01-26 11:00:00,146.13483789078543,149.53483789078544,33.42399980789226
2023-01-26 12:00:00,146.12146397464963,149.52146397464963,32.7179393913345
2023-01-26 13:00:00,146.08371391798462,149.48371391798463,30.864790232076363
2023-01-26 14:00:00,146.08721814011145,149.48721814011145,31.056035420577615
2023-01-26 15:00:00,146.09501414464464,149.49501414464464,31.229294673574575
2023-01-26 16:00:00,146.09327230557327,149.49327230557327,31.254282015373352
2023-01-26 17:00:00,146.12792435997167,149.52792435997168,33.087858617347315
2023-01-26 18:00:00,146.10660050050086,149.50660050050087,31.877450649279353
2023-01-26 19:00:00,146.06666265689628,149.4666626568963,29.941708922612126
2023-01-26 20:00:00,146.05652270222828,149.45652270222828,29.398705529647504
2023-01-26 21:00:00,146.0679587747595,149.4679587747595,30.011436727881584
2023-01-26 22:00:00,146.0890968450241,149.4890968450241,31.15878268043979
2023-01-26 23:00:00,146.0977289220885,149.4977289220885,31.3806089312636
2023-01-27 00:00:00,146.1154390240855,149.5154390240855,32.376029138909786
2023-01-27 01:00:00,146.12332304221832,149.52332304221832,32.82377343647629
2023-01-27 02:00:00,146.12435911474952,149.52435911474953,32.88282375349466
2023-01-27 03:00:00,146.11242315554833,149.51242315554833,32.20550336538861
2023-01-27 04:00:00,146.1132272643451,149.51322726434512,32.25092933945011
2023-01-27 05:00:00,146.13056933007653,149.53056933007653,33.24075789304865
2023-01-27 06:00:00,146.12949729834412,149.52949729834413,33.17874664655707
2023-01-27 07:00:00,146.09851550460473,149.49851550460474,31.42451431991235
2023-01-27 08:00:00,146.11641150913795,149.51641150913795,32.43110474812827
2023-01-27 09:00:00,146.16278542527374,149.56278542527374,34.612950528124166
2023-01-27 10:00:00,146.15403536860873,149.55403536860874,34.30598736919406
2023-01-27 11:00:00,146.11877720768013,149.51877720768013,32.56526354291156
2023-01-27 12:00:00,146.1171128268913,149.5171128268913,32.470849875638564
2023-01-27 13:00:00,146.12514233957225,149.52514233957226,32.92749554762811
2023-01-27 14:00:00,146.13292989985183,149.53292989985184,33.312717937371964
2023-01-27 15:00:00,146.1244815009302,149.5244815009302,32.88980230046553
2023-01-27 16:00:00,146.1126733966666,149.5126733966666,32.219636900404176
2023-01-27 17:00:00,146.1203595258628,149.5203595258628,32.655139171784995
2023-01-27 18:00:00,146.095565632393,149.495565632393,31.260005597603104
2023-01-27 19:00:00,146.06997761879342,149.46997761879342,30.12018932142965
2023-01-27 20:00:00,146.06479982052082,149.46479982052082,29.84161982431218
2023-01-27 21:00:00,146.06408195425024,149.46408195425025,29.803089206989057
2023-01-27 22:00:00,146.06228617637706,149.46228617637706,29.70680028576653
2023-01-27 23:00:00,146.05459627837405,149.45459627837405,29.29604606673405
2023-01-28 00:00:00,146.06681836677146,149.46681836677146,29.950081890957915
2023-01-28 01:00:00,146.00758052316687,149.40758052316687,26.913475344509223
2023-01-28 02:00:00,146.0202768676901,149.4202768676901,27.563537589411116
2023-01-28 03:00:00,145.9952450172857,149.3952450172857,26.344256126917966
2023-01-28 04:00:00,146.01705723034613,149.41705723034613,27.398036881912013
2023-01-28 05:00:00,146.00580129381092,149.40580129381092,26.822929619039698
2023-01-28 06:00:00,145.98795745700613,149.38795745700614,25.978353534949157
2023-01-28 07:00:00,145.99693159980194,149.39693159980195,26.37357987471737
2023-01-28 08:00:00,145.96953382419537,149.36953382419537,25.063494957626457
2023-01-28 09:00:00,145.99234980606258,149.39234980606258,26.19861770767474
2023-01-28 10:00:00,145.95152994205858,149.3515299420586,24.243762072381234
2023-01-28 11:00:00,145.97657577659675,149.37657577659675,25.411448277479977
2023-01-28 12:00:00,145.96914381286237,149.36914381286238,25.044286594192048
2023-01-28 13:00:00,145.94625357486936,149.34625357486937,23.989905031232684
2023-01-28 14:00:00,145.93871527794474,149.33871527794474,23.73623924795612
2023-01-28 15:00:00,145.9096571170161,149.30965711701612,22.441368686285482
2023-01-28 16:00:00,145.91837709435012,149.31837709435013,22.78681857829373
2023-01-28 17:00:00,145.9237530082193,149.3237530082193,23.03615836422961
2023-01-28 18:00:00,145.9116649946197,149.31166499461972,22.533044929100956
2023-01-28 19:00:00,145.8842951872807,149.28429518728072,22.055583366750614
2023-01-28 20:00:00,145.8957990694175,149.2957990694175,22.588560751443
2023-01-28 21:00:00,145.8939348019587,149.2939348019587,22.501830127830882
2023-01-28 22:00:00,145.88437886542349,149.2843788654235,22.059441091373316
2023-01-28 23:00:00,145.88800871809448,149.2880087180945,22.227054101391904
2023-01-29 00:00:00,145.8741808631569,149.27418086315691,21.591362023711888
2023-01-29 01:00:00,145.86301659569807,149.26301659569808,21.083731042107406
2023-01-29 02:00:00,145.88815266822928,149.2881526682293,22.233712045190856
2023-01-29 03:00:00,145.86645266822927,149.26645266822928,21.239430917518817
2023-01-29 04:00:00,145.87322258889827,149.27322258889828,21.547592873835143
2023-01-29 05:00:00,145.86375655036608,149.26375655036608,21.117220529807295
2023-01-29 06:00:00,145.85867253223327,149.25867253223328,20.887570678657596
2023-01-29 07:00:00,145.87416842343646,149.27416842343646,21.590793603087093
2023-01-29 08:00:00,145.87355655036606,149.27355655036607,21.56284235894795
2023-01-29 09:00:00,145.85839872942748,149.25839872942748,20.87523245619146
2023-01-29 10:00:00,145.87495078382588,149.2749507838259,21.626554897907727
2023-01-29 11:00:00,145.8640929628873,149.2640929628873,21.132453490180023
2023-01-29 12:00:00,145.8687688767565,149.2687688767565,21.34465508912083
2023-01-29 13:00:00,145.8664628835563,149.2664628835563,21.239894519162668
2023-01-29 14:00:00,145.85387475662668,149.2538747566267,20.671811415765426
2023-01-29 15:00:00,145.8478707611599,149.2478707611599,20.403125167581493
2023-01-29 16:00:00,145.86389273622729,149.2638927362273,21.123386555915776
2023-01-29 17:00:00,145.8569089447545,149.2569089447545,20.808152385383927
2023-01-29 18:00:00,145.8516150512847,149.25161505128472,20.570514712210553
2023-01-29 19:00:00,145.85576733234313,149.25576733234314,20.75681028394318
2023-01-29 20:00:00,145.85469940940754,149.25469940940755,20.708830126822086
2023-01-29 21:00:00,145.86400551593775,149.26400551593775,21.128493399851873
2023-01-29 22:00:00,145.85142360886834,149.25142360886835,20.561942385969648
2023-01-29 23:00:00,145.83952149780495,149.23952149780496,20.03192739781906
2023-01-30 00:00:00,145.85057732101012,149.25057732101013,20.524065533011207
2023-01-30 01:00:00,145.87582937540853,149.27582937540853,21.66674421877254
2023-01-30 02:00:00,145.88471750233813,149.28471750233814,22.07505577320717
2023-01-30 03:00:00,145.86893348420534,149.26893348420535,21.35214136047597
2023-01-30 04:00:00,145.88292138447494,149.28292138447495,21.992288496337583
2023-01-30 05:00:00,145.86929952273755,149.26929952273755,21.368792542322275
2023-01-30 06:00:00,145.88444335954233,149.28444335954234,22.06241458664878
2023-01-30 07:00:00,145.87995534594273,149.27995534594274,21.855892932428226
2023-01-30 08:00:00,145.89877366553335,149.29877366553336,22.481600932953576
2023-01-30 09:00:00,145.89616201912298,149.296162019123,22.605462232419217
2023-01-30 10:00:00,145.89180596925777,149.29180596925778,22.4029607166421
2023-01-30 11:00:00,145.93422594659177,149.33422594659177,23.52524180698029
2023-01-30 12:00:00,145.91812183779496,149.31812183779496,22.8289241785332
2023-01-30 13:00:00,145.91882583326176,149.31882583326177,22.807586909961156
2023-01-30 14:00:00,145.93863970406557,149.33863970406557,23.73268062202725
2023-01-30 15:00:00,145.93150973806456,149.33150973806457,23.39797264770452
2023-01-30 16:00:00,145.95077988539356,149.35077988539356,24.207603305964223
2023-01-30 17:00:00,145.96077400552338,149.36077400552338,24.691354075790482
2023-01-30 18:00:00,145.95365602592278,149.3536560259228,24.346385894892062
2023-01-30 19:00:00,145.95429221178398,149.35429221178399,24.37713110047189
2023-01-30 20:00:00,145.9808762299168,149.3808762299168,25.62499264270115
2023-01-30 21:00:00,145.97797223445,149.37797223445,25.480703747393605
2023-01-30 22:00:00,145.99253250644202,149.39253250644202,26.207797524762707
2023-01-30 23:00:00,145.97341652457482,149.37341652457482,25.25507990514001
2023-01-31 00:00:00,145.98222251777503,149.38222251777503,25.692007935248302
2023-01-31 01:00:00,145.9831285109752,149.3831285109752,25.73715020268921
2023-01-31 02:00:00,145.98344860163922,149.38344860163923,25.753107565984177
2023-01-31 03:00:00,145.95620465150444,149.35620465150444,24.469657387973513
2023-01-31 04:00:00,145.98683484416543,149.38683484416543,25.92219029504628
2023-01-31 05:00:00,145.98252086003163,149.38252086003163,25.70686932080876
2023-01-31 06:00:00,146.00682285776503,149.40682285776504,26.874900805907654
2023-01-31 07:00:00,145.96128301642705,149.36128301642705,24.716104878193246
2023-01-31 08:00:00,145.97261121135466,149.37261121135467,25.215289571465597
2023-01-31 09:00:00,145.98017913429027,149.38017913429027,25.59032338546567
2023-01-31 10:00:00,145.97463318642207,149.37463318642207,25.315248020210092
2023-01-31 11:00:00,145.97340310709106,149.37340310709106,25.254416720892007
2023-01-31 12:00:00,145.96829289176404,149.36829289176404,25.002400929389207
2023-01-31 13:00:00,145.96994260843903,149.36994260843903,25.083634970402983
2023-01-31 14:00:00,145.9568744588434,149.3568744588434,24.502100077123472
2023-01-31 15:00:00,145.9696342775154,149.36963427751542,25.068443428892483
2023-01-31 16:00:00,145.9725602480496,149.3725602480496,25.212772429800463
2023-01-31 17:00:00,145.932702313781,149.332702313781,23.453814889672
2023-01-31 18:00:00,145.954832393112,149.35483239311202,24.403250096065403
2023-01-31 19:00:00,145.9415144135114,149.34151441351142,23.81441707936892
2023-01-31 20:00:00,145.94428866963722,149.34428866963722,23.895671319694586
2023-01-31 21:00:00,145.93437080336662,149.33437080336662,23.532037441254978
2023-01-31 22:00:00,145.91671874896824,149.31671874896824,22.76449006617967
2023-01-31 23:00:00,145.91084683056584,149.31084683056585,22.495669870273048
2023-02-01 00:00:00,145.91373672856884,149.31373672856884,22.62780245589795
2023-02-01 01:00:00,145.91523073536862,149.31523073536863,22.696240101221047
2023-02-01 02:00:00,145.90342673990182,149.30342673990182,22.15790835045822
2023-02-01 03:00:00,145.89068889629723,149.29068889629724,22.351152827201
2023-02-01 04:00:00,145.87384894162923,149.27384894162924,21.576197333881822
2023-02-01 05:00:00,145.88155704589286,149.28155704589287,21.929504521857005
2023-02-01 06:00:00,145.86475316375606,149.26475316375607,21.162361079716042
2023-02-01 07:00:00,145.85808335641707,149.25808335641707,20.861024744882336
2023-02-01 08:00:00,145.8368875785439,149.2368875785439,19.91541780217825
2023-02-01 09:00:00,145.8415395196123,149.2415395196123,20.121385228173363
2023-02-01 10:00:00,145.83709345841407,149.23709345841408,19.92451452281975
2023-02-01 11:00:00,145.8209556148095,149.2209556148095,19.216749599858012
2023-02-01 12:00:00,145.80997936095028,149.20997936095029,18.99756335591045
2023-02-01 13:00:00,145.81341920228826,149.21341920228826,19.143972907827887
2023-02-01 14:00:00,145.81439688723083,149.21439688723083,19.185669426028873
2023-02-01 15:00:00,145.80323273310202,149.20323273310203,18.711737340543703
2023-02-01 16:00:00,145.8005185223082,149.20051852230822,18.597245648999696
2023-02-01 17:00:00,145.78212862430522,149.18212862430522,17.829075635021738
2023-02-01 18:00:00,145.78224260843902,149.18224260843903,17.83379619472358
2023-02-01 19:00:00,145.77848855630722,149.17848855630723,17.67859316318372
2023-02-01 20:00:00,145.776592551774,149.176592551774,17.60041728366847
2023-02-01 21:00:00,145.77231464017143,149.17231464017144,17.424550064146505
2023-02-01 22:00:00,145.7610844475104,149.1610844475104,16.966304486929356
2023-02-01 23:00:00,145.7570444928424,149.1570444928424,16.802675207881336
2023-02-02 00:00:00,145.7682845608404,149.16828456084042,17.2595306857694
2023-02-02 01:00:00,145.7487942095174,149.1487942095174,16.470529512710854
2023-02-02 02:00:00,145.7383744588434,149.1383744588434,16.054921741272288
2023-02-02 03:00:00,145.7404282843152,149.1404282843152,16.136498248028033
2023-02-02 04:00:00,145.7363980916542,149.1363980916542,15.976581390376285
2023-02-02 05:00:00,145.7330641301864,149.1330641301864,15.84478308584424
2023-02-02 06:00:00,145.7168801120536,149.1168801120536,15.211355874389959
2023-02-02 07:00:00,145.7182882163172,149.1182882163172,15.266047487148164
2023-02-02 08:00:00,145.71114015738559,149.1111401573856,14.989244600783794
2023-02-02 09:00:00,145.70219010072057,149.10219010072058,14.645590218633705
2023-02-02 10:00:00,145.70372594659176,149.10372594659177,14.704329793489624
2023-02-02 11:00:00,145.70255368819934,149.10255368819935,14.659487191331852
2023-02-02 12:00:00,145.70295768366614,149.10295768366615,14.67493496313678
2023-02-02 13:00:00,145.69138142980694,149.09138142980694,14.2349344777835
2023-02-02 14:00:00,145.68558519861372,149.08558519861373,14.016693118433126
2023-02-02 15:00:00,145.67492503995172,149.07492503995172,13.722573339623311
2023-02-02 16:00:00,145.6699189334215,149.06991893342152,13.538718142854275
2023-02-02 17:00:00,145.6663768676901,149.0663768676901,13.409239311175645
2023-02-02 18:00:00,145.6591830875503,149.0591830875503,13.147828196566481
2023-02-02 19:00:00,145.65188896742052,149.05188896742052,12.884905449336962
2023-02-02 20:00:00,145.64408108981692,149.04408108981693,12.605855787290986
2023-02-02 21:00:00,145.6424350286187,149.0424350286187,12.547343070214898
2023-02-02 22:00:00,145.62900728701112,149.02900728701113,12.074163227389088
2023-02-02 23:00:00,145.62698730967713,149.02698730967714,12.00362131899379
2023-02-03 00:00:00,145.62457743434013,149.02457743434013,11.919683083522305
2023-02-03 01:00:00,145.62943148647193,149.02943148647194,12.088998496556934
2023-02-03 02:00:00,145.62262172446495,149.02262172446495,11.851739827602357
2023-02-03 03:00:00,145.61702994205856,149.01702994205857,11.658347479414232
2023-02-03 04:00:00,145.6124703500466,149.0124703500466,11.50161179260728
2023-02-03 05:00:00,145.6101105313746,149.0101105313746,11.420832090483154
2023-02-03 06:00:00,145.60142685323183,149.00142685323183,11.12557525165749
2023-02-03 07:00:00,145.60245904362625,149.00245904362626,11.160506324798739
2023-02-03 08:00:00,145.59557936095027,148.99557936095027,10.928528209806034
2023-02-03 09:00:00,145.5860256488085,148.9860256488085,10.60968056505224
2023-02-03 10:00:00,145.58245384373612,148.98245384373612,10.491463096361246
2023-02-03 11:00:00,145.58386594346652,148.98386594346653,10.538135447843695
2023-02-03 12:00:00,145.57427216332673,148.97427216332673,10.222708220172805
2023-02-03 13:00:00,145.57335207266271,148.97335207266272,10.192662673059818
2023-02-03 14:00:00,145.5704280998619,148.97042809986192,10.097419838754899
2023-02-03 15:00:00,145.56528004093033,148.96528004093034,9.930618719719568
2023-02-03 16:00:00,145.55573609079553,148.95573609079554,9.624392526573663
2023-02-03 17:00:00,145.55187627212354,148.95187627212354,9.501660327130951
2023-02-03 18:00:00,145.54958837185393,148.94958837185393,9.429214883992447
2023-02-03 19:00:00,145.54225652144956,148.94225652144956,9.198583200629963
2023-02-03 20:00:00,145.53896651011655,148.93896651011656,9.095851764570376
2023-02-03 21:00:00,145.53434042625236,148.93434042625236,9.023660730562526
2023-02-03 22:00:00,145.53161456904814,148.93161456904815,8.94006986381163
2023-02-03 23:00:00,145.52893055091536,148.92893055091537,8.858069159024584
2023-02-04 00:00:00,145.52333465971216,148.92333465971217,8.688089012269037
2023-02-04 01:00:00,145.52214864384595,148.92214864384596,8.652233684334336
2023-02-04 02:00:00,145.52469248065074,148.92469248065075,8.729211792753551
2023-02-04 03:00:00,145.51792855318195,148.91792855318195,8.525139140252167
2023-02-04 04:00:00,145.51967039225335,148.91967039225335,8.57750524577958
2023-02-04 05:00:00,145.51189225399074,148.91189225399074,8.34466956822594
2023-02-04 06:00:00,145.51044607946253,148.91044607946253,8.301664602907257
2023-02-04 07:00:00,145.50536805452992,148.90536805452993,8.151371210566037
2023-02-04 08:00:00,145.5072878052039,148.9072878052039,8.208059260158738
2023-02-04 09:00:00,145.5022956828075,148.9022956828075,8.060978275676186
2023-02-04 10:00:00,145.50570144934767,148.90570144934767,8.161204585744725
2023-02-04 11:00:00,145.50045516148947,148.90045516148948,8.007023180959619
2023-02-04 12:00:00,145.49210887363125,148.89210887363126,7.764193181967487
2023-02-04 13:00:00,145.4942944361774,148.8942944361774,7.827488389572747
2023-02-04 14:00:00,145.48367999872357,148.88367999872358,7.594793075958931
2023-02-04 15:00:00,145.48437566326675,148.88437566326675,7.6144952862358535
2023-02-04 16:00:00,145.48084158846893,148.88084158846894,7.514617484644289
2023-02-04 17:00:00,145.47026556126974,148.87026556126975,7.218892358654935
2023-02-04 18:00:00,145.46890562926774,148.86890562926774,7.181212104500183
2023-02-04 19:00:00,145.46630962473455,148.86630962473455,7.109503111442064
2023-02-04 20:00:00,145.46487566326675,148.86487566326676,7.070016828207237
2023-02-04 21:00:00,145.46605557260276,148.86605557260276,7.102500978287584
2023-02-04 22:00:00,145.46080762700115,148.86080762700115,6.958477815033428
2023-02-04 23:00:00,145.46733548193873,148.86733548193874,7.1378057083596165
2023-02-05 00:00:00,145.46735734367613,148.86735734367613,7.138409347117976
2023-02-05 01:00:00,145.46243114648192,148.86243114648192,7.002906826531334
2023-02-05 02:00:00,145.4614551192827,148.8614551192827,6.976183407715307
2023-02-05 03:00:00,145.4538869696871,148.8538869696871,6.770362387030142
2023-02-05 04:00:00,145.4505588880895,148.8505588880895,6.680636769537434
2023-02-05 05:00:00,145.4429308064919,148.8429308064919,6.476797953452698
2023-02-05 06:00:00,145.43430871809448,148.8343087180945,6.249457087818629
2023-02-05 07:00:00,145.42892258889827,148.82892258889828,6.109097329409509
2023-02-05 08:00:00,145.42433257756528,148.8243325775653,5.990495354965294
2023-02-05 09:00:00,145.43224445063566,148.83224445063567,6.195512226060413
2023-02-05 10:00:00,145.42682236223825,148.82682236223826,6.054713525218185
2023-02-05 11:00:00,145.42544633503906,148.82544633503906,6.019188167897679
2023-02-05 12:00:00,145.42721014917785,148.82721014917786,6.0647402929120275
2023-02-05 13:00:00,145.42421991118482,148.82421991118483,5.987595887877761
2023-02-05 14:00:00,145.4258476527924,148.82584765279242,6.029540460499847
2023-02-05 15:00:00,145.4265536459926,148.82655364599262,6.047769399131298
2023-02-05 16:00:00,145.4295175734614,148.8295175734614,6.124539452673312
2023-02-05 17:00:00,145.42447573439003,148.82447573439003,5.9941803052830505
2023-02-05 18:00:00,145.42301192025124,148.82301192025125,5.956543662430413
2023-02-05 19:00:00,145.42262213557825,148.82262213557826,5.946537808579089
2023-02-05 20:00:00,145.42256220357626,148.82256220357627,5.94499994019161
2023-02-05 21:00:00,145.42271625570805,148.82271625570806,5.9489532739195905
2023-02-05 22:00:00,145.42825632370605,148.82825632370606,6.091823765897979
2023-02-05 23:00:00,145.42565455263266,148.82565455263267,6.024558406245175
2023-02-06 00:00:00,145.4233487860925,148.8233487860925,5.965196514153915
2023-02-06 01:00:00,145.4210150512847,148.82101505128472,5.905354925284922
2023-02-06 02:00:00,145.4282691034165,148.82826910341652,6.092154907573249
2023-02-06 03:00:00,145.4231272643451,148.82312726434512,5.95950586317887
2023-02-06 04:00:00,145.42447943207353,148.82447943207353,5.994275498117743
2023-02-06 05:00:00,145.41998354087033,148.81998354087034,5.878982134602165
2023-02-06 06:00:00,145.41898576526376,148.81898576526376,5.853516923944884
2023-02-06 07:00:00,145.41216801232318,148.81216801232318,5.68070369096453
2023-02-06 08:00:00,145.42227999872358,148.8222799987236,5.937760646292678
2023-02-06 09:00:00,145.419502313781,148.81950231378102,5.866694729258023
2023-02-06 10:00:00,145.4205343908454,148.8205343908454,5.893059911583301
2023-02-06 11:00:00,145.4179584769762,148.8179584769762,5.827344846100155
2023-02-06 12:00:00,145.42117246111002,148.82117246111002,5.90938361105798
2023-02-06 13:00:00,145.42328410752037,148.82328410752038,5.963534767301131
2023-02-06 14:00:00,145.42495779699615,148.82495779699616,6.006595595230015
2023-02-06 15:00:00,145.42205357486935,148.82205357486936,5.931954839910778
2023-02-06 16:00:00,145.42114558393575,148.82114558393576,5.908695649096811
2023-02-06 17:00:00,145.41469940940755,148.81469940940755,5.74462580340195
2023-02-06 18:00:00,145.39468331421034,148.79468331421035,5.247066057090888
2023-02-06 19:00:00,145.38544935274254,148.78544935274255,5.081393576152003
2023-02-06 20:00:00,145.39106533460972,148.79106533460973,5.159068334211829
2023-02-06 21:00:00,145.4169611124829,148.81696111248291,5.801980167839306
2023-02-06 22:00:00,145.44095888808948,148.8409588880895,6.424516710479182
2023-02-06 23:00:00,145.4411988427575,148.8411988427575,6.430869517616024
2023-02-07 00:00:00,145.4324168223581,148.8324168223581,6.20000958346498
2023-02-07 01:00:00,145.41630871809448,148.8163087180945,5.785412689699509
2023-02-07 02:00:00,145.41795655036609,148.8179565503661,5.82729580633807
2023-02-07 03:00:00,145.4065168223581,148.8065168223581,5.539039033369715
2023-02-07 04:00:00,145.40221659569806,148.80221659569807,5.432204282535143
2023-02-07 05:00:00,145.39793035317186,148.79793035317186,5.326549452500307
2023-02-07 06:00:00,145.39744233957225,148.79744233957226,5.314572885892005
2023-02-07 07:00:00,145.39573634637208,148.79573634637208,5.2727903926798465
2023-02-07 08:00:00,145.39763845743548,148.79763845743548,5.319384604388967
2023-02-07 09:00:00,145.38806653903308,148.78806653903308,5.1436958597581475
2023-02-07 10:00:00,145.39243857076548,148.79243857076548,5.1923983028724505
2023-02-07 11:00:00,145.3873506704959,148.7873506704959,5.126624394314199
2023-02-07 12:00:00,145.3921706478299,148.7921706478299,5.185888751929143
2023-02-07 13:00:00,145.38711459796468,148.7871145979647,5.120999702451669
2023-02-07 14:00:00,145.38987042116986,148.78987042116987,5.1301365916724055
2023-02-07 15:00:00,145.38649450730068,148.7864945073007,5.106237117026507
2023-02-07 16:00:00,145.38825477929268,148.78825477929269,5.148188633414189
2023-02-07 17:00:00,145.3867928495573,148.78679284955732,5.1133376649315805
2023-02-07 18:00:00,145.3890089447545,148.7890089447545,5.166204206595953
2023-02-07 19:00:00,145.3876250399517,148.7876250399517,5.133164656370488
2023-02-07 20:00:00,145.38047732101012,148.78047732101012,4.963872254029953
2023-02-07 21:00:00,145.38356721901312,148.78356721901312,5.036777195131057
2023-02-07 22:00:00,145.38070129381092,148.78070129381092,4.969142505069732
2023-02-07 23:00:00,145.37445135047594,148.77445135047594,4.822918027121049
2023-02-08 00:00:00,145.37653747967215,148.77653747967216,4.871531058255038
2023-02-08 01:00:00,145.37309175846397,148.77309175846398,4.791340535030669
2023-02-08 02:00:00,145.37241584459477,148.77241584459478,4.7756728482434285
2023-02-08 03:00:00,145.36887800099018,148.76887800099018,4.694000967676337
2023-02-08 04:00:00,145.36679609392078,148.7667960939208,4.6462034256605715
2023-02-08 05:00:00,145.3643063092478,148.76430630924781,4.589298871414569
2023-02-08 06:00:00,145.3650162979148,148.7650162979148,4.605497215999763
2023-02-08 07:00:00,145.3646184089782,148.7646184089782,4.596416593909135
2023-02-08 08:00:00,145.3642005427076,148.7642005427076,4.586887768976105
2023-02-08 09:00:00,145.36290054270762,148.76290054270763,4.557293795292013
2023-02-08 10:00:00,145.35790254044102,148.75790254044102,4.44423127248446
2023-02-08 11:00:00,145.3634204067116,148.76342040671162,4.5691190938571085
2023-02-08 12:00:00,145.3656402707156,148.7656402707156,4.619751957804323
2023-02-08 13:00:00,145.36361396019137,148.76361396019138,4.573524968293003
2023-02-08 14:00:00,145.36206379019637,148.76206379019638,4.538286017678518
2023-02-08 15:00:00,145.35949153180394,148.75949153180395,4.480053476246038
2023-02-08 16:00:00,145.36594535727573,148.76594535727574,4.626728114282405
2023-02-08 17:00:00,145.35891938674155,148.75891938674155,4.467141791174225
2023-02-08 18:00:00,145.35951727567812,148.75951727567812,4.480634792629767
2023-02-08 19:00:00,145.36024113514893,148.76024113514893,4.496992441992583
2023-02-08 20:00:00,145.35530106715092,148.75530106715092,4.385832325721173
2023-02-08 21:00:00,145.35818885409049,148.7581888540905,4.450677425750035
2023-02-08 22:00:00,145.35520860476447,148.75520860476448,4.383762381315837
2023-02-08 23:00:00,145.35766631237306,148.75766631237306,4.438915575732025
2023-02-09 00:00:00,145.35751991118482,148.75751991118483,4.435622476173248
2023-02-09 01:00:00,145.3548376641254,148.7548376641254,4.375462107876744
2023-02-09 02:00:00,145.3588674034664,148.7588674034664,4.465969415501911
2023-02-09 03:00:00,145.35950302267756,148.75950302267756,4.480312945239508
2023-02-09 04:00:00,145.35981090028116,148.75981090028117,4.487267195304019
2023-02-09 05:00:00,145.36364651949233,148.76364651949234,4.574266285354268
2023-02-09 06:00:00,145.3742243177649,148.77422431776492,4.817639260445391
2023-02-09 07:00:00,145.3728180979047,148.77281809790472,4.784994608788092
2023-02-09 08:00:00,145.37865982364607,148.77865982364608,4.921187941025365
2023-02-09 09:00:00,145.38450965365107,148.78450965365107,5.059098133722266
2023-02-09 10:00:00,145.38413351312187,148.78413351312187,5.050184760804777
2023-02-09 11:00:00,145.38772940432506,148.78772940432506,5.135653310213839
2023-02-09 12:00:00,145.40678111873342,148.80678111873343,5.545632422492137
2023-02-09 13:00:00,145.38948933632705,148.78948933632705,5.177692966304892
2023-02-09 14:00:00,145.40309122073043,148.80309122073044,5.453865785237456
2023-02-09 15:00:00,145.41024150405545,148.81024150405545,5.632248545736716
2023-02-09 16:00:00,145.4102881319037,148.81028813190372,5.633419352716528
2023-02-09 17:00:00,145.43086860788975,148.83086860788976,6.159661999095947
2023-02-09 18:00:00,145.43998903854376,148.83998903854376,6.398865578875479
2023-02-09 19:00:00,145.4481913762672,148.8481913762672,6.61710077332598
2023-02-09 20:00:00,145.4673018182542,148.86730181825422,7.136876238325934
2023-02-09 21:00:00,145.48611802678144,148.88611802678145,7.663931256346952
2023-02-09 22:00:00,145.49196831010647,148.89196831010648,7.760129492426171
2023-02-09 23:00:00,145.49464644836905,148.89464644836906,7.837702298596967
2023-02-10 00:00:00,145.4917587747595,148.8917587747595,7.824854028444734
2023-02-10 01:00:00,145.4910668790231,148.8910668790231,7.805043112130225
2023-02-10 02:00:00,145.4982688767565,148.8982688767565,7.94312247048113
2023-02-10 03:00:00,145.5026750966167,148.90267509661672,8.072119038756606
2023-02-10 04:00:00,145.51040917141452,148.91040917141453,8.300568241485394
2023-02-10 05:00:00,145.50033337087532,148.90033337087533,8.003458043228422
2023-02-10 06:00:00,145.50898942074053,148.90898942074054,8.258438673485038
2023-02-10 07:00:00,145.51610551593774,148.91610551593774,8.470470727156831
2023-02-10 08:00:00,145.52764957940255,148.92764957940255,8.819041192749708
2023-02-10 09:00:00,145.52860574259776,148.92860574259777,8.848166486018327
2023-02-10 10:00:00,145.53431784232816,148.93431784232817,9.022966884468946
2023-02-10 11:00:00,145.54256978339657,148.94256978339658,9.20838946073012
2023-02-10 12:00:00,145.54668587859376,148.94668587859377,9.337634723748529
2023-02-10 13:00:00,145.54800585592776,148.94800585592776,9.379237703184579
2023-02-10 14:00:00,145.55328787632718,148.95328787632718,9.546471081495557
2023-02-10 15:00:00,145.55047400552337,148.95047400552338,9.457231258274255
2023-02-10 16:00:00,145.5532481483192,148.9532481483192,9.545208756355578
2023-02-10 17:00:00,145.54855025938258,148.94855025938259,9.396418181137946
2023-02-10 18:00:00,145.5539242888484,148.9539242888484,9.56670186000721
2023-02-10 19:00:00,145.54990453817442,148.94990453817442,9.439212678709048
2023-02-10 20:00:00,145.55594272176901,148.95594272176902,9.630980978549593
2023-02-10 21:00:00,145.55702086003163,148.95702086003163,9.665387381178602
2023-02-10 22:00:00,145.57350887363123,148.97350887363123,10.197780458387133
2023-02-10 23:00:00,145.57492308442505,148.97492308442506,10.243985802712343
2023-02-11 00:00:00,145.58899100736065,148.98899100736065,10.708235636165552
2023-02-11 01:00:00,145.60185904362626,149.00185904362627,11.14019588704067
2023-02-11 02:00:00,145.61926503682645,149.01926503682645,11.735493345191637
2023-02-11 03:00:00,145.64479711389086,149.04479711389087,12.631342839712731
2023-02-11 04:00:00,145.67809911162425,149.07809911162425,13.839664903602758
2023-02-11 05:00:00,145.70713318642206,149.10713318642206,14.834985829033002
2023-02-11 06:00:00,145.74105527481947,149.14105527481948,16.16143551657554
2023-02-11 07:00:00,145.77085738588286,149.17085738588287,17.364806074116856
2023-02-11 08:00:00,145.79332542214848,149.1933254221485,18.29520947382665
2023-02-11 09:00:00,145.82187947428028,149.22187947428029,19.25697840339308
2023-02-11 10:00:00,145.80943329975207,149.20943329975208,18.974363497050735
2023-02-11 11:00:00,145.83726726121986,149.23726726121987,19.932195282409488
2023-02-11 12:00:00,145.82515116602266,149.22515116602267,19.399725015863723
2023-02-11 13:00:00,145.84254505949247,149.24254505949247,20.166022408964814
2023-02-11 14:00:00,145.84239677390082,149.24239677390082,20.15943722825181
2023-02-11 15:00:00,145.8350884429772,149.2350884429772,19.835997605921143
2023-02-11 16:00:00,145.84766624124978,149.2476662412498,20.39399848949953
2023-02-11 17:00:00,145.83624814831919,149.2362481483192,19.887175901229803
2023-02-11 18:00:00,145.8134542548494,149.2134542548494,19.145467199067273
2023-02-11 19:00:00,145.81448222311698,149.214482223117,19.189310600458178
2023-02-11 20:00:00,145.811282109787,149.211282109787,19.052958289442586
2023-02-11 21:00:00,145.813801973791,149.213801973791,19.160293033055083
2023-02-11 22:00:00,145.80070785366115,149.20070785366116,18.605222800902506
2023-02-11 23:00:00,145.78838976073055,149.18838976073056,18.089129020500128
2023-02-12 00:00:00,145.79550374486436,149.19550374486437,18.38646398221733
2023-02-12 01:00:00,145.7873372530121,149.18733725301212,18.045306358881373
2023-02-12 02:00:00,145.77781328021132,149.17781328021132,17.65073405201489
2023-02-12 03:00:00,145.7727070603511,149.17270706035112,17.440652662782394
2023-02-12 04:00:00,145.7617808631569,149.1617808631569,16.994576592497232
2023-02-12 05:00:00,145.7513249266217,149.1513249266217,16.572124999427295
2023-02-12 06:00:00,145.7396367996921,149.1396367996921,16.10504102968949
2023-02-12 07:00:00,145.7305348019587,149.1305348019587,15.745091458407508
2023-02-12 08:00:00,145.72773679969208,149.1277367996921,15.635110096184988
2023-02-12 09:00:00,145.72355266822927,149.12355266822928,15.471232686510731
2023-02-12 10:00:00,145.71577452996667,149.11577452996667,15.16847071188362
2023-02-12 11:00:00,145.71306831010645,149.11306831010646,15.0637065434581
2023-02-12 12:00:00,145.70263611971205,149.10263611971206,14.662638624054356
2023-02-12 13:00:00,145.70136186358621,149.10136186358622,14.613953657301954
2023-02-12 14:00:00,145.6984376641254,149.0984376641254,14.50248095470555
2023-02-12 15:00:00,145.6905936006606,149.0905936006606,14.20518972852275
2023-02-12 16:00:00,145.6804876074604,149.0804876074604,13.825901861067463
2023-02-12 17:00:00,145.6763315575952,149.0763315575952,13.774410069086898
2023-02-12 18:00:00,145.6644014782642,149.06440147826422,13.337248912394994
2023-02-12 19:00:00,145.6661594125328,149.0661594125328,13.401306758520091
2023-02-12 20:00:00,145.6571994805308,149.0571994805308,13.076114252097165
2023-02-12 21:00:00,145.6471595258628,149.0471595258628,12.71558154100179
2023-02-12 22:00:00,145.6422095825278,149.04220958252782,12.53933771596338
2023-02-12 23:00:00,145.6362475394624,149.0362475394624,12.32838511835545
2023-02-13 00:00:00,145.6219215689282,149.0219215689282,11.827454110372402
2023-02-13 01:00:00,145.6271334419986,149.02713344199861,12.008718937145394
2023-02-13 02:00:00,145.61550735813438,149.01550735813439,11.605912882105589
2023-02-13 03:00:00,145.61425530373597,149.01425530373598,11.56286675421531
2023-02-13 04:00:00,145.6056213422682,149.0056213422682,11.267800913243384
2023-02-13 05:00:00,145.5958592992028,148.9958592992028,10.937928817776365
2023-02-13 06:00:00,145.59988116094019,148.9998811609402,11.073349727873449
2023-02-13 07:00:00,145.59873110427517,148.99873110427518,11.034556739046327
2023-02-13 08:00:00,145.59174708614236,148.99174708614237,10.800167558190577
2023-02-13 09:00:00,145.58884897054577,148.98884897054577,10.7035065189447
2023-02-13 10:00:00,145.59040490708097,148.99040490708097,10.755357795748969
2023-02-13 11:00:00,145.58780490708097,148.98780490708097,10.668770522665936
2023-02-13 12:00:00,145.58268082095015,148.98268082095015,10.498959396349461
2023-02-13 13:00:00,145.57775884588276,148.97775884588276,10.336892588719959
2023-02-13 14:00:00,145.57220878921774,148.97220878921775,10.155379005340173
2023-02-13 15:00:00,145.56708281868356,148.96708281868356,9.98890120247447
2023-02-13 16:00:00,145.57146683681634,148.97146683681635,10.131212968044004
2023-02-13 17:00:00,145.56662300001156,148.96662300001157,9.97402238996104
2023-02-13 18:00:00,145.56248915187376,148.96248915187377,9.840665878408728
2023-02-13 19:00:00,145.56453321533857,148.96453321533858,9.906515154473865
2023-02-13 20:00:00,145.55820136493418,148.95820136493418,9.703118000509214
2023-02-13 21:00:00,145.55552756212842,148.95552756212842,9.617745432202806
2023-02-13 22:00:00,145.5492136913246,148.94921369132462,9.41737235872874
2023-02-13 23:00:00,145.544395711724,148.944395711724,9.265632720486792
2023-02-14 00:00:00,145.54057596105002,148.94057596105003,9.146048358070177
2023-02-14 01:00:00,145.54177196558322,148.94177196558323,9.183423217409274
2023-02-14 02:00:00,145.53715986585283,148.93715986585283,9.11045145550931
2023-02-14 03:00:00,145.53132601771503,148.93132601771504,8.931239565093467
2023-02-14 04:00:00,145.53266996784984,148.93266996784985,8.97239736058069
2023-02-14 05:00:00,145.52700204491424,148.92700204491425,8.799338936347672
2023-02-14 06:00:00,145.52605210157924,148.92605210157924,8.770467619573473
2023-02-14 07:00:00,145.51400415597766,148.91400415597766,8.407632476165313
2023-02-14 08:00:00,145.51806608571303,148.91806608571304,8.529269164801974
2023-02-14 09:00:00,145.51928206758024,148.91928206758024,8.565819556443772
2023-02-14 10:00:00,145.51818994518382,148.91818994518383,8.532989286472528
2023-02-14 11:00:00,145.51915587038602,148.91915587038602,8.562023343307441
2023-02-14 12:00:00,145.5155196845248,148.9155196845248,8.452933252218141
2023-02-14 13:00:00,145.5127815009302,148.9127815009302,8.371157706548367
2023-02-14 14:00:00,145.51313321533857,148.91313321533858,8.381643637104704
2023-02-14 15:00:00,145.50574120627218,148.90574120627218,8.162377523438941
2023-02-14 16:00:00,145.50194297734555,148.90194297734556,8.050627331010979
2023-02-14 17:00:00,145.49998492974697,148.89998492974698,7.993261782665559
2023-02-14 18:00:00,145.49080468042095,148.89080468042096,7.7975408907780315
2023-02-14 19:00:00,145.4937583925627,148.89375839256272,7.811945012017823
2023-02-14 20:00:00,145.4874998916441,148.8874998916441,7.703229954014538
2023-02-14 21:00:00,145.4785523993625,148.87855239936252,7.450204256259003
2023-02-14 22:00:00,145.48671444242794,148.88671444242794,7.680882770226052
2023-02-14 23:00:00,145.48338213870352,148.88338213870352,7.586363513141526
2023-02-15 00:00:00,145.48083396644188,148.88083396644188,7.514402647239934
2023-02-15 01:00:00,145.4731158735113,148.8731158735113,7.298123516664736
2023-02-15 02:00:00,145.4711118780445,148.8711118780445,7.242381534989811
2023-02-15 03:00:00,145.4703138757779,148.8703138757779,7.220232484652779
2023-02-15 04:00:00,145.47009578284727,148.87009578284727,7.21418391249928
2023-02-15 05:00:00,145.46575793924268,148.86575793924268,7.094301187404105
2023-02-15 06:00:00,145.4634320820385,148.8634320820385,7.0303547616009165
2023-02-15 07:00:00,145.4558344197619,148.85583441976192,6.823088359662216
2023-02-15 08:00:00,145.45562254669153,148.85562254669154,6.817344081459116
2023-02-15 09:00:00,145.45842676881836,148.85842676881836,6.893528792653913
2023-02-15 10:00:00,145.44577305667656,148.84577305667656,6.552452877609666
2023-02-15 11:00:00,145.45805895921276,148.85805895921277,6.883516855062134
2023-02-15 12:00:00,145.44936917453978,148.8493691745398,6.648678455607693
2023-02-15 13:00:00,145.45344908387577,148.85344908387577,6.758529500617725
2023-02-15 14:00:00,145.44434708614236,148.84434708614236,6.5144523971807775
2023-02-15 15:00:00,145.44678304534358,148.84678304534359,6.579421515184856
2023-02-15 16:00:00,145.43965519040597,148.83965519040598,6.390045297883361
2023-02-15 17:00:00,145.4368033626676,148.8368033626676,6.3148989299428315
2023-02-15 18:00:00,145.439145428399,148.839145428399,6.376586780688935
2023-02-15 19:00:00,145.43303566639202,148.83303566639202,6.216166650971319
2023-02-15 20:00:00,145.4377975961274,148.83779759612742,6.341056742071946
2023-02-15 21:00:00,145.4403576414594,148.8403576414594,6.408609749404178
2023-02-15 22:00:00,145.43980570039102,148.83980570039103,6.394021173606728
2023-02-15 23:00:00,145.43806585905304,148.83806585905305,6.348122040381066
2023-02-16 00:00:00,145.43454576838903,148.83454576838903,6.255663852473536
2023-02-16 01:00:00,145.43271979785482,148.83271979785482,6.207917701125217
2023-02-16 02:00:00,145.4281195711948,148.8281195711948,6.088280753001381
2023-02-16 03:00:00,145.4252215689282,148.8252215689282,6.013393275305908
2023-02-16 04:00:00,145.4198594125328,148.8198594125328,5.875811718382213
2023-02-16 05:00:00,145.42490102494418,148.82490102494418,6.005132923115701
2023-02-16 06:00:00,145.43163509974198,148.831635099742,6.179624122632499
2023-02-16 07:00:00,145.44243532640198,148.84243532640198,6.46364536459551
2023-02-16 08:00:00,145.46944542839898,148.869445428399,7.1961591018266535
2023-02-16 09:00:00,145.71385884588275,149.11385884588276,15.09427932276032
2023-02-16 10:00:00,145.76917283001654,149.16917283001655,17.295847559135716
2023-02-16 11:00:00,145.71773886854876,149.11773886854877,15.244700935879154
2023-02-16 12:00:00,145.72968470308695,149.12968470308695,15.711643203691764
2023-02-16 13:00:00,145.76296638349632,149.16296638349633,17.04274884693536
2023-02-16 14:00:00,145.7924021160375,149.1924021160375,18.256586057069264
2023-02-16 15:00:00,145.81201176471447,149.21201176471448,19.08401303402062
2023-02-16 16:00:00,145.8146558281793,149.2146558281793,19.1967189767209
2023-02-16 17:00:00,145.8288779165767,149.2288779165767,19.562863459485623
2023-02-16 18:00:00,145.88103773524867,149.28103773524867,21.905626554831695
2023-02-16 19:00:00,145.93696981231307,149.33696981231307,23.654106972204495
2023-02-16 20:00:00,145.9583857941803,149.3583857941803,24.575372505101196
2023-02-16 21:00:00,145.98478779191367,149.38478779191368,25.819917483027677
2023-02-16 22:00:00,145.9753761455033,149.3753761455033,25.352021340261803
2023-02-16 23:00:00,145.97873053762513,149.37873053762513,25.51834600638727
2023-02-17 00:00:00,145.98143664415534,149.38143664415534,25.65287937389716
2023-02-17 01:00:00,145.99404697281236,149.39404697281236,26.283947170385506
2023-02-17 02:00:00,145.97899914054076,149.37899914054077,25.531685430086863
2023-02-17 03:00:00,145.944355303736,149.344355303736,23.89886429655853
2023-02-17 04:00:00,145.9695813876002,149.3695813876002,25.06583794312062
2023-02-17 05:00:00,145.948165632393,149.348165632393,24.081761673974242
2023-02-17 06:00:00,145.95810992251782,149.35810992251783,24.561990523998627
2023-02-17 07:00:00,145.96954233957226,149.36954233957226,25.063914420073335
2023-02-17 08:00:00,145.9579245866317,149.3579245866317,24.553002056049152
2023-02-17 09:00:00,146.00776676569308,149.40776676569308,26.922961168044413
2023-02-17 10:00:00,145.98116721901312,149.38116721901312,25.639470842416134
2023-02-17 11:00:00,146.00747543660674,149.40747543660675,26.9081236660573
2023-02-17 12:00:00,146.00130363153434,149.40130363153435,26.594648821085578
2023-02-17 13:00:00,145.97941573126477,149.37941573126477,25.552380409496728
2023-02-17 14:00:00,145.95308776299717,149.35308776299718,24.318937707317016
2023-02-17 15:00:00,145.92013981739555,149.32013981739556,22.868446866714976
2023-02-17 16:00:00,145.90330796699118,149.30330796699118,22.15251942784299
2023-02-17 17:00:00,145.89756823898318,149.2975682389832,22.425493823636273
2023-02-17 18:00:00,145.85539454950742,149.25539454950743,20.740056456815605
2023-02-17 19:00:00,145.84011075803463,149.24011075803463,20.05803177667567
2023-02-17 20:00:00,145.81460687589785,149.21460687589786,19.194629882311432
2023-02-17 21:00:00,145.80176104135964,149.20176104135965,18.649622475260504
2023-02-17 22:00:00,145.78997525215345,149.18997525215346,18.155224937125237
2023-02-17 23:00:00,145.77175116602265,149.17175116602266,17.401439031560773
2023-02-18 00:00:00,145.75329323175407,149.15329323175408,16.65131873679346
2023-02-18 01:00:00,145.73961332241808,149.13961332241809,16.104108318459467
2023-02-18 02:00:00,145.72518335641706,149.12518335641707,15.535016906577521
2023-02-18 03:00:00,145.72088124535367,149.12088124535367,15.36697230706126
2023-02-18 04:00:00,145.70825938361628,149.10825938361629,14.87827569555119
2023-02-18 05:00:00,145.6997715966767,149.0997715966767,14.553288091775405
2023-02-18 06:00:00,145.6923196556083,149.0923196556083,14.27039077838043
2023-02-18 07:00:00,145.68863940628228,149.08863940628228,14.131518656669407
2023-02-18 08:00:00,145.6772335264121,149.0772335264121,13.807693482661891
2023-02-18 09:00:00,145.6709816986737,149.0709816986737,13.57766541153578
2023-02-18 10:00:00,145.6667695989433,149.0667695989433,13.423570585963361
2023-02-18 11:00:00,145.6630235377451,149.0630235377451,13.287124778090115
2023-02-18 12:00:00,145.64881543348147,149.04881543348148,12.774763115275908
2023-02-18 13:00:00,145.64732519548846,149.04732519548847,12.721497497457102
2023-02-18 14:00:00,145.63266292576304,149.03266292576305,12.20225229862415
2023-02-18 15:00:00,145.63203861297222,149.03203861297223,12.180338295964942
2023-02-18 16:00:00,145.63087057670663,149.03087057670663,12.139382020202158
2023-02-18 17:00:00,145.6199184089782,149.0199184089782,11.758083982517855
2023-02-18 18:00:00,145.6110643568464,149.01106435684642,11.4534549234973
2023-02-18 19:00:00,145.6056703500466,149.0056703500466,11.269466997139398
2023-02-18 20:00:00,145.60500020271758,149.00500020271758,11.246693138789526
2023-02-18 21:00:00,145.59526024804958,148.9952602480496,10.917816089795403
2023-02-18 22:00:00,145.59430808032118,148.9943080803212,10.885878724164485
2023-02-18 23:00:00,145.58844803498917,148.98844803498918,10.69016195435779
2023-02-19 00:00:00,145.58766578792975,148.98766578792976,10.664145499079824
2023-02-19 01:00:00,145.57881550460473,148.97881550460474,10.371598787098302
2023-02-19 02:00:00,145.57748930741053,148.97748930741054,10.328047123987155
2023-02-19 03:00:00,145.56930129381092,148.96930129381093,10.060813630505741
2023-02-19 04:00:00,145.57069918274752,148.97069918274752,10.106234513450124
2023-02-19 05:00:00,145.56287509661672,148.96287509661673,9.853085325061556
2023-02-19 06:00:00,145.5644449039557,148.9644449039557,9.9036665115228
2023-02-19 07:00:00,145.5580747566267,148.9580747566267,9.699068546906283
2023-02-19 08:00:00,145.5592706478299,148.9592706478299,9.737345564667176
2023-02-19 09:00:00,145.5490846319637,148.9490846319637,9.413294587723055
2023-02-19 10:00:00,145.55010638037106,148.95010638037107,9.445597584624757
2023-02-19 11:00:00,145.54474833277246,148.94474833277246,9.27670416332925
2023-02-19 12:00:00,145.54130626704105,148.94130626704106,9.168862842638397
2023-02-19 13:00:00,145.53745198824925,148.93745198824925,9.119463014015556
2023-02-19 14:00:00,145.53154765279243,148.93154765279243,8.938021767036727
2023-02-19 15:00:00,145.5294394351988,148.92943943519882,8.873592883376592
2023-02-19 16:00:00,145.5244813876002,148.9244813876002,8.722813510177394
2023-02-19 17:00:00,145.520935326402,148.920935326402,8.615614972291329
2023-02-19 18:00:00,145.52975507707598,148.92975507707598,8.883227182217741
2023-02-19 19:00:00,145.52670313600757,148.92670313600757,8.79025016505067
2023-02-19 20:00:00,145.52492910654178,148.92492910654178,8.736386233862934
2023-02-19 21:00:00,145.52561101361115,148.92561101361116,8.757074804861078
2023-02-19 22:00:00,145.52220302267756,148.92220302267756,8.653876341267086
2023-02-19 23:00:00,145.52476695014636,148.92476695014636,8.731469433611025
2023-02-20 00:00:00,145.52185684814935,148.92185684814936,8.643421371943859
2023-02-20 01:00:00,145.52234286401554,148.92234286401555,8.658101198334743
2023-02-20 02:00:00,145.51265696147937,148.91265696147937,8.367445988163517
2023-02-20 03:00:00,145.51493487308196,148.91493487308196,8.435440958671602
2023-02-20 04:00:00,145.51265262602254,148.91265262602255,8.367316788116163
2023-02-20 05:00:00,145.51264052629213,148.91264052629214,8.366956210829468
2023-02-20 06:00:00,145.51501666682134,148.91501666682134,8.437886610473281
2023-02-20 07:00:00,145.50839046962713,148.90839046962714,8.240691433761159
2023-02-20 08:00:00,145.50665451042593,148.90665451042594,8.189341239818464
2023-02-20 09:00:00,145.50282654215835,148.90282654215835,8.07656768485211
2023-02-20 10:00:00,145.50183253535855,148.90183253535855,8.047387264809537
2023-02-20 11:00:00,145.50302443109493,148.90302443109493,8.08238207811928
2023-02-20 12:00:00,145.49884629283233,148.89884629283233,7.959979065370993
2023-02-20 13:00:00,145.4973759188433,148.8973759188433,7.917082669225422
2023-02-20 14:00:00,145.49378556752026,148.89378556752027,7.812732689469517
2023-02-20 15:00:00,145.48874938165906,148.88874938165907,7.738833386487958
2023-02-20 16:00:00,145.48903328646185,148.88903328646185,7.746932248342355
2023-02-20 17:00:00,145.49159122073044,148.89159122073045,7.820054639414503
2023-02-20 18:00:00,145.48929532952724,148.88929532952724,7.754410480489527
2023-02-20 19:00:00,145.49028733859365,148.89028733859365,7.782746805053493
2023-02-20 20:00:00,145.48353351312187,148.88353351312188,7.590647003388032
2023-02-20 21:00:00,145.48298756525367,148.88298756525367,7.575202698650228
2023-02-20 22:00:00,145.47419367178387,148.87419367178387,7.328173749050665
2023-02-20 23:00:00,145.4760397329821,148.8760397329821,7.379758954798153
2023-02-21 00:00:00,145.47360754258767,148.87360754258768,7.311825665193589
2023-02-21 01:00:00,145.47078556752027,148.87078556752027,7.2333212961335525
2023-02-21 02:00:00,145.46791142472446,148.86791142472447,7.153715273629906
2023-02-21 03:00:00,145.46508534086024,148.86508534086025,7.075785111260686
2023-02-21 04:00:00,145.46376924566303,148.86376924566304,7.039610247796148
2023-02-21 05:00:00,145.46730897367104,148.86730897367104,7.137073798661224
2023-02-21 06:00:00,145.46505326379585,148.86505326379586,7.074902540996692
2023-02-21 07:00:00,145.46057147005646,148.86057147005647,6.9520246243783985
2023-02-21 08:00:00,145.45451176471448,148.8545117647145,6.787260444756676
2023-02-21 09:00:00,145.4473259755083,148.8473259755083,6.593937146031201
2023-02-21 10:00:00,145.44787825656672,148.84787825656673,6.608715938442293
2023-02-21 11:00:00,145.44849646282734,148.84849646282734,6.625274594019715
2023-02-21 12:00:00,145.44790068495413,148.84790068495414,6.609316392318011
2023-02-21 13:00:00,145.44608270535355,148.84608270535355,6.560716370096357
2023-02-21 14:00:00,145.44752865322175,148.84752865322176,6.59935916921245
2023-02-21 15:00:00,145.44541078695116,148.84541078695116,6.542790406750406
2023-02-21 16:00:00,145.44349480508396,148.84349480508396,6.491782421753408
2023-02-21 17:00:00,145.44028093428017,148.84028093428017,6.4065814734339455
2023-02-21 18:00:00,145.43615696147936,148.83615696147936,6.297915690741732
2023-02-21 19:00:00,145.43280102494415,148.83280102494416,6.21003853797633
2023-02-21 20:00:00,145.43238104761016,148.83238104761017,6.199076075465102
2023-02-21 21:00:00,145.43132699547837,148.83132699547838,6.171596898300197
2023-02-21 22:00:00,145.42326706347637,148.82326706347638,5.963096896060798
2023-02-21 23:00:00,145.42017693881337,148.82017693881338,5.883923163258479
2023-02-22 00:00:00,145.41770479375094,148.81770479375095,5.820889040373266
2023-02-22 01:00:00,145.41378447642694,148.81378447642695,5.721489065256412
2023-02-22 02:00:00,145.41776250135953,148.81776250135954,5.822357348402047
2023-02-22 03:00:00,145.41447637216334,148.81447637216334,5.738982206033991
2023-02-22 04:00:00,145.4127121047045,148.8127121047045,5.694418738542554
2023-02-22 05:00:00,145.4088240911049,148.8088240911049,5.596704480946207
2023-02-22 06:00:00,145.4084238644449,148.8084238644449,5.5866844616311955
2023-02-22 07:00:00,145.40602763325168,148.8060276332517,5.526843561546339
2023-02-22 08:00:00,145.41202164005148,148.81202164005148,5.677016320590894
2023-02-22 09:00:00,145.41014161738548,148.81014161738548,5.629740759278154
2023-02-22 10:00:00,145.4143457261823,148.8143457261823,5.735677454095305
2023-02-22 11:00:00,145.40736370578287,148.80736370578288,5.560177306847233
2023-02-22 12:00:00,145.40836347912287,148.80836347912287,5.585173288609187
2023-02-22 13:00:00,145.40119721393063,148.80119721393064,5.4070013199880576
2023-02-22 14:00:00,145.39196713459964,148.79196713459964,5.1809463126735835
2023-02-22 15:00:00,145.39860286714082,148.79860286714083,5.343071650885868
2023-02-22 16:00:00,145.3987448195422,148.7987448195422,5.346561735517411
2023-02-22 17:00:00,145.404088656347,148.804088656347,5.478611092534915
2023-02-22 18:00:00,145.4067967606106,148.8067967606106,5.546022738302836
2023-02-22 19:00:00,145.4017447062122,148.80174470621222,5.420531547738618
2023-02-22 20:00:00,145.39405292380582,148.79405292380582,5.23169053158294
2023-02-22 21:00:00,145.40188322979685,148.80188322979686,5.423957044751362
2023-02-22 22:00:00,145.41756924566303,148.81756924566304,5.817440749441557
2023-02-22 23:00:00,145.41959744059065,148.81959744059066,5.869122830470065
2023-02-23 00:00:00,145.43363762191868,148.83363762191868,6.231898963259489
2023-02-23 01:00:00,145.43762175338148,148.83762175338148,6.336427246152164
2023-02-23 02:00:00,145.4526220933715,148.8526220933715,6.736204574815421
2023-02-23 03:00:00,145.4777941251039,148.87779412510392,7.428916960381878
2023-02-23 04:00:00,145.4892643857629,148.8892643857629,7.75352725118162
2023-02-23 05:00:00,145.49492054895813,148.89492054895814,7.84565927073014
2023-02-23 06:00:00,145.49985861922275,148.89985861922275,7.989566917914237
2023-02-23 07:00:00,145.50155074161916,148.90155074161916,8.039122595139244
2023-02-23 08:00:00,145.50405884588275,148.90405884588276,8.112802879585843
2023-02-23 09:00:00,145.49455907254276,148.89455907254276,7.835166518171187
2023-02-23 10:00:00,145.49529303401056,148.89529303401056,7.8564775156536815
2023-02-23 11:00:00,145.49193920853878,148.8919392085388,7.830023662607938
2023-02-23 12:00:00,145.50231312467457,148.90231312467458,8.06149028646077
2023-02-23 13:00:00,145.49803532640198,148.89803532640198,7.936308503564184
2023-02-23 14:00:00,145.498015349068,148.898015349068,7.935725763036646
2023-02-23 15:00:00,145.494495485064,148.894495485064,7.833321320657225
2023-02-23 16:00:00,145.5021174601314,148.9021174601314,8.055747253628525
2023-02-23 17:00:00,145.50767961652681,148.90767961652682,8.219648504119384
2023-02-23 18:00:00,145.50730592705102,148.90730592705103,8.208595133904383
2023-02-23 19:00:00,145.51317818544345,148.91317818544346,8.382984747587592
2023-02-23 20:00:00,145.51571670902808,148.9157167090281,8.4588297477245
2023-02-23 21:00:00,145.52064313288233,148.92064313288233,8.606805754497557
2023-02-23 22:00:00,145.52211561793476,148.92211561793476,8.651236110501452
2023-02-23 23:00:00,145.51846213245298,148.918462132453,8.541166738415896
2023-02-24 00:00:00,145.5174063092478,148.9174063092478,8.509463808679644
2023-02-24 01:00:00,145.51524860163923,148.91524860163923,8.444823072738897
2023-02-24 02:00:00,145.50916891896324,148.90916891896325,8.263760305382844
2023-02-24 03:00:00,145.51319722722087,148.91319722722088,8.38355264268501
2023-02-24 04:00:00,145.51326937228328,148.91326937228328,8.38570441197854
2023-02-24 05:00:00,145.5113797009403,148.9113797009403,8.329417481797059
2023-02-24 06:00:00,145.51232598879852,148.91232598879853,8.357585058150589
2023-02-24 07:00:00,145.51630412706112,148.91630412706112,8.47641969078827
2023-02-24 08:00:00,145.51078837185395,148.91078837185395,8.311835258411454
2023-02-24 09:00:00,145.51391046025134,148.91391046025134,8.404835038676858
2023-02-24 10:00:00,145.52013443305214,148.92013443305214,8.591477865519574
2023-02-24 11:00:00,145.51992255998175,148.91992255998176,8.585097067473818
2023-02-24 12:00:00,145.52439059624737,148.92439059624738,8.720062184465126
2023-02-24 13:00:00,145.52933243531874,148.92933243531874,8.87032789694047
2023-02-24 14:00:00,145.54479413839414,148.94479413839414,9.2781427447853
2023-02-24 15:00:00,145.56164385506912,148.96164385506913,9.81348711440339
2023-02-24 16:00:00,145.57368780520392,148.97368780520392,10.203621837728528
2023-02-24 17:00:00,145.5917377485389,148.9917377485389,10.799855552630074
2023-02-24 18:00:00,145.61684785053592,149.01684785053592,11.652071573025488
2023-02-24 19:00:00,145.6447919140007,149.0447919140007,12.631157673059121
2023-02-24 20:00:00,145.67453586413552,149.07453586413553,13.708244386337455
2023-02-24 21:00:00,145.7009558414695,149.1009558414695,14.598454880241665
2023-02-24 22:00:00,145.7118036737411,149.1118036737411,15.014851414405166
2023-02-24 23:00:00,145.7336334130821,149.1336334130821,15.867256404876699
2023-02-25 00:00:00,145.74482919095527,149.14482919095528,16.311867421031447
2023-02-25 01:00:00,145.72888067870363,149.12888067870364,15.680034574868678
2023-02-25 02:00:00,145.75469666057083,149.15469666057083,16.70787905257796
2023-02-25 03:00:00,145.7641743455134,149.1641743455134,17.091890193752253
2023-02-25 04:00:00,145.7627701233866,149.1627701233866,17.034770201239144
2023-02-25 05:00:00,145.738092211784,149.138092211784,16.04372429110655
2023-02-25 06:00:00,145.768702200451,149.168702200451,17.27660199809815
2023-02-25 07:00:00,145.77165391485937,149.17165391485938,17.397451516510163
2023-02-25 08:00:00,145.76590174713095,149.16590174713096,17.162263215744204
2023-02-25 09:00:00,145.77294780832915,149.17294780832916,17.45053453443616
2023-02-25 10:00:00,145.76335779699616,149.16335779699617,17.058665697069852
2023-02-25 11:00:00,145.76427366553335,149.16427366553336,17.095933219240766
2023-02-25 12:00:00,145.76533559526874,149.16533559526874,17.139185628526857
2023-02-25 13:00:00,145.77100951140454,149.17100951140455,17.371038950193327
2023-02-25 14:00:00,145.76476133914292,149.16476133914293,17.115790634958305
2023-02-25 15:00:00,145.76131116914792,149.16131116914792,16.975506505475266
2023-02-25 16:00:00,145.7665190467515,149.16651904675152,17.187440129382438
2023-02-25 17:00:00,145.7456411351489,149.1456411351489,16.344306676040418
2023-02-25 18:00:00,145.75864513061572,149.15864513061572,16.867428038192212
2023-02-25 19:00:00,145.7556810898169,149.1556810898169,16.747599751681605
2023-02-25 20:00:00,145.74522715101511,149.14522715101512,16.327763658261034
2023-02-25 21:00:00,145.74456299688632,149.14456299688632,16.301238014397875
2023-02-25 22:00:00,145.74016899008652,149.14016899008652,16.12618994758775
2023-02-25 23:00:00,145.74310084049088,149.1431008404909,16.242903061166594
2023-02-26 00:00:00,145.7288328042253,149.1288328042253,15.67815330542472
2023-02-26 01:00:00,145.7313507838259,149.1313507838259,15.777224682130855
2023-02-26 02:00:00,145.72087275889328,149.12087275889328,15.366641556827176
2023-02-26 03:00:00,145.7152067203611,149.1152067203611,15.146464827822903
2023-02-26 04:00:00,145.71287064782987,149.11287064782988,15.056066218477328
2023-02-26 05:00:00,145.70666265689627,149.10666265689628,14.816914458190421
2023-02-26 06:00:00,145.70542258889827,149.10542258889828,14.769331069768079
2023-02-26 07:00:00,145.70166265689627,149.10166265689628,14.625439958801671
2023-02-26 08:00:00,145.6962927362273,149.0962927362273,14.420937186785169
2023-02-26 09:00:00,145.69272869542849,149.0927286954285,14.285860038269787
2023-02-26 10:00:00,145.68986254356628,149.08986254356628,14.177611253669742
2023-02-26 11:00:00,145.69006642570307,149.09006642570307,14.185300314785195
2023-02-26 12:00:00,145.68504622170906,149.08504622170906,13.996469729620838
2023-02-26 13:00:00,145.68282002451483,149.08282002451483,13.913065770499365
2023-02-26 14:00:00,145.6731118069212,149.07311180692122,13.6558641492266
2023-02-26 15:00:00,145.66425575705603,149.06425575705603,13.331944522524457
2023-02-26 16:00:00,145.6589076981244,149.05890769812441,13.137862453366683
2023-02-26 17:00:00,145.665045541729,149.065045541729,13.360703675217668
2023-02-26 18:00:00,145.656515575728,149.056515575728,13.051425716250261
2023-02-26 19:00:00,145.6544115802612,149.05441158026122,12.975591486865701
2023-02-26 20:00:00,145.6448975961274,149.0448975961274,12.634921200701129
2023-02-26 21:00:00,145.6472674034664,149.0472674034664,12.719433654490595
2023-02-26 22:00:00,145.6396314442652,149.0396314442652,12.44793822931125
2023-02-26 23:00:00,145.6344274487984,149.0344274487984,12.26427526364087
2023-02-27 00:00:00,145.63691323800458,149.0369132380046,12.351867190487154
2023-02-27 01:00:00,145.63184697281235,149.03184697281236,12.173614743339053
2023-02-27 02:00:00,145.63076284134956,149.03076284134957,12.135607186155223
2023-02-27 03:00:00,145.62606250135954,149.02606250135955,11.971381084609796
2023-02-27 04:00:00,145.61909423843392,149.01909423843392,11.729590824219697
2023-02-27 05:00:00,145.61650776924768,149.01650776924768,11.640354121189205
2023-02-27 06:00:00,145.61054972164908,149.01054972164908,11.43584862067553
2023-02-27 07:00:00,145.61282729326163,149.01282729326164,11.513850574241673
2023-02-27 08:00:00,145.61234904166903,149.01234904166904,11.497453605297428
2023-02-27 09:00:00,145.6098925384838,149.0098925384838,11.413381587526603
2023-02-27 10:00:00,145.60562781770494,149.00562781770495,11.268021048490485
2023-02-27 11:00:00,145.6030335842451,149.00303358424512,11.179969044813046
2023-02-27 12:00:00,145.60259894279727,149.00259894279728,11.165244176949003
2023-02-27 13:00:00,145.59336652574285,148.99336652574286,10.854334793368318
2023-02-27 14:00:00,145.59203765083518,148.9920376508352,10.809878285154168
2023-02-27 15:00:00,145.58810357603738,148.9881035760374,10.678702545843517
2023-02-27 16:00:00,145.5771678434962,148.9771678434962,10.317501652577723
2023-02-27 17:00:00,145.57944831948222,148.97944831948223,10.392406422924982
2023-02-27 18:00:00,145.58844477733547,148.98844477733547,10.690053555788584
2023-02-27 19:00:00,145.60129506066048,149.00129506066048,11.12111837453298
2023-02-27 20:00:00,145.6150413485187,149.0150413485187,11.589883691398041
2023-02-27 21:00:00,145.61165567264254,149.01165567264255,11.47369815534643
2023-02-27 22:00:00,145.61572393556816,149.01572393556816,11.613365494298794
2023-02-27 23:00:00,145.61230629595758,149.0123062959576,11.49598852091841
2023-02-28 00:00:00,145.6095766699466,149.0095766699466,11.4025894241359
2023-02-28 01:00:00,145.60571108473442,149.00571108473443,11.270851902670108
2023-02-28 02:00:00,145.61428123206343,149.01428123206344,11.563757521159651
2023-02-28 03:00:00,145.62721741792467,149.02721741792467,12.011648715557204
2023-02-28 04:00:00,145.64185160605246,149.04185160605246,12.526630606845822
2023-02-28 05:00:00,145.66241387577787,149.06241387577788,13.26497205849128
2023-02-28 06:00:00,145.6820162135013,149.0820162135013,13.883001455215007
2023-02-28 07:00:00,145.69805239936252,149.09805239936253,14.48782045401951
2023-02-28 08:00:00,145.70560679148434,149.10560679148435,14.776395252543892
2023-02-28 09:00:00,145.72131689348134,149.12131689348135,15.383955113890941
2023-02-28 10:00:00,145.71705519040597,149.11705519040598,15.21815164951631
2023-02-28 11:00:00,145.7125193445348,149.1125193445348,15.04249105737512
2023-02-28 12:00:00,145.7071674034664,149.1071674034664,14.83630033622451
2023-02-28 13:00:00,145.7014074714644,149.1014074714644,14.615695033489118
2023-02-28 14:00:00,145.699115349068,149.099115349068,14.528283679165835
2023-02-28 15:00:00,145.68896940119978,149.0889694011998,14.143948091964017
2023-02-28 16:00:00,145.68770125160418,149.0877012516042,14.096207045989269
2023-02-28 17:00:00,145.6915811609402,149.0915811609402,14.24247944617608
2023-02-28 18:00:00,145.68889514507399,149.088895145074,14.141150804436778
2023-02-28 19:00:00,145.68572134226818,149.0857213422682,14.021803369751717
2023-02-28 20:00:00,145.69521323800458,149.0952132380046,14.379969194822403
2023-02-28 21:00:00,145.70408715414038,149.1040871541404,14.718158433665954
2023-02-28 22:00:00,145.70127716547339,149.1012771654734,14.610719983720067
2023-02-28 23:00:00,145.7079891518738,149.1079891518738,14.867883554169087
2023-03-01 00:00:00,145.71984297734556,149.11984297734557,15.326528602874408
2023-03-01 01:00:00,145.75074086628214,149.15074086628215,16.548655293799886
2023-03-01 02:00:00,145.80718070762015,149.20718070762015,18.878782262973036
2023-03-01 03:00:00,145.91278247869354,149.31278247869355,22.58413581985955
2023-03-01 04:00:00,146.0183422973655,149.4183422973655,27.464040752544438
2023-03-01 05:00:00,146.0752381885687,149.4752381885687,30.404392367416797
2023-03-01 06:00:00,146.11567226336652,149.51567226336653,32.3892344521841
2023-03-01 07:00:00,146.1434082225677,149.5434082225677,33.92602510478953
2023-03-01 08:00:00,146.17158036763013,149.57158036763013,35.04900427234785
2023-03-01 09:00:00,146.13778647416032,149.53778647416033,33.59631940845275
2023-03-01 10:00:00,146.16954252402553,149.56954252402554,34.972125661321975
2023-03-01 11:00:00,146.19841444242792,149.59841444242792,36.56527019439739
2023-03-01 12:00:00,146.2169843630969,149.61698436309692,37.7476207927302
2023-03-01 13:00:00,146.2250500616391,149.62505006163912,38.2402978913469
2023-03-01 14:00:00,146.1923779165767,149.5923779165767,36.17330035268063
2023-03-01 15:00:00,146.21661165138448,149.6166116513845,37.72265216232221
2023-03-01 16:00:00,146.20110354712085,149.60110354712086,36.74169582592555
2023-03-01 17:00:00,146.21224749725565,149.61224749725565,37.43099216984287
2023-03-01 18:00:00,146.20285725926266,149.60285725926266,36.857014125280266
2023-03-01 19:00:00,146.20240931366104,149.60240931366104,36.82753909572763
2023-03-01 20:00:00,146.18821553352126,149.58821553352126,35.906852563384554
2023-03-01 21:00:00,146.1859359641753,149.5859359641753,35.76139556593107
2023-03-01 22:00:00,146.1797162135013,149.5797162135013,35.507401761483365
2023-03-01 23:00:00,146.1471941251039,149.5471941251039,34.14891907099221
