SW2,ElevRaw,waterStage,flowm3s
2023-01-01 00:00:00,145.26278594971703,148.66278594971703,25.947891198505356
2023-01-01 01:00:00,145.27300381598764,148.67300381598764,26.419741233287432
2023-01-01 02:00:00,145.2924937139906,148.69249371399061,26.833687057414686
2023-01-01 03:00:00,145.3023537593226,148.70235375932262,27.30142582489022
2023-01-01 04:00:00,145.31845775478942,148.71845775478943,28.07229937145825
2023-01-01 05:00:00,145.32757185225321,148.72757185225322,28.51237427815646
2023-01-01 06:00:00,145.33269782278742,148.73269782278743,28.76108388806893
2023-01-01 07:00:00,145.33625775478941,148.73625775478942,28.93431810662672
2023-01-01 08:00:00,145.33412790211844,148.73412790211844,28.830624725889106
2023-01-01 09:00:00,145.33187807211345,148.73187807211346,28.721251954521225
2023-01-01 10:00:00,145.32964011517885,148.72964011517885,28.612621410274162
2023-01-01 11:00:00,145.32829205624725,148.72829205624726,28.54726604686473
2023-01-01 12:00:00,145.32299005851382,148.72299005851383,28.29079975573005
2023-01-01 13:00:00,145.31633400864862,148.71633400864863,27.970147772941402
2023-01-01 14:00:00,145.31272401998163,148.71272401998164,27.796850305247897
2023-01-01 15:00:00,145.31107396331663,148.71107396331664,27.71778287412115
2023-01-01 16:00:00,145.30159816277745,148.70159816277746,27.26546766157384
2023-01-01 17:00:00,145.29604821944244,148.69604821944245,27.00193220083254
2023-01-01 18:00:00,145.29997019450985,148.69997019450986,27.188058543517748
2023-01-01 19:00:00,145.29890426930766,148.69890426930766,27.137422007472384
2023-01-01 20:00:00,145.29278040983687,148.69278040983687,26.84724161256882
2023-01-01 21:00:00,145.29551237357126,148.69551237357126,26.976542125784693
2023-01-01 22:00:00,145.29307042116986,148.69307042116986,26.860955704609193
2023-01-01 23:00:00,145.29075643703607,148.69075643703607,26.751609753451632
2023-01-02 00:00:00,145.29027641437006,148.69027641437006,26.728948915027793
2023-01-02 01:00:00,145.29298617637704,148.69298617637705,26.856971637658003
2023-01-02 02:00:00,145.29232812877845,148.69232812877846,26.825859681156903
2023-01-02 03:00:00,145.28989416731065,148.68989416731065,26.710909347148522
2023-01-02 04:00:00,145.29258018317685,148.69258018317686,26.837774904149022
2023-01-02 05:00:00,145.29536808344645,148.69536808344645,26.96970683535997
2023-01-02 06:00:00,145.29767207891325,148.69767207891326,27.07893414298748
2023-01-02 07:00:00,145.29971802678145,148.69971802678145,27.176075962935858
2023-01-02 08:00:00,145.29930227157425,148.69930227157425,27.15632459805088
2023-01-02 09:00:00,145.30062835543845,148.70062835543845,27.2193431820074
2023-01-02 10:00:00,145.30026842343648,148.70026842343648,27.202232600643846
2023-01-02 11:00:00,145.29719062516386,148.69719062516387,27.05609489614622
2023-01-02 12:00:00,145.30088440530366,148.70088440530367,27.231517995399514
2023-01-02 13:00:00,145.29833623304205,148.69833623304206,27.110452997208544
2023-01-02 14:00:00,145.30019616504404,148.70019616504405,27.19879807305698
2023-01-02 15:00:00,145.29604411064565,148.69604411064566,27.001737476674823
2023-01-02 16:00:00,145.30081802678143,148.70081802678143,27.22836158029595
2023-01-02 17:00:00,145.30078195425023,148.70078195425023,27.226646329574812
2023-01-02 18:00:00,145.30210193158422,148.70210193158422,27.289439462131263
2023-01-02 19:00:00,145.30333600638204,148.70333600638205,27.348198417375233
2023-01-02 20:00:00,145.30603789078543,148.70603789078544,27.477021758007172
2023-01-02 21:00:00,145.30279982052082,148.70279982052082,27.322662375818805
2023-01-02 22:00:00,145.303735553062,148.70373555306202,27.367233173446493
2023-01-02 23:00:00,145.30075952586282,148.70075952586282,27.225579880386963
2023-01-03 00:00:00,145.3028013649342,148.7028013649342,27.32273591534987
2023-01-03 01:00:00,145.30334297734555,148.70334297734556,27.348530474814098
2023-01-03 02:00:00,145.30532699547837,148.70532699547837,27.44310345606335
2023-01-03 03:00:00,145.30844708614237,148.70844708614237,27.59209409805685
2023-01-03 04:00:00,145.31271255802454,148.71271255802455,27.796300760379033
2023-01-03 05:00:00,145.30917836989673,148.70917836989673,27.6270610418191
2023-01-03 06:00:00,145.3172361908353,148.7172361908353,28.013524286152762
2023-01-03 07:00:00,145.3305742610999,148.73057426109992,28.657944880033316
2023-01-03 08:00:00,145.3377161001713,148.7377161001713,29.005404545286225
2023-01-03 09:00:00,145.35195028829912,148.75195028829913,29.229352176824367
2023-01-03 10:00:00,145.37264429509892,148.77264429509893,30.26360286865741
2023-01-03 11:00:00,145.40324218403552,148.80324218403553,31.8190721885462
2023-01-03 12:00:00,145.4245101069711,148.8245101069711,32.9185420498976
2023-01-03 13:00:00,145.4453998916441,148.8453998916441,34.01295851270418
2023-01-03 14:00:00,145.47431376244788,148.87431376244788,35.55128352470301
2023-01-03 15:00:00,145.50870742925767,148.90870742925767,37.416423961674134
2023-01-03 16:00:00,145.53025759925268,148.93025759925268,38.604436929940256
2023-01-03 17:00:00,145.53537580551327,148.93537580551327,38.88877169482808
2023-01-03 18:00:00,145.53958579418028,148.9395857941803,39.12327690771416
2023-01-03 19:00:00,145.5388359641753,148.9388359641753,39.08146853020956
2023-01-03 20:00:00,145.5415741477699,148.9415741477699,39.23422837356039
2023-01-03 21:00:00,145.54939812057071,148.94939812057072,39.67203056708113
2023-01-03 22:00:00,145.5555881319037,148.9555881319037,40.019777583308596
2023-01-03 23:00:00,145.5558361908353,148.9558361908353,40.033738511713906
2023-01-04 00:00:00,145.55660822256772,148.95660822256772,40.077201455487355
2023-01-04 01:00:00,145.5601121047045,148.9601121047045,40.27469593768949
2023-01-04 02:00:00,145.57323784857869,148.9732378485787,41.017968923507695
2023-01-04 03:00:00,145.5861880185737,148.9861880185737,41.75661827115697
2023-01-04 04:00:00,145.58883984631208,148.9888398463121,41.90852263905438
2023-01-04 05:00:00,145.58787768991667,148.98787768991667,41.85338203254278
2023-01-04 06:00:00,145.57954161738547,148.97954161738548,41.37686339233506
2023-01-04 07:00:00,145.5708876785837,148.9708876785837,40.88448615507073
2023-01-04 08:00:00,145.55688356978686,148.95688356978687,40.092707196162735
2023-01-04 09:00:00,145.54907158338648,148.94907158338648,39.65371984020828
2023-01-04 10:00:00,145.53402363778486,148.93402363778486,38.81357280216206
2023-01-04 11:00:00,145.51892974431507,148.91892974431508,37.97810558373326
2023-01-04 12:00:00,145.50799566951727,148.90799566951728,37.37743990195718
2023-01-04 13:00:00,145.4995917873805,148.8995917873805,36.91837782228142
2023-01-04 14:00:00,145.48824583951227,148.88824583951228,36.30221077679118
2023-01-04 15:00:00,145.4814279732417,148.8814279732417,35.933949077485345
2023-01-04 16:00:00,145.4790720367065,148.8790720367065,35.80704438456085
2023-01-04 17:00:00,145.47243841522874,148.87243841522874,35.45068374541037
2023-01-04 18:00:00,145.46555273935255,148.86555273935255,35.08229222857424
2023-01-04 19:00:00,145.46435096827918,148.86435096827918,35.01815395097941
2023-01-04 20:00:00,145.46150502041095,148.86150502041096,34.866453584708125
2023-01-04 21:00:00,145.4609413196022,148.8609413196022,34.83643734849309
2023-01-04 22:00:00,145.459455530396,148.85945553039602,34.75737082290573
2023-01-04 23:00:00,145.4589677434564,148.85896774345642,34.73142882894368
2023-01-05 00:00:00,145.46543589305202,148.86543589305202,35.07605410502855
2023-01-05 01:00:00,145.46857396331663,148.86857396331663,35.243741624729395
2023-01-05 02:00:00,145.47849782278743,148.87849782278744,35.77614104712647
2023-01-05 03:00:00,145.48727984318683,148.88727984318683,36.24994193915742
2023-01-05 04:00:00,145.48991580238803,148.88991580238803,36.392641391848635
2023-01-05 05:00:00,145.4996816142602,148.8996816142602,36.92327261313071
2023-01-05 06:00:00,145.50404765279242,148.90404765279243,37.161496873018066
2023-01-05 07:00:00,145.51246974118982,148.91246974118982,37.62276091052622
2023-01-05 08:00:00,145.51759571172403,148.91759571172403,37.9046151472265
2023-01-05 09:00:00,145.5258637479896,148.9258637479896,38.36100893075147
2023-01-05 10:00:00,145.52755387265262,148.92755387265262,38.45457226177379
2023-01-05 11:00:00,145.53951580238802,148.93951580238803,39.11937360886366
2023-01-05 12:00:00,145.54140969585782,148.94140969585783,39.225047079193665
2023-01-05 13:00:00,145.5477733966666,148.9477733966666,39.58095685443978
2023-01-05 14:00:00,145.5540631813396,148.9540631813396,39.93399510869284
2023-01-05 15:00:00,145.55567128560318,148.9556712856032,40.02445731405578
2023-01-05 16:00:00,145.5595213422682,148.9595213422682,40.24137070781214
2023-01-05 17:00:00,145.5624114669312,148.9624114669312,40.40450924051723
2023-01-05 18:00:00,145.5618116935912,148.96181169359122,40.370632196469835
2023-01-05 19:00:00,145.56179205624724,148.96179205624725,40.36952321102198
2023-01-05 20:00:00,145.55991214691124,148.95991214691125,40.26341497461779
2023-01-05 21:00:00,145.56107019450985,148.96107019450986,40.32876576046148
2023-01-05 22:00:00,145.55533235090525,148.95533235090525,40.00538409137358
2023-01-05 23:00:00,145.55216043250286,148.95216043250286,39.82706376497727
2023-01-06 00:00:00,145.54825843476948,148.94825843476949,39.60813684293216
2023-01-06 01:00:00,145.54394245290226,148.94394245290226,39.366545340579925
2023-01-06 02:00:00,145.54508052316686,148.94508052316687,39.430192586053245
2023-01-06 03:00:00,145.54049062516387,148.94049062516387,39.173751500766784
2023-01-06 04:00:00,145.5350747566267,148.9350747566267,38.87202424944946
2023-01-06 05:00:00,145.53276676569308,148.9327667656931,38.74372586166321
2023-01-06 06:00:00,145.53060683369108,148.9306068336911,38.623811621742256
2023-01-06 07:00:00,145.51983103315192,148.91983103315192,38.02778885144631
2023-01-06 08:00:00,145.51351116914793,148.91351116914794,37.67995626234326
2023-01-06 09:00:00,145.51167132780992,148.91167132780993,37.57893548766304
2023-01-06 10:00:00,145.50425346153935,148.90425346153935,37.17274154144103
2023-01-06 11:00:00,145.50595346153935,148.90595346153935,37.26567561583478
2023-01-06 12:00:00,145.49406156580295,148.89406156580296,36.61752859414221
2023-01-06 13:00:00,145.49546544793975,148.89546544793976,36.69380782871493
2023-01-06 14:00:00,145.48679940940752,148.88679940940753,36.223957493922
2023-01-06 15:00:00,145.48524946607253,148.88524946607254,36.14017903102627
2023-01-06 16:00:00,145.47867554993675,148.87867554993676,35.78570491694388
2023-01-06 17:00:00,145.47616156580295,148.87616156580296,35.65051725821988
2023-01-06 18:00:00,145.46873359753533,148.86873359753534,35.25228046919037
2023-01-06 19:00:00,145.46729375619736,148.86729375619737,35.175293194180796
2023-01-06 20:00:00,145.46138388086035,148.86138388086036,34.86000221008224
2023-01-06 21:00:00,145.45683993072558,148.85683993072558,34.61835590834909
2023-01-06 22:00:00,145.448611962458,148.848611962458,34.182507159565255
2023-01-06 23:00:00,145.44308998739058,148.84308998739058,33.89123912338587
2023-01-07 00:00:00,145.43998199645696,148.83998199645697,33.727740455339166
2023-01-07 01:00:00,145.432311962458,148.832311962458,33.32560600353492
2023-01-07 02:00:00,145.42393205312197,148.82393205312198,32.88846159474817
2023-01-07 03:00:00,145.42084015738558,148.8208401573856,32.72775402392723
2023-01-07 04:00:00,145.41444615058577,148.81444615058578,32.39641225780674
2023-01-07 05:00:00,145.40661418685139,148.8066141868514,31.992394466354586
2023-01-07 06:00:00,145.4035862185838,148.8035862185838,31.836738445496422
2023-01-07 07:00:00,145.3965483749792,148.7965483749792,31.476124642701034
2023-01-07 08:00:00,145.3943044248444,148.7943044248444,31.361492023284235
2023-01-07 09:00:00,145.3888985449742,148.78889854497422,31.086019096612755
2023-01-07 10:00:00,145.38797468550342,148.78797468550343,31.039038353585944
2023-01-07 11:00:00,145.3865146401714,148.78651464017142,30.96484908022821
2023-01-07 12:00:00,145.38026658123982,148.78026658123983,30.648169319525746
2023-01-07 13:00:00,145.374262472443,148.774262472443,30.345082162314483
2023-01-07 14:00:00,145.3689744588434,148.76897445884342,30.079142275355608
2023-01-07 15:00:00,145.3686383863122,148.7686383863122,30.06227248298036
2023-01-07 16:00:00,145.3644964339108,148.7644964339108,29.854670382488898
2023-01-07 17:00:00,145.3598345041754,148.75983450417542,29.621694944196555
2023-01-07 18:00:00,145.3547146401714,148.75471464017141,29.3666765551443
2023-01-07 19:00:00,145.35131863563822,148.75131863563823,29.67180962022341
2023-01-07 20:00:00,145.34580276710102,148.74580276710103,29.40085065292238
2023-01-07 21:00:00,145.34388667190382,148.74388667190382,29.30695809092196
2023-01-07 22:00:00,145.33421886229823,148.73421886229823,28.835050142117808
2023-01-07 23:00:00,145.33009877163423,148.73009877163423,28.63487120224682
2023-01-08 00:00:00,145.33311053137461,148.73311053137462,28.781145879371582
2023-01-08 01:00:00,145.327502427111,148.727502427111,28.509011735918207
2023-01-08 02:00:00,145.31636247244302,148.71636247244302,27.97151588858064
2023-01-08 03:00:00,145.3139144135114,148.71391441351142,27.853947521592488
2023-01-08 04:00:00,145.3099763432468,148.7099763432468,27.66523701237193
2023-01-08 05:00:00,145.30584803498917,148.70584803498917,27.467961700777483
2023-01-08 06:00:00,145.30353604858877,148.70353604858877,27.357727942267385
2023-01-08 07:00:00,145.30276578792976,148.70276578792976,27.3210418836718
2023-01-08 08:00:00,145.29532783099518,148.69532783099518,26.967800125803745
2023-01-08 09:00:00,145.29485768366615,148.69485768366616,26.945533813069652
2023-01-08 10:00:00,145.29292960206854,148.69292960206855,26.854296283514937
2023-01-08 11:00:00,145.28694758166915,148.68694758166916,27.069124883390533
2023-01-08 12:00:00,145.28607732101014,148.68607732101015,27.02841102948908
2023-01-08 13:00:00,145.2901748699567,148.6901748699567,26.724156205893987
2023-01-08 14:00:00,145.28685078382588,148.6868507838259,27.06459512830042
2023-01-08 15:00:00,145.2848107158279,148.6848107158279,26.96919859492493
2023-01-08 16:00:00,145.28425666369608,148.6842566636961,26.943313584715234
2023-01-08 17:00:00,145.2786088314245,148.6786088314245,26.68001760898935
2023-01-08 18:00:00,145.2784049492877,148.6784049492877,26.67053218764638
2023-01-08 19:00:00,145.27823702635212,148.67823702635212,26.662720746980096
2023-01-08 20:00:00,145.27331116914792,148.67331116914792,26.433987131055666
2023-01-08 21:00:00,145.26740728701114,148.66740728701114,26.160878253733603
2023-01-08 22:00:00,145.26935523261272,148.66935523261273,26.25086323554998
2023-01-08 23:00:00,145.26398730967713,148.66398730967714,26.003192180454295
2023-01-09 00:00:00,145.26181539127472,148.66181539127473,25.9032488660376
2023-01-09 01:00:00,145.26008342754034,148.66008342754034,25.823660937044014
2023-01-09 02:00:00,145.25895934140954,148.65895934140954,25.772058892271417
2023-01-09 03:00:00,145.25822138447492,148.65822138447493,25.738204860133305
2023-01-09 04:00:00,145.25397754767013,148.65397754767014,25.543863070968413
2023-01-09 05:00:00,145.24880551593773,148.64880551593774,25.307812906265415
2023-01-09 06:00:00,145.24491972673155,148.64491972673156,25.131043654029344
2023-01-09 07:00:00,145.24623570859876,148.64623570859877,25.190853756046256
2023-01-09 08:00:00,145.24548776299716,148.64548776299716,25.156853376504554
2023-01-09 09:00:00,145.23621595792477,148.63621595792478,25.147682235177804
2023-01-09 10:00:00,145.23996201912297,148.63996201912298,24.906231677054862
2023-01-09 11:00:00,145.2318662412498,148.6318662412498,25.37987587447325
2023-01-09 12:00:00,145.23198998739056,148.63198998739057,25.385345760351935
2023-01-09 13:00:00,145.23200163380096,148.63200163380097,25.38586058480954
2023-01-09 14:00:00,145.22670140714092,148.62670140714093,25.151998187656417
2023-01-09 15:00:00,145.22761927341153,148.62761927341154,25.192435292656064
2023-01-09 16:00:00,145.22355723034613,148.62355723034614,25.013676779457303
2023-01-09 17:00:00,145.22535312154932,148.62535312154932,25.092645849264244
2023-01-09 18:00:00,145.2211071736811,148.6211071736811,24.906103330275712
2023-01-09 19:00:00,145.2195871963471,148.6195871963471,24.839459666154045
2023-01-09 20:00:00,145.21631116914793,148.61631116914793,24.696064684509246
2023-01-09 21:00:00,145.2185849719537,148.6185849719537,24.795556050225773
2023-01-09 22:00:00,145.2122309198219,148.6122309198219,24.94817827601798
2023-01-09 23:00:00,145.2117829742203,148.61178297422032,24.928835859488824
2023-01-10 00:00:00,145.2098229288883,148.6098229288883,24.844271146012847
2023-01-10 01:00:00,145.2125727588933,148.6125727588933,24.962943019612386
2023-01-10 02:00:00,145.20694279289228,148.60694279289228,24.7202184296115
2023-01-10 03:00:00,145.2046967316941,148.6046967316941,24.62364892889235
2023-01-10 04:00:00,145.19850660703108,148.59850660703108,24.358287456747593
2023-01-10 05:00:00,145.19889827610746,148.59889827610746,24.37504363610655
2023-01-10 06:00:00,145.19940215824425,148.59940215824426,24.396607233722545
2023-01-10 07:00:00,145.19284422397564,148.59284422397565,24.11655771274402
2023-01-10 08:00:00,145.19270004718084,148.59270004718084,24.11041533318118
2023-01-10 09:00:00,145.19391391798462,148.59391391798462,24.16214954672861
2023-01-10 10:00:00,145.18919993385083,148.58919993385084,23.96149172830559
2023-01-10 11:00:00,145.18781991118482,148.58781991118482,23.902875702415788
2023-01-10 12:00:00,145.19195963919282,148.59195963919282,24.07888151232043
2023-01-10 13:00:00,145.1931674034664,148.5931674034664,24.130328437150915
2023-01-10 14:00:00,145.19540924253778,148.59540924253778,24.225940055606504
2023-01-10 15:00:00,145.1891832720036,148.5891832720036,23.96078367916024
2023-01-10 16:00:00,145.1874374374654,148.5874374374654,23.88664041692203
2023-01-10 17:00:00,145.1893815009302,148.58938150093022,23.969208006850497
2023-01-10 18:00:00,145.1882035893276,148.5882035893276,23.919166546388333
2023-01-10 19:00:00,145.1891176867914,148.5891176867914,23.957996701340708
2023-01-10 20:00:00,145.18646985451983,148.58646985451983,23.845588055716053
2023-01-10 21:00:00,145.18398594971703,148.58398594971703,23.740330952039876
2023-01-10 22:00:00,145.18540592705102,148.58540592705103,23.800480624389518
2023-01-10 23:00:00,145.18190592705102,148.58190592705103,23.652331968724216
2023-01-11 00:00:00,145.18308983185383,148.58308983185384,23.702403097700994
2023-01-11 01:00:00,145.18501979785484,148.58501979785484,23.784118319395667
2023-01-11 02:00:00,145.17512190891824,148.57512190891825,23.78621190405419
2023-01-11 03:00:00,145.17876386131962,148.57876386131963,23.519649398734227
2023-01-11 04:00:00,145.17368383865363,148.57368383865364,23.72632365088466
2023-01-11 05:00:00,145.17242567772502,148.57242567772502,23.673977240574008
2023-01-11 06:00:00,145.1716576414594,148.5716576414594,23.642045446336816
2023-01-11 07:00:00,145.1675576414594,148.56755764145942,23.471876092262832
2023-01-11 08:00:00,145.1704174601314,148.5704174601314,23.590520200139732
2023-01-11 09:00:00,145.1660674034664,148.5660674034664,23.4101460724807
2023-01-11 10:00:00,145.1667732833366,148.5667732833366,23.43937757735002
2023-01-11 11:00:00,145.16824120627217,148.56824120627218,23.500213097832866
2023-01-11 12:00:00,145.17373886854875,148.57373886854876,23.728614252536225
2023-01-11 13:00:00,145.16474086628216,148.56474086628216,23.35525173521103
2023-01-11 14:00:00,145.16890468042095,148.56890468042096,23.527730327435957
2023-01-11 15:00:00,145.16705062828913,148.56705062828914,23.450866824803263
2023-01-11 16:00:00,145.16657659882333,148.56657659882333,23.43123112123476
2023-01-11 17:00:00,145.16600079828416,148.56600079828416,23.407388609073603
2023-01-11 18:00:00,145.16506084361615,148.56506084361615,23.368488217177738
2023-01-11 19:00:00,145.16759480508395,148.56759480508396,23.473416349308177
2023-01-11 20:00:00,145.16278903854376,148.56278903854377,23.274575577200892
2023-01-11 21:00:00,145.16367094561315,148.56367094561315,23.31101418360451
2023-01-11 22:00:00,145.16121500907798,148.56121500907798,23.2095965597789
2023-01-11 23:00:00,145.16253099094516,148.56253099094516,23.263917887573978
2023-01-12 00:00:00,145.16092699547838,148.56092699547838,23.197714660249833
2023-01-12 01:00:00,145.16041090028116,148.56041090028117,23.176429423135232
2023-01-12 02:00:00,145.16284874388575,148.56284874388575,23.27704176088691
2023-01-12 03:00:00,145.16219668948733,148.56219668948734,23.250113721323395
2023-01-12 04:00:00,145.16056638349633,148.56056638349634,23.18284117150826
2023-01-12 05:00:00,145.1616722633665,148.56167226336652,23.228465422991516
2023-01-12 06:00:00,145.1596341931019,148.5596341931019,23.144410539101074
2023-01-12 07:00:00,145.1614722633665,148.5614722633665,23.220211552420775
2023-01-12 08:00:00,145.16808191204348,148.56808191204348,23.493608373947556
2023-01-12 09:00:00,145.17294361511887,148.57294361511887,23.6955206825901
2023-01-12 10:00:00,145.17994316179883,148.57994316179884,23.56941367950456
2023-01-12 11:00:00,145.18273317313185,148.58273317313186,23.68731439939602
2023-01-12 12:00:00,145.21264704393562,148.61264704393562,24.966152007922144
2023-01-12 13:00:00,145.259538939672,148.65953893967202,25.79866064378853
2023-01-12 14:00:00,145.28427501220324,148.68427501220324,26.944170657670224
2023-01-12 15:00:00,145.32090720259765,148.72090720259766,28.190302031667233
2023-01-12 16:00:00,145.34506559018627,148.74506559018627,29.364713266719406
2023-01-12 17:00:00,145.3511599369761,148.7511599369761,29.66399989280151
2023-01-12 18:00:00,145.3429300843051,148.7429300843051,29.260128320268173
2023-01-12 19:00:00,145.3366184378947,148.73661843789472,28.95189295992561
2023-01-12 20:00:00,145.34548681415035,148.74548681415035,29.38536004498524
2023-01-12 21:00:00,145.37716695014637,148.77716695014638,30.491549620280825
2023-01-12 22:00:00,145.40420324933757,148.80420324933758,31.86843294831517
2023-01-12 23:00:00,145.4256234533316,148.82562345333162,32.976508759499154
2023-01-13 00:00:00,145.4334115802612,148.8334115802612,33.383139677778644
2023-01-13 01:00:00,145.4411115802612,148.8411115802612,33.78712664488142
2023-01-13 02:00:00,145.45357173892322,148.85357173892322,34.44497010126384
2023-01-13 03:00:00,145.48072367999163,148.88072367999163,35.89599285456315
2023-01-13 04:00:00,145.5015018182542,148.90150181825422,37.02251395568157
2023-01-13 05:00:00,145.52979382732062,148.92979382732062,38.57871398275637
2023-01-13 06:00:00,145.55236597238303,148.95236597238303,39.83860924136912
2023-01-13 07:00:00,145.56476009251284,148.96476009251285,40.537276214705905
2023-01-13 08:00:00,145.56411014917785,148.96411014917786,40.50051771327294
2023-01-13 09:00:00,145.56874821944245,148.96874821944246,40.763122523667356
2023-01-13 10:00:00,145.56657042116987,148.96657042116988,40.6397323208781
2023-01-13 11:00:00,145.55792658436508,148.95792658436508,40.15146465760882
2023-01-13 12:00:00,145.55923257756527,148.95923257756527,40.225085349363546
2023-01-13 13:00:00,145.55261048916788,148.95261048916788,39.85234585097651
2023-01-13 14:00:00,145.55371237357127,148.95371237357128,39.914271668637774
2023-01-13 15:00:00,145.55062247556828,148.95062247556828,39.74071695597158
2023-01-13 16:00:00,145.55840249823427,148.95840249823428,40.17828635094838
2023-01-13 17:00:00,145.55249673169408,148.95249673169408,39.84595488020587
2023-01-13 18:00:00,145.5612148246247,148.9612148246247,40.33693048529895
2023-01-13 19:00:00,145.5657230422183,148.96572304221831,40.59176177039463
2023-01-13 20:00:00,145.56738919408053,148.96738919408054,40.686104994650705
2023-01-13 21:00:00,145.58282326887831,148.98282326887832,41.56419339720022
2023-01-13 22:00:00,145.59150140714092,148.99150140714093,42.06120632314297
2023-01-13 23:00:00,145.60894335954234,149.00894335954234,43.06727274099627
2023-01-14 00:00:00,145.63279729834412,149.03279729834412,43.77431974755222
2023-01-14 01:00:00,145.66388730967714,149.06388730967714,45.628732581382444
2023-01-14 02:00:00,145.69909741167413,149.09909741167414,47.76589167520189
2023-01-14 03:00:00,145.75209141847392,149.15209141847393,51.05580751690958
2023-01-14 04:00:00,145.80874746833913,149.20874746833914,54.66934274053332
2023-01-14 05:00:00,145.85314758166913,149.25314758166914,57.56986961529523
2023-01-14 06:00:00,145.89527965873356,149.29527965873356,59.41812558767402
2023-01-14 07:00:00,145.92913781966217,149.32913781966218,61.728215638510775
2023-01-14 08:00:00,145.93975591259277,149.33975591259278,62.45991607950756
2023-01-14 09:00:00,145.93589409618738,149.3358940961874,62.19339649232155
2023-01-14 10:00:00,145.955282223117,149.355282223117,62.640205393906854
2023-01-14 11:00:00,145.9533103047146,149.3533103047146,62.5020085891401
2023-01-14 12:00:00,145.951392211784,149.351392211784,62.3677011660909
2023-01-14 13:00:00,145.94201806898818,149.34201806898818,62.61624831918164
2023-01-14 14:00:00,145.93622394885838,149.3362239488584,62.21614315260013
2023-01-14 15:00:00,145.94619986272755,149.34619986272756,62.00470609434117
2023-01-14 16:00:00,145.93110574259777,149.33110574259777,61.86356619340764
2023-01-14 17:00:00,145.91380197379098,149.313801973791,60.677508690469296
2023-01-14 18:00:00,145.92280008938758,149.32280008938758,61.29312314638163
2023-01-14 19:00:00,145.9137201800516,149.3137201800516,60.67192410003581
2023-01-14 20:00:00,145.90348821631719,149.3034882163172,59.974944245973575
2023-01-14 21:00:00,145.889182336447,149.289182336447,59.00586605883582
2023-01-14 22:00:00,145.8788601347196,149.2788601347196,58.31056862690961
2023-01-14 23:00:00,145.8954702367166,149.2954702367166,59.43102967608754
2023-01-15 00:00:00,145.86202817098518,149.2620281709852,58.15719228033787
2023-01-15 01:00:00,145.85909021405058,149.2590902140506,57.962624960516806
2023-01-15 02:00:00,145.8477282843152,149.2477282843152,57.21263386608193
2023-01-15 03:00:00,145.8514542548494,149.2514542548494,57.45815133155993
2023-01-15 04:00:00,145.8482462639158,149.2482462639158,57.24674021626754
2023-01-15 05:00:00,145.8317403840456,149.2317403840456,56.16391446581789
2023-01-15 06:00:00,145.8161985449742,149.21619854497422,55.15190665968244
2023-01-15 07:00:00,145.81711064470463,149.21711064470463,55.211094673173534
2023-01-15 08:00:00,145.80240076936764,149.20240076936764,54.25964199316964
2023-01-15 09:00:00,145.80672673990182,149.20672673990182,54.538764174752814
2023-01-15 10:00:00,145.79420453817443,149.19420453817443,53.732373355844175
2023-01-15 11:00:00,145.79051053137462,149.19051053137463,53.49540930243649
2023-01-15 12:00:00,145.7806882163172,149.1806882163172,52.86736488893875
2023-01-15 13:00:00,145.77911984006155,149.17911984006156,52.76735684182371
2023-01-15 14:00:00,145.77150962473456,149.17150962473457,52.28316505647588
2023-01-15 15:00:00,145.76138553860375,149.16138553860375,51.64180148034307
2023-01-15 16:00:00,145.75500340487434,149.15500340487435,51.239120362800655
2023-01-15 17:00:00,145.74892127114492,149.14892127114493,50.85654203946204
2023-01-15 18:00:00,145.73855523261273,149.13855523261273,50.20714359281353
2023-01-15 19:00:00,145.72659929607752,149.12659929607753,49.46229467892872
2023-01-15 20:00:00,145.71767931874354,149.11767931874354,48.90948869431077
2023-01-15 21:00:00,145.7158331442153,149.11583314421532,48.79538459764857
2023-01-15 22:00:00,145.7050511238159,149.1050511238159,48.13112578685399
2023-01-15 23:00:00,145.7003770943501,149.1003770943501,47.844300688282104
2023-01-16 00:00:00,145.6938069470211,149.0938069470211,47.44227932681704
2023-01-16 01:00:00,145.68502292888832,149.08502292888832,46.90691522755906
2023-01-16 02:00:00,145.6755168223581,149.0755168223581,46.33028306816789
2023-01-16 03:00:00,145.66857076115988,149.0685707611599,45.910746837915326
2023-01-16 04:00:00,145.66168474529368,149.0616847452937,45.49634545990688
2023-01-16 05:00:00,145.65677863876348,149.0567786387635,45.20201286104721
2023-01-16 06:00:00,145.64962270222827,149.04962270222828,44.77407722116904
2023-01-16 07:00:00,145.6376447906257,149.0376447906257,44.061429049796615
2023-01-16 08:00:00,145.63365643703605,149.03365643703606,43.825150425692215
2023-01-16 09:00:00,145.62803023984185,149.02803023984185,43.49270708486676
2023-01-16 10:00:00,145.61928018317684,149.01928018317685,42.97769376210256
2023-01-16 11:00:00,145.61638395198364,149.01638395198364,43.49934257843342
2023-01-16 12:00:00,145.610655530396,149.010655530396,43.16654441788331
2023-01-16 13:00:00,145.60403920853878,149.00403920853879,42.78343626043673
2023-01-16 14:00:00,145.59794897054576,148.99794897054576,42.43199872182308
2023-01-16 15:00:00,145.59608281868356,148.99608281868356,42.324544500993476
2023-01-16 16:00:00,145.58341855122472,148.98341855122473,41.59821079421977
2023-01-16 17:00:00,145.5824264288283,148.98242642882832,41.54152216538576
2023-01-16 18:00:00,145.5775783698967,148.97757836989672,41.264955120265824
2023-01-16 19:00:00,145.5706842497669,148.97068424976692,40.872940179756284
2023-01-16 20:00:00,145.5700500616391,148.9700500616391,40.83695404294002
2023-01-16 21:00:00,145.5675958961773,148.9675958961773,40.69781528306085
2023-01-16 22:00:00,145.56327791657668,148.9632779165767,40.453469051506474
2023-01-16 23:00:00,145.56784361511887,148.96784361511888,40.71185107339638
2023-01-17 00:00:00,145.56837957432006,148.96837957432007,40.74222522263337
2023-01-17 01:00:00,145.55736947232305,148.95736947232305,40.12007587685992
2023-01-17 02:00:00,145.55929333179384,148.95929333179384,40.22851146458435
2023-01-17 03:00:00,145.55632130006146,148.95632130006146,40.061046423624234
2023-01-17 04:00:00,145.55511519353124,148.95511519353124,39.9931656813887
2023-01-17 05:00:00,145.55016724792964,148.95016724792964,39.71517310779929
2023-01-17 06:00:00,145.55013117539843,148.95013117539844,39.71314927774334
2023-01-17 07:00:00,145.55347723659665,148.95347723659665,39.9010537611434
2023-01-17 08:00:00,145.55559133406044,148.95559133406044,40.01995779049687
2023-01-17 09:00:00,145.55263551085525,148.95263551085526,39.85375164107401
2023-01-17 10:00:00,145.55320366045086,148.95320366045087,39.88567725161612
2023-01-17 11:00:00,145.55968157205348,148.95968157205348,40.250408266452965
2023-01-17 12:00:00,145.56205149272245,148.96205149272245,40.38417542561717
2023-01-17 13:00:00,145.56575526152923,148.96575526152924,40.593585307380195
2023-01-17 14:00:00,145.56508922299705,148.96508922299705,40.55589576079867
2023-01-17 15:00:00,145.55924727059565,148.95924727059565,40.22591392321091
2023-01-17 16:00:00,145.56389732726063,148.96389732726064,40.48848415579582
2023-01-17 17:00:00,145.55495371711586,148.95495371711587,39.98408114127483
2023-01-17 18:00:00,145.5545799143101,148.9545799143101,39.963054447734734
2023-01-17 19:00:00,145.5517961228373,148.9517961228373,39.806603246030406
2023-01-17 20:00:00,145.5501284265617,148.95012842656172,39.712995057421985
2023-01-17 21:00:00,145.54573675748534,148.94573675748535,39.46691156724247
2023-01-17 22:00:00,145.53954897054575,148.93954897054576,39.121223309643746
2023-01-17 23:00:00,145.53867505440996,148.93867505440997,39.072498992075076
2023-01-18 00:00:00,145.53648515640697,148.93648515640697,38.95051014283597
2023-01-18 01:00:00,145.5299313309352,148.9299313309352,38.58633985714463
2023-01-18 02:00:00,145.5231334419986,148.9231334419986,38.210055042192046
2023-01-18 03:00:00,145.5189916029272,148.9189916029272,37.981514690113336
2023-01-18 04:00:00,145.52168161426022,148.92168161426022,38.12988298383971
2023-01-18 05:00:00,145.51256585905304,148.91256585905305,37.62803825959749
2023-01-18 06:00:00,145.51330992251783,148.91330992251784,37.66890106366701
2023-01-18 07:00:00,145.51227596105002,148.91227596105003,37.61212231660003
2023-01-18 08:00:00,145.50320815144445,148.90320815144446,37.11564355996944
2023-01-18 09:00:00,145.50700426930766,148.90700426930766,37.32316664257373
2023-01-18 10:00:00,145.50249039850385,148.90249039850386,37.07645806776967
2023-01-18 11:00:00,145.49618451863367,148.89618451863367,36.73290276183992
2023-01-18 12:00:00,145.49751226024125,148.89751226024126,36.80513409096061
2023-01-18 13:00:00,145.49184011517883,148.89184011517884,36.49695694710225
2023-01-18 14:00:00,145.49303001318185,148.89303001318186,36.56152017240912
2023-01-18 15:00:00,145.48352202224822,148.88352202224823,36.04689766117236
2023-01-18 16:00:00,145.4858917162572,148.88589171625722,36.174884906643484
2023-01-18 17:00:00,145.48155975252283,148.88155975252283,35.941052792807625
2023-01-18 18:00:00,145.4796515349292,148.8796515349292,35.83824293526495
2023-01-18 19:00:00,145.4821973694674,148.8821973694674,35.97543220835014
2023-01-18 20:00:00,145.47193298867856,148.87193298867857,35.42359051668052
2023-01-18 21:00:00,145.47432288668156,148.87432288668157,35.55177325725952
2023-01-18 22:00:00,145.47897648549332,148.87897648549333,35.80190122042208
2023-01-18 23:00:00,145.4810542837659,148.8810542837659,35.9138079667404
2023-01-19 00:00:00,145.4821899029771,148.8821899029771,35.97502954953875
2023-01-19 01:00:00,145.48507957432005,148.88507957432006,36.131000659764204
2023-01-19 02:00:00,145.48825925699603,148.88825925699604,36.30293699195217
2023-01-19 03:00:00,145.50602096007142,148.90602096007143,37.269367480720994
2023-01-19 04:00:00,145.51749687394062,148.91749687394062,37.899172544595956
2023-01-19 05:00:00,145.5474925384838,148.9474925384838,39.565221869621766
2023-01-19 06:00:00,145.5646867719436,148.9646867719436,40.533128794561975
2023-01-19 07:00:00,145.59951296913783,148.99951296913784,42.52213868859753
2023-01-19 08:00:00,145.66180509153423,149.06180509153424,45.50357500515574
2023-01-19 09:00:00,145.72407324112984,149.12407324112985,49.30549294214226
2023-01-19 10:00:00,145.77647923433005,149.17647923433006,52.59914888454865
2023-01-19 11:00:00,145.81674715726564,149.21674715726564,55.18750418773955
2023-01-19 12:00:00,145.85447689660663,149.25447689660663,57.65763279876681
2023-01-19 13:00:00,145.8844404840854,149.2844404840854,58.6860483232429
2023-01-19 14:00:00,145.90672827102497,149.30672827102498,60.19530139811344
2023-01-19 15:00:00,145.95056600129956,149.35056600129957,62.30988442291652
2023-01-19 16:00:00,145.94222472887822,149.34222472887822,62.63053788371864
2023-01-19 17:00:00,145.94560120939744,149.34560120939744,61.96290898240609
2023-01-19 18:00:00,145.95633773524867,149.35633773524867,62.714228392288994
2023-01-19 19:00:00,145.97647414776992,149.37647414776993,62.36419644928983
2023-01-19 20:00:00,146.00965839256273,149.40965839256273,64.76769849683802
2023-01-19 21:00:00,145.98440256935754,149.38440256935755,62.935136668025066
2023-01-19 22:00:00,145.99803276201854,149.39803276201854,63.92152994020088
2023-01-19 23:00:00,146.01373886854876,149.41373886854876,65.06574943177468
2023-01-20 00:00:00,146.0060413196022,149.4060413196022,64.50395384622291
2023-01-20 01:00:00,145.9976433173356,149.3976433173356,63.89326139475466
2023-01-20 02:00:00,145.9973394351988,149.3973394351988,63.871207035394946
2023-01-20 03:00:00,145.9725495371958,149.3725495371958,63.85554878566695
2023-01-20 04:00:00,145.98675375932262,149.38675375932263,63.10485010357607
2023-01-20 05:00:00,146.02637784545342,149.42637784545343,65.99241016262481
2023-01-20 06:00:00,146.01078994518383,149.41078994518384,64.85029584358725
2023-01-20 07:00:00,146.03799416731064,149.43799416731065,66.84870869922702
2023-01-20 08:00:00,146.08182236223826,149.48182236223826,69.22070757645453
2023-01-20 09:00:00,146.12912647103508,149.52912647103508,71.94893429130325
2023-01-20 10:00:00,146.14399473396068,149.5439947339607,73.11349553663466
2023-01-20 11:00:00,146.1480149379547,149.54801493795472,73.42966276732895
2023-01-20 12:00:00,146.1831989560875,149.5831989560875,76.21992024892464
2023-01-20 13:00:00,146.1631968450241,149.5631968450241,74.6285529662161
2023-01-20 14:00:00,146.1825089447545,149.5825089447545,76.16479944778848
2023-01-20 15:00:00,146.1787310331519,149.5787310331519,75.86328793513887
2023-01-20 16:00:00,146.15431716234812,149.55431716234813,73.92639613589202
2023-01-20 17:00:00,146.16170140714092,149.56170140714093,74.51011602241636
2023-01-20 18:00:00,146.14501750233813,149.54501750233814,73.19387896050128
2023-01-20 19:00:00,146.14387965873357,149.54387965873357,73.10445352940228
2023-01-20 20:00:00,146.15889364286735,149.55889364286736,74.28794766731309
2023-01-20 21:00:00,146.15253171313196,149.55253171313197,73.78553329987456
2023-01-20 22:00:00,146.15572571993175,149.55572571993176,74.0375999641651
2023-01-20 23:00:00,146.12628576526376,149.52628576526376,71.72728678465432
2023-01-21 00:00:00,146.11562383552837,149.51562383552837,70.8978265304755
2023-01-21 01:00:00,146.13418388086038,149.53418388086038,72.34421795536491
2023-01-21 02:00:00,146.09462195112496,149.49462195112497,69.27526406147807
2023-01-21 03:00:00,146.10000197379097,149.50000197379097,69.68948145749334
2023-01-21 04:00:00,146.08031595792477,149.48031595792477,69.10638424414869
2023-01-21 05:00:00,146.09304980606257,149.49304980606257,69.15440840102568
2023-01-21 06:00:00,146.0721080803212,149.4721080803212,68.4848046522317
2023-01-21 07:00:00,146.068232053122,149.468232053122,68.19205588081624
2023-01-21 08:00:00,146.07018011205358,149.47018011205358,68.33912626852201
2023-01-21 09:00:00,146.0522481483192,149.4522481483192,66.99012935954829
2023-01-21 10:00:00,146.0276942095174,149.4276942095174,66.08922417270115
2023-01-21 11:00:00,146.0584842208504,149.4584842208504,67.45804016848889
2023-01-21 12:00:00,146.01632206445498,149.416322064455,65.25471711930405
2023-01-21 13:00:00,146.02805979472956,149.42805979472956,66.1161217686196
2023-01-21 14:00:00,145.98021750233815,149.38021750233816,62.63350294231124
2023-01-21 15:00:00,145.99408742300713,149.39408742300714,63.63538177816861
2023-01-21 16:00:00,146.00023525527874,149.40023525527874,64.08149600413547
2023-01-21 17:00:00,145.9975270376851,149.3975270376851,63.88482199604957
2023-01-21 18:00:00,145.97275900141952,149.37275900141952,63.870349034576996
2023-01-21 19:00:00,145.95743114648192,149.35743114648193,62.790946122757006
2023-01-21 20:00:00,145.9519810898169,149.35198108981692,62.40892289660567
2023-01-21 21:00:00,145.9613229288883,149.3613229288883,63.06431211323533
2023-01-21 22:00:00,145.9247846319637,149.3247846319637,61.4292318844776
2023-01-21 23:00:00,145.92002858209847,149.32002858209847,61.103243024542586
2023-01-22 00:00:00,145.91492258889826,149.31492258889827,60.7540410735053
2023-01-22 01:00:00,145.91082835543847,149.31082835543847,60.47461259557719
2023-01-22 02:00:00,145.90070415597765,149.30070415597766,59.78585771892931
2023-01-22 03:00:00,145.89101380465462,149.29101380465463,59.129576851532825
2023-01-22 04:00:00,145.8824994805308,149.28249948053082,58.55533651560598
2023-01-22 05:00:00,145.8769874941304,149.2769874941304,58.18478214026728
2023-01-22 06:00:00,145.8469213422682,149.2469213422682,57.15951699313813
2023-01-22 07:00:00,145.84244109294218,149.2424410929422,56.86496416161825
2023-01-22 08:00:00,145.85771312467458,149.25771312467458,57.871516484184134
2023-01-22 09:00:00,145.85529902721078,149.25529902721078,57.71193774200276
2023-01-22 10:00:00,145.83050302267756,149.23050302267757,56.083074064974205
2023-01-22 11:00:00,145.84172277335153,149.24172277335154,56.817795061189685
2023-01-22 12:00:00,145.82642477108496,149.22642477108496,55.81695994425266
2023-01-22 13:00:00,145.82334452175894,149.22334452175895,55.616303216097144
2023-01-22 14:00:00,145.82802243336153,149.22802243336153,55.921150300238374
2023-01-22 15:00:00,145.80297437442994,149.20297437442994,54.29661944410377
2023-01-22 16:00:00,145.7979303109651,149.19793031096512,53.97179930920078
2023-01-22 17:00:00,145.80180645149431,149.20180645149432,54.221339920438716
2023-01-22 18:00:00,145.79718458975694,149.19718458975694,53.92384362442867
2023-01-22 19:00:00,145.80101466908795,149.20101466908795,54.170328637470604
2023-01-22 20:00:00,145.78257471441995,149.18257471441996,52.98775841124896
2023-01-22 21:00:00,145.78276872121975,149.18276872121976,53.00014585001351
2023-01-22 22:00:00,145.78837083228316,149.18837083228317,53.35834303256903
2023-01-22 23:00:00,145.77190279601754,149.17190279601755,52.308136408763126
2023-01-23 00:00:00,145.76391489574794,149.16391489574795,51.801740142451244
2023-01-23 01:00:00,145.75679303401057,149.15679303401058,51.351909895301176
2023-01-23 02:00:00,145.75133521307197,149.15133521307197,51.008246521014144
2023-01-23 03:00:00,145.7547812742702,149.1547812742702,51.22512773161034
2023-01-23 04:00:00,145.7447735099966,149.1447735099966,50.596297753260856
2023-01-23 05:00:00,145.73854165959222,149.13854165959222,50.206295476749204
2023-01-23 06:00:00,145.74185786811944,149.14185786811944,50.41368050043209
2023-01-23 07:00:00,145.72749616504404,149.12749616504405,49.518014607874065
2023-01-23 08:00:00,145.72586642570306,149.12586642570307,49.41678215019554
2023-01-23 09:00:00,145.73049250956728,149.1304925095673,49.70435091432156
2023-01-23 10:00:00,145.7176988427575,149.1176988427575,48.910695959138906
2023-01-23 11:00:00,145.71666510794972,149.11666510794973,48.84679149721731
2023-01-23 12:00:00,145.7152870830171,149.1152870830171,48.761655338199205
2023-01-23 13:00:00,145.71110506261772,149.11110506261772,48.50364857622902
2023-01-23 14:00:00,145.7033950739507,149.1033950739507,48.029422688357016
2023-01-23 15:00:00,145.7015950739507,149.1015950739507,47.91897678985991
2023-01-23 16:00:00,145.69787121447993,149.09787121447994,47.690808106472716
2023-01-23 17:00:00,145.69326955673654,149.09326955673654,47.409456954529134
2023-01-23 18:00:00,145.69250551593774,149.09250551593775,47.36280701451206
2023-01-23 19:00:00,145.68559963606754,149.08559963606754,46.94198953326799
2023-01-23 20:00:00,145.68756167913295,149.08756167913296,47.06139601868065
2023-01-23 21:00:00,145.68105579926277,149.08105579926277,46.66592574129652
2023-01-23 22:00:00,145.6645360485888,149.0645360485888,45.66775494895931
2023-01-23 23:00:00,145.67375791032617,149.07375791032618,46.22390195316311
2023-01-24 00:00:00,145.66798388086036,149.06798388086037,45.87536972638087
2023-01-24 01:00:00,145.65667577659676,149.05667577659676,45.19585001979805
2023-01-24 02:00:00,145.65949375619735,149.05949375619736,45.364806781337094
2023-01-24 03:00:00,145.65405591259278,149.0540559125928,45.038997901215374
2023-01-24 04:00:00,145.6488540281894,149.0488540281894,44.72820625407092
2023-01-24 05:00:00,145.6450360485888,149.0450360485888,44.50064542418103
2023-01-24 06:00:00,145.6378982049842,149.0378982049842,44.076459026955334
2023-01-24 07:00:00,145.63874426618239,149.0387442661824,44.126653670786844
2023-01-24 08:00:00,145.6296963205808,149.0296963205808,43.59104769485607
2023-01-24 09:00:00,145.63693638857882,149.03693638857882,44.01942468208461
2023-01-24 10:00:00,145.6265764565768,149.0265764565768,43.40696995556688
2023-01-24 11:00:00,145.6249884429772,149.02498844297722,43.31339391738335
2023-01-24 12:00:00,145.6236440395224,149.0236440395224,43.234236119254476
2023-01-24 13:00:00,145.62823970406555,149.02823970406556,43.50506585222561
2023-01-24 14:00:00,145.62214170179897,149.02214170179897,43.14584776941385
2023-01-24 15:00:00,145.61586755900314,149.01586755900314,43.46930031360214
2023-01-24 16:00:00,145.61215734367613,149.01215734367614,43.253694811408295
2023-01-24 17:00:00,145.60690740034113,149.00690740034113,42.94934683792109
2023-01-24 18:00:00,145.59991761566815,148.99991761566815,42.54547266642068
2023-01-24 19:00:00,145.59793559526875,148.99793559526876,42.43122817706645
2023-01-24 20:00:00,145.59084547060573,148.99084547060573,42.023557101360495
2023-01-24 21:00:00,145.58867121447992,148.98867121447992,41.89885635108284
2023-01-24 22:00:00,145.58456311021632,148.98456311021633,41.66364786716431
2023-01-24 23:00:00,145.5827808631569,148.9827808631569,41.561770547904146
2023-01-25 00:00:00,145.5837768676901,148.9837768676901,41.618692147562946
2023-01-25 01:00:00,145.57733434863866,148.97733434863866,41.25105398675727
2023-01-25 02:00:00,145.57958828744046,148.97958828744046,41.37952513577351
2023-01-25 03:00:00,145.57925997918284,148.97925997918284,41.36080211299932
2023-01-25 04:00:00,145.5849595258628,148.98495952586282,41.68632145408268
2023-01-25 05:00:00,145.58150290934756,148.98150290934757,41.48878121370499
2023-01-25 06:00:00,145.58821244469453,148.98821244469454,41.87256333413173
2023-01-25 07:00:00,145.5834701523031,148.9834701523031,41.601160061022064
2023-01-25 08:00:00,145.59830343379085,148.99830343379085,42.45242125774423
2023-01-25 09:00:00,145.61212883767502,149.01212883767502,43.25203995039272
2023-01-25 10:00:00,145.6093606880794,149.0093606880794,43.09146102563014
2023-01-25 11:00:00,145.63431628462456,149.03431628462457,43.8642061257261
2023-01-25 12:00:00,145.64943004209834,149.04943004209835,44.76257837555994
2023-01-25 13:00:00,145.67125378823914,149.07125378823915,46.07261845138121
2023-01-25 14:00:00,145.69980184717073,149.09980184717074,47.809047645297476
2023-01-25 15:00:00,145.73903026875837,149.13903026875838,50.23683004199767
2023-01-25 16:00:00,145.778908860341,149.178908860341,52.75390942839363
2023-01-25 17:00:00,145.82319122073045,149.22319122073046,55.60632427691509
2023-01-25 18:00:00,145.85864161738547,149.25864161738548,57.93293943023307
2023-01-25 19:00:00,145.8993078825777,149.2993078825777,59.691116211782315
2023-01-25 20:00:00,145.9614220933715,149.36142209337152,63.07128381492326
2023-01-25 21:00:00,146.0135182112347,149.4135182112347,65.04961792246115
2023-01-25 22:00:00,146.0458203222981,149.44582032229812,67.42810182193578
2023-01-25 23:00:00,146.13315439709592,149.53315439709593,72.2636839992348
2023-01-26 00:00:00,146.14008847189373,149.54008847189374,72.80681216703992
2023-01-26 01:00:00,146.14282054895813,149.54282054895813,73.02125524901328
2023-01-26 02:00:00,146.14932676881836,149.54932676881836,73.53294920609727
2023-01-26 03:00:00,146.18303087761515,149.58303087761516,76.20649201441333
2023-01-26 04:00:00,146.19547094561315,149.59547094561316,77.20291692693147
2023-01-26 05:00:00,146.19534109294216,149.59534109294216,77.19248925471354
2023-01-26 06:00:00,146.21113521307197,149.61113521307198,78.46494712394352
2023-01-26 07:00:00,146.17853932186878,149.5785393218688,75.84800039654542
2023-01-26 08:00:00,146.18248738080038,149.5824873808004,76.16307709192277
2023-01-26 09:00:00,146.1868215689282,149.5868215689282,76.50957034176255
2023-01-26 10:00:00,146.15139171625722,149.55139171625723,73.69564958261863
2023-01-26 11:00:00,146.13483789078543,149.53483789078544,72.39539816199711
2023-01-26 12:00:00,146.12146397464963,149.52146397464963,71.35169063346999
2023-01-26 13:00:00,146.08371391798462,149.48371391798463,68.43847000252266
2023-01-26 14:00:00,146.08721814011145,149.48721814011145,68.70684781012835
2023-01-26 15:00:00,146.09501414464464,149.49501414464464,69.3054263461222
2023-01-26 16:00:00,146.09327230557327,149.49327230557327,69.17150749959241
2023-01-26 17:00:00,146.12792435997167,149.52792435997168,71.8551055812068
2023-01-26 18:00:00,146.10660050050086,149.50660050050087,70.19886133659494
2023-01-26 19:00:00,146.06666265689628,149.4666626568963,68.0736651574776
2023-01-26 20:00:00,146.05652270222828,149.45652270222828,67.3107212454682
2023-01-26 21:00:00,146.0679587747595,149.4679587747595,68.1714346329313
2023-01-26 22:00:00,146.0890968450241,149.4890968450241,68.85090511652758
2023-01-26 23:00:00,146.0977289220885,149.4977289220885,69.51435471644908
2023-01-27 00:00:00,146.1154390240855,149.5154390240855,70.88348289681227
2023-01-27 01:00:00,146.12332304221832,149.52332304221832,71.49641033425483
2023-01-27 02:00:00,146.12435911474952,149.52435911474953,71.57711461883397
2023-01-27 03:00:00,146.11242315554833,149.51242315554833,70.64957860498963
2023-01-27 04:00:00,146.1132272643451,149.51322726434512,70.71191332135878
2023-01-27 05:00:00,146.13056933007653,149.53056933007653,72.06161883285695
2023-01-27 06:00:00,146.12949729834412,149.52949729834413,71.97788846248231
2023-01-27 07:00:00,146.09851550460473,149.49851550460474,69.57493684017399
2023-01-27 08:00:00,146.11641150913795,149.51641150913795,70.95897267583115
2023-01-27 09:00:00,146.16278542527374,149.56278542527374,74.59596149702075
2023-01-27 10:00:00,146.15403536860873,149.55403536860874,73.90415690548915
2023-01-27 11:00:00,146.11877720768013,149.51877720768013,71.14274571631748
2023-01-27 12:00:00,146.1171128268913,149.5171128268913,71.01343286401024
2023-01-27 13:00:00,146.12514233957225,149.52514233957226,71.63814764321057
2023-01-27 14:00:00,146.13292989985183,149.53292989985184,72.24612690335431
2023-01-27 15:00:00,146.1244815009302,149.5244815009302,71.58665022619708
2023-01-27 16:00:00,146.1126733966666,149.5126733966666,70.66897500264557
2023-01-27 17:00:00,146.1203595258628,149.5203595258628,71.26577001749101
2023-01-27 18:00:00,146.095565632393,149.495565632393,69.34784829846298
2023-01-27 19:00:00,146.06997761879342,149.46997761879342,68.3238329633904
2023-01-27 20:00:00,146.06479982052082,149.46479982052082,67.9332449825852
2023-01-27 21:00:00,146.06408195425024,149.46408195425025,67.87916335224604
2023-01-27 22:00:00,146.06228617637706,149.46228617637706,67.74395095451042
2023-01-27 23:00:00,146.05459627837405,149.45459627837405,67.16616351882298
2023-01-28 00:00:00,146.06681836677146,149.46681836677146,68.08540778388263
2023-01-28 01:00:00,146.00758052316687,149.40758052316687,64.61613471408305
2023-01-28 02:00:00,146.0202768676901,149.4202768676901,65.54444607937306
2023-01-28 03:00:00,145.9952450172857,149.3952450172857,63.71928672014742
2023-01-28 04:00:00,146.01705723034613,149.41705723034613,65.3085365336547
2023-01-28 05:00:00,146.00580129381092,149.40580129381092,64.48646721573535
2023-01-28 06:00:00,145.98795745700613,149.38795745700614,63.19180606995782
2023-01-28 07:00:00,145.99693159980194,149.39693159980195,63.84161301616966
2023-01-28 08:00:00,145.96953382419537,149.36953382419537,63.642617709722806
2023-01-28 09:00:00,145.99234980606258,149.39234980606258,63.509518563145534
2023-01-28 10:00:00,145.95152994205858,149.3515299420586,62.37734137197086
2023-01-28 11:00:00,145.97657577659675,149.37657577659675,62.37150175603738
2023-01-28 12:00:00,145.96914381286237,149.36914381286238,63.615100876218875
2023-01-28 13:00:00,145.94625357486936,149.34625357486937,62.00845674971992
2023-01-28 14:00:00,145.93871527794474,149.33871527794474,62.38805280120517
2023-01-28 15:00:00,145.9096571170161,149.30965711701612,60.39477122547837
2023-01-28 16:00:00,145.91837709435012,149.31837709435013,60.99020919661214
2023-01-28 17:00:00,145.9237530082193,149.3237530082193,61.35846347747738
2023-01-28 18:00:00,145.9116649946197,149.31166499461972,60.531670724198385
2023-01-28 19:00:00,145.8842951872807,149.28429518728072,58.67625965331802
2023-01-28 20:00:00,145.8957990694175,149.2957990694175,59.45329766542041
2023-01-28 21:00:00,145.8939348019587,149.2939348019587,59.32709682619014
2023-01-28 22:00:00,145.88437886542349,149.2843788654235,58.68189698396917
2023-01-28 23:00:00,145.88800871809448,149.2880087180945,58.92664576338127
2023-01-29 00:00:00,145.8741808631569,149.27418086315691,57.99646242822114
2023-01-29 01:00:00,145.86301659569807,149.26301659569808,58.22270970599553
2023-01-29 02:00:00,145.88815266822928,149.2881526682293,58.93636023637708
2023-01-29 03:00:00,145.86645266822927,149.26645266822928,57.47917780320836
2023-01-29 04:00:00,145.87322258889827,149.27322258889828,57.932219942878326
2023-01-29 05:00:00,145.86375655036608,149.26375655036608,57.2991502842518
2023-01-29 06:00:00,145.85867253223327,149.25867253223328,57.93498500072876
2023-01-29 07:00:00,145.87416842343646,149.27416842343646,57.99562828978028
2023-01-29 08:00:00,145.87355655036606,149.27355655036607,57.95460540943753
2023-01-29 09:00:00,145.85839872942748,149.25839872942748,57.91686904978397
2023-01-29 10:00:00,145.87495078382588,149.2749507838259,58.04809836385393
2023-01-29 11:00:00,145.8640929628873,149.2640929628873,57.321601177003814
2023-01-29 12:00:00,145.8687688767565,149.2687688767565,57.6340180275006
2023-01-29 13:00:00,145.8664628835563,149.2664628835563,57.47986033940377
2023-01-29 14:00:00,145.85387475662668,149.2538747566267,57.617872071501964
2023-01-29 15:00:00,145.8478707611599,149.2478707611599,57.222014438734924
2023-01-29 16:00:00,145.86389273622729,149.2638927362273,57.30823838708789
2023-01-29 17:00:00,145.8569089447545,149.2569089447545,57.81833831590334
2023-01-29 18:00:00,145.8516150512847,149.25161505128472,57.468756245587464
2023-01-29 19:00:00,145.85576733234313,149.25576733234314,57.742880269553076
2023-01-29 20:00:00,145.85469940940754,149.25469940940755,57.67232862154145
2023-01-29 21:00:00,145.86400551593775,149.26400551593775,57.315764961654324
2023-01-29 22:00:00,145.85142360886834,149.25142360886835,57.45613024376962
2023-01-29 23:00:00,145.83952149780495,149.23952149780496,56.67334385501954
2023-01-30 00:00:00,145.85057732101012,149.25057732101013,57.40032920062722
2023-01-30 01:00:00,145.87582937540853,149.27582937540853,58.107044938042996
2023-01-30 02:00:00,145.88471750233813,149.28471750233814,58.70471289872992
2023-01-30 03:00:00,145.86893348420534,149.26893348420535,57.64502849599346
2023-01-30 04:00:00,145.88292138447494,149.28292138447495,58.583738616360954
2023-01-30 05:00:00,145.86929952273755,149.26929952273755,57.66951555356291
2023-01-30 06:00:00,145.88444335954233,149.28444335954234,58.68624204984671
2023-01-30 07:00:00,145.87995534594273,149.27995534594274,58.38418502535061
2023-01-30 08:00:00,145.89877366553335,149.29877366553336,59.65488381630368
2023-01-30 09:00:00,145.89616201912298,149.296162019123,59.47787987395767
2023-01-30 10:00:00,145.89180596925777,149.29180596925778,59.18311756161984
2023-01-30 11:00:00,145.93422594659177,149.33422594659177,62.07841176190066
2023-01-30 12:00:00,145.91812183779496,149.31812183779496,60.97274597991772
2023-01-30 13:00:00,145.91882583326176,149.31882583326177,61.020914236263756
2023-01-30 14:00:00,145.93863970406557,149.33863970406557,62.38283517232102
2023-01-30 15:00:00,145.93150973806456,149.33150973806457,61.89136701702767
2023-01-30 16:00:00,145.95077988539356,149.35077988539356,62.324849594548205
2023-01-30 17:00:00,145.96077400552338,149.36077400552338,63.025725949649306
2023-01-30 18:00:00,145.95365602592278,149.3536560259228,62.52622873987283
2023-01-30 19:00:00,145.95429221178398,149.35429221178399,62.57080774726434
2023-01-30 20:00:00,145.9808762299168,149.3808762299168,62.6809415062049
2023-01-30 21:00:00,145.97797223445,149.37797223445,62.471916921241124
2023-01-30 22:00:00,145.99253250644202,149.39253250644202,63.522747663370765
2023-01-30 23:00:00,145.97341652457482,149.37341652457482,63.916816985216904
2023-01-31 00:00:00,145.98222251777503,149.38222251777503,62.777939713655876
2023-01-31 01:00:00,145.9831285109752,149.3831285109752,62.84324905836885
2023-01-31 02:00:00,145.98344860163922,149.38344860163923,62.866329578615954
2023-01-31 03:00:00,145.95620465150444,149.35620465150444,62.70489331129198
2023-01-31 04:00:00,145.98683484416543,149.38683484416543,63.110706224997976
2023-01-31 05:00:00,145.98252086003163,149.38252086003163,62.79944298719432
2023-01-31 06:00:00,146.00682285776503,149.40682285776504,64.5609044883125
2023-01-31 07:00:00,145.96128301642705,149.36128301642705,63.06150617771736
2023-01-31 08:00:00,145.97261121135466,149.37261121135467,63.8599063940229
2023-01-31 09:00:00,145.98017913429027,149.38017913429027,62.63074029280206
2023-01-31 10:00:00,145.97463318642207,149.37463318642207,64.0028355827165
2023-01-31 11:00:00,145.97340310709106,149.37340310709106,63.91586862042775
2023-01-31 12:00:00,145.96829289176404,149.36829289176404,63.55508156897366
2023-01-31 13:00:00,145.96994260843903,149.36994260843903,63.67146415482597
2023-01-31 14:00:00,145.9568744588434,149.3568744588434,62.751882194388635
2023-01-31 15:00:00,145.9696342775154,149.36963427751542,63.649705857416336
2023-01-31 16:00:00,145.9725602480496,149.3725602480496,63.85630555609662
2023-01-31 17:00:00,145.932702313781,149.332702313781,61.973462887624116
2023-01-31 18:00:00,145.954832393112,149.35483239311202,62.608669472165936
2023-01-31 19:00:00,145.9415144135114,149.34151441351142,62.581428362216826
2023-01-31 20:00:00,145.94428866963722,149.34428866963722,62.77332127743882
2023-01-31 21:00:00,145.93437080336662,149.33437080336662,62.08839329332613
2023-01-31 22:00:00,145.91671874896824,149.31671874896824,60.87679026228983
2023-01-31 23:00:00,145.91084683056584,149.31084683056585,60.475872352203325
2023-02-01 00:00:00,145.91373672856884,149.31373672856884,60.6730539583197
2023-02-01 01:00:00,145.91523073536862,149.31523073536863,60.77509269348866
2023-02-01 02:00:00,145.90342673990182,149.30342673990182,59.97076634069608
2023-02-01 03:00:00,145.89068889629723,149.29068889629724,59.1076225967784
2023-02-01 04:00:00,145.87384894162923,149.27384894162924,57.9742072616241
2023-02-01 05:00:00,145.88155704589286,149.28155704589287,58.49191277139581
2023-02-01 06:00:00,145.86475316375606,149.26475316375607,57.36567069888443
2023-02-01 07:00:00,145.85808335641707,149.25808335641707,57.89600544697932
2023-02-01 08:00:00,145.8368875785439,149.2368875785439,56.500695224619804
2023-02-01 09:00:00,145.8415395196123,149.2415395196123,56.80576404676488
2023-02-01 10:00:00,145.83709345841407,149.23709345841408,56.514182684958094
2023-02-01 11:00:00,145.8209556148095,149.2209556148095,55.46088169762913
2023-02-01 12:00:00,145.80997936095028,149.20997936095029,54.7490083609271
2023-02-01 13:00:00,145.81341920228826,149.21341920228826,54.97170606639504
2023-02-01 14:00:00,145.81439688723083,149.21439688723083,55.035068045261305
2023-02-01 15:00:00,145.80323273310202,149.20323273310203,54.31327782742387
2023-02-01 16:00:00,145.8005185223082,149.20051852230822,54.13837373018764
2023-02-01 17:00:00,145.78212862430522,149.18212862430522,52.95927971051314
2023-02-01 18:00:00,145.78224260843902,149.18224260843903,52.96655595377283
2023-02-01 19:00:00,145.77848855630722,149.17848855630723,52.72712420001941
2023-02-01 20:00:00,145.776592551774,149.176592551774,52.606362852593236
2023-02-01 21:00:00,145.77231464017143,149.17231464017144,52.334298839140125
2023-02-01 22:00:00,145.7610844475104,149.1610844475104,51.62277578652569
2023-02-01 23:00:00,145.7570444928424,149.1570444928424,51.367765776963026
2023-02-02 00:00:00,145.7682845608404,149.16828456084042,52.07851275371918
2023-02-02 01:00:00,145.7487942095174,149.1487942095174,50.84856184342558
2023-02-02 02:00:00,145.7383744588434,149.1383744588434,50.195848335670604
2023-02-02 03:00:00,145.7404282843152,149.1404282843152,50.324236992794134
2023-02-02 04:00:00,145.7363980916542,149.1363980916542,50.07242563736621
2023-02-02 05:00:00,145.7330641301864,149.1330641301864,49.864497703494706
2023-02-02 06:00:00,145.7168801120536,149.1168801120536,48.86008008529811
2023-02-02 07:00:00,145.7182882163172,149.1182882163172,48.94714540608644
2023-02-02 08:00:00,145.71114015738559,149.1111401573856,48.50581144443385
2023-02-02 09:00:00,145.70219010072057,149.10219010072058,47.95547568389777
2023-02-02 10:00:00,145.70372594659176,149.10372594659177,48.04973571226537
2023-02-02 11:00:00,145.70255368819934,149.10255368819935,47.97778358156399
2023-02-02 12:00:00,145.70295768366614,149.10295768366615,48.00257557709244
2023-02-02 13:00:00,145.69138142980694,149.09138142980694,47.29420723243251
2023-02-02 14:00:00,145.68558519861372,149.08558519861373,46.94111134501101
2023-02-02 15:00:00,145.67492503995172,149.07492503995172,46.294480437730186
2023-02-02 16:00:00,145.6699189334215,149.06991893342152,45.99205589139356
2023-02-02 17:00:00,145.6663768676901,149.0663768676901,45.778554901407844
2023-02-02 18:00:00,145.6591830875503,149.0591830875503,45.34616774715396
2023-02-02 19:00:00,145.65188896742052,149.05188896742052,44.909427050125345
2023-02-02 20:00:00,145.64408108981692,149.04408108981693,44.443800173486665
2023-02-02 21:00:00,145.6424350286187,149.0424350286187,44.345884327439215
2023-02-02 22:00:00,145.62900728701112,149.02900728701113,43.55036663476501
2023-02-02 23:00:00,145.62698730967713,149.02698730967714,43.43119323082191
2023-02-03 00:00:00,145.62457743434013,149.02457743434013,43.289187789233004
2023-02-03 01:00:00,145.62943148647193,149.02943148647194,43.57540989237334
2023-02-03 02:00:00,145.62262172446495,149.02262172446495,43.17408149686152
2023-02-03 03:00:00,145.61702994205856,149.01702994205857,43.53693611914719
2023-02-03 04:00:00,145.6124703500466,149.0124703500466,43.27186745941272
2023-02-03 05:00:00,145.6101105313746,149.0101105313746,43.13493545242603
2023-02-03 06:00:00,145.60142685323183,149.00142685323183,42.63254814078501
2023-02-03 07:00:00,145.60245904362625,149.00245904362626,42.692141373884986
2023-02-03 08:00:00,145.59557936095027,148.99557936095027,42.29557375154003
2023-02-03 09:00:00,145.5860256488085,148.9860256488085,41.747324430495006
2023-02-03 10:00:00,145.58245384373612,148.98245384373612,41.543088203372655
2023-02-03 11:00:00,145.58386594346652,148.98386594346653,41.62378434086067
2023-02-03 12:00:00,145.57427216332673,148.97427216332673,41.07677011073093
2023-02-03 13:00:00,145.57335207266271,148.97335207266272,41.02446095110521
2023-02-03 14:00:00,145.5704280998619,148.97042809986192,40.85840377785931
2023-02-03 15:00:00,145.56528004093033,148.96528004093034,40.566692265387495
2023-02-03 16:00:00,145.55573609079553,148.95573609079554,40.028104577767074
2023-02-03 17:00:00,145.55187627212354,148.95187627212354,39.81110426449064
2023-02-03 18:00:00,145.54958837185393,148.94958837185393,39.68270055656605
2023-02-03 19:00:00,145.54225652144956,148.94225652144956,39.27233424606598
2023-02-03 20:00:00,145.53896651011655,148.93896651011656,39.08874611313969
2023-02-03 21:00:00,145.53434042625236,148.93434042625236,38.83118532158773
2023-02-03 22:00:00,145.53161456904814,148.93161456904815,38.67974016687517
2023-02-03 23:00:00,145.52893055091536,148.92893055091537,38.530850926771954
2023-02-04 00:00:00,145.52333465971216,148.92333465971217,38.221171893814905
2023-02-04 01:00:00,145.52214864384595,148.92214864384596,38.15566569398318
2023-02-04 02:00:00,145.52469248065074,148.92469248065075,38.2962224299732
2023-02-04 03:00:00,145.51792855318195,148.91792855318195,37.92294569804831
2023-02-04 04:00:00,145.51967039225335,148.91967039225335,38.018931669056045
2023-02-04 05:00:00,145.51189225399074,148.91189225399074,37.59106022284021
2023-02-04 06:00:00,145.51044607946253,148.91044607946253,37.51172056239781
2023-02-04 07:00:00,145.50536805452992,148.90536805452993,37.23366263280368
2023-02-04 08:00:00,145.5072878052039,148.9072878052039,37.33868532402507
2023-02-04 09:00:00,145.5022956828075,148.9022956828075,37.06583048187125
2023-02-04 10:00:00,145.50570144934767,148.90570144934767,37.25189297978906
2023-02-04 11:00:00,145.50045516148947,148.90045516148948,36.96543501249069
2023-02-04 12:00:00,145.49210887363125,148.89210887363126,36.51153564546469
2023-02-04 13:00:00,145.4942944361774,148.8942944361774,36.6301770968593
2023-02-04 14:00:00,145.48367999872357,148.88367999872358,36.05542432984256
2023-02-04 15:00:00,145.48437566326675,148.88437566326675,36.09298192897279
2023-02-04 16:00:00,145.48084158846893,148.88084158846894,35.90234613545888
2023-02-04 17:00:00,145.47026556126974,148.87026556126975,35.3342673708644
2023-02-04 18:00:00,145.46890562926774,148.86890562926774,35.26148338371887
2023-02-04 19:00:00,145.46630962473455,148.86630962473455,35.122711138594426
2023-02-04 20:00:00,145.46487566326675,148.86487566326676,35.04615104165953
2023-02-04 21:00:00,145.46605557260276,148.86605557260276,35.10914226609946
2023-02-04 22:00:00,145.46080762700115,148.86080762700115,34.8293199319247
2023-02-04 23:00:00,145.46733548193873,148.86733548193874,35.177523292060954
2023-02-05 00:00:00,145.46735734367613,148.86735734367613,35.17869174958086
2023-02-05 01:00:00,145.46243114648192,148.86243114648192,34.915790879265664
2023-02-05 02:00:00,145.4614551192827,148.8614551192827,34.86379600609269
2023-02-05 03:00:00,145.4538869696871,148.8538869696871,34.461678710846144
2023-02-05 04:00:00,145.4505588880895,148.8505588880895,34.28543940810815
2023-02-05 05:00:00,145.4429308064919,148.8429308064919,33.88285758545913
2023-02-05 06:00:00,145.43430871809448,148.8343087180945,33.430108692956374
2023-02-05 07:00:00,145.42892258889827,148.82892258889828,33.14851868242869
2023-02-05 08:00:00,145.42433257756528,148.8243325775653,32.90930269986028
2023-02-05 09:00:00,145.43224445063566,148.83224445063567,33.32207497590791
2023-02-05 10:00:00,145.42682236223825,148.82682236223826,33.038975917016096
2023-02-05 11:00:00,145.42544633503906,148.82544633503906,32.96728431433674
2023-02-05 12:00:00,145.42721014917785,148.82721014917786,33.05919103164888
2023-02-05 13:00:00,145.42421991118482,148.82421991118483,32.9034396227672
2023-02-05 14:00:00,145.4258476527924,148.82584765279242,32.988186705289884
2023-02-05 15:00:00,145.4265536459926,148.82655364599262,33.024970791832175
2023-02-05 16:00:00,145.4295175734614,148.8295175734614,33.179578004413074
2023-02-05 17:00:00,145.42447573439003,148.82447573439003,32.91675308043496
2023-02-05 18:00:00,145.42301192025124,148.82301192025125,32.840602908549016
2023-02-05 19:00:00,145.42262213557825,148.82262213557826,32.82033752344001
2023-02-05 20:00:00,145.42256220357626,148.82256220357627,32.81722202869554
2023-02-05 21:00:00,145.42271625570805,148.82271625570806,32.82523048663611
2023-02-05 22:00:00,145.42825632370605,148.82825632370606,33.113752187558525
2023-02-05 23:00:00,145.42565455263266,148.82565455263267,32.97812853949342
2023-02-06 00:00:00,145.4233487860925,148.8233487860925,32.85812100904982
2023-02-06 01:00:00,145.4210150512847,148.82101505128472,32.73683608688673
2023-02-06 02:00:00,145.4282691034165,148.82826910341652,33.11441891048127
2023-02-06 03:00:00,145.4231272643451,148.82312726434512,32.846600749410555
2023-02-06 04:00:00,145.42447943207353,148.82447943207353,32.91694552972113
2023-02-06 05:00:00,145.41998354087033,148.81998354087034,32.68328535682362
2023-02-06 06:00:00,145.41898576526376,148.81898576526376,32.63151933662883
2023-02-06 07:00:00,145.41216801232318,148.81216801232318,32.278683640264184
2023-02-06 08:00:00,145.42227999872358,148.8222799987236,32.80255353091941
2023-02-06 09:00:00,145.419502313781,148.81950231378102,32.658314512102834
2023-02-06 10:00:00,145.4205343908454,148.8205343908454,32.71187829902892
2023-02-06 11:00:00,145.4179584769762,148.8179584769762,32.5782564548644
2023-02-06 12:00:00,145.42117246111002,148.82117246111002,32.74501108145423
2023-02-06 13:00:00,145.42328410752037,148.82328410752038,32.85475722670214
2023-02-06 14:00:00,145.42495779699615,148.82495779699616,32.94184626044662
2023-02-06 15:00:00,145.42205357486935,148.82205357486936,32.79078632528193
2023-02-06 16:00:00,145.42114558393575,148.82114558393576,32.74361517206967
2023-02-06 17:00:00,145.41469940940755,148.81469940940755,32.4095106420996
2023-02-06 18:00:00,145.39468331421034,148.79468331421035,31.38083591852517
2023-02-06 19:00:00,145.38544935274254,148.78544935274255,30.910763456396694
2023-02-06 20:00:00,145.39106533460972,148.79106533460973,31.19631765836388
2023-02-06 21:00:00,145.4169611124829,148.81696111248291,32.52657836631753
2023-02-06 22:00:00,145.44095888808948,148.8409588880895,33.77909663838195
2023-02-06 23:00:00,145.4411988427575,148.8411988427575,33.79171607963664
2023-02-07 00:00:00,145.4324168223581,148.8324168223581,33.3310907205148
2023-02-07 01:00:00,145.41630871809448,148.8163087180945,32.492792537383146
2023-02-07 02:00:00,145.41795655036609,148.8179565503661,32.578156596610036
2023-02-07 03:00:00,145.4065168223581,148.8065168223581,31.987384613504844
2023-02-07 04:00:00,145.40221659569806,148.80221659569807,31.7664312578325
2023-02-07 05:00:00,145.39793035317186,148.79793035317186,31.546806482578646
2023-02-07 06:00:00,145.39744233957225,148.79744233957226,31.521839584450106
2023-02-07 07:00:00,145.39573634637208,148.79573634637208,31.434622691335388
2023-02-07 08:00:00,145.39763845743548,148.79763845743548,31.53187207321439
2023-02-07 09:00:00,145.38806653903308,148.78806653903308,31.043708080518787
2023-02-07 10:00:00,145.39243857076548,148.79243857076548,31.266301942370397
2023-02-07 11:00:00,145.3873506704959,148.7873506704959,31.007321593663423
2023-02-07 12:00:00,145.3921706478299,148.7921706478299,31.252642850863428
2023-02-07 13:00:00,145.38711459796468,148.7871145979647,30.99532613614286
2023-02-07 14:00:00,145.38987042116986,148.78987042116987,31.13547229145015
2023-02-07 15:00:00,145.38649450730068,148.7864945073007,30.963826565223375
2023-02-07 16:00:00,145.38825477929268,148.78825477929269,31.05327887501202
2023-02-07 17:00:00,145.3867928495573,148.78679284955732,30.97898025484921
2023-02-07 18:00:00,145.3890089447545,148.7890089447545,31.091635123906176
2023-02-07 19:00:00,145.3876250399517,148.7876250399517,31.02126534992332
2023-02-07 20:00:00,145.38047732101012,148.78047732101012,30.65882933391511
2023-02-07 21:00:00,145.38356721901312,148.78356721901312,30.81529825877878
2023-02-07 22:00:00,145.38070129381092,148.78070129381092,30.67016035039892
2023-02-07 23:00:00,145.37445135047594,148.77445135047594,30.354598356156846
2023-02-08 00:00:00,145.37653747967215,148.77653747967216,30.45978264231409
2023-02-08 01:00:00,145.37309175846397,148.77309175846398,30.286125007148314
2023-02-08 02:00:00,145.37241584459477,148.77241584459478,30.25210687171849
2023-02-08 03:00:00,145.36887800099018,148.76887800099018,30.074300004778035
2023-02-08 04:00:00,145.36679609392078,148.7667960939208,29.9698624244206
2023-02-08 05:00:00,145.3643063092478,148.76430630924781,29.84515480943782
2023-02-08 06:00:00,145.3650162979148,148.7650162979148,29.880695315368186
2023-02-08 07:00:00,145.3646184089782,148.7646184089782,29.860775766803094
2023-02-08 08:00:00,145.3642005427076,148.7642005427076,29.839861811886006
2023-02-08 09:00:00,145.36290054270762,148.76290054270763,29.774835082988393
2023-02-08 10:00:00,145.35790254044102,148.75790254044102,29.525360990906442
2023-02-08 11:00:00,145.3634204067116,148.76342040671162,29.800832163155842
2023-02-08 12:00:00,145.3656402707156,148.7656402707156,29.911944019016058
2023-02-08 13:00:00,145.36361396019137,148.76361396019138,29.810513600090193
2023-02-08 14:00:00,145.36206379019637,148.76206379019638,29.73301027437145
2023-02-08 15:00:00,145.35949153180394,148.75949153180395,29.604584070720907
2023-02-08 16:00:00,145.36594535727573,148.76594535727574,29.927227580567447
2023-02-08 17:00:00,145.35891938674155,148.75891938674155,29.576048586007566
2023-02-08 18:00:00,145.35951727567812,148.75951727567812,29.6058682939566
2023-02-08 19:00:00,145.36024113514893,148.76024113514893,29.641986865564157
2023-02-08 20:00:00,145.35530106715092,148.75530106715092,29.395841513409447
2023-02-08 21:00:00,145.35818885409049,148.7581888540905,29.539629591245927
2023-02-08 22:00:00,145.35520860476447,148.75520860476448,29.391242283365738
2023-02-08 23:00:00,145.35766631237306,148.75766631237306,29.513590509693106
2023-02-09 00:00:00,145.35751991118482,148.75751991118483,29.506296753890595
2023-02-09 01:00:00,145.3548376641254,148.7548376641254,29.372793984452272
2023-02-09 02:00:00,145.3588674034664,148.7588674034664,29.573456488396253
2023-02-09 03:00:00,145.35950302267756,148.75950302267756,29.605157285766854
2023-02-09 04:00:00,145.35981090028116,148.75981090028117,29.620517220442164
2023-02-09 05:00:00,145.36364651949233,148.76364651949234,29.812142321731443
2023-02-09 06:00:00,145.3742243177649,148.77422431776492,30.343159969786534
2023-02-09 07:00:00,145.3728180979047,148.77281809790472,30.272350075643384
2023-02-09 08:00:00,145.37865982364607,148.77865982364608,30.56694220694063
2023-02-09 09:00:00,145.38450965365107,148.78450965365107,30.8630854689273
2023-02-09 10:00:00,145.38413351312187,148.78413351312187,30.84400928790627
2023-02-09 11:00:00,145.38772940432506,148.78772940432506,31.026569919998085
2023-02-09 12:00:00,145.40678111873342,148.80678111873343,32.00098461292195
2023-02-09 13:00:00,145.38948933632705,148.78948933632705,31.116077326190887
2023-02-09 14:00:00,145.40309122073043,148.80309122073044,31.81132142467173
2023-02-09 15:00:00,145.41024150405545,148.81024150405545,32.179260236398775
2023-02-09 16:00:00,145.4102881319037,148.81028813190372,32.18166516149335
2023-02-09 17:00:00,145.43086860788975,148.83086860788976,33.250147761422866
2023-02-09 18:00:00,145.43998903854376,148.83998903854376,33.72811055312878
2023-02-09 19:00:00,145.4481913762672,148.8481913762672,34.160287399449906
2023-02-09 20:00:00,145.4673018182542,148.86730181825422,35.175724079082535
2023-02-09 21:00:00,145.48611802678144,148.88611802678145,36.18711743545876
2023-02-09 22:00:00,145.49196831010647,148.89196831010648,36.50391054089978
2023-02-09 23:00:00,145.49464644836905,148.89464644836906,36.64930018008716
2023-02-10 00:00:00,145.4917587747595,148.8917587747595,36.492545126596234
2023-02-10 01:00:00,145.4910668790231,148.8910668790231,36.455026040951104
2023-02-10 02:00:00,145.4982688767565,148.8982688767565,36.846320658863455
2023-02-10 03:00:00,145.5026750966167,148.90267509661672,37.086540020021225
2023-02-10 04:00:00,145.51040917141452,148.91040917141453,37.50969659995231
2023-02-10 05:00:00,145.50033337087532,148.90033337087533,36.95879550580023
2023-02-10 06:00:00,145.50898942074053,148.90898942074054,37.43187351855809
2023-02-10 07:00:00,145.51610551593774,148.91610551593774,37.822589187439746
2023-02-10 08:00:00,145.52764957940255,148.92764957940255,38.45987320314864
2023-02-10 09:00:00,145.52860574259776,148.92860574259777,38.512848574368746
2023-02-10 10:00:00,145.53431784232816,148.93431784232817,38.82992961514222
2023-02-10 11:00:00,145.54256978339657,148.94256978339658,39.289832724643
2023-02-10 12:00:00,145.54668587859376,148.94668587859377,39.520042939050015
2023-02-10 13:00:00,145.54800585592776,148.94800585592776,39.59398219882762
2023-02-10 14:00:00,145.55328787632718,148.95328787632718,39.89041040232619
2023-02-10 15:00:00,145.55047400552337,148.95047400552338,39.73238524542832
2023-02-10 16:00:00,145.5532481483192,148.9532481483192,39.888177557228666
2023-02-10 17:00:00,145.54855025938258,148.94855025938259,39.624493359336796
2023-02-10 18:00:00,145.5539242888484,148.9539242888484,39.92618570001948
2023-02-10 19:00:00,145.54990453817442,148.94990453817442,39.70043486142986
2023-02-10 20:00:00,145.55594272176901,148.95594272176902,40.039734744265374
2023-02-10 21:00:00,145.55702086003163,148.95702086003163,40.100439374254115
2023-02-10 22:00:00,145.57350887363123,148.97350887363123,41.033373543164494
2023-02-10 23:00:00,145.57492308442505,148.97492308442506,41.11379249543722
2023-02-11 00:00:00,145.58899100736065,148.98899100736065,41.91718822753691
2023-02-11 01:00:00,145.60185904362626,149.00185904362627,42.65749648406737
2023-02-11 02:00:00,145.61926503682645,149.01926503682645,42.9768044023118
2023-02-11 03:00:00,145.64479711389086,149.04479711389087,44.48641977736396
2023-02-11 04:00:00,145.67809911162425,149.07809911162425,46.48664019795819
2023-02-11 05:00:00,145.70713318642206,149.10713318642206,48.25911370766628
2023-02-11 06:00:00,145.74105527481947,149.14105527481948,50.363457532306064
2023-02-11 07:00:00,145.77085738588286,149.17085738588287,52.241750154737005
2023-02-11 08:00:00,145.79332542214848,149.1933254221485,53.67594162191249
2023-02-11 09:00:00,145.82187947428028,149.22187947428029,55.52096706665157
2023-02-11 10:00:00,145.80943329975207,149.20943329975208,54.71368924538008
2023-02-11 11:00:00,145.83726726121986,149.23726726121987,56.525569737097705
2023-02-11 12:00:00,145.82515116602266,149.22515116602267,55.73395842121158
2023-02-11 13:00:00,145.84254505949247,149.24254505949247,56.871792515445
2023-02-11 14:00:00,145.84239677390082,149.24239677390082,56.86205345880682
2023-02-11 15:00:00,145.8350884429772,149.2350884429772,56.38288629656637
2023-02-11 16:00:00,145.84766624124978,149.2476662412498,57.20854918768897
2023-02-11 17:00:00,145.83624814831919,149.2362481483192,56.45881352279545
2023-02-11 18:00:00,145.8134542548494,149.2134542548494,54.97397725434862
2023-02-11 19:00:00,145.81448222311698,149.214482223117,55.04059989381348
2023-02-11 20:00:00,145.811282109787,149.211282109787,54.83330667826671
2023-02-11 21:00:00,145.813801973791,149.213801973791,54.99650931197638
2023-02-11 22:00:00,145.80070785366115,149.20070785366116,54.150566945064554
2023-02-11 23:00:00,145.78838976073055,149.18838976073056,53.35955494696564
2023-02-12 00:00:00,145.79550374486436,149.19550374486437,53.81581474205017
2023-02-12 01:00:00,145.7873372530121,149.18733725301212,53.29218371384527
2023-02-12 02:00:00,145.77781328021132,149.17781328021132,52.68410145048191
2023-02-12 03:00:00,145.7727070603511,149.17270706035112,52.35923222835303
2023-02-12 04:00:00,145.7617808631569,149.1617808631569,51.666785965413034
2023-02-12 05:00:00,145.7513249266217,149.1513249266217,51.00759968434363
2023-02-12 06:00:00,145.7396367996921,149.1396367996921,50.27474420098402
2023-02-12 07:00:00,145.7305348019587,149.1305348019587,49.70698299168859
2023-02-12 08:00:00,145.72773679969208,149.1277367996921,49.53296882641114
2023-02-12 09:00:00,145.72355266822927,149.12355266822928,49.27320377610711
2023-02-12 10:00:00,145.71577452996667,149.11577452996667,48.791763649545494
2023-02-12 11:00:00,145.71306831010645,149.11306831010646,48.62470154356573
2023-02-12 12:00:00,145.70263611971205,149.10263611971206,47.98284174135249
2023-02-12 13:00:00,145.70136186358621,149.10136186358622,47.904674717180356
2023-02-12 14:00:00,145.6984376641254,149.0984376641254,47.72548757012692
2023-02-12 15:00:00,145.6905936006606,149.0905936006606,47.24615196705382
2023-02-12 16:00:00,145.6804876074604,149.0804876074604,46.63145070135625
2023-02-12 17:00:00,145.6763315575952,149.0763315575952,46.37959237923822
2023-02-12 18:00:00,145.6644014782642,149.06440147826422,45.65965929732647
2023-02-12 19:00:00,145.6661594125328,149.0661594125328,45.765460557530965
2023-02-12 20:00:00,145.6571994805308,149.0571994805308,45.227230500943065
2023-02-12 21:00:00,145.6471595258628,149.0471595258628,44.62715251064099
2023-02-12 22:00:00,145.6422095825278,149.04220958252782,44.332480407470726
2023-02-12 23:00:00,145.6362475394624,149.0362475394624,43.978595065281134
2023-02-13 00:00:00,145.6219215689282,149.0219215689282,43.132902577829924
2023-02-13 01:00:00,145.6271334419986,149.02713344199861,43.43981027393663
2023-02-13 02:00:00,145.61550735813438,149.01550735813439,43.44834977406716
2023-02-13 03:00:00,145.61425530373597,149.01425530373598,43.375557352433304
2023-02-13 04:00:00,145.6056213422682,149.0056213422682,42.87492303393678
2023-02-13 05:00:00,145.5958592992028,148.9958592992028,42.31168141531824
2023-02-13 06:00:00,145.59988116094019,148.9998811609402,42.54337029145429
2023-02-13 07:00:00,145.59873110427517,148.99873110427518,42.47706688894668
2023-02-13 08:00:00,145.59174708614236,148.99174708614237,42.07531119411483
2023-02-13 09:00:00,145.58884897054577,148.98884897054577,41.90904568241086
2023-02-13 10:00:00,145.59040490708097,148.99040490708097,41.998277357700466
2023-02-13 11:00:00,145.58780490708097,148.98780490708097,41.84921207333169
2023-02-13 12:00:00,145.58268082095015,148.98268082095015,41.55605486404636
2023-02-13 13:00:00,145.57775884588276,148.97775884588276,41.27523748207591
2023-02-13 14:00:00,145.57220878921774,148.97220878921775,40.95949994901551
2023-02-13 15:00:00,145.56708281868356,148.96708281868356,40.668750397225104
2023-02-13 16:00:00,145.57146683681634,148.97146683681635,40.91736448482371
2023-02-13 17:00:00,145.56662300001156,148.96662300001157,40.6427095823608
2023-02-13 18:00:00,145.56248915187376,148.96248915187377,40.40889795657422
2023-02-13 19:00:00,145.56453321533857,148.96453321533858,40.524443326942254
2023-02-13 20:00:00,145.55820136493418,148.95820136493418,40.16694994735227
2023-02-13 21:00:00,145.55552756212842,148.95552756212842,40.01636897029016
2023-02-13 22:00:00,145.5492136913246,148.94921369132462,39.66168819440879
2023-02-13 23:00:00,145.544395711724,148.944395711724,39.391889177129286
2023-02-14 00:00:00,145.54057596105002,148.94057596105003,39.17851317403081
2023-02-14 01:00:00,145.54177196558322,148.94177196558323,39.24527361361431
2023-02-14 02:00:00,145.53715986585283,148.93715986585283,38.98807874738671
2023-02-14 03:00:00,145.53132601771503,148.93132601771504,38.66372248014416
2023-02-14 04:00:00,145.53266996784984,148.93266996784985,38.738348695656164
2023-02-14 05:00:00,145.52700204491424,148.92700204491425,38.424013697709235
2023-02-14 06:00:00,145.52605210157924,148.92605210157924,38.3714314516009
2023-02-14 07:00:00,145.51400415597766,148.91400415597766,37.707043278260684
2023-02-14 08:00:00,145.51806608571303,148.91806608571304,37.93052105107408
2023-02-14 09:00:00,145.51928206758024,148.91928206758024,37.997524201385936
2023-02-14 10:00:00,145.51818994518382,148.91818994518383,37.937343803809135
2023-02-14 11:00:00,145.51915587038602,148.91915587038602,37.99056827169522
2023-02-14 12:00:00,145.5155196845248,148.9155196845248,37.7903622977944
2023-02-14 13:00:00,145.5127815009302,148.9127815009302,37.63987914915175
2023-02-14 14:00:00,145.51313321533857,148.91313321533858,37.659194974927395
2023-02-14 15:00:00,145.50574120627218,148.90574120627218,37.25406716458844
2023-02-14 16:00:00,145.50194297734555,148.90194297734556,37.04658291520925
2023-02-14 17:00:00,145.49998492974697,148.89998492974698,36.939802611279454
2023-02-14 18:00:00,145.49080468042095,148.89080468042096,36.4408119617398
2023-02-14 19:00:00,145.4937583925627,148.89375839256272,36.601064164821615
2023-02-14 20:00:00,145.4874998916441,148.8874998916441,36.261845832851286
2023-02-14 21:00:00,145.4785523993625,148.87855239936252,35.77907781805035
2023-02-14 22:00:00,145.48671444242794,148.88671444242794,36.21936279787753
2023-02-14 23:00:00,145.48338213870352,148.88338213870352,36.039348219053586
2023-02-15 00:00:00,145.48083396644188,148.88083396644188,35.9019354229878
2023-02-15 01:00:00,145.4731158735113,148.8731158735113,35.487011674732756
2023-02-15 02:00:00,145.4711118780445,148.8711118780445,35.379592809773975
2023-02-15 03:00:00,145.4703138757779,148.8703138757779,35.33685428267751
2023-02-15 04:00:00,145.47009578284727,148.87009578284727,35.32517749715456
2023-02-15 05:00:00,145.46575793924268,148.86575793924268,35.09324839693767
2023-02-15 06:00:00,145.4634320820385,148.8634320820385,34.96914485528225
2023-02-15 07:00:00,145.4558344197619,148.85583441976192,34.56497393325838
2023-02-15 08:00:00,145.45562254669153,148.85562254669154,34.553729922277704
2023-02-15 09:00:00,145.45842676881836,148.85842676881836,34.70266721318176
2023-02-15 10:00:00,145.44577305667656,148.84577305667656,34.03263865424168
2023-02-15 11:00:00,145.45805895921276,148.85805895921277,34.683117583584604
2023-02-15 12:00:00,145.44936917453978,148.8493691745398,34.22252558626847
2023-02-15 13:00:00,145.45344908387577,148.85344908387577,34.438469723101484
2023-02-15 14:00:00,145.44434708614236,148.84434708614236,33.957459742028206
2023-02-15 15:00:00,145.44678304534358,148.84678304534359,34.085926718044774
2023-02-15 16:00:00,145.43965519040597,148.83965519040598,33.710566907716476
2023-02-15 17:00:00,145.4368033626676,148.8368033626676,33.56085284588403
2023-02-15 18:00:00,145.439145428399,148.839145428399,33.68378607180503
2023-02-15 19:00:00,145.43303566639202,148.83303566639202,33.36346682737673
2023-02-15 20:00:00,145.4377975961274,148.83779759612742,33.61301743206297
2023-02-15 21:00:00,145.4403576414594,148.8403576414594,33.74748479514712
2023-02-15 22:00:00,145.43980570039102,148.83980570039103,33.71847572199401
2023-02-15 23:00:00,145.43806585905304,148.83806585905305,33.6270979718008
2023-02-16 00:00:00,145.43454576838903,148.83454576838903,33.44252370465913
2023-02-16 01:00:00,145.43271979785482,148.83271979785482,33.34693993991263
2023-02-16 02:00:00,145.4281195711948,148.8281195711948,33.10661808711929
2023-02-16 03:00:00,145.4252215689282,148.8252215689282,32.955579823538905
2023-02-16 04:00:00,145.4198594125328,148.8198594125328,32.67684361423603
2023-02-16 05:00:00,145.42490102494418,148.82490102494418,32.93889066329955
2023-02-16 06:00:00,145.43163509974198,148.831635099742,33.290211258142016
2023-02-16 07:00:00,145.44243532640198,148.84243532640198,33.856773801106876
2023-02-16 08:00:00,145.46944542839898,148.869445428399,35.29036641723199
2023-02-16 09:00:00,145.71385884588275,149.11385884588276,48.67347970819467
2023-02-16 10:00:00,145.76917283001654,149.16917283001655,52.134847453879274
2023-02-16 11:00:00,145.71773886854876,149.11773886854877,48.913170985928346
2023-02-16 12:00:00,145.72968470308695,149.12968470308695,49.65408758256835
2023-02-16 13:00:00,145.76296638349632,149.16296638349633,51.74173975134123
2023-02-16 14:00:00,145.7924021160375,149.1924021160375,53.61669880256523
2023-02-16 15:00:00,145.81201176471447,149.21201176471448,54.88054387780508
2023-02-16 16:00:00,145.8146558281793,149.2146558281793,55.051854426152936
2023-02-16 17:00:00,145.8288779165767,149.2288779165767,55.97697194771087
2023-02-16 18:00:00,145.88103773524867,149.28103773524867,58.45697607586292
2023-02-16 19:00:00,145.93696981231307,149.33696981231307,62.267590208600076
2023-02-16 20:00:00,145.9583857941803,149.3583857941803,62.85795836944374
2023-02-16 21:00:00,145.98478779191367,149.38478779191368,62.962930253177745
2023-02-16 22:00:00,145.9753761455033,149.3753761455033,62.285291424735746
2023-02-16 23:00:00,145.97873053762513,149.37873053762513,62.52647133227443
2023-02-17 00:00:00,145.98143664415534,149.38143664415534,62.721311300054374
2023-02-17 01:00:00,145.99404697281236,149.39404697281236,63.63245066007979
2023-02-17 02:00:00,145.97899914054076,149.37899914054077,62.545799931257584
2023-02-17 03:00:00,145.944355303736,149.344355303736,62.77793319053569
2023-02-17 04:00:00,145.9695813876002,149.3695813876002,63.64597382064387
2023-02-17 05:00:00,145.948165632393,149.348165632393,62.14203257274752
2023-02-17 06:00:00,145.95810992251782,149.35810992251783,62.83859040361559
2023-02-17 07:00:00,145.96954233957226,149.36954233957226,63.643218556151865
2023-02-17 08:00:00,145.9579245866317,149.3579245866317,62.825579972625455
2023-02-17 09:00:00,146.00776676569308,149.40776676569308,64.6297138061769
2023-02-17 10:00:00,145.98116721901312,149.38116721901312,62.70190179199191
2023-02-17 11:00:00,146.00747543660674,149.40747543660675,64.60847327231673
2023-02-17 12:00:00,146.00130363153434,149.40130363153435,64.15914927076606
2023-02-17 13:00:00,145.97941573126477,149.37941573126477,62.57578242308205
2023-02-17 14:00:00,145.95308776299717,149.35308776299718,62.48641999552006
2023-02-17 15:00:00,145.92013981739555,149.32013981739556,61.11085938189114
2023-02-17 16:00:00,145.90330796699118,149.30330796699118,59.96269492508093
2023-02-17 17:00:00,145.89756823898318,149.2975682389832,59.57316007022915
2023-02-17 18:00:00,145.85539454950742,149.25539454950743,57.718248689421365
2023-02-17 19:00:00,145.84011075803463,149.24011075803463,56.71199763215244
2023-02-17 20:00:00,145.81460687589785,149.21460687589786,55.04868083660906
2023-02-17 21:00:00,145.80176104135964,149.20176104135965,54.2184138131476
2023-02-17 22:00:00,145.78997525215345,149.18997525215346,53.461106837624115
2023-02-17 23:00:00,145.77175116602265,149.17175116602266,52.298505420104426
2023-02-18 00:00:00,145.75329323175407,149.15329323175408,51.13143117639596
2023-02-18 01:00:00,145.73961332241808,149.13961332241809,50.2732764271994
2023-02-18 02:00:00,145.72518335641706,149.12518335641707,49.37437744668552
2023-02-18 03:00:00,145.72088124535367,149.12088124535367,49.107638679071734
2023-02-18 04:00:00,145.70825938361628,149.10825938361629,48.328399607489956
2023-02-18 05:00:00,145.6997715966767,149.0997715966767,47.80719408300104
2023-02-18 06:00:00,145.6923196556083,149.0923196556083,47.35146174248007
2023-02-18 07:00:00,145.68863940628228,149.08863940628228,47.12703621606788
2023-02-18 08:00:00,145.6772335264121,149.0772335264121,46.43420569873994
2023-02-18 09:00:00,145.6709816986737,149.0709816986737,46.05619244000017
2023-02-18 10:00:00,145.6667695989433,149.0667695989433,45.80220751898042
2023-02-18 11:00:00,145.6630235377451,149.0630235377451,45.57679645097435
2023-02-18 12:00:00,145.64881543348147,149.04881543348148,44.72590359349591
2023-02-18 13:00:00,145.64732519548846,149.04732519548847,44.63702839116895
2023-02-18 14:00:00,145.63266292576304,149.03266292576305,43.766371768834695
2023-02-18 15:00:00,145.63203861297222,149.03203861297223,43.72945198048926
2023-02-18 16:00:00,145.63087057670663,149.03087057670663,43.66041166395429
2023-02-18 17:00:00,145.6199184089782,149.0199184089782,43.01517564273527
2023-02-18 18:00:00,145.6110643568464,149.01106435684642,43.19026169781245
2023-02-18 19:00:00,145.6056703500466,149.0056703500466,42.87775815342053
2023-02-18 20:00:00,145.60500020271758,149.00500020271758,42.83899636220222
2023-02-18 21:00:00,145.59526024804958,148.9952602480496,42.27721496856435
2023-02-18 22:00:00,145.59430808032118,148.9943080803212,42.222455060060604
2023-02-18 23:00:00,145.58844803498917,148.98844803498918,41.88606466199976
2023-02-19 00:00:00,145.58766578792975,148.98766578792976,41.84124195891198
2023-02-19 01:00:00,145.57881550460473,148.97881550460474,41.33545966631657
2023-02-19 02:00:00,145.57748930741053,148.97748930741054,41.259881289813706
2023-02-19 03:00:00,145.56930129381092,148.96930129381093,40.79448256161539
2023-02-19 04:00:00,145.57069918274752,148.97069918274752,40.87378768407479
2023-02-19 05:00:00,145.56287509661672,148.96287509661673,40.4307042605387
2023-02-19 06:00:00,145.5644449039557,148.9644449039557,40.519448596344546
2023-02-19 07:00:00,145.5580747566267,148.9580747566267,40.15981462529017
2023-02-19 08:00:00,145.5592706478299,148.9592706478299,40.22723223340099
2023-02-19 09:00:00,145.5490846319637,148.9490846319637,39.65445148047935
2023-02-19 10:00:00,145.55010638037106,148.95010638037107,39.711758189927565
2023-02-19 11:00:00,145.54474833277246,148.94474833277246,39.411610393560494
2023-02-19 12:00:00,145.54130626704105,148.94130626704106,39.21927312378803
2023-02-19 13:00:00,145.53745198824925,148.93745198824925,39.004348955056635
2023-02-19 14:00:00,145.53154765279243,148.93154765279243,38.67602536227168
2023-02-19 15:00:00,145.5294394351988,148.92943943519882,38.55906237124507
2023-02-19 16:00:00,145.5244813876002,148.9244813876002,38.28455086473846
2023-02-19 17:00:00,145.520935326402,148.920935326402,38.088698087661996
2023-02-19 18:00:00,145.52975507707598,148.92975507707598,38.576565024522864
2023-02-19 19:00:00,145.52670313600757,148.92670313600757,38.407465077131945
2023-02-19 20:00:00,145.52492910654178,148.92492910654178,38.30930742545943
2023-02-19 21:00:00,145.52561101361115,148.92561101361116,38.34702568694707
2023-02-19 22:00:00,145.52220302267756,148.92220302267756,38.15866817027435
2023-02-19 23:00:00,145.52476695014636,148.92476695014636,38.300340269255834
2023-02-20 00:00:00,145.52185684814935,148.92185684814936,38.139556081840425
2023-02-20 01:00:00,145.52234286401554,148.92234286401555,38.1663898128528
2023-02-20 02:00:00,145.51265696147937,148.91265696147937,37.63304050952721
2023-02-20 03:00:00,145.51493487308196,148.91493487308196,37.75820247778738
2023-02-20 04:00:00,145.51265262602254,148.91265262602255,37.63280245233606
2023-02-20 05:00:00,145.51264052629213,148.91264052629214,37.63213806698085
2023-02-20 06:00:00,145.51501666682134,148.91501666682134,37.76269980201962
2023-02-20 07:00:00,145.50839046962713,148.90839046962714,37.399061639243584
2023-02-20 08:00:00,145.50665451042593,148.90665451042594,37.30402695427597
2023-02-20 09:00:00,145.50282654215835,148.90282654215835,37.09480766173082
2023-02-20 10:00:00,145.50183253535855,148.90183253535855,37.0405567836283
2023-02-20 11:00:00,145.50302443109493,148.90302443109493,37.105611829658415
2023-02-20 12:00:00,145.49884629283233,148.89884629283233,36.87776481099397
2023-02-20 13:00:00,145.4973759188433,148.8973759188433,36.79771427969358
2023-02-20 14:00:00,145.49378556752026,148.89378556752027,36.60253983441035
2023-02-20 15:00:00,145.48874938165906,148.88874938165907,36.329468747708674
2023-02-20 16:00:00,145.48903328646185,148.88903328646185,36.34484081833574
2023-02-20 17:00:00,145.49159122073044,148.89159122073045,36.4834578411212
2023-02-20 18:00:00,145.48929532952724,148.88929532952724,36.359031490086664
2023-02-20 19:00:00,145.49028733859365,148.89028733859365,36.412772787151596
2023-02-20 20:00:00,145.48353351312187,148.88353351312188,36.04751784575664
2023-02-20 21:00:00,145.48298756525367,148.88298756525367,36.018056703794805
2023-02-20 22:00:00,145.47419367178387,148.87419367178387,35.54483805045725
2023-02-20 23:00:00,145.4760397329821,148.8760397329821,35.643970987680625
2023-02-21 00:00:00,145.47360754258767,148.87360754258768,35.51338618894331
2023-02-21 01:00:00,145.47078556752027,148.87078556752027,35.362114132642695
2023-02-21 02:00:00,145.46791142472446,148.86791142472447,35.208311237501086
2023-02-21 03:00:00,145.46508534086024,148.86508534086025,35.057341687528314
2023-02-21 04:00:00,145.46376924566303,148.86376924566304,34.987124397718794
2023-02-21 05:00:00,145.46730897367104,148.86730897367104,35.17610650944619
2023-02-21 06:00:00,145.46505326379585,148.86505326379586,35.05562961865112
2023-02-21 07:00:00,145.46057147005646,148.86057147005647,34.816749024412175
2023-02-21 08:00:00,145.45451176471448,148.8545117647145,34.49480515848011
2023-02-21 09:00:00,145.4473259755083,148.8473259755083,34.1145860648506
2023-02-21 10:00:00,145.44787825656672,148.84787825656673,34.14374889610311
2023-02-21 11:00:00,145.44849646282734,148.84849646282734,34.176404685826654
2023-02-21 12:00:00,145.44790068495413,148.84790068495414,34.14493342268167
2023-02-21 13:00:00,145.44608270535355,148.84608270535355,34.04897249901613
2023-02-21 14:00:00,145.44752865322175,148.84752865322176,34.12528716792586
2023-02-21 15:00:00,145.44541078695116,148.84541078695116,34.013533049663614
2023-02-21 16:00:00,145.44349480508396,148.84349480508396,33.91255819833767
2023-02-21 17:00:00,145.44028093428017,148.84028093428017,33.743452600727366
2023-02-21 18:00:00,145.43615696147936,148.83615696147936,33.52695541023318
2023-02-21 19:00:00,145.43280102494415,148.83280102494416,33.351189594389076
2023-02-21 20:00:00,145.43238104761016,148.83238104761017,33.32921947495728
2023-02-21 21:00:00,145.43132699547837,148.83132699547838,33.274104743824424
2023-02-21 22:00:00,145.42326706347637,148.82326706347638,32.853870828484354
2023-02-21 23:00:00,145.42017693881337,148.82017693881338,32.69332291491329
2023-02-22 00:00:00,145.41770479375094,148.81770479375095,32.56510883639762
2023-02-22 01:00:00,145.41378447642694,148.81378447642695,32.36220088936935
2023-02-22 02:00:00,145.41776250135953,148.81776250135954,32.56809945708673
2023-02-22 03:00:00,145.41447637216334,148.81447637216334,32.39797518718168
2023-02-22 04:00:00,145.4127121047045,148.8127121047045,32.306785420422074
2023-02-22 05:00:00,145.4088240911049,148.8088240911049,32.10618862510148
2023-02-22 06:00:00,145.4084238644449,148.8084238644449,32.085567850181604
2023-02-22 07:00:00,145.40602763325168,148.8060276332517,31.96221832450061
2023-02-22 08:00:00,145.41202164005148,148.81202164005148,32.27112534132351
2023-02-22 09:00:00,145.41014161738548,148.81014161738548,32.1741086223722
2023-02-22 10:00:00,145.4143457261823,148.8143457261823,32.391218958313466
2023-02-22 11:00:00,145.40736370578287,148.80736370578288,32.03097118291667
2023-02-22 12:00:00,145.40836347912287,148.80836347912287,32.082457092923214
2023-02-22 13:00:00,145.40119721393063,148.80119721393064,31.714143449120872
2023-02-22 14:00:00,145.39196713459964,148.79196713459964,31.24226905307394
2023-02-22 15:00:00,145.39860286714082,148.79860286714083,31.581225420514468
2023-02-22 16:00:00,145.3987448195422,148.7987448195422,31.588492394168366
2023-02-22 17:00:00,145.404088656347,148.804088656347,31.86254579215201
2023-02-22 18:00:00,145.4067967606106,148.8067967606106,32.001789575440476
2023-02-22 19:00:00,145.4017447062122,148.80174470621222,31.742222041895126
2023-02-22 20:00:00,145.39405292380582,148.79405292380582,31.348654472491404
2023-02-22 21:00:00,145.40188322979685,148.80188322979686,31.749327913570443
2023-02-22 22:00:00,145.41756924566303,148.81756924566304,32.55808466761568
2023-02-22 23:00:00,145.41959744059065,148.81959744059066,32.66325003112803
2023-02-23 00:00:00,145.43363762191868,148.83363762191868,33.39497143914214
2023-02-23 01:00:00,145.43762175338148,148.83762175338148,33.603789107209344
2023-02-23 02:00:00,145.4526220933715,148.8526220933715,34.39465432454824
2023-02-23 03:00:00,145.4777941251039,148.87779412510392,35.738283642457084
2023-02-23 04:00:00,145.4892643857629,148.8892643857629,36.35735564708656
2023-02-23 05:00:00,145.49492054895813,148.89492054895814,36.6641934754056
2023-02-23 06:00:00,145.49985861922275,148.89985861922275,36.932918617902374
2023-02-23 07:00:00,145.50155074161916,148.90155074161916,37.02518283053418
2023-02-23 08:00:00,145.50405884588275,148.90405884588276,37.16210838924184
2023-02-23 09:00:00,145.49455907254276,148.89455907254276,36.64455311064144
2023-02-23 10:00:00,145.49529303401056,148.89529303401056,36.68443638410618
2023-02-23 11:00:00,145.49193920853878,148.8919392085388,36.50233195706483
2023-02-23 12:00:00,145.50231312467457,148.90231312467458,37.06678240956811
2023-02-23 13:00:00,145.49803532640198,148.89803532640198,36.83360533372772
2023-02-23 14:00:00,145.498015349068,148.898015349068,36.832517776989334
2023-02-23 15:00:00,145.494495485064,148.894495485064,36.641098600635914
2023-02-23 16:00:00,145.5021174601314,148.9021174601314,37.05610415353835
2023-02-23 17:00:00,145.50767961652681,148.90767961652682,37.36013445705975
2023-02-23 18:00:00,145.50730592705102,148.90730592705103,37.33967726914405
2023-02-23 19:00:00,145.51317818544345,148.91317818544346,37.661664976762935
2023-02-23 20:00:00,145.51571670902808,148.9157167090281,37.80119949148453
2023-02-23 21:00:00,145.52064313288233,148.92064313288233,38.072577846666114
2023-02-23 22:00:00,145.52211561793476,148.92211561793476,38.15384224533332
2023-02-23 23:00:00,145.51846213245298,148.918462132453,37.9523388624745
2023-02-24 00:00:00,145.5174063092478,148.9174063092478,37.894185782541896
2023-02-24 01:00:00,145.51524860163923,148.91524860163923,37.775453606698946
2023-02-24 02:00:00,145.50916891896324,148.90916891896325,37.441709073423986
2023-02-24 03:00:00,145.51319722722087,148.91319722722088,37.66271087388684
2023-02-24 04:00:00,145.51326937228328,148.91326937228328,37.66667365102301
2023-02-24 05:00:00,145.5113797009403,148.9113797009403,37.562932996429666
2023-02-24 06:00:00,145.51232598879852,148.91232598879853,37.614868741336224
2023-02-24 07:00:00,145.51630412706112,148.91630412706112,37.833517382287745
2023-02-24 08:00:00,145.51078837185395,148.91078837185395,37.530493263519574
2023-02-24 09:00:00,145.51391046025134,148.91391046025134,37.701894594956265
2023-02-24 10:00:00,145.52013443305214,148.92013443305214,38.04451952160562
2023-02-24 11:00:00,145.51992255998175,148.91992255998176,38.03283569267866
2023-02-24 12:00:00,145.52439059624737,148.92439059624738,38.279531349382985
2023-02-24 13:00:00,145.52933243531874,148.92933243531874,38.55312984349582
2023-02-24 14:00:00,145.54479413839414,148.94479413839414,39.4141724775736
2023-02-24 15:00:00,145.56164385506912,148.96164385506913,40.36115419571917
2023-02-24 16:00:00,145.57368780520392,148.97368780520392,41.04354498835925
2023-02-24 17:00:00,145.5917377485389,148.9917377485389,42.07477507101342
2023-02-24 18:00:00,145.61684785053592,149.01684785053592,43.52633794643742
2023-02-24 19:00:00,145.6447919140007,149.0447919140007,44.48611020755955
2023-02-24 20:00:00,145.67453586413552,149.07453586413553,46.27094147053605
2023-02-24 21:00:00,145.7009558414695,149.1009558414695,47.87977870740963
2023-02-24 22:00:00,145.7118036737411,149.1118036737411,48.54671079418612
2023-02-24 23:00:00,145.7336334130821,149.1336334130821,49.89997745313187
2023-02-25 00:00:00,145.74482919095527,149.14482919095528,50.599787824057195
2023-02-25 01:00:00,145.72888067870363,149.12888067870364,49.60407978157083
2023-02-25 02:00:00,145.75469666057083,149.15469666057083,51.21979807889174
2023-02-25 03:00:00,145.7641743455134,149.1641743455134,51.818157096842924
2023-02-25 04:00:00,145.7627701233866,149.1627701233866,51.72932832606442
2023-02-25 05:00:00,145.738092211784,149.138092211784,50.17821477266722
2023-02-25 06:00:00,145.768702200451,149.168702200451,52.104996737914
2023-02-25 07:00:00,145.77165391485937,149.17165391485938,52.292328751471906
2023-02-25 08:00:00,145.76590174713095,149.16590174713096,51.92751327322064
2023-02-25 09:00:00,145.77294780832915,149.17294780832916,52.37453109920334
2023-02-25 10:00:00,145.76335779699616,149.16335779699617,51.76649616941541
2023-02-25 11:00:00,145.76427366553335,149.16427366553336,51.82444222538082
2023-02-25 12:00:00,145.76533559526874,149.16533559526874,51.89166188207446
2023-02-25 13:00:00,145.77100951140454,149.17100951140455,52.25140842314288
2023-02-25 14:00:00,145.76476133914292,149.16476133914293,51.85530740964907
2023-02-25 15:00:00,145.76131116914792,149.16131116914792,51.63710187598215
2023-02-25 16:00:00,145.7665190467515,149.16651904675152,51.96661486638926
2023-02-25 17:00:00,145.7456411351489,149.1456411351489,50.6506912546554
2023-02-25 18:00:00,145.75864513061572,149.15864513061572,51.46874080811701
2023-02-25 19:00:00,145.7556810898169,149.1556810898169,51.28181908783673
2023-02-25 20:00:00,145.74522715101511,149.14522715101512,50.62473468045539
2023-02-25 21:00:00,145.74456299688632,149.14456299688632,50.583103705952
2023-02-25 22:00:00,145.74016899008652,149.14016899008652,50.308020766981095
2023-02-25 23:00:00,145.74310084049088,149.1431008404909,50.49150008072306
2023-02-26 00:00:00,145.7288328042253,149.1288328042253,49.6011027746368
2023-02-26 01:00:00,145.7313507838259,149.1313507838259,49.75777673733521
2023-02-26 02:00:00,145.72087275889328,149.12087275889328,49.10711307426883
2023-02-26 03:00:00,145.7152067203611,149.1152067203611,48.756692262919316
2023-02-26 04:00:00,145.71287064782987,149.11287064782988,48.61250831162086
2023-02-26 05:00:00,145.70666265689627,149.10666265689628,48.23017756940014
2023-02-26 06:00:00,145.70542258889827,149.10542258889828,48.153950410903654
2023-02-26 07:00:00,145.70166265689627,149.10166265689628,47.92312176270265
2023-02-26 08:00:00,145.6962927362273,149.0962927362273,47.59422292938319
2023-02-26 09:00:00,145.69272869542849,149.0927286954285,47.37643175644819
2023-02-26 10:00:00,145.68986254356628,149.08986254356628,47.20157711172349
2023-02-26 11:00:00,145.69006642570307,149.09006642570307,47.21400675590634
2023-02-26 12:00:00,145.68504622170906,149.08504622170906,46.90833165229366
2023-02-26 13:00:00,145.68282002451483,149.08282002451483,46.77303505287439
2023-02-26 14:00:00,145.6731118069212,149.07311180692122,46.18484941093129
2023-02-26 15:00:00,145.66425575705603,149.06425575705603,45.65089346419469
2023-02-26 16:00:00,145.6589076981244,149.05890769812441,45.32964790493601
2023-02-26 17:00:00,145.665045541729,149.065045541729,45.69841088236232
2023-02-26 18:00:00,145.656515575728,149.056515575728,45.18625248070646
2023-02-26 19:00:00,145.6544115802612,149.05441158026122,45.06027904447637
2023-02-26 20:00:00,145.6448975961274,149.0448975961274,44.49240204723066
2023-02-26 21:00:00,145.6472674034664,149.0472674034664,44.633583199872085
2023-02-26 22:00:00,145.6396314442652,149.0396314442652,44.17931221582422
2023-02-26 23:00:00,145.6344274487984,149.0344274487984,43.87078718846002
2023-02-27 00:00:00,145.63691323800458,149.0369132380046,44.018052250038245
2023-02-27 01:00:00,145.63184697281235,149.03184697281236,43.71812151698075
2023-02-27 02:00:00,145.63076284134956,149.03076284134957,43.65404583791282
2023-02-27 03:00:00,145.62606250135954,149.02606250135955,43.37667554707022
2023-02-27 04:00:00,145.61909423843392,149.01909423843392,42.966776012596895
2023-02-27 05:00:00,145.61650776924768,149.01650776924768,43.50654714621605
2023-02-27 06:00:00,145.61054972164908,149.01054972164908,43.160406975893004
2023-02-27 07:00:00,145.61282729326163,149.01282729326164,43.29259473637133
2023-02-27 08:00:00,145.61234904166903,149.01234904166904,43.264824127142916
2023-02-27 09:00:00,145.6098925384838,149.0098925384838,43.12229484915741
2023-02-27 10:00:00,145.60562781770494,149.00562781770495,42.875297636230094
2023-02-27 11:00:00,145.6030335842451,149.00303358424512,42.72532674487393
2023-02-27 12:00:00,145.60259894279727,149.00259894279728,42.70022097684659
2023-02-27 13:00:00,145.59336652574285,148.99336652574286,42.168333442465794
2023-02-27 14:00:00,145.59203765083518,148.9920376508352,42.09199547447958
2023-02-27 15:00:00,145.58810357603738,148.9881035760374,41.866324822205534
2023-02-27 16:00:00,145.5771678434962,148.9771678434962,41.24156978104919
2023-02-27 17:00:00,145.57944831948222,148.97944831948223,41.3715425179577
2023-02-27 18:00:00,145.58844477733547,148.98844477733547,41.88587795886149
2023-02-27 19:00:00,145.60129506066048,149.00129506066048,42.62494152964341
2023-02-27 20:00:00,145.6150413485187,149.0150413485187,43.42125102321195
2023-02-27 21:00:00,145.61165567264254,149.01165567264255,43.22457496463142
2023-02-27 22:00:00,145.61572393556816,149.01572393556816,43.46094618914223
2023-02-27 23:00:00,145.61230629595758,149.0123062959576,43.262342361258185
2023-02-28 00:00:00,145.6095766699466,149.0095766699466,43.1039814278117
2023-02-28 01:00:00,145.60571108473442,149.00571108473443,42.88011472838778
2023-02-28 02:00:00,145.61428123206343,149.01428123206344,43.37706428845301
2023-02-28 03:00:00,145.62721741792467,149.02721741792467,43.444762425372566
2023-02-28 04:00:00,145.64185160605246,149.04185160605246,44.31120021043595
2023-02-28 05:00:00,145.66241387577787,149.06241387577788,45.540153468628816
2023-02-28 06:00:00,145.6820162135013,149.0820162135013,46.724222048706956
2023-02-28 07:00:00,145.69805239936252,149.09805239936253,47.70189960117872
2023-02-28 08:00:00,145.70560679148434,149.10560679148435,48.16527032038302
2023-02-28 09:00:00,145.72131689348134,149.12131689348135,49.13462335691482
2023-02-28 10:00:00,145.71705519040597,149.11705519040598,48.870902082146586
2023-02-28 11:00:00,145.7125193445348,149.1125193445348,48.59084041477221
2023-02-28 12:00:00,145.7071674034664,149.1071674034664,48.261218222846225
2023-02-28 13:00:00,145.7014074714644,149.1014074714644,47.90747157341326
2023-02-28 14:00:00,145.699115349068,149.099115349068,47.76699038385182
2023-02-28 15:00:00,145.68896940119978,149.0889694011998,47.14714224944474
2023-02-28 16:00:00,145.68770125160418,149.0877012516042,47.0698947758533
2023-02-28 17:00:00,145.6915811609402,149.0915811609402,47.306393350183306
2023-02-28 18:00:00,145.68889514507399,149.088895145074,47.14261764991507
2023-02-28 19:00:00,145.68572134226818,149.0857213422682,46.94939282810368
2023-02-28 20:00:00,145.69521323800458,149.0952132380046,47.52821484213026
2023-02-28 21:00:00,145.70408715414038,149.1040871541404,48.071914987538065
2023-02-28 22:00:00,145.70127716547339,149.1012771654734,47.89948086577957
2023-02-28 23:00:00,145.7079891518738,149.1079891518738,48.311770785563404
2023-03-01 00:00:00,145.71984297734556,149.11984297734557,49.04335075899138
2023-03-01 01:00:00,145.75074086628214,149.15074086628215,50.970877951352506
2023-03-01 02:00:00,145.80718070762015,149.20718070762015,54.568088486438036
2023-03-01 03:00:00,145.91278247869354,149.31278247869355,60.607915821955515
2023-03-01 04:00:00,146.0183422973655,149.4183422973655,65.40265527399751
2023-03-01 05:00:00,146.0752381885687,149.4752381885687,68.72158160110456
2023-03-01 06:00:00,146.11567226336652,149.51567226336653,70.90158531637006
2023-03-01 07:00:00,146.1434082225677,149.5434082225677,73.0674152206637
2023-03-01 08:00:00,146.17158036763013,149.57158036763013,75.2939106241714
2023-03-01 09:00:00,146.13778647416032,149.53778647416033,72.62632226496247
2023-03-01 10:00:00,146.16954252402553,149.56954252402554,75.13196002777218
2023-03-01 11:00:00,146.19841444242792,149.59841444242792,77.43944222382504
2023-03-01 12:00:00,146.2169843630969,149.61698436309692,78.93829518024016
2023-03-01 13:00:00,146.2250500616391,149.62505006163912,79.59288599583425
2023-03-01 14:00:00,146.1923779165767,149.5923779165767,76.95468787540027
2023-03-01 15:00:00,146.21661165138448,149.6166116513845,78.90809916472621
2023-03-01 16:00:00,146.20110354712085,149.60110354712086,77.65577869054734
2023-03-01 17:00:00,146.21224749725565,149.61224749725565,78.55487208781066
2023-03-01 18:00:00,146.20285725926266,149.60285725926266,77.7969935500465
2023-03-01 19:00:00,146.20240931366104,149.60240931366104,77.76091368989489
2023-03-01 20:00:00,146.18821553352126,149.58821553352126,76.6211434105246
2023-03-01 21:00:00,146.1859359641753,149.5859359641753,76.43872023397363
2023-03-01 22:00:00,146.1797162135013,149.5797162135013,75.94186812490389
2023-03-01 23:00:00,146.1471941251039,149.5471941251039,73.36506595935941
