SW2,ElevRaw,waterStage,flowm3s
2023-01-01 00:00:00,145.26278594971703,148.66278594971703,4.458469173983722
2023-01-01 01:00:00,145.27300381598764,148.67300381598764,4.7093458335792455
2023-01-01 02:00:00,145.2924937139906,148.69249371399061,5.352310011772209
2023-01-01 03:00:00,145.3023537593226,148.70235375932262,5.690019127474993
2023-01-01 04:00:00,145.31845775478942,148.71845775478943,6.25920850363516
2023-01-01 05:00:00,145.32757185225321,148.72757185225322,6.59089674718656
2023-01-01 06:00:00,145.33269782278742,148.73269782278743,6.780444857716024
2023-01-01 07:00:00,145.33625775478941,148.73625775478942,6.913346180936597
2023-01-01 08:00:00,145.33412790211844,148.73412790211844,6.83370932804875
2023-01-01 09:00:00,145.33187807211345,148.73187807211346,6.749987797909726
2023-01-01 10:00:00,145.32964011517885,148.72964011517885,6.667118188859546
2023-01-01 11:00:00,145.32829205624725,148.72829205624726,6.617398545836982
2023-01-01 12:00:00,145.32299005851382,148.72299005851383,6.423295710932373
2023-01-01 13:00:00,145.31633400864862,148.71633400864863,6.182905985117827
2023-01-01 14:00:00,145.31272401998163,148.71272401998164,6.054065987125028
2023-01-01 15:00:00,145.31107396331663,148.71107396331664,5.995537612249145
2023-01-01 16:00:00,145.30159816277745,148.70159816277746,5.663847818945772
2023-01-01 17:00:00,145.29604821944244,148.69604821944245,5.473099442899443
2023-01-01 18:00:00,145.29997019450985,148.69997019450986,5.607624666465197
2023-01-01 19:00:00,145.29890426930766,148.69890426930766,5.570933760939947
2023-01-01 20:00:00,145.29278040983687,148.69278040983687,5.36201252120474
2023-01-01 21:00:00,145.29551237357126,148.69551237357126,5.454821299527418
2023-01-01 22:00:00,145.29307042116986,148.69307042116986,5.371834386143899
2023-01-01 23:00:00,145.29075643703607,148.69075643703607,5.293666671734862
2023-01-02 00:00:00,145.29027641437006,148.69027641437006,5.27750867731595
2023-01-02 01:00:00,145.29298617637704,148.69298617637705,5.368980511875283
2023-01-02 02:00:00,145.29232812877845,148.69232812877846,5.346709394271486
2023-01-02 03:00:00,145.28989416731065,148.68989416731065,5.264656034522546
2023-01-02 04:00:00,145.29258018317685,148.69258018317686,5.3552356063788045
2023-01-02 05:00:00,145.29536808344645,148.69536808344645,5.449903625628649
2023-01-02 06:00:00,145.29767207891325,148.69767207891326,5.52863989326924
2023-01-02 07:00:00,145.29971802678145,148.69971802678145,5.598935936648831
2023-01-02 08:00:00,145.29930227157425,148.69930227157425,5.584622383337812
2023-01-02 09:00:00,145.30062835543845,148.70062835543845,5.630327744608918
2023-01-02 10:00:00,145.30026842343648,148.70026842343648,5.617907443472257
2023-01-02 11:00:00,145.29719062516386,148.69719062516387,5.512149460157089
2023-01-02 12:00:00,145.30088440530366,148.70088440530367,5.639170026417822
2023-01-02 13:00:00,145.29833623304205,148.69833623304206,5.55142038881085
2023-01-02 14:00:00,145.30019616504404,148.70019616504405,5.615415320227553
2023-01-02 15:00:00,145.29604411064565,148.69604411064566,5.472959195408865
2023-01-02 16:00:00,145.30081802678143,148.70081802678143,5.636877214943861
2023-01-02 17:00:00,145.30078195425023,148.70078195425023,5.6356313732706305
2023-01-02 18:00:00,145.30210193158422,148.70210193158422,5.681291304054813
2023-01-02 19:00:00,145.30333600638204,148.70333600638205,5.724112959789358
2023-01-02 20:00:00,145.30603789078543,148.70603789078544,5.818315252340386
2023-01-02 21:00:00,145.30279982052082,148.70279982052082,5.7054918288694125
2023-01-02 22:00:00,145.303735553062,148.70373555306202,5.738004544459444
2023-01-02 23:00:00,145.30075952586282,148.70075952586282,5.634856816699227
2023-01-03 00:00:00,145.3028013649342,148.7028013649342,5.705545429745264
2023-01-03 01:00:00,145.30334297734555,148.70334297734556,5.724355213320702
2023-01-03 02:00:00,145.30532699547837,148.70532699547837,5.793469981996516
2023-01-03 03:00:00,145.30844708614237,148.70844708614237,5.90283083934493
2023-01-03 04:00:00,145.31271255802454,148.71271255802455,6.053658641222681
2023-01-03 05:00:00,145.30917836989673,148.70917836989673,5.92858096985223
2023-01-03 06:00:00,145.3172361908353,148.7172361908353,6.215274084115957
2023-01-03 07:00:00,145.3305742610999,148.73057426109992,6.7016590077973
2023-01-03 08:00:00,145.3377161001713,148.7377161001713,6.968087552575299
2023-01-03 09:00:00,145.35195028829912,148.75195028829913,7.5114128553768325
2023-01-03 10:00:00,145.37264429509892,148.77264429509893,8.330140865838942
2023-01-03 11:00:00,145.40324218403552,148.80324218403553,9.509091724290743
2023-01-03 12:00:00,145.4245101069711,148.8245101069711,10.445532839627177
2023-01-03 13:00:00,145.4453998916441,148.8453998916441,11.399358485345111
2023-01-03 14:00:00,145.47431376244788,148.87431376244788,12.774120585853458
2023-01-03 15:00:00,145.50870742925767,148.90870742925767,14.374571581203211
2023-01-03 16:00:00,145.53025759925268,148.93025759925268,15.504476917002595
2023-01-03 17:00:00,145.53537580551327,148.93537580551327,15.777886424203073
2023-01-03 18:00:00,145.53958579418028,148.9395857941803,15.881833961423872
2023-01-03 19:00:00,145.5388359641753,148.9388359641753,15.841118843540059
2023-01-03 20:00:00,145.5415741477699,148.9415741477699,15.99000656424326
2023-01-03 21:00:00,145.54939812057071,148.94939812057072,16.418562678550135
2023-01-03 22:00:00,145.5555881319037,148.9555881319037,16.760892115197034
2023-01-03 23:00:00,145.5558361908353,148.9558361908353,16.774670706225294
2023-01-04 00:00:00,145.55660822256772,148.95660822256772,16.817583266540158
2023-01-04 01:00:00,145.5601121047045,148.9601121047045,17.012904716674825
2023-01-04 02:00:00,145.57323784857869,148.9732378485787,17.752743877264145
2023-01-04 03:00:00,145.5861880185737,148.9861880185737,18.495217504578385
2023-01-04 04:00:00,145.58883984631208,148.9888398463121,18.648780606127353
2023-01-04 05:00:00,145.58787768991667,148.98787768991667,18.59300391557048
2023-01-04 06:00:00,145.57954161738547,148.97954161738548,18.112610597693457
2023-01-04 07:00:00,145.5708876785837,148.9708876785837,17.619332420583476
2023-01-04 08:00:00,145.55688356978686,148.95688356978687,16.832898972005022
2023-01-04 09:00:00,145.54907158338648,148.94907158338648,16.400584170426423
2023-01-04 10:00:00,145.53402363778486,148.93402363778486,15.705467499718468
2023-01-04 11:00:00,145.51892974431507,148.91892974431508,14.906236651903221
2023-01-04 12:00:00,145.50799566951727,148.90799566951728,14.337843675455845
2023-01-04 13:00:00,145.4995917873805,148.8995917873805,13.907067316654068
2023-01-04 14:00:00,145.48824583951227,148.88824583951228,13.458783014570892
2023-01-04 15:00:00,145.4814279732417,148.8814279732417,13.121943211676154
2023-01-04 16:00:00,145.4790720367065,148.8790720367065,13.00634383477951
2023-01-04 17:00:00,145.47243841522874,148.87243841522874,12.683057233296868
2023-01-04 18:00:00,145.46555273935255,148.86555273935255,12.350946198936924
2023-01-04 19:00:00,145.46435096827918,148.86435096827918,12.293344732545691
2023-01-04 20:00:00,145.46150502041095,148.86150502041096,12.157368010784163
2023-01-04 21:00:00,145.4609413196022,148.8609413196022,12.13050690117618
2023-01-04 22:00:00,145.459455530396,148.85945553039602,12.059821223514435
2023-01-04 23:00:00,145.4589677434564,148.85896774345642,12.036651130647531
2023-01-05 00:00:00,145.46543589305202,148.86543589305202,12.345340962088184
2023-01-05 01:00:00,145.46857396331663,148.86857396331663,12.496231320426734
2023-01-05 02:00:00,145.47849782278743,148.87849782278744,12.978230901884
2023-01-05 03:00:00,145.48727984318683,148.88727984318683,13.410849560354798
2023-01-05 04:00:00,145.48991580238803,148.88991580238803,13.541809413990343
2023-01-05 05:00:00,145.4996816142602,148.8996816142602,13.911643661582355
2023-01-05 06:00:00,145.50404765279242,148.90404765279243,14.134810031541408
2023-01-05 07:00:00,145.51246974118982,148.91246974118982,14.569342870706336
2023-01-05 08:00:00,145.51759571172403,148.91759571172403,14.836411128146933
2023-01-05 09:00:00,145.5258637479896,148.9258637479896,15.271303256269789
2023-01-05 10:00:00,145.52755387265262,148.92755387265262,15.36082623332829
2023-01-05 11:00:00,145.53951580238802,148.93951580238803,15.878031660254935
2023-01-05 12:00:00,145.54140969585782,148.94140969585783,15.981048488079432
2023-01-05 13:00:00,145.5477733966666,148.9477733966666,16.32918810109561
2023-01-05 14:00:00,145.5540631813396,148.9540631813396,16.676289334697437
2023-01-05 15:00:00,145.55567128560318,148.9556712856032,16.76551042536466
2023-01-05 16:00:00,145.5595213422682,148.9595213422682,16.97990859083713
2023-01-05 17:00:00,145.5624114669312,148.9624114669312,17.141580740748186
2023-01-05 18:00:00,145.5618116935912,148.96181169359122,17.107978328623364
2023-01-05 19:00:00,145.56179205624724,148.96179205624725,17.106878597579335
2023-01-05 20:00:00,145.55991214691124,148.95991214691125,17.001733456124562
2023-01-05 21:00:00,145.56107019450985,148.96107019450986,17.066472896612854
2023-01-05 22:00:00,145.55533235090525,148.95533235090525,16.746689436803127
2023-01-05 23:00:00,145.55216043250286,148.95216043250286,16.570971885483733
2023-01-06 00:00:00,145.54825843476948,148.94825843476949,16.355848740559942
2023-01-06 01:00:00,145.54394245290226,148.94394245290226,16.119241008223526
2023-01-06 02:00:00,145.54508052316686,148.94508052316687,16.181494734911638
2023-01-06 03:00:00,145.54049062516387,148.94049062516387,15.931022361746976
2023-01-06 04:00:00,145.5350747566267,148.9350747566267,15.761751317554554
2023-01-06 05:00:00,145.53276676569308,148.9327667656931,15.638273033894082
2023-01-06 06:00:00,145.53060683369108,148.9306068336911,15.523071314031373
2023-01-06 07:00:00,145.51983103315192,148.91983103315192,14.953486562696039
2023-01-06 08:00:00,145.51351116914793,148.91351116914794,14.623443633303154
2023-01-06 09:00:00,145.51167132780992,148.91167132780993,14.527921263034838
2023-01-06 10:00:00,145.50425346153935,148.90425346153935,14.145365181082834
2023-01-06 11:00:00,145.50595346153935,148.90595346153935,14.232673464210484
2023-01-06 12:00:00,145.49406156580295,148.89406156580296,13.62649703569687
2023-01-06 13:00:00,145.49546544793975,148.89546544793976,13.69750256474503
2023-01-06 14:00:00,145.48679940940752,148.88679940940753,13.387035610914522
2023-01-06 15:00:00,145.48524946607253,148.88524946607254,13.31032434472977
2023-01-06 16:00:00,145.47867554993675,148.87867554993676,12.986929637555962
2023-01-06 17:00:00,145.47616156580295,148.87616156580296,12.864101732511983
2023-01-06 18:00:00,145.46873359753533,148.86873359753534,12.503926775866333
2023-01-06 19:00:00,145.46729375619736,148.86729375619737,12.434585345862201
2023-01-06 20:00:00,145.46138388086035,148.86138388086036,12.151593537053419
2023-01-06 21:00:00,145.45683993072558,148.85683993072558,11.935788178561747
2023-01-06 22:00:00,145.448611962458,148.848611962458,11.548974869282654
2023-01-06 23:00:00,145.44308998739058,148.84308998739058,11.292248618087973
2023-01-07 00:00:00,145.43998199645696,148.83998199645697,11.148772235405422
2023-01-07 01:00:00,145.432311962458,148.832311962458,10.797851533691603
2023-01-07 02:00:00,145.42393205312197,148.82393205312198,10.41961567318352
2023-01-07 03:00:00,145.42084015738558,148.8208401573856,10.281428836691891
2023-01-07 04:00:00,145.41444615058577,148.81444615058578,9.998013194155979
2023-01-07 05:00:00,145.40661418685139,148.8066141868514,9.65520472057936
2023-01-07 06:00:00,145.4035862185838,148.8035862185838,9.523958189408825
2023-01-07 07:00:00,145.3965483749792,148.7965483749792,9.221696557419147
2023-01-07 08:00:00,145.3943044248444,148.7943044248444,9.126147246656773
2023-01-07 09:00:00,145.3888985449742,148.78889854497422,8.996764834282045
2023-01-07 10:00:00,145.38797468550342,148.78797468550343,8.958326294895313
2023-01-07 11:00:00,145.3865146401714,148.78651464017142,8.897713269947554
2023-01-07 12:00:00,145.38026658123982,148.78026658123983,8.640191911675302
2023-01-07 13:00:00,145.374262472443,148.774262472443,8.395584079163067
2023-01-07 14:00:00,145.3689744588434,148.76897445884342,8.182483592849835
2023-01-07 15:00:00,145.3686383863122,148.7686383863122,8.169014423206088
2023-01-07 16:00:00,145.3644964339108,148.7644964339108,8.003742474698248
2023-01-07 17:00:00,145.3598345041754,148.75983450417542,7.819342435687189
2023-01-07 18:00:00,145.3547146401714,148.75471464017141,7.6188150363798375
2023-01-07 19:00:00,145.35131863563822,148.75131863563823,7.486957198059384
2023-01-07 20:00:00,145.34580276710102,148.74580276710103,7.274758120245366
2023-01-07 21:00:00,145.34388667190382,148.74388667190382,7.20161678489872
2023-01-07 22:00:00,145.33421886229823,148.73421886229823,6.837102852219034
2023-01-07 23:00:00,145.33009877163423,148.73009877163423,6.684068468699367
2023-01-08 00:00:00,145.33311053137461,148.73311053137462,6.795799407884901
2023-01-08 01:00:00,145.327502427111,148.727502427111,6.588344315215921
2023-01-08 02:00:00,145.31636247244302,148.71636247244302,6.183926163637321
2023-01-08 03:00:00,145.3139144135114,148.71391441351142,6.0964309972593576
2023-01-08 04:00:00,145.3099763432468,148.7099763432468,5.956730526359916
2023-01-08 05:00:00,145.30584803498917,148.70584803498917,5.8116757687696765
2023-01-08 06:00:00,145.30353604858877,148.70353604858877,5.731066416369352
2023-01-08 07:00:00,145.30276578792976,148.70276578792976,5.704310734645287
2023-01-08 08:00:00,145.29532783099518,148.69532783099518,5.448532064322107
2023-01-08 09:00:00,145.29485768366615,148.69485768366616,5.432522501636636
2023-01-08 10:00:00,145.29292960206854,148.69292960206855,5.367064342704777
2023-01-08 11:00:00,145.28694758166915,148.68694758166916,5.166001674970523
2023-01-08 12:00:00,145.28607732101014,148.68607732101015,5.137007515746416
2023-01-08 13:00:00,145.2901748699567,148.6901748699567,5.274093133697245
2023-01-08 14:00:00,145.28685078382588,148.6868507838259,5.162773469837715
2023-01-08 15:00:00,145.2848107158279,148.6848107158279,5.094925229656583
2023-01-08 16:00:00,145.28425666369608,148.6842566636961,5.07656070097269
2023-01-08 17:00:00,145.2786088314245,148.6786088314245,4.890876003767693
2023-01-08 18:00:00,145.2784049492877,148.6784049492877,4.884224771109694
2023-01-08 19:00:00,145.27823702635212,148.67823702635212,4.878749352704655
2023-01-08 20:00:00,145.27331116914792,148.67331116914792,4.719228850750027
2023-01-08 21:00:00,145.26740728701114,148.66740728701114,4.530841463823372
2023-01-08 22:00:00,145.26935523261272,148.66935523261273,4.592659060343586
2023-01-08 23:00:00,145.26398730967713,148.66398730967714,4.4956105616777275
2023-01-09 00:00:00,145.26181539127472,148.66181539127473,4.4285541328222475
2023-01-09 01:00:00,145.26008342754034,148.66008342754034,4.375372794070733
2023-01-09 02:00:00,145.25895934140954,148.65895934140954,4.3409957094998255
2023-01-09 03:00:00,145.25822138447492,148.65822138447493,4.318486870355151
2023-01-09 04:00:00,145.25397754767013,148.65397754767014,4.189962061887837
2023-01-09 05:00:00,145.24880551593773,148.64880551593774,4.035453771706083
2023-01-09 06:00:00,145.24491972673155,148.64491972673156,3.920917772463969
2023-01-09 07:00:00,145.24623570859876,148.64623570859877,3.9595578910024245
2023-01-09 08:00:00,145.24548776299716,148.64548776299716,3.937577783714528
2023-01-09 09:00:00,145.23621595792477,148.63621595792478,3.83213630017366
2023-01-09 10:00:00,145.23996201912297,148.63996201912298,3.9374607782830156
2023-01-09 11:00:00,145.2318662412498,148.6318662412498,3.7113080870551296
2023-01-09 12:00:00,145.23198998739056,148.63198998739057,3.714723659341595
2023-01-09 13:00:00,145.23200163380096,148.63200163380097,3.7150451832700355
2023-01-09 14:00:00,145.22670140714092,148.62670140714093,3.5699006365198054
2023-01-09 15:00:00,145.22761927341153,148.62761927341154,3.5948663886696743
2023-01-09 16:00:00,145.22355723034613,148.62355723034614,3.484920779065067
2023-01-09 17:00:00,145.22535312154932,148.62535312154932,3.5333568863121485
2023-01-09 18:00:00,145.2211071736811,148.6211071736811,3.4192840191939884
2023-01-09 19:00:00,145.2195871963471,148.6195871963471,3.3788214802456036
2023-01-09 20:00:00,145.21631116914793,148.61631116914793,3.292285129356472
2023-01-09 21:00:00,145.2185849719537,148.6185849719537,3.3522499336901137
2023-01-09 22:00:00,145.2122309198219,148.6122309198219,3.185797403657042
2023-01-09 23:00:00,145.2117829742203,148.61178297422032,3.174194471989034
2023-01-10 00:00:00,145.2098229288883,148.6098229288883,3.1236291322131042
2023-01-10 01:00:00,145.2125727588933,148.6125727588933,3.194663604076779
2023-01-10 02:00:00,145.20694279289228,148.60694279289228,3.0499340601791154
2023-01-10 03:00:00,145.2046967316941,148.6046967316941,2.9929665256353863
2023-01-10 04:00:00,145.19850660703108,148.59850660703108,2.838262222570221
2023-01-10 05:00:00,145.19889827610746,148.59889827610746,2.8479504529546285
2023-01-10 06:00:00,145.19940215824425,148.59940215824426,2.860434372500545
2023-01-10 07:00:00,145.19284422397564,148.59284422397565,2.6997254707677523
2023-01-10 08:00:00,145.19270004718084,148.59270004718084,2.6962354428751967
2023-01-10 09:00:00,145.19391391798462,148.59391391798462,2.7256773221339214
2023-01-10 10:00:00,145.18919993385083,148.58919993385084,2.6120831990611206
2023-01-10 11:00:00,145.18781991118482,148.58781991118482,2.5792074987402405
2023-01-10 12:00:00,145.19195963919282,148.59195963919282,2.678342092215315
2023-01-10 13:00:00,145.1931674034664,148.5931674034664,2.7075553171849007
2023-01-10 14:00:00,145.19540924253778,148.59540924253778,2.7621270583691224
2023-01-10 15:00:00,145.1891832720036,148.5891832720036,2.6116852438529805
2023-01-10 16:00:00,145.1874374374654,148.5874374374654,2.570126499541476
2023-01-10 17:00:00,145.1893815009302,148.58938150093022,2.616421412538883
2023-01-10 18:00:00,145.1882035893276,148.5882035893276,2.588330407958042
2023-01-10 19:00:00,145.1891176867914,148.5891176867914,2.6101190359564677
2023-01-10 20:00:00,145.18646985451983,148.58646985451983,2.5472125959728418
2023-01-10 21:00:00,145.18398594971703,148.58398594971703,2.488779481317548
2023-01-10 22:00:00,145.18540592705102,148.58540592705103,2.5221152572120995
2023-01-10 23:00:00,145.18190592705102,148.58190592705103,2.440280668288164
2023-01-11 00:00:00,145.18308983185383,148.58308983185384,2.467836654270757
2023-01-11 01:00:00,145.18501979785484,148.58501979785484,2.513032195117751
2023-01-11 02:00:00,145.17512190891824,148.57512190891825,2.2848656845542634
2023-01-11 03:00:00,145.17876386131962,148.57876386131963,2.367771188407726
2023-01-11 04:00:00,145.17368383865363,148.57368383865364,2.2524683712293747
2023-01-11 05:00:00,145.17242567772502,148.57242567772502,2.224282210600133
2023-01-11 06:00:00,145.1716576414594,148.5716576414594,2.207148854128593
2023-01-11 07:00:00,145.1675576414594,148.56755764145942,2.1166226216891877
2023-01-11 08:00:00,145.1704174601314,148.5704174601314,2.179599512810881
2023-01-11 09:00:00,145.1660674034664,148.5660674034664,2.084111549558665
2023-01-11 10:00:00,145.1667732833366,148.5667732833366,2.099484848604292
2023-01-11 11:00:00,145.16824120627217,148.56824120627218,2.1316055172155446
2023-01-11 12:00:00,145.17373886854875,148.57373886854876,2.253704558830914
2023-01-11 13:00:00,145.16474086628216,148.56474086628216,2.055348831998644
2023-01-11 14:00:00,145.16890468042095,148.56890468042096,2.146190200700599
2023-01-11 15:00:00,145.16705062828913,148.56705062828914,2.1055380278963263
2023-01-11 16:00:00,145.16657659882333,148.56657659882333,2.095196531096219
2023-01-11 17:00:00,145.16600079828416,148.56600079828416,2.0826633979416003
2023-01-11 18:00:00,145.16506084361615,148.56506084361615,2.0622714689409305
2023-01-11 19:00:00,145.16759480508395,148.56759480508396,2.117436068329289
2023-01-11 20:00:00,145.16278903854376,148.56278903854377,2.0133325018946846
2023-01-11 21:00:00,145.16367094561315,148.56367094561315,2.032272063541624
2023-01-11 22:00:00,145.16121500907798,148.56121500907798,1.979713789266925
2023-01-11 23:00:00,145.16253099094516,148.56253099094516,2.007804789204912
2023-01-12 00:00:00,145.16092699547838,148.56092699547838,1.9735879576144653
2023-01-12 01:00:00,145.16041090028116,148.56041090028117,1.9626309038908425
2023-01-12 02:00:00,145.16284874388575,148.56284874388575,2.0146123732695385
2023-01-12 03:00:00,145.16219668948733,148.56219668948734,2.00065308052218
2023-01-12 04:00:00,145.16056638349633,148.56056638349634,1.9659292286593473
2023-01-12 05:00:00,145.1616722633665,148.56167226336652,1.9894555685962922
2023-01-12 06:00:00,145.1596341931019,148.5596341931019,1.9461890916376445
2023-01-12 07:00:00,145.1614722633665,148.5614722633665,1.9851921148849114
2023-01-12 08:00:00,145.16808191204348,148.56808191204348,2.1281100435904152
2023-01-12 09:00:00,145.17294361511887,148.57294361511887,2.2358674943608516
2023-01-12 10:00:00,145.17994316179883,148.57994316179884,2.394879479878092
2023-01-12 11:00:00,145.18273317313185,148.58273317313186,2.4595217391445745
2023-01-12 12:00:00,145.21264704393562,148.61264704393562,3.1965916566640815
2023-01-12 13:00:00,145.259538939672,148.65953893967202,4.358707462344
2023-01-12 14:00:00,145.28427501220324,148.68427501220324,5.077168453044734
2023-01-12 15:00:00,145.32090720259765,148.72090720259766,6.347677214857174
2023-01-12 16:00:00,145.34506559018627,148.74506559018627,7.2465835543996855
2023-01-12 17:00:00,145.3511599369761,148.7511599369761,7.480817887295518
2023-01-12 18:00:00,145.3429300843051,148.7429300843051,7.165212572460035
2023-01-12 19:00:00,145.3366184378947,148.73661843789472,6.926868931277415
2023-01-12 20:00:00,145.34548681415035,148.74548681415035,7.262677186983942
2023-01-12 21:00:00,145.37716695014637,148.77716695014638,8.513561808873986
2023-01-12 22:00:00,145.40420324933757,148.80420324933758,9.55064474201467
2023-01-12 23:00:00,145.4256234533316,148.82562345333162,10.495522706557868
2023-01-13 00:00:00,145.4334115802612,148.8334115802612,10.847884819702982
2023-01-13 01:00:00,145.4411115802612,148.8411115802612,11.200832889038509
2023-01-13 02:00:00,145.45357173892322,148.85357173892322,11.781532325139697
2023-01-13 03:00:00,145.48072367999163,148.88072367999163,13.087342500839627
2023-01-13 04:00:00,145.5015018182542,148.90150181825422,14.004507344750648
2023-01-13 05:00:00,145.52979382732062,148.92979382732062,15.479798074329148
2023-01-13 06:00:00,145.55236597238303,148.95236597238303,16.582335424833566
2023-01-13 07:00:00,145.56476009251284,148.96476009251285,17.273421650995857
2023-01-13 08:00:00,145.56411014917785,148.96411014917786,17.23689562770654
2023-01-13 09:00:00,145.56874821944245,148.96874821944246,17.498239284320597
2023-01-13 10:00:00,145.56657042116987,148.96657042116988,17.375326082865293
2023-01-13 11:00:00,145.55792658436508,148.95792658436508,16.890966410476086
2023-01-13 12:00:00,145.55923257756527,148.95923257756527,16.963789594537946
2023-01-13 13:00:00,145.55261048916788,148.95261048916788,16.595857994991515
2023-01-13 14:00:00,145.55371237357127,148.95371237357128,16.656851590897535
2023-01-13 15:00:00,145.55062247556828,148.95062247556828,16.486044909697604
2023-01-13 16:00:00,145.55840249823427,148.95840249823428,16.917488927773572
2023-01-13 17:00:00,145.55249673169408,148.95249673169408,16.58956627842197
2023-01-13 18:00:00,145.5612148246247,148.9612148246247,17.074565342388265
2023-01-13 19:00:00,145.5657230422183,148.96572304221831,17.327596206870783
2023-01-13 20:00:00,145.56738919408053,148.96738919408054,17.421495528354146
2023-01-13 21:00:00,145.58282326887831,148.98282326887832,18.301115121805015
2023-01-13 22:00:00,145.59150140714092,148.99150140714093,18.803426709671125
2023-01-13 23:00:00,145.60894335954234,149.00894335954234,19.82968114416657
2023-01-14 00:00:00,145.63279729834412,149.03279729834412,21.268878975417234
2023-01-14 01:00:00,145.66388730967714,149.06388730967714,23.20562087119348
2023-01-14 02:00:00,145.69909741167413,149.09909741167414,25.31223972284515
2023-01-14 03:00:00,145.75209141847392,149.15209141847393,28.928228855923926
2023-01-14 04:00:00,145.80874746833913,149.20874746833914,33.009339784295825
2023-01-14 05:00:00,145.85314758166913,149.25314758166914,35.960801757392026
2023-01-14 06:00:00,145.89527965873356,149.29527965873356,39.315168363257825
2023-01-14 07:00:00,145.92913781966217,149.32913781966218,40.57435961597929
2023-01-14 08:00:00,145.93975591259277,149.33975591259278,41.34772152375432
2023-01-14 09:00:00,145.93589409618738,149.3358940961874,41.12576766503746
2023-01-14 10:00:00,145.955282223117,149.355282223117,42.55704200987314
2023-01-14 11:00:00,145.9533103047146,149.3533103047146,42.39095279670405
2023-01-14 12:00:00,145.951392211784,149.351392211784,42.22967222749492
2023-01-14 13:00:00,145.94201806898818,149.34201806898818,41.534872441756924
2023-01-14 14:00:00,145.93622394885838,149.3362239488584,41.15276992478859
2023-01-14 15:00:00,145.94619986272755,149.34619986272756,41.79444292512706
2023-01-14 16:00:00,145.93110574259777,149.33110574259777,40.73464081789638
2023-01-14 17:00:00,145.91380197379098,149.313801973791,39.43087278671331
2023-01-14 18:00:00,145.92280008938758,149.32280008938758,40.06001421515315
2023-01-14 19:00:00,145.9137201800516,149.3137201800516,39.42434853345388
2023-01-14 20:00:00,145.90348821631719,149.3034882163172,38.611806369794536
2023-01-14 21:00:00,145.889182336447,149.289182336447,38.8220429280448
2023-01-14 22:00:00,145.8788601347196,149.2788601347196,37.99313118689611
2023-01-14 23:00:00,145.8954702367166,149.2954702367166,39.33062313662863
2023-01-15 00:00:00,145.86202817098518,149.2620281709852,36.65746370423757
2023-01-15 01:00:00,145.85909021405058,149.2590902140506,36.426371050220766
2023-01-15 02:00:00,145.8477282843152,149.2477282843152,35.53841228918267
2023-01-15 03:00:00,145.8514542548494,149.2514542548494,35.828597297671564
2023-01-15 04:00:00,145.8482462639158,149.2482462639158,35.57869449228001
2023-01-15 05:00:00,145.8317403840456,149.2317403840456,34.304456898199334
2023-01-15 06:00:00,145.8161985449742,149.21619854497422,33.56229679363021
2023-01-15 07:00:00,145.81711064470463,149.21711064470463,33.63024183650461
2023-01-15 08:00:00,145.80240076936764,149.20240076936764,32.541292752976375
2023-01-15 09:00:00,145.80672673990182,149.20672673990182,32.86002293410099
2023-01-15 10:00:00,145.79420453817443,149.19420453817443,31.940881431171217
2023-01-15 11:00:00,145.79051053137462,149.19051053137463,31.67176870645841
2023-01-15 12:00:00,145.7806882163172,149.1806882163172,30.960721225032444
2023-01-15 13:00:00,145.77911984006155,149.17911984006156,30.84779451641399
2023-01-15 14:00:00,145.77150962473456,149.17150962473457,30.302232553497397
2023-01-15 15:00:00,145.76138553860375,149.16138553860375,29.582621433786866
2023-01-15 16:00:00,145.75500340487434,149.15500340487435,29.132616978018056
2023-01-15 17:00:00,145.74892127114492,149.14892127114493,28.706389116987935
2023-01-15 18:00:00,145.73855523261273,149.13855523261273,27.98587447826065
2023-01-15 19:00:00,145.72659929607752,149.12659929607753,27.164167785521414
2023-01-15 20:00:00,145.71767931874354,149.11767931874354,26.557652910402958
2023-01-15 21:00:00,145.7158331442153,149.11583314421532,26.432822590543832
2023-01-15 22:00:00,145.7050511238159,149.1050511238159,25.708606515383785
2023-01-15 23:00:00,145.7003770943501,149.1003770943501,25.397221312916045
2023-01-16 00:00:00,145.6938069470211,149.0938069470211,24.96214884493417
2023-01-16 01:00:00,145.68502292888832,149.08502292888832,24.385298998397325
2023-01-16 02:00:00,145.6755168223581,149.0755168223581,23.947580384285974
2023-01-16 03:00:00,145.66857076115988,149.0685707611599,23.503285332494357
2023-01-16 04:00:00,145.66168474529368,149.0616847452937,23.066165375471353
2023-01-16 05:00:00,145.65677863876348,149.0567786387635,22.75676122838075
2023-01-16 06:00:00,145.64962270222827,149.04962270222828,22.30851448268183
2023-01-16 07:00:00,145.6376447906257,149.0376447906257,21.566337566535797
2023-01-16 08:00:00,145.63365643703605,149.03365643703606,21.321476326871522
2023-01-16 09:00:00,145.62803023984185,149.02803023984185,20.977993997241107
2023-01-16 10:00:00,145.61928018317684,149.01928018317685,20.448309554178604
2023-01-16 11:00:00,145.61638395198364,149.01638395198364,20.274200127849017
2023-01-16 12:00:00,145.610655530396,149.010655530396,19.931615404595334
2023-01-16 13:00:00,145.60403920853878,149.00403920853879,19.538889355678027
2023-01-16 14:00:00,145.59794897054576,148.99794897054576,19.180204488210258
2023-01-16 15:00:00,145.59608281868356,148.99608281868356,19.070839018923337
2023-01-16 16:00:00,145.58341855122472,148.98341855122473,18.335394453988044
2023-01-16 17:00:00,145.5824264288283,148.98242642882832,18.278277604399488
2023-01-16 18:00:00,145.5775783698967,148.97757836989672,18.00021816149313
2023-01-16 19:00:00,145.5706842497669,148.97068424976692,17.607803729010225
2023-01-16 20:00:00,145.5700500616391,148.9700500616391,17.571882847749198
2023-01-16 21:00:00,145.5675958961773,148.9675958961773,17.43315906424096
2023-01-16 22:00:00,145.56327791657668,148.9632779165767,17.190171224679233
2023-01-16 23:00:00,145.56784361511887,148.96784361511888,17.447141241769337
2023-01-17 00:00:00,145.56837957432006,148.96837957432007,17.477408411145458
2023-01-17 01:00:00,145.55736947232305,148.95736947232305,16.859940325142965
2023-01-17 02:00:00,145.55929333179384,148.95929333179384,16.967180408384085
2023-01-17 03:00:00,145.55632130006146,148.95632130006146,16.80162976036014
2023-01-17 04:00:00,145.55511519353124,148.95511519353124,16.73463525893147
2023-01-17 05:00:00,145.55016724792964,148.95016724792964,16.460941130180565
2023-01-17 06:00:00,145.55013117539843,148.95013117539844,16.45895255854463
2023-01-17 07:00:00,145.55347723659665,148.95347723659665,16.643828176852555
2023-01-17 08:00:00,145.55559133406044,148.95559133406044,16.76106995158461
2023-01-17 09:00:00,145.55263551085525,148.95263551085526,16.59724202916312
2023-01-17 10:00:00,145.55320366045086,148.95320366045087,16.628680985905138
2023-01-17 11:00:00,145.55968157205348,148.95968157205348,16.98885539549387
2023-01-17 12:00:00,145.56205149272245,148.96205149272245,17.121409891991828
2023-01-17 13:00:00,145.56575526152923,148.96575526152924,17.329410028052454
2023-01-17 14:00:00,145.56508922299705,148.96508922299705,17.29193040947055
2023-01-17 15:00:00,145.55924727059565,148.95924727059565,16.964609616317695
2023-01-17 16:00:00,145.56389732726063,148.96389732726064,17.224942149887983
2023-01-17 17:00:00,145.55495371711586,148.95495371711587,16.725674169441547
2023-01-17 18:00:00,145.5545799143101,148.9545799143101,16.70493760291731
2023-01-17 19:00:00,145.5517961228373,148.9517961228373,16.550838367557322
2023-01-17 20:00:00,145.5501284265617,148.95012842656172,16.45880102735349
2023-01-17 21:00:00,145.54573675748534,148.94573675748535,16.21743604472991
2023-01-17 22:00:00,145.53954897054575,148.93954897054576,15.879833472636438
2023-01-17 23:00:00,145.53867505440996,148.93867505440997,15.832387151418066
2023-01-18 00:00:00,145.53648515640697,148.93648515640697,15.837401030096878
2023-01-18 01:00:00,145.5299313309352,148.9299313309352,15.487113442435941
2023-01-18 02:00:00,145.5231334419986,148.9231334419986,15.127130387867151
2023-01-18 03:00:00,145.5189916029272,148.9189916029272,14.909477648371155
2023-01-18 04:00:00,145.52168161426022,148.92168161426022,15.050692168295559
2023-01-18 05:00:00,145.51256585905304,148.91256585905305,14.574332668897824
2023-01-18 06:00:00,145.51330992251783,148.91330992251784,14.612982830925992
2023-01-18 07:00:00,145.51227596105002,148.91227596105003,14.559285197565881
2023-01-18 08:00:00,145.50320815144445,148.90320815144446,14.091788188536674
2023-01-18 09:00:00,145.50700426930766,148.90700426930766,14.28674918468748
2023-01-18 10:00:00,145.50249039850385,148.90249039850386,14.05504761843013
2023-01-18 11:00:00,145.49618451863367,148.89618451863367,13.733929480508117
2023-01-18 12:00:00,145.49751226024125,148.89751226024126,13.801293398235678
2023-01-18 13:00:00,145.49184011517883,148.89184011517884,13.637735089368077
2023-01-18 14:00:00,145.49303001318185,148.89303001318186,13.574418331154146
2023-01-18 15:00:00,145.48352202224822,148.88352202224823,13.225036407851146
2023-01-18 16:00:00,145.4858917162572,148.88589171625722,13.342089758859052
2023-01-18 17:00:00,145.48155975252283,148.88155975252283,13.128421366848054
2023-01-18 18:00:00,145.4796515349292,148.8796515349292,13.034740199725528
2023-01-18 19:00:00,145.4821973694674,148.8821973694674,13.159784163830269
2023-01-18 20:00:00,145.47193298867856,148.87193298867857,12.658559363042835
2023-01-18 21:00:00,145.47432288668156,148.87432288668157,12.774564279875321
2023-01-18 22:00:00,145.47897648549332,148.87897648549333,13.001664052767651
2023-01-18 23:00:00,145.4810542837659,148.8810542837659,13.10357993256514
2023-01-19 00:00:00,145.4821899029771,148.8821899029771,13.159416732112094
2023-01-19 01:00:00,145.48507957432005,148.88507957432006,13.30192664963374
2023-01-19 02:00:00,145.48825925699603,148.88825925699604,13.459449282702046
2023-01-19 03:00:00,145.50602096007142,148.90602096007143,14.236144521764208
2023-01-19 04:00:00,145.51749687394062,148.91749687394062,14.831243061273852
2023-01-19 05:00:00,145.5474925384838,148.9474925384838,16.31375855213499
2023-01-19 06:00:00,145.5646867719436,148.9646867719436,17.269299546357264
2023-01-19 07:00:00,145.59951296913783,148.99951296913784,19.272058212561948
2023-01-19 08:00:00,145.66180509153423,149.06180509153424,23.073776302279946
2023-01-19 09:00:00,145.72407324112984,149.12407324112985,26.9918399777822
2023-01-19 10:00:00,145.77647923433005,149.17647923433006,30.658044960369615
2023-01-19 11:00:00,145.81674715726564,149.21674715726564,33.60315786840588
2023-01-19 12:00:00,145.85447689660663,149.25447689660663,36.06472868364086
2023-01-19 13:00:00,145.8844404840854,149.2844404840854,38.440331015014955
2023-01-19 14:00:00,145.90672827102497,149.30672827102498,38.86833080285405
2023-01-19 15:00:00,145.95056600129956,149.35056600129957,42.16028495546405
2023-01-19 16:00:00,145.94222472887822,149.34222472887822,41.55198798892038
2023-01-19 17:00:00,145.94560120939744,149.34560120939744,41.74439121719783
2023-01-19 18:00:00,145.95633773524867,149.35633773524867,42.646062573479455
2023-01-19 19:00:00,145.97647414776992,149.37647414776993,44.26699215432932
2023-01-19 20:00:00,146.00965839256273,149.40965839256273,47.07737564160662
2023-01-19 21:00:00,145.98440256935754,149.38440256935755,44.95396808396178
2023-01-19 22:00:00,145.99803276201854,149.39803276201854,46.04902130103288
2023-01-19 23:00:00,146.01373886854876,149.41373886854876,47.440716045138046
2023-01-20 00:00:00,146.0060413196022,149.4060413196022,46.75633902375535
2023-01-20 01:00:00,145.9976433173356,149.3976433173356,46.01474826514827
2023-01-20 02:00:00,145.9973394351988,149.3973394351988,45.98801307471815
2023-01-20 03:00:00,145.9725495371958,149.3725495371958,43.92868254958485
2023-01-20 04:00:00,145.98675375932262,149.38675375932263,45.15859776765308
2023-01-20 05:00:00,146.02637784545342,149.42637784545343,48.57400879281012
2023-01-20 06:00:00,146.01078994518383,149.41078994518384,47.17800857001402
2023-01-20 07:00:00,146.03799416731064,149.43799416731065,49.62605230703372
2023-01-20 08:00:00,146.08182236223826,149.48182236223826,53.597938104373235
2023-01-20 09:00:00,146.12912647103508,149.52912647103508,57.77180839732289
2023-01-20 10:00:00,146.14399473396068,149.5439947339607,59.171271185905816
2023-01-20 11:00:00,146.1480149379547,149.54801493795472,59.35938197950707
2023-01-20 12:00:00,146.1831989560875,149.5831989560875,62.25022762713963
2023-01-20 13:00:00,146.1631968450241,149.5631968450241,60.351364440822294
2023-01-20 14:00:00,146.1825089447545,149.5825089447545,62.174100630611676
2023-01-20 15:00:00,146.1787310331519,149.5787310331519,61.75819412794553
2023-01-20 16:00:00,146.15431716234812,149.55431716234813,59.802368212829066
2023-01-20 17:00:00,146.16170140714092,149.56170140714093,60.1946144356158
2023-01-20 18:00:00,146.14501750233813,149.54501750233814,59.27611934410702
2023-01-20 19:00:00,146.14387965873357,149.54387965873357,59.15947984285355
2023-01-20 20:00:00,146.15889364286735,149.55889364286736,60.27680715163371
2023-01-20 21:00:00,146.15253171313196,149.55253171313197,59.61776500967038
2023-01-20 22:00:00,146.15572571993175,149.55572571993176,59.948198562538515
2023-01-20 23:00:00,146.12628576526376,149.52628576526376,57.48604808506728
2023-01-21 00:00:00,146.11562383552837,149.51562383552837,56.428772326959034
2023-01-21 01:00:00,146.13418388086038,149.53418388086038,58.16998279934617
2023-01-21 02:00:00,146.09462195112496,149.49462195112497,54.374484288453175
2023-01-21 03:00:00,146.10000197379097,149.50000197379097,54.89736630591125
2023-01-21 04:00:00,146.08031595792477,149.48031595792477,53.45518697091112
2023-01-21 05:00:00,146.09304980606257,149.49304980606257,54.434529090597856
2023-01-21 06:00:00,146.0721080803212,149.4721080803212,52.68036041495553
2023-01-21 07:00:00,146.068232053122,149.468232053122,52.31621341145071
2023-01-21 08:00:00,146.07018011205358,149.47018011205358,52.49909000076914
2023-01-21 09:00:00,146.0522481483192,149.4522481483192,50.826471048787674
2023-01-21 10:00:00,146.0276942095174,149.4276942095174,48.69272490817604
2023-01-21 11:00:00,146.0584842208504,149.4584842208504,51.40540169077199
2023-01-21 12:00:00,146.01632206445498,149.416322064455,47.67137551155132
2023-01-21 13:00:00,146.02805979472956,149.42805979472956,48.725717948939995
2023-01-21 14:00:00,145.98021750233815,149.38021750233816,44.59075592633167
2023-01-21 15:00:00,145.99408742300713,149.39408742300714,45.79951722555144
2023-01-21 16:00:00,146.00023525527874,149.40023525527874,46.24306605037146
2023-01-21 17:00:00,145.9975270376851,149.3975270376851,46.004517298825
2023-01-21 18:00:00,145.97275900141952,149.37275900141952,43.94670951672449
2023-01-21 19:00:00,145.95743114648192,149.35743114648193,42.73836598945819
2023-01-21 20:00:00,145.9519810898169,149.35198108981692,42.27915846538238
2023-01-21 21:00:00,145.9613229288883,149.3613229288883,43.067615284916876
2023-01-21 22:00:00,145.9247846319637,149.3247846319637,40.22076914755862
2023-01-21 23:00:00,145.92002858209847,149.32002858209847,39.83597502888171
2023-01-22 00:00:00,145.91492258889826,149.31492258889827,39.52030429497719
2023-01-22 01:00:00,145.91082835543847,149.31082835543847,39.19397661729334
2023-01-22 02:00:00,145.90070415597765,149.30070415597766,38.39195943645971
2023-01-22 03:00:00,145.89101380465462,149.29101380465463,38.96989261723563
2023-01-22 04:00:00,145.8824994805308,149.28249948053082,38.284535522670616
2023-01-22 05:00:00,145.8769874941304,149.2769874941304,37.84354880067663
2023-01-22 06:00:00,145.8469213422682,149.2469213422682,35.47569602474027
2023-01-22 07:00:00,145.84244109294218,149.2424410929422,35.128328639888274
2023-01-22 08:00:00,145.85771312467458,149.25771312467458,36.31826222021179
2023-01-22 09:00:00,145.85529902721078,149.25529902721078,36.12906610915556
2023-01-22 10:00:00,145.83050302267756,149.23050302267757,34.209717281670315
2023-01-22 11:00:00,145.84172277335153,149.24172277335154,35.07276794025321
2023-01-22 12:00:00,145.82642477108496,149.22642477108496,33.89823889171062
2023-01-22 13:00:00,145.82334452175894,149.22334452175895,33.66377419082801
2023-01-22 14:00:00,145.82802243336153,149.22802243336153,34.020119079721475
2023-01-22 15:00:00,145.80297437442994,149.20297437442994,32.583482267323646
2023-01-22 16:00:00,145.7979303109651,149.19793031096512,32.21324687596988
2023-01-22 17:00:00,145.80180645149431,149.20180645149432,32.497603254558385
2023-01-22 18:00:00,145.79718458975694,149.19718458975694,32.15865699606069
2023-01-22 19:00:00,145.80101466908795,149.20101466908795,32.43943486975644
2023-01-22 20:00:00,145.78257471441995,149.18257471441996,31.0967761465371
2023-01-22 21:00:00,145.78276872121975,149.18276872121976,31.11078177061328
2023-01-22 22:00:00,145.78837083228316,149.18837083228317,31.516313542427163
2023-01-22 23:00:00,145.77190279601754,149.17190279601755,30.33032098817839
2023-01-23 00:00:00,145.76391489574794,149.16391489574795,29.76174459519861
2023-01-23 01:00:00,145.75679303401057,149.15679303401058,29.258519726888398
2023-01-23 02:00:00,145.75133521307197,149.15133521307197,28.875248000016676
2023-01-23 03:00:00,145.7547812742702,149.1547812742702,29.117005261576764
2023-01-23 04:00:00,145.7447735099966,149.1447735099966,28.41719209559993
2023-01-23 05:00:00,145.73854165959222,149.13854165959222,27.98493596352944
2023-01-23 06:00:00,145.74185786811944,149.14185786811944,28.214619251299855
2023-01-23 07:00:00,145.72749616504404,149.12749616504405,27.225460158018777
2023-01-23 08:00:00,145.72586642570306,149.12586642570307,27.1141250878406
2023-01-23 09:00:00,145.73049250956728,149.1304925095673,27.43064086471257
2023-01-23 10:00:00,145.7176988427575,149.1176988427575,26.558974325462305
2023-01-23 11:00:00,145.71666510794972,149.11666510794973,26.489046580659338
2023-01-23 12:00:00,145.7152870830171,149.1152870830171,26.395946432445488
2023-01-23 13:00:00,145.71110506261772,149.11110506261772,26.114228777226312
2023-01-23 14:00:00,145.7033950739507,149.1033950739507,25.59810219937602
2023-01-23 15:00:00,145.7015950739507,149.1015950739507,25.478213676715722
2023-01-23 16:00:00,145.69787121447993,149.09787121447994,25.23091955174747
2023-01-23 17:00:00,145.69326955673654,149.09326955673654,24.926699490876942
2023-01-23 18:00:00,145.69250551593774,149.09250551593775,24.876334529559355
2023-01-23 19:00:00,145.68559963606754,149.08559963606754,24.423001807295105
2023-01-23 20:00:00,145.68756167913295,149.08756167913296,24.551451212221963
2023-01-23 21:00:00,145.68105579926277,149.08105579926277,24.126592055716948
2023-01-23 22:00:00,145.6645360485888,149.0645360485888,23.246760758824838
2023-01-23 23:00:00,145.67375791032617,149.07375791032618,23.834755363484863
2023-01-24 00:00:00,145.66798388086036,149.06798388086037,23.465900941922673
2023-01-24 01:00:00,145.65667577659676,149.05667577659676,22.75029235552402
2023-01-24 02:00:00,145.65949375619735,149.05949375619736,22.92778106673365
2023-01-24 03:00:00,145.65405591259278,149.0540559125928,22.5857839067611
2023-01-24 04:00:00,145.6488540281894,149.0488540281894,22.260580151010924
2023-01-24 05:00:00,145.6450360485888,149.0450360485888,22.023112161281954
2023-01-24 06:00:00,145.6378982049842,149.0378982049842,21.581934036876653
2023-01-24 07:00:00,145.63874426618239,149.0387442661824,21.634038291926444
2023-01-24 08:00:00,145.6296963205808,149.0296963205808,21.079472993818268
2023-01-24 09:00:00,145.63693638857882,149.03693638857882,21.522763010641043
2023-01-24 10:00:00,145.6265764565768,149.0265764565768,20.889608332750022
2023-01-24 11:00:00,145.6249884429772,149.02498844297722,20.79323514041141
2023-01-24 12:00:00,145.6236440395224,149.0236440395224,20.711787676111896
2023-01-24 13:00:00,145.62823970406555,149.02823970406556,20.99074128327366
2023-01-24 14:00:00,145.62214170179897,149.02214170179897,20.62092582890642
2023-01-24 15:00:00,145.61586755900314,149.01586755900314,20.24322029522578
2023-01-24 16:00:00,145.61215734367613,149.01215734367614,20.02120084721652
2023-01-24 17:00:00,145.60690740034113,149.00690740034113,19.708746832303042
2023-01-24 18:00:00,145.59991761566815,148.99991761566815,19.295852189510615
2023-01-24 19:00:00,145.59793559526875,148.99793559526876,19.179419727512297
2023-01-24 20:00:00,145.59084547060573,148.99084547060573,18.765266208916437
2023-01-24 21:00:00,145.58867121447992,148.98867121447992,18.639000018305328
2023-01-24 22:00:00,145.58456311021632,148.98456311021633,18.401377264435865
2023-01-24 23:00:00,145.5827808631569,148.9827808631569,18.29867418537289
2023-01-25 00:00:00,145.5837768676901,148.9837768676901,18.35604070055419
2023-01-25 01:00:00,145.57733434863866,148.97733434863866,17.986268297678528
2023-01-25 02:00:00,145.57958828744046,148.97958828744046,18.115285843040652
2023-01-25 03:00:00,145.57925997918284,148.97925997918284,18.09646980179082
2023-01-25 04:00:00,145.5849595258628,148.98495952586282,18.424252775617916
2023-01-25 05:00:00,145.58150290934756,148.98150290934757,18.22517549423615
2023-01-25 06:00:00,145.58821244469453,148.98821244469454,18.61240210250485
2023-01-25 07:00:00,145.5834701523031,148.9834701523031,18.338367132328244
2023-01-25 08:00:00,145.59830343379085,148.99830343379085,19.20100648678758
2023-01-25 09:00:00,145.61212883767502,149.01212883767502,20.01949890067145
2023-01-25 10:00:00,145.6093606880794,149.0093606880794,19.85450725443134
2023-01-25 11:00:00,145.63431628462456,149.03431628462457,21.361908675098448
2023-01-25 12:00:00,145.64943004209834,149.04943004209835,22.296496314721626
2023-01-25 13:00:00,145.67125378823914,149.07125378823915,23.67450169612325
2023-01-25 14:00:00,145.69980184717073,149.09980184717074,25.359005667600186
2023-01-25 15:00:00,145.73903026875837,149.13903026875838,28.018729240901276
2023-01-25 16:00:00,145.778908860341,149.178908860341,30.83261632507118
2023-01-25 17:00:00,145.82319122073045,149.22319122073046,33.652122909194844
2023-01-25 18:00:00,145.85864161738547,149.25864161738548,36.39113912112951
2023-01-25 19:00:00,145.8993078825777,149.2993078825777,38.28190128702811
2023-01-25 20:00:00,145.9614220933715,149.36142209337152,43.076019255440734
2023-01-25 21:00:00,146.0135182112347,149.4135182112347,47.42103612092974
2023-01-25 22:00:00,146.0458203222981,149.44582032229812,50.232813483493096
2023-01-25 23:00:00,146.13315439709592,149.53315439709593,58.06538393807578
2023-01-26 00:00:00,146.14008847189373,149.54008847189374,58.771631833710515
2023-01-26 01:00:00,146.14282054895813,149.54282054895813,59.051008829160516
2023-01-26 02:00:00,146.14932676881836,149.54932676881836,59.49439335178328
2023-01-26 03:00:00,146.18303087761515,149.58303087761516,62.23167933361289
2023-01-26 04:00:00,146.19547094561315,149.59547094561316,63.37557402456481
2023-01-26 05:00:00,146.19534109294216,149.59534109294216,63.36090671264976
2023-01-26 06:00:00,146.21113521307197,149.61113521307198,65.0889260545507
2023-01-26 07:00:00,146.17853932186878,149.5785393218688,61.73712943744977
2023-01-26 08:00:00,146.18248738080038,149.5824873808004,62.17172235784616
2023-01-26 09:00:00,146.1868215689282,149.5868215689282,62.40744365085712
2023-01-26 10:00:00,146.15139171625722,149.55139171625723,59.70721146666009
2023-01-26 11:00:00,146.13483789078543,149.53483789078544,58.23647870396174
2023-01-26 12:00:00,146.12146397464963,149.52146397464963,57.00627069029165
2023-01-26 13:00:00,146.08371391798462,149.48371391798463,53.77742668093649
2023-01-26 14:00:00,146.08721814011145,149.48721814011145,54.11064372292434
2023-01-26 15:00:00,146.09501414464464,149.49501414464464,54.412522877286925
2023-01-26 16:00:00,146.09327230557327,149.49327230557327,54.45605970133243
2023-01-26 17:00:00,146.12792435997167,149.52792435997168,57.65080136440907
2023-01-26 18:00:00,146.10660050050086,149.50660050050087,55.54184078935393
2023-01-26 19:00:00,146.06666265689628,149.4666626568963,52.16909119357373
2023-01-26 20:00:00,146.05652270222828,149.45652270222828,51.222986427168834
2023-01-26 21:00:00,146.0679587747595,149.4679587747595,52.29058179523685
2023-01-26 22:00:00,146.0890968450241,149.4890968450241,54.28966594184623
2023-01-26 23:00:00,146.0977289220885,149.4977289220885,54.676166055726384
2023-01-27 00:00:00,146.1154390240855,149.5154390240855,56.41054159597492
2023-01-27 01:00:00,146.12332304221832,149.52332304221832,57.19067118548907
2023-01-27 02:00:00,146.12435911474952,149.52435911474953,57.29355781034751
2023-01-27 03:00:00,146.11242315554833,149.51242315554833,56.1134251336957
2023-01-27 04:00:00,146.1132272643451,149.51322726434512,56.19257331423197
2023-01-27 05:00:00,146.13056933007653,149.53056933007653,57.91720620716908
2023-01-27 06:00:00,146.12949729834412,149.52949729834413,57.80916059154947
2023-01-27 07:00:00,146.09851550460473,149.49851550460474,54.75266483641476
2023-01-27 08:00:00,146.11641150913795,149.51641150913795,56.50650286816842
2023-01-27 09:00:00,146.16278542527374,149.56278542527374,60.30805313242065
2023-01-27 10:00:00,146.15403536860873,149.55403536860874,59.773214286959885
2023-01-27 11:00:00,146.11877720768013,149.51877720768013,56.74025513720419
2023-01-27 12:00:00,146.1171128268913,149.5171128268913,56.57575299637398
2023-01-27 13:00:00,146.12514233957225,149.52514233957226,57.3713919415907
2023-01-27 14:00:00,146.13292989985183,149.53292989985184,58.04258616207744
2023-01-27 15:00:00,146.1244815009302,149.5244815009302,57.30571691770717
2023-01-27 16:00:00,146.1126733966666,149.5126733966666,56.138050771431345
2023-01-27 17:00:00,146.1203595258628,149.5203595258628,56.89685040338944
2023-01-27 18:00:00,146.095565632393,149.495565632393,54.46603221439338
2023-01-27 19:00:00,146.06997761879342,149.46997761879342,52.480067438324575
2023-01-27 20:00:00,146.06479982052082,149.46479982052082,51.994700436179485
2023-01-27 21:00:00,146.06408195425024,149.46408195425025,51.927566416071606
2023-01-27 22:00:00,146.06228617637706,149.46228617637706,51.75979691683654
2023-01-27 23:00:00,146.05459627837405,149.45459627837405,51.04411718171402
2023-01-28 00:00:00,146.06681836677146,149.46681836677146,52.18367987821833
2023-01-28 01:00:00,146.00758052316687,149.40758052316687,46.89283277760252
2023-01-28 02:00:00,146.0202768676901,149.4202768676901,48.02547208765121
2023-01-28 03:00:00,145.9952450172857,149.3952450172857,45.90105073375175
2023-01-28 04:00:00,146.01705723034613,149.41705723034613,47.73711107511057
2023-01-28 05:00:00,146.00580129381092,149.40580129381092,46.735069965151936
2023-01-28 06:00:00,145.98795745700613,149.38795745700614,45.263518462707275
2023-01-28 07:00:00,145.99693159980194,149.39693159980195,45.952143117190474
2023-01-28 08:00:00,145.96953382419537,149.36953382419537,43.66950989516264
2023-01-28 09:00:00,145.99234980606258,149.39234980606258,45.647296881744666
2023-01-28 10:00:00,145.95152994205858,149.3515299420586,42.241244068544006
2023-01-28 11:00:00,145.97657577659675,149.37657577659675,44.27576815922707
2023-01-28 12:00:00,145.96914381286237,149.36914381286238,43.636042103919365
2023-01-28 13:00:00,145.94625357486936,149.34625357486937,41.798934941698946
2023-01-28 14:00:00,145.93871527794474,149.33871527794474,41.35695905399501
2023-01-28 15:00:00,145.9096571170161,149.30965711701612,39.100834642717544
2023-01-28 16:00:00,145.91837709435012,149.31837709435013,39.70273104634527
2023-01-28 17:00:00,145.9237530082193,149.3237530082193,40.137169510238415
2023-01-28 18:00:00,145.9116649946197,149.31166499461972,39.260567217905084
2023-01-28 19:00:00,145.8842951872807,149.28429518728072,38.42865959860183
2023-01-28 20:00:00,145.8957990694175,149.2957990694175,39.35729549770816
2023-01-28 21:00:00,145.8939348019587,149.2939348019587,39.206179947684255
2023-01-28 22:00:00,145.88437886542349,149.2843788654235,38.43538112502378
2023-01-28 23:00:00,145.88800871809448,149.2880087180945,38.72742251876953
2023-01-29 00:00:00,145.8741808631569,149.27418086315691,37.619821143803385
2023-01-29 01:00:00,145.86301659569807,149.26301659569808,36.73534768103427
2023-01-29 02:00:00,145.88815266822928,149.2881526682293,38.739023021536646
2023-01-29 03:00:00,145.86645266822927,149.26645266822928,37.00663216316454
2023-01-29 04:00:00,145.87322258889827,149.27322258889828,37.543559739443104
2023-01-29 05:00:00,145.86375655036608,149.26375655036608,36.79369826290511
2023-01-29 06:00:00,145.85867253223327,149.25867253223328,36.393566658587375
2023-01-29 07:00:00,145.87416842343646,149.27416842343646,37.61883075319182
2023-01-29 08:00:00,145.87355655036606,149.27355655036607,37.57012975859469
2023-01-29 09:00:00,145.85839872942748,149.25839872942748,36.37206909294521
2023-01-29 10:00:00,145.87495078382588,149.2749507838259,37.68113962993362
2023-01-29 11:00:00,145.8640929628873,149.2640929628873,36.82023949009046
2023-01-29 12:00:00,145.8687688767565,149.2687688767565,37.189970042049865
2023-01-29 13:00:00,145.8664628835563,149.2664628835563,37.00743992188326
2023-01-29 14:00:00,145.85387475662668,149.2538747566267,36.01763739246659
2023-01-29 15:00:00,145.8478707611599,149.2478707611599,35.54949052014892
2023-01-29 16:00:00,145.86389273622729,149.2638927362273,36.80444167034343
2023-01-29 17:00:00,145.8569089447545,149.2569089447545,36.25519178509767
2023-01-29 18:00:00,145.8516150512847,149.25161505128472,35.841142557819
2023-01-29 19:00:00,145.85576733234313,149.25576733234314,36.16573560946472
2023-01-29 20:00:00,145.85469940940754,149.25469940940755,36.08213713488192
2023-01-29 21:00:00,145.86400551593775,149.26400551593775,36.81333960625291
2023-01-29 22:00:00,145.85142360886834,149.25142360886835,35.82620652091614
2023-01-29 23:00:00,145.83952149780495,149.23952149780496,34.902732168725535
2023-01-30 00:00:00,145.85057732101012,149.25057732101013,35.76021159052584
2023-01-30 01:00:00,145.87582937540853,149.27582937540853,37.751163700724746
2023-01-30 02:00:00,145.88471750233813,149.28471750233814,38.46258744656856
2023-01-30 03:00:00,145.86893348420534,149.26893348420535,37.20301378561291
2023-01-30 04:00:00,145.88292138447494,149.28292138447495,38.318377454212644
2023-01-30 05:00:00,145.86929952273755,149.26929952273755,37.232026058308044
2023-01-30 06:00:00,145.88444335954233,149.28444335954234,38.440562009875414
2023-01-30 07:00:00,145.87995534594273,149.27995534594274,38.0807279389369
2023-01-30 08:00:00,145.89877366553335,149.29877366553336,39.17093350550373
2023-01-30 09:00:00,145.89616201912298,149.296162019123,39.3867438803851
2023-01-30 10:00:00,145.89180596925777,149.29180596925778,39.033914318427954
2023-01-30 11:00:00,145.93422594659177,149.33422594659177,40.9893265728855
2023-01-30 12:00:00,145.91812183779496,149.31812183779496,39.776093956402626
2023-01-30 13:00:00,145.91882583326176,149.31882583326177,39.738916856296754
2023-01-30 14:00:00,145.93863970406557,149.33863970406557,41.350758663727134
2023-01-30 15:00:00,145.93150973806456,149.33150973806457,40.76757849586198
2023-01-30 16:00:00,145.95077988539356,149.35077988539356,42.178242655113266
2023-01-30 17:00:00,145.96077400552338,149.36077400552338,43.02110830754665
2023-01-30 18:00:00,145.95365602592278,149.3536560259228,42.42005121575922
2023-01-30 19:00:00,145.95429221178398,149.35429221178399,42.473620283503635
2023-01-30 20:00:00,145.9808762299168,149.3808762299168,44.6478382869506
2023-01-30 21:00:00,145.97797223445,149.37797223445,44.39643578494329
2023-01-30 22:00:00,145.99253250644202,149.39253250644202,45.663291383462656
2023-01-30 23:00:00,145.97341652457482,149.37341652457482,44.00331891802048
2023-01-31 00:00:00,145.98222251777503,149.38222251777503,44.76460272806158
2023-01-31 01:00:00,145.9831285109752,149.3831285109752,44.84325659090209
2023-01-31 02:00:00,145.98344860163922,149.38344860163923,44.87105998526062
2023-01-31 03:00:00,145.95620465150444,149.35620465150444,42.634833938440664
2023-01-31 04:00:00,145.98683484416543,149.38683484416543,45.16566215157311
2023-01-31 05:00:00,145.98252086003163,149.38252086003163,44.79049653995356
2023-01-31 06:00:00,146.00682285776503,149.40682285776504,46.825622231028284
2023-01-31 07:00:00,145.96128301642705,149.36128301642705,43.064232995953745
2023-01-31 08:00:00,145.97261121135466,149.37261121135467,43.93399002462135
2023-01-31 09:00:00,145.98017913429027,149.38017913429027,44.58743212753579
2023-01-31 10:00:00,145.97463318642207,149.37463318642207,44.108153144087844
2023-01-31 11:00:00,145.97340310709106,149.37340310709106,44.00216341552055
2023-01-31 12:00:00,145.96829289176404,149.36829289176404,43.563062399506016
2023-01-31 13:00:00,145.96994260843903,149.36994260843903,43.70460095044923
2023-01-31 14:00:00,145.9568744588434,149.3568744588434,42.691360625451196
2023-01-31 15:00:00,145.9696342775154,149.36963427751542,43.67813188963241
2023-01-31 16:00:00,145.9725602480496,149.3725602480496,43.92960426983979
2023-01-31 17:00:00,145.932702313781,149.332702313781,40.864875514585414
2023-01-31 18:00:00,145.954832393112,149.35483239311202,42.519128850383524
2023-01-31 19:00:00,145.9415144135114,149.34151441351142,41.49317260235431
2023-01-31 20:00:00,145.94428866963722,149.34428866963722,41.63474634767293
2023-01-31 21:00:00,145.93437080336662,149.33437080336662,41.00116698136421
2023-01-31 22:00:00,145.91671874896824,149.31671874896824,39.66382684793408
2023-01-31 23:00:00,145.91084683056584,149.31084683056585,39.195446591109935
2023-02-01 00:00:00,145.91373672856884,149.31373672856884,39.42566848415301
2023-02-01 01:00:00,145.91523073536862,149.31523073536863,39.54491116896976
2023-02-01 02:00:00,145.90342673990182,149.30342673990182,38.60694606248472
2023-02-01 03:00:00,145.89068889629723,149.29068889629724,38.943646574666744
2023-02-01 04:00:00,145.87384894162923,149.27384894162924,37.593398868150665
2023-02-01 05:00:00,145.88155704589286,149.28155704589287,38.20898547199018
2023-02-01 06:00:00,145.86475316375606,149.26475316375607,36.87234913319458
2023-02-01 07:00:00,145.85808335641707,149.25808335641707,36.347314213761344
2023-02-01 08:00:00,145.8368875785439,149.2368875785439,34.69973107297574
2023-02-01 09:00:00,145.8415395196123,149.2415395196123,35.058599481503016
2023-02-01 10:00:00,145.83709345841407,149.23709345841408,34.71558079117103
2023-02-01 11:00:00,145.8209556148095,149.2209556148095,33.482402921964
2023-02-01 12:00:00,145.80997936095028,149.20997936095029,33.10050263770062
2023-02-01 13:00:00,145.81341920228826,149.21341920228826,33.3556000767056
2023-02-01 14:00:00,145.81439688723083,149.21439688723083,33.42825022056025
2023-02-01 15:00:00,145.80323273310202,149.20323273310203,32.602492203503175
2023-02-01 16:00:00,145.8005185223082,149.20051852230822,32.403007013379145
2023-02-01 17:00:00,145.78212862430522,149.18212862430522,31.06458202184099
2023-02-01 18:00:00,145.78224260843902,149.18224260843903,31.072806913419708
2023-02-01 19:00:00,145.77848855630722,149.17848855630723,30.802388109775293
2023-02-01 20:00:00,145.776592551774,149.176592551774,30.666177962314777
2023-02-01 21:00:00,145.77231464017143,149.17231464017144,30.359754804006908
2023-02-01 22:00:00,145.7610844475104,149.1610844475104,29.56132825565318
2023-02-01 23:00:00,145.7570444928424,149.1570444928424,29.276227936140415
2023-02-02 00:00:00,145.7682845608404,149.16828456084042,30.0722324377481
2023-02-02 01:00:00,145.7487942095174,149.1487942095174,28.697512168590627
2023-02-02 02:00:00,145.7383744588434,149.1383744588434,27.973375821364225
2023-02-02 03:00:00,145.7404282843152,149.1404282843152,28.115511069261835
2023-02-02 04:00:00,145.7363980916542,149.1363980916542,27.836879106343936
2023-02-02 05:00:00,145.7330641301864,149.1330641301864,27.60723964968961
2023-02-02 06:00:00,145.7168801120536,149.1168801120536,26.50358447609017
2023-02-02 07:00:00,145.7182882163172,149.1182882163172,26.598876690067698
2023-02-02 08:00:00,145.71114015738559,149.1111401573856,26.116587751293007
2023-02-02 09:00:00,145.70219010072057,149.10219010072058,25.517819763540654
2023-02-02 10:00:00,145.70372594659176,149.10372594659177,25.620164965187307
2023-02-02 11:00:00,145.70255368819934,149.10255368819935,25.54203322570068
2023-02-02 12:00:00,145.70295768366614,149.10295768366615,25.56894873069446
2023-02-02 13:00:00,145.69138142980694,149.09138142980694,24.802311612387673
2023-02-02 14:00:00,145.68558519861372,149.08558519861373,24.422057652682625
2023-02-02 15:00:00,145.67492503995172,149.07492503995172,23.909596536911938
2023-02-02 16:00:00,145.6699189334215,149.06991893342152,23.589255485188847
2023-02-02 17:00:00,145.6663768676901,149.0663768676901,23.363657374040997
2023-02-02 18:00:00,145.6591830875503,149.0591830875503,22.90818636828421
2023-02-02 19:00:00,145.65188896742052,149.05188896742052,22.45008156162359
2023-02-02 20:00:00,145.64408108981692,149.04408108981693,21.963877941635207
2023-02-02 21:00:00,145.6424350286187,149.0424350286187,21.86192800681299
2023-02-02 22:00:00,145.62900728701112,149.02900728701113,21.03748066363886
2023-02-02 23:00:00,145.62698730967713,149.02698730967714,20.914571605189504
2023-02-03 00:00:00,145.62457743434013,149.02457743434013,20.768321387065427
2023-02-03 01:00:00,145.62943148647193,149.02943148647194,21.063328971499278
2023-02-03 02:00:00,145.62262172446495,149.02262172446495,20.649940104178825
2023-02-03 03:00:00,145.61702994205856,149.01702994205857,20.312981947420237
2023-02-03 04:00:00,145.6124703500466,149.0124703500466,20.039892713954863
2023-02-03 05:00:00,145.6101105313746,149.0101105313746,19.89914578272274
2023-02-03 06:00:00,145.60142685323183,149.00142685323183,19.3847035045604
2023-02-03 07:00:00,145.60245904362625,149.00245904362626,19.445565840270937
2023-02-03 08:00:00,145.59557936095027,148.99557936095027,19.0413775734206
2023-02-03 09:00:00,145.5860256488085,148.9860256488085,18.48583173270024
2023-02-03 10:00:00,145.58245384373612,148.98245384373612,18.279854915520097
2023-02-03 11:00:00,145.58386594346652,148.98386594346653,18.361174728193436
2023-02-03 12:00:00,145.57427216332673,148.97427216332673,17.811588468844306
2023-02-03 13:00:00,145.57335207266271,148.97335207266272,17.759238454643395
2023-02-03 14:00:00,145.5704280998619,148.97042809986192,17.593291610352377
2023-02-03 15:00:00,145.56528004093033,148.96528004093034,17.30266481905482
2023-02-03 16:00:00,145.55573609079553,148.95573609079554,16.769110029734666
2023-02-03 17:00:00,145.55187627212354,148.95187627212354,16.55526694811018
2023-02-03 18:00:00,145.54958837185393,148.94958837185393,16.429041256069027
2023-02-03 19:00:00,145.54225652144956,148.94225652144956,16.027198951324078
2023-02-03 20:00:00,145.53896651011655,148.93896651011656,15.848204303086352
2023-02-03 21:00:00,145.53434042625236,148.93434042625236,15.722421882108048
2023-02-03 22:00:00,145.53161456904814,148.93161456904815,15.576776903668485
2023-02-03 23:00:00,145.52893055091536,148.92893055091537,15.433902552140006
2023-02-04 00:00:00,145.52333465971216,148.92333465971217,15.137736765474093
2023-02-04 01:00:00,145.52214864384595,148.92214864384596,15.075264049650306
2023-02-04 02:00:00,145.52469248065074,148.92469248065075,15.209387254455025
2023-02-04 03:00:00,145.51792855318195,148.91792855318195,14.853820214311268
2023-02-04 04:00:00,145.51967039225335,148.91967039225335,14.94506056875372
2023-02-04 05:00:00,145.51189225399074,148.91189225399074,14.539378123345939
2023-02-04 06:00:00,145.51044607946253,148.91044607946253,14.464448199897497
2023-02-04 07:00:00,145.50536805452992,148.90536805452993,14.202583731469664
2023-02-04 08:00:00,145.5072878052039,148.9072878052039,14.301354447477596
2023-02-04 09:00:00,145.5022956828075,148.9022956828075,14.045087134474757
2023-02-04 10:00:00,145.50570144934767,148.90570144934767,14.21971696350273
2023-02-04 11:00:00,145.50045516148947,148.90045516148948,13.951078196511276
2023-02-04 12:00:00,145.49210887363125,148.89210887363126,13.52798209352335
2023-02-04 13:00:00,145.4942944361774,148.8942944361774,13.638264825421173
2023-02-04 14:00:00,145.48367999872357,148.88367999872358,13.232826943848934
2023-02-04 15:00:00,145.48437566326675,148.88437566326675,13.26715519168904
2023-02-04 16:00:00,145.48084158846893,148.88084158846894,13.09313258820601
2023-02-04 17:00:00,145.47026556126974,148.87026556126975,12.57787438748526
2023-02-04 18:00:00,145.46890562926774,148.86890562926774,12.512222002036017
2023-02-04 19:00:00,145.46630962473455,148.86630962473455,12.387279467596269
2023-02-04 20:00:00,145.46487566326675,148.86487566326676,12.31848033805102
2023-02-04 21:00:00,145.46605557260276,148.86605557260276,12.375079264727765
2023-02-04 22:00:00,145.46080762700115,148.86080762700115,12.124139762336211
2023-02-04 23:00:00,145.46733548193873,148.86733548193874,12.43659264352163
2023-02-05 00:00:00,145.46735734367613,148.86735734367613,12.437644396630121
2023-02-05 01:00:00,145.46243114648192,148.86243114648192,12.20155088000038
2023-02-05 02:00:00,145.4614551192827,148.8614551192827,12.154989193196839
2023-02-05 03:00:00,145.4538869696871,148.8538869696871,11.796375874717553
2023-02-05 04:00:00,145.4505588880895,148.8505588880895,11.640041981636328
2023-02-05 05:00:00,145.4429308064919,148.8429308064919,11.284882367580908
2023-02-05 06:00:00,145.43430871809448,148.8343087180945,10.888773836102503
2023-02-05 07:00:00,145.42892258889827,148.82892258889828,10.64421728606459
2023-02-05 08:00:00,145.42433257756528,148.8243325775653,10.437570523299309
2023-02-05 09:00:00,145.43224445063566,148.83224445063567,10.794782727586856
2023-02-05 10:00:00,145.42682236223825,148.82682236223826,10.549461383933432
2023-02-05 11:00:00,145.42544633503906,148.82544633503906,10.487563594113622
2023-02-05 12:00:00,145.42721014917785,148.82721014917786,10.566931574414172
2023-02-05 13:00:00,145.42421991118482,148.82421991118483,10.432518621843277
2023-02-05 14:00:00,145.4258476527924,148.82584765279242,10.505600964599754
2023-02-05 15:00:00,145.4265536459926,148.82655364599262,10.537362249978761
2023-02-05 16:00:00,145.4295175734614,148.8295175734614,10.671122949293565
2023-02-05 17:00:00,145.42447573439003,148.82447573439003,10.44399101551863
2023-02-05 18:00:00,145.42301192025124,148.82301192025125,10.378414616446886
2023-02-05 19:00:00,145.42262213557825,148.82262213557826,10.360980865307685
2023-02-05 20:00:00,145.42256220357626,148.82256220357627,10.358301352379499
2023-02-05 21:00:00,145.42271625570805,148.82271625570806,10.365189463819855
2023-02-05 22:00:00,145.42825632370605,148.82825632370606,10.614120603460398
2023-02-05 23:00:00,145.42565455263266,148.82565455263267,10.496920456636262
2023-02-06 00:00:00,145.4233487860925,148.8233487860925,10.393490957340275
2023-02-06 01:00:00,145.4210150512847,148.82101505128472,10.289225655885913
2023-02-06 02:00:00,145.4282691034165,148.82826910341652,10.614697569868689
2023-02-06 03:00:00,145.4231272643451,148.82312726434512,10.383575822221058
2023-02-06 04:00:00,145.42447943207353,148.82447943207353,10.44415687524584
2023-02-06 05:00:00,145.41998354087033,148.81998354087034,10.24327488782141
2023-02-06 06:00:00,145.41898576526376,148.81898576526376,10.19890544650205
2023-02-06 07:00:00,145.41216801232318,148.81216801232318,9.89780341741914
2023-02-06 08:00:00,145.42227999872358,148.8222799987236,10.345687931262935
2023-02-06 09:00:00,145.419502313781,148.81950231378102,10.22186586365423
2023-02-06 10:00:00,145.4205343908454,148.8205343908454,10.267803375257781
2023-02-06 11:00:00,145.4179584769762,148.8179584769762,10.153304391487593
2023-02-06 12:00:00,145.42117246111002,148.82117246111002,10.296245057351213
2023-02-06 13:00:00,145.42328410752037,148.82328410752038,10.390595604128217
2023-02-06 14:00:00,145.42495779699615,148.82495779699616,10.46562286008408
2023-02-06 15:00:00,145.42205357486935,148.82205357486936,10.335572154525796
2023-02-06 16:00:00,145.42114558393575,148.82114558393576,10.29504638327477
2023-02-06 17:00:00,145.41469940940755,148.81469940940755,10.009178440189306
2023-02-06 18:00:00,145.39468331421034,148.79468331421035,9.142252646252736
2023-02-06 19:00:00,145.38544935274254,148.78544935274255,8.853592343372059
2023-02-06 20:00:00,145.39106533460972,148.79106533460973,8.988929359276371
2023-02-06 21:00:00,145.4169611124829,148.81696111248291,10.109110113308411
2023-02-06 22:00:00,145.44095888808948,148.8409588880895,11.19378987384756
2023-02-06 23:00:00,145.4411988427575,148.8411988427575,11.204858720175393
2023-02-07 00:00:00,145.4324168223581,148.8324168223581,10.802618721490054
2023-02-07 01:00:00,145.41630871809448,148.8163087180945,10.080243682198669
2023-02-07 02:00:00,145.41795655036609,148.8179565503661,10.153218946804827
2023-02-07 03:00:00,145.4065168223581,148.8065168223581,9.650973269545084
2023-02-07 04:00:00,145.40221659569806,148.80221659569807,9.464829189615083
2023-02-07 05:00:00,145.39793035317186,148.79793035317186,9.280740950784926
2023-02-07 06:00:00,145.39744233957225,148.79744233957226,9.25987351809465
2023-02-07 07:00:00,145.39573634637208,148.79573634637208,9.187073575235218
2023-02-07 08:00:00,145.39763845743548,148.79763845743548,9.268257240670893
2023-02-07 09:00:00,145.38806653903308,148.78806653903308,8.962145049011456
2023-02-07 10:00:00,145.39243857076548,148.79243857076548,9.047002002325202
2023-02-07 11:00:00,145.3873506704959,148.7873506704959,8.932400493019173
2023-02-07 12:00:00,145.3921706478299,148.7921706478299,9.035660052616576
2023-02-07 13:00:00,145.38711459796468,148.7871145979647,8.922600282100335
2023-02-07 14:00:00,145.38987042116986,148.78987042116987,8.938519988227135
2023-02-07 15:00:00,145.38649450730068,148.7864945073007,8.896878615134405
2023-02-07 16:00:00,145.38825477929268,148.78825477929269,8.969973056396737
2023-02-07 17:00:00,145.3867928495573,148.78679284955732,8.90925029145193
2023-02-07 18:00:00,145.3890089447545,148.7890089447545,9.001362583382424
2023-02-07 19:00:00,145.3876250399517,148.7876250399517,8.943795952394128
2023-02-07 20:00:00,145.38047732101012,148.78047732101012,8.64882846076199
2023-02-07 21:00:00,145.38356721901312,148.78356721901312,8.775854761451638
2023-02-07 22:00:00,145.38070129381092,148.78070129381092,8.658011109882585
2023-02-07 23:00:00,145.37445135047594,148.77445135047594,8.403236135462985
2023-02-08 00:00:00,145.37653747967215,148.77653747967216,8.48793730135101
2023-02-08 01:00:00,145.37309175846397,148.77309175846398,8.348216929018047
2023-02-08 02:00:00,145.37241584459477,148.77241584459478,8.320918254018952
2023-02-08 03:00:00,145.36887800099018,148.76887800099018,8.178616831068526
2023-02-08 04:00:00,145.36679609392078,148.7667960939208,8.09533653685773
2023-02-08 05:00:00,145.3643063092478,148.76430630924781,7.996188592848848
2023-02-08 06:00:00,145.3650162979148,148.7650162979148,8.024411862203113
2023-02-08 07:00:00,145.3646184089782,148.7646184089782,8.008590193401083
2023-02-08 08:00:00,145.3642005427076,148.7642005427076,7.991987596061579
2023-02-08 09:00:00,145.36290054270762,148.76290054270763,7.940424383156931
2023-02-08 10:00:00,145.35790254044102,148.75790254044102,7.743429312562672
2023-02-08 11:00:00,145.3634204067116,148.76342040671162,7.9610282531908085
2023-02-08 12:00:00,145.3656402707156,148.7656402707156,8.049248685213618
2023-02-08 13:00:00,145.36361396019137,148.76361396019138,7.9687048512710215
2023-02-08 14:00:00,145.36206379019637,148.76206379019638,7.907306083654769
2023-02-08 15:00:00,145.35949153180394,148.75949153180395,7.805844314312327
2023-02-08 16:00:00,145.36594535727573,148.76594535727574,8.061403627485829
2023-02-08 17:00:00,145.35891938674155,148.75891938674155,7.783347573137161
2023-02-08 18:00:00,145.35951727567812,148.75951727567812,7.806857173916083
2023-02-08 19:00:00,145.36024113514893,148.76024113514893,7.835358008772464
2023-02-08 20:00:00,145.35530106715092,148.75530106715092,7.641677606032597
2023-02-08 21:00:00,145.35818885409049,148.7581888540905,7.754660801000045
2023-02-08 22:00:00,145.35520860476447,148.75520860476448,7.638071027706465
2023-02-08 23:00:00,145.35766631237306,148.75766631237306,7.734167480869901
2023-02-09 00:00:00,145.35751991118482,148.75751991118483,7.728429731844439
2023-02-09 01:00:00,145.3548376641254,148.7548376641254,7.623609003408023
2023-02-09 02:00:00,145.3588674034664,148.7588674034664,7.781304878329057
2023-02-09 03:00:00,145.35950302267756,148.75950302267756,7.806296401453286
2023-02-09 04:00:00,145.35981090028116,148.75981090028117,7.818413174972664
2023-02-09 05:00:00,145.36364651949233,148.76364651949234,7.969996488881701
2023-02-09 06:00:00,145.3742243177649,148.77422431776492,8.394038649080235
2023-02-09 07:00:00,145.3728180979047,148.77281809790472,8.33716007165188
2023-02-09 08:00:00,145.37865982364607,148.77865982364608,8.574457227529217
2023-02-09 09:00:00,145.38450965365107,148.78450965365107,8.814745764096163
2023-02-09 10:00:00,145.38413351312187,148.78413351312187,8.799215502754814
2023-02-09 11:00:00,145.38772940432506,148.78772940432506,8.948132071272266
2023-02-09 12:00:00,145.40678111873342,148.80678111873343,9.662461295138124
2023-02-09 13:00:00,145.38948933632705,148.78948933632705,9.021380083202017
2023-02-09 14:00:00,145.40309122073043,148.80309122073044,9.502571220732532
2023-02-09 15:00:00,145.41024150405545,148.81024150405545,9.813377344855237
2023-02-09 16:00:00,145.4102881319037,148.81028813190372,9.81541730644386
2023-02-09 17:00:00,145.43086860788975,148.83086860788976,10.732318899464905
2023-02-09 18:00:00,145.43998903854376,148.83998903854376,11.149096492206896
2023-02-09 19:00:00,145.4481913762672,148.8481913762672,11.529339710466806
2023-02-09 20:00:00,145.4673018182542,148.86730181825422,12.43497317660763
2023-02-09 21:00:00,145.48611802678144,148.88611802678145,13.353290209554405
2023-02-09 22:00:00,145.49196831010647,148.89196831010648,13.52090170306163
2023-02-09 23:00:00,145.49464644836905,148.89464644836906,13.6560610825655
2023-02-10 00:00:00,145.4917587747595,148.8917587747595,13.633674832703012
2023-02-10 01:00:00,145.4910668790231,148.8910668790231,13.599157180336837
2023-02-10 02:00:00,145.4982688767565,148.8982688767565,13.839740463554799
2023-02-10 03:00:00,145.5026750966167,148.90267509661672,14.064498300571213
2023-02-10 04:00:00,145.51040917141452,148.91040917141453,14.462537948911285
2023-02-10 05:00:00,145.50033337087532,148.90033337087533,13.944866460370992
2023-02-10 06:00:00,145.50898942074053,148.90898942074054,14.389133278501955
2023-02-10 07:00:00,145.51610551593774,148.91610551593774,14.758568422386169
2023-02-10 08:00:00,145.52764957940255,148.92764957940255,15.365901973517184
2023-02-10 09:00:00,145.52860574259776,148.92860574259777,15.416648578679144
2023-02-10 10:00:00,145.53431784232816,148.93431784232817,15.721212955783102
2023-02-10 11:00:00,145.54256978339657,148.94256978339658,16.04428493926001
2023-02-10 12:00:00,145.54668587859376,148.94668587859377,16.26947609084631
2023-02-10 13:00:00,145.54800585592776,148.94800585592776,16.341963256950734
2023-02-10 14:00:00,145.55328787632718,148.95328787632718,16.633343197429888
2023-02-10 15:00:00,145.55047400552337,148.95047400552338,16.47785573050663
2023-02-10 16:00:00,145.5532481483192,148.9532481483192,16.631143778702196
2023-02-10 17:00:00,145.54855025938258,148.94855025938259,16.371897751451865
2023-02-10 18:00:00,145.5539242888484,148.9539242888484,16.66859239886389
2023-02-10 19:00:00,145.54990453817442,148.94990453817442,16.44646096533322
2023-02-10 20:00:00,145.55594272176901,148.95594272176902,16.780589453065012
2023-02-10 21:00:00,145.55702086003163,148.95702086003163,16.840537626398568
2023-02-10 22:00:00,145.57350887363123,148.97350887363123,17.768155454342374
2023-02-10 23:00:00,145.57492308442505,148.97492308442506,17.848661574683153
2023-02-11 00:00:00,145.58899100736065,148.98899100736065,18.657549669902437
2023-02-11 01:00:00,145.60185904362626,149.00185904362627,19.410177844137493
2023-02-11 02:00:00,145.61926503682645,149.01926503682645,20.447397445124484
2023-02-11 03:00:00,145.64479711389086,149.04479711389087,22.008285439065702
2023-02-11 04:00:00,145.67809911162425,149.07809911162425,24.11361162820249
2023-02-11 05:00:00,145.70713318642206,149.10713318642206,25.847814183569284
2023-02-11 06:00:00,145.74105527481947,149.14105527481948,28.158960647919354
2023-02-11 07:00:00,145.77085738588286,149.17085738588287,30.255659554394388
2023-02-11 08:00:00,145.79332542214848,149.1933254221485,31.876752723515906
2023-02-11 09:00:00,145.82187947428028,149.22187947428029,33.552495785589585
2023-02-11 10:00:00,145.80943329975207,149.20943329975208,33.06008024378654
2023-02-11 11:00:00,145.83726726121986,149.23726726121987,34.72896340231419
2023-02-11 12:00:00,145.82515116602266,149.22515116602267,33.80121108312995
2023-02-11 13:00:00,145.84254505949247,149.24254505949247,35.136373304011
2023-02-11 14:00:00,145.84239677390082,149.24239677390082,35.12489958038252
2023-02-11 15:00:00,145.8350884429772,149.2350884429772,34.56135288381301
2023-02-11 16:00:00,145.84766624124978,149.2476662412498,35.53358860545251
2023-02-11 17:00:00,145.83624814831919,149.2362481483192,34.65052365098565
2023-02-11 18:00:00,145.8134542548494,149.2134542548494,33.35820366276473
2023-02-11 19:00:00,145.81448222311698,149.214482223117,33.43459443963422
2023-02-11 20:00:00,145.811282109787,149.211282109787,33.197020286261335
2023-02-11 21:00:00,145.813801973791,149.213801973791,33.38403553119047
2023-02-11 22:00:00,145.80070785366115,149.20070785366116,32.41690604519988
2023-02-11 23:00:00,145.78838976073055,149.18838976073056,31.517687381233948
2023-02-12 00:00:00,145.79550374486436,149.19550374486437,32.035750487550104
2023-02-12 01:00:00,145.7873372530121,149.18733725301212,31.441332740413593
2023-02-12 02:00:00,145.77781328021132,149.17781328021132,30.75384764353487
2023-02-12 03:00:00,145.7727070603511,149.17270706035112,30.387811249911866
2023-02-12 04:00:00,145.7617808631569,149.1617808631569,29.610588304817945
2023-02-12 05:00:00,145.7513249266217,149.1513249266217,28.874527589623018
2023-02-12 06:00:00,145.7396367996921,149.1396367996921,28.060701422409647
2023-02-12 07:00:00,145.7305348019587,149.1305348019587,27.433541427706864
2023-02-12 08:00:00,145.72773679969208,149.1277367996921,27.241914833172476
2023-02-12 09:00:00,145.72355266822927,149.12355266822928,26.956382181981464
2023-02-12 10:00:00,145.71577452996667,149.11577452996667,26.428863291690607
2023-02-12 11:00:00,145.71306831010645,149.11306831010646,26.24632690171581
2023-02-12 12:00:00,145.70263611971205,149.10263611971206,25.547524140782233
2023-02-12 13:00:00,145.70136186358621,149.10136186358622,25.46269763749791
2023-02-12 14:00:00,145.6984376641254,149.0984376641254,25.26847259836015
2023-02-12 15:00:00,145.6905936006606,149.0905936006606,24.75048569487826
2023-02-12 16:00:00,145.6804876074604,149.0804876074604,24.08963151995347
2023-02-12 17:00:00,145.6763315575952,149.0763315575952,23.999914530235298
2023-02-12 18:00:00,145.6644014782642,149.06440147826422,23.238224530887106
2023-02-12 19:00:00,145.6661594125328,149.0661594125328,23.349836049949076
2023-02-12 20:00:00,145.6571994805308,149.0571994805308,22.78323520672759
2023-02-12 21:00:00,145.6471595258628,149.0471595258628,22.155059175358964
2023-02-12 22:00:00,145.6422095825278,149.04220958252782,21.84797983648431
2023-02-12 23:00:00,145.6362475394624,149.0362475394624,21.48042548844848
2023-02-13 00:00:00,145.6219215689282,149.0219215689282,20.607625759324783
2023-02-13 01:00:00,145.6271334419986,149.02713344199861,20.923453466505716
2023-02-13 02:00:00,145.61550735813438,149.01550735813439,20.221622255968985
2023-02-13 03:00:00,145.61425530373597,149.01425530373598,20.146620612701316
2023-02-13 04:00:00,145.6056213422682,149.0056213422682,19.632511120635957
2023-02-13 05:00:00,145.5958592992028,148.9958592992028,19.057756771272892
2023-02-13 06:00:00,145.59988116094019,148.9998811609402,19.29370809344463
2023-02-13 07:00:00,145.59873110427517,148.99873110427518,19.226116928991583
2023-02-13 08:00:00,145.59174708614236,148.99174708614237,18.81772772908135
2023-02-13 09:00:00,145.58884897054577,148.98884897054577,18.649309868086267
2023-02-13 10:00:00,145.59040490708097,148.99040490708097,18.7396532080438
2023-02-13 11:00:00,145.58780490708097,148.98780490708097,18.588787425554674
2023-02-13 12:00:00,145.58268082095015,148.98268082095015,18.29291613252379
2023-02-13 13:00:00,145.57775884588276,148.97775884588276,18.01053819315742
2023-02-13 14:00:00,145.57220878921774,148.97220878921775,17.69427706361778
2023-02-13 15:00:00,145.56708281868356,148.96708281868356,17.404213603918333
2023-02-13 16:00:00,145.57146683681634,148.97146683681635,17.652171243714523
2023-02-13 17:00:00,145.56662300001156,148.96662300001157,17.378289428084837
2023-02-13 18:00:00,145.56248915187376,148.96248915187377,17.145935021380435
2023-02-13 19:00:00,145.56453321533857,148.96453321533858,17.26066784765137
2023-02-13 20:00:00,145.55820136493418,148.95820136493418,16.90627776587211
2023-02-13 21:00:00,145.55552756212842,148.95552756212842,16.75752843052462
2023-02-13 22:00:00,145.5492136913246,148.94921369132462,16.408407371007844
2023-02-13 23:00:00,145.544395711724,148.944395711724,16.14402302856486
2023-02-14 00:00:00,145.54057596105002,148.94057596105003,15.935664597041722
2023-02-14 01:00:00,145.54177196558322,148.94177196558323,16.00078487625651
2023-02-14 02:00:00,145.53715986585283,148.93715986585283,15.87364215000283
2023-02-14 03:00:00,145.53132601771503,148.93132601771504,15.561391387087419
2023-02-14 04:00:00,145.53266996784984,148.93266996784985,15.633102884639177
2023-02-14 05:00:00,145.52700204491424,148.92700204491425,15.331573645310748
2023-02-14 06:00:00,145.52605210157924,148.92605210157924,15.281269557405658
2023-02-14 07:00:00,145.51400415597766,148.91400415597766,14.649081871204535
2023-02-14 08:00:00,145.51806608571303,148.91806608571304,14.861016183917659
2023-02-14 09:00:00,145.51928206758024,148.91928206758024,14.92469994758159
2023-02-14 10:00:00,145.51818994518382,148.91818994518383,14.867497957125194
2023-02-14 11:00:00,145.51915587038602,148.91915587038602,14.91808559601564
2023-02-14 12:00:00,145.5155196845248,148.9155196845248,14.728011912343733
2023-02-14 13:00:00,145.5127815009302,148.9127815009302,14.585529867966201
2023-02-14 14:00:00,145.51313321533857,148.91313321533858,14.603800083232034
2023-02-14 15:00:00,145.50574120627218,148.90574120627218,14.221760637552599
2023-02-14 16:00:00,145.50194297734555,148.90194297734556,14.027052112573555
2023-02-14 17:00:00,145.49998492974697,148.89998492974698,13.927100953114467
2023-02-14 18:00:00,145.49080468042095,148.89080468042096,13.586085646214034
2023-02-14 19:00:00,145.4937583925627,148.89375839256272,13.611182741255073
2023-02-14 20:00:00,145.4874998916441,148.8874998916441,13.421762498417673
2023-02-14 21:00:00,145.4785523993625,148.87855239936252,12.980901867027413
2023-02-14 22:00:00,145.48671444242794,148.88671444242794,13.38282576731811
2023-02-14 23:00:00,145.48338213870352,148.88338213870352,13.218139651534397
2023-02-15 00:00:00,145.48083396644188,148.88083396644188,13.092758265144875
2023-02-15 01:00:00,145.4731158735113,148.8731158735113,12.715923204881388
2023-02-15 02:00:00,145.4711118780445,148.8711118780445,12.618800875196538
2023-02-15 03:00:00,145.4703138757779,148.8703138757779,12.5802093629395
2023-02-15 04:00:00,145.47009578284727,148.87009578284727,12.569670602006303
2023-02-15 05:00:00,145.46575793924268,148.86575793924268,12.360792316729102
2023-02-15 06:00:00,145.4634320820385,148.8634320820385,12.249374931440506
2023-02-15 07:00:00,145.4558344197619,148.85583441976192,11.888243245468567
2023-02-15 08:00:00,145.45562254669153,148.85562254669154,11.878234672671558
2023-02-15 09:00:00,145.45842676881836,148.85842676881836,12.01097549772433
2023-02-15 10:00:00,145.44577305667656,148.84577305667656,11.416700115451906
2023-02-15 11:00:00,145.45805895921276,148.85805895921277,11.99353114654852
2023-02-15 12:00:00,145.44936917453978,148.8493691745398,11.584359248292595
2023-02-15 13:00:00,145.45344908387577,148.85344908387577,11.775758783958704
2023-02-15 14:00:00,145.44434708614236,148.84434708614236,11.35048978209992
2023-02-15 15:00:00,145.44678304534358,148.84678304534359,11.463689060427054
2023-02-15 16:00:00,145.43965519040597,148.83965519040598,11.133728430062547
2023-02-15 17:00:00,145.4368033626676,148.8368033626676,11.002796767742007
2023-02-15 18:00:00,145.439145428399,148.839145428399,11.1102789131141
2023-02-15 19:00:00,145.43303566639202,148.83303566639202,10.830770071512777
2023-02-15 20:00:00,145.4377975961274,148.83779759612742,11.048372966813183
2023-02-15 21:00:00,145.4403576414594,148.8403576414594,11.166074298057303
2023-02-15 22:00:00,145.43980570039102,148.83980570039103,11.140655817664996
2023-02-15 23:00:00,145.43806585905304,148.83806585905305,11.06068322581513
2023-02-16 00:00:00,145.43454576838903,148.83454576838903,10.899588224557611
2023-02-16 01:00:00,145.43271979785482,148.83271979785482,10.816397471141677
2023-02-16 02:00:00,145.4281195711948,148.8281195711948,10.607947416639954
2023-02-16 03:00:00,145.4252215689282,148.8252215689282,10.477466833075086
2023-02-16 04:00:00,145.4198594125328,148.8198594125328,10.237750896745025
2023-02-16 05:00:00,145.42490102494418,148.82490102494418,10.46307436577084
2023-02-16 06:00:00,145.43163509974198,148.831635099742,10.767100008515408
2023-02-16 07:00:00,145.44243532640198,148.84243532640198,11.261965886451
2023-02-16 08:00:00,145.46944542839898,148.869445428399,12.538264980030698
2023-02-16 09:00:00,145.71385884588275,149.11385884588276,26.299595541644845
2023-02-16 10:00:00,145.76917283001654,149.16917283001655,30.135509329638587
2023-02-16 11:00:00,145.71773886854876,149.11773886854877,26.561683416206822
2023-02-16 12:00:00,145.72968470308695,149.12968470308695,27.375262688338932
2023-02-16 13:00:00,145.76296638349632,149.16296638349633,29.69452148115327
2023-02-16 14:00:00,145.7924021160375,149.1924021160375,31.80945701383442
2023-02-16 15:00:00,145.81201176471447,149.21201176471448,33.25112868087809
2023-02-16 16:00:00,145.8146558281793,149.2146558281793,33.44750246228067
2023-02-16 17:00:00,145.8288779165767,149.2288779165767,34.0854561930028
2023-02-16 18:00:00,145.88103773524867,149.28103773524867,38.16738157281128
2023-02-16 19:00:00,145.93696981231307,149.33696981231307,41.213855459116814
2023-02-16 20:00:00,145.9583857941803,149.3583857941803,42.81902721879844
2023-02-16 21:00:00,145.98478779191367,149.38478779191368,44.98746658930203
2023-02-16 22:00:00,145.9753761455033,149.3753761455033,44.17222532821823
2023-02-16 23:00:00,145.97873053762513,149.37873053762513,44.46202196932736
2023-02-17 00:00:00,145.98143664415534,149.38143664415534,44.696426877088044
2023-02-17 01:00:00,145.99404697281236,149.39404697281236,45.79597111183495
2023-02-17 02:00:00,145.97899914054076,149.37899914054077,44.48526398310996
2023-02-17 03:00:00,145.944355303736,149.344355303736,41.6403096474039
2023-02-17 04:00:00,145.9695813876002,149.3695813876002,43.67359220804018
2023-02-17 05:00:00,145.948165632393,149.348165632393,41.958981837629494
2023-02-17 06:00:00,145.95810992251782,149.35810992251783,42.795711054904956
2023-02-17 07:00:00,145.96954233957226,149.36954233957226,43.67024074772353
2023-02-17 08:00:00,145.9579245866317,149.3579245866317,42.78004995134675
2023-02-17 09:00:00,146.00776676569308,149.40776676569308,46.90936045123439
2023-02-17 10:00:00,145.98116721901312,149.38116721901312,44.67306445300552
2023-02-17 11:00:00,146.00747543660674,149.40747543660675,46.88350825300979
2023-02-17 12:00:00,146.00130363153434,149.40130363153435,46.337323737740846
2023-02-17 13:00:00,145.97941573126477,149.37941573126477,44.52132198737661
2023-02-17 14:00:00,145.95308776299717,149.35308776299718,42.372226724364886
2023-02-17 15:00:00,145.92013981739555,149.32013981739556,39.84495651629523
2023-02-17 16:00:00,145.90330796699118,149.30330796699118,38.597556645331686
2023-02-17 17:00:00,145.89756823898318,149.2975682389832,39.07317499378526
2023-02-17 18:00:00,145.85539454950742,149.25539454950743,36.136544492233604
2023-02-17 19:00:00,145.84011075803463,149.24011075803463,34.94821526805837
2023-02-17 20:00:00,145.81460687589785,149.21460687589786,33.443862517845915
2023-02-17 21:00:00,145.80176104135964,149.20176104135965,32.494266047146795
2023-02-17 22:00:00,145.78997525215345,149.18997525215346,31.632849942958476
2023-02-17 23:00:00,145.77175116602265,149.17175116602266,30.319487177010107
2023-02-18 00:00:00,145.75329323175407,149.15329323175408,29.012511206967428
2023-02-18 01:00:00,145.73961332241808,149.13961332241809,28.05907630818045
2023-02-18 02:00:00,145.72518335641706,149.12518335641707,27.067516947267436
2023-02-18 03:00:00,145.72088124535367,149.12088124535367,26.77472357133121
2023-02-18 04:00:00,145.70825938361628,149.10825938361629,25.92324050609423
2023-02-18 05:00:00,145.6997715966767,149.0997715966767,25.35699667605833
2023-02-18 06:00:00,145.6923196556083,149.0923196556083,24.86408908086847
2023-02-18 07:00:00,145.68863940628228,149.08863940628228,24.622124522315296
2023-02-18 08:00:00,145.6772335264121,149.0772335264121,24.057906057790227
2023-02-18 09:00:00,145.6709816986737,149.0709816986737,23.657115459943043
2023-02-18 10:00:00,145.6667695989433,149.0667695989433,23.38862754469001
2023-02-18 11:00:00,145.6630235377451,149.0630235377451,23.150890486584267
2023-02-18 12:00:00,145.64881543348147,149.04881543348148,22.258174496974895
2023-02-18 13:00:00,145.64732519548846,149.04732519548847,22.165366872645453
2023-02-18 14:00:00,145.63266292576304,149.03266292576305,21.26065731849959
2023-02-18 15:00:00,145.63203861297222,149.03203861297223,21.222475342778054
2023-02-18 16:00:00,145.63087057670663,149.03087057670663,21.151114964159042
2023-02-18 17:00:00,145.6199184089782,149.0199184089782,20.486758358752976
2023-02-18 18:00:00,145.6110643568464,149.01106435684642,19.955986344325503
2023-02-18 19:00:00,145.6056703500466,149.0056703500466,19.63541403051769
2023-02-18 20:00:00,145.60500020271758,149.00500020271758,19.595733880792274
2023-02-18 21:00:00,145.59526024804958,148.9952602480496,19.022713255790787
2023-02-18 22:00:00,145.59430808032118,148.9943080803212,18.96706702182371
2023-02-18 23:00:00,145.58844803498917,148.98844803498918,18.626058897052104
2023-02-19 00:00:00,145.58766578792975,148.98766578792976,18.58072899182065
2023-02-19 01:00:00,145.57881550460473,148.97881550460474,18.071008717163306
2023-02-19 02:00:00,145.57748930741053,148.97748930741054,17.995126251992406
2023-02-19 03:00:00,145.56930129381092,148.96930129381093,17.52951059433432
2023-02-19 04:00:00,145.57069918274752,148.97069918274752,17.60864990433638
2023-02-19 05:00:00,145.56287509661672,148.96287509661673,17.167574108403816
2023-02-19 06:00:00,145.5644449039557,148.9644449039557,17.255704499892023
2023-02-19 07:00:00,145.5580747566267,148.9580747566267,16.899222179471163
2023-02-19 08:00:00,145.5592706478299,148.9592706478299,16.96591433907192
2023-02-19 09:00:00,145.5490846319637,148.9490846319637,16.40130244563395
2023-02-19 10:00:00,145.55010638037106,148.95010638037107,16.457585739134203
2023-02-19 11:00:00,145.54474833277246,148.94474833277246,16.16331341418665
2023-02-19 12:00:00,145.54130626704105,148.94130626704106,15.975415532068514
2023-02-19 13:00:00,145.53745198824925,148.93745198824925,15.889343485511894
2023-02-19 14:00:00,145.53154765279243,148.93154765279243,15.573208391674086
2023-02-19 15:00:00,145.5294394351988,148.92943943519882,15.460950393446492
2023-02-19 16:00:00,145.5244813876002,148.9244813876002,15.19823917376062
2023-02-19 17:00:00,145.520935326402,148.920935326402,15.011461247582448
2023-02-19 18:00:00,145.52975507707598,148.92975507707598,15.477736763794594
2023-02-19 19:00:00,145.52670313600757,148.92670313600757,15.315737777696903
2023-02-19 20:00:00,145.52492910654178,148.92492910654178,15.22188767897875
2023-02-19 21:00:00,145.52561101361115,148.92561101361116,15.257934517516137
2023-02-19 22:00:00,145.52220302267756,148.92220302267756,15.078126141441588
2023-02-19 23:00:00,145.52476695014636,148.92476695014636,15.213320866664011
2023-02-20 00:00:00,145.52185684814935,148.92185684814936,15.059909871640185
2023-02-20 01:00:00,145.52234286401554,148.92234286401555,15.08548734297528
2023-02-20 02:00:00,145.51265696147937,148.91265696147937,14.57906273626692
2023-02-20 03:00:00,145.51493487308196,148.91493487308196,14.697534124333274
2023-02-20 04:00:00,145.51265262602254,148.91265262602255,14.578837623897082
2023-02-20 05:00:00,145.51264052629213,148.91264052629214,14.578209370199186
2023-02-20 06:00:00,145.51501666682134,148.91501666682134,14.701795318381995
2023-02-20 07:00:00,145.50839046962713,148.90839046962714,14.358211283702582
2023-02-20 08:00:00,145.50665451042593,148.90665451042594,14.26874100805706
2023-02-20 09:00:00,145.50282654215835,148.90282654215835,14.072249422073465
2023-02-20 10:00:00,145.50183253535855,148.90183253535855,14.02140676649217
2023-02-20 11:00:00,145.50302443109493,148.90302443109493,14.082380160214507
2023-02-20 12:00:00,145.49884629283233,148.89884629283233,13.869110638727337
2023-02-20 13:00:00,145.4973759188433,148.8973759188433,13.794369881338442
2023-02-20 14:00:00,145.49378556752026,148.89378556752027,13.612555155131474
2023-02-20 15:00:00,145.48874938165906,148.88874938165907,13.483796322883427
2023-02-20 16:00:00,145.48903328646185,148.88903328646185,13.49790741666696
2023-02-20 17:00:00,145.49159122073044,148.89159122073045,13.62531259243681
2023-02-20 18:00:00,145.48929532952724,148.88929532952724,13.510937153074487
2023-02-20 19:00:00,145.49028733859365,148.89028733859365,13.560309094538784
2023-02-20 20:00:00,145.48353351312187,148.88353351312188,13.225603012890103
2023-02-20 21:00:00,145.48298756525367,148.88298756525367,13.198693548758637
2023-02-20 22:00:00,145.47419367178387,148.87419367178387,12.768281382491807
2023-02-20 23:00:00,145.4760397329821,148.8760397329821,12.858161132169275
2023-02-21 00:00:00,145.47360754258767,148.87360754258768,12.739797214143756
2023-02-21 01:00:00,145.47078556752027,148.87078556752027,12.603014721228195
2023-02-21 02:00:00,145.46791142472446,148.86791142472447,12.464312756744995
2023-02-21 03:00:00,145.46508534086024,148.86508534086025,12.32853073582302
2023-02-21 04:00:00,145.46376924566303,148.86376924566304,12.265501275618385
2023-02-21 05:00:00,145.46730897367104,148.86730897367104,12.435317396878244
2023-02-21 06:00:00,145.46505326379585,148.86505326379586,12.326992984964976
2023-02-21 07:00:00,145.46057147005646,148.86057147005647,12.11289601226697
2023-02-21 08:00:00,145.45451176471448,148.8545117647145,11.82581829287773
2023-02-21 09:00:00,145.4473259755083,148.8473259755083,11.488980444807034
2023-02-21 10:00:00,145.44787825656672,148.84787825656673,11.514730350098608
2023-02-21 11:00:00,145.44849646282734,148.84849646282734,11.543581409171232
2023-02-21 12:00:00,145.44790068495413,148.84790068495414,11.515776554010378
2023-02-21 13:00:00,145.44608270535355,148.84608270535355,11.431098054267954
2023-02-21 14:00:00,145.44752865322175,148.84752865322176,11.498427534902238
2023-02-21 15:00:00,145.44541078695116,148.84541078695116,11.399864659442539
2023-02-21 16:00:00,145.44349480508396,148.84349480508396,11.310990633321097
2023-02-21 17:00:00,145.44028093428017,148.84028093428017,11.162540320944297
2023-02-21 18:00:00,145.43615696147936,148.83615696147936,10.973205933199651
2023-02-21 19:00:00,145.43280102494415,148.83280102494416,10.820092722183576
2023-02-21 20:00:00,145.43238104761016,148.83238104761017,10.800992219004797
2023-02-21 21:00:00,145.43132699547837,148.83132699547838,10.753113732738514
2023-02-21 22:00:00,145.42326706347637,148.82326706347638,10.38983267691097
2023-02-21 23:00:00,145.42017693881337,148.82017693881338,10.251883914621704
2023-02-22 00:00:00,145.41770479375094,148.81770479375095,10.14205608503439
2023-02-22 01:00:00,145.41378447642694,148.81378447642695,9.9688660249776
2023-02-22 02:00:00,145.41776250135953,148.81776250135954,10.14461439911231
2023-02-22 03:00:00,145.41447637216334,148.81447637216334,9.999345289165433
2023-02-22 04:00:00,145.4127121047045,148.8127121047045,9.921699901406459
2023-02-22 05:00:00,145.4088240911049,148.8088240911049,9.751446959978443
2023-02-22 06:00:00,145.4084238644449,148.8084238644449,9.733988527570416
2023-02-22 07:00:00,145.40602763325168,148.8060276332517,9.629724426222655
2023-02-22 08:00:00,145.41202164005148,148.81202164005148,9.891378708602959
2023-02-22 09:00:00,145.41014161738548,148.81014161738548,9.809007890166166
2023-02-22 10:00:00,145.4143457261823,148.8143457261823,9.993587237555653
2023-02-22 11:00:00,145.40736370578287,148.80736370578288,9.687803649520175
2023-02-22 12:00:00,145.40836347912287,148.80836347912287,9.731355527450143
2023-02-22 13:00:00,145.40119721393063,148.80119721393064,9.420916677645062
2023-02-22 14:00:00,145.39196713459964,148.79196713459964,9.027048568051404
2023-02-22 15:00:00,145.39860286714082,148.79860286714083,9.309528488481002
2023-02-22 16:00:00,145.3987448195422,148.7987448195422,9.315609455465447
2023-02-22 17:00:00,145.404088656347,148.804088656347,9.545686334714524
2023-02-22 18:00:00,145.4067967606106,148.8067967606106,9.663141363906922
2023-02-22 19:00:00,145.4017447062122,148.80174470621222,9.444491139851383
2023-02-22 20:00:00,145.39405292380582,148.79405292380582,9.115463019967663
2023-02-22 21:00:00,145.40188322979685,148.80188322979686,9.450459572264611
2023-02-22 22:00:00,145.41756924566303,148.81756924566304,10.13604793751872
2023-02-22 23:00:00,145.41959744059065,148.81959744059066,10.226096478342443
2023-02-23 00:00:00,145.43363762191868,148.83363762191868,10.858181347087218
2023-02-23 01:00:00,145.43762175338148,148.83762175338148,11.040306740685487
2023-02-23 02:00:00,145.4526220933715,148.8526220933715,11.73686083417633
2023-02-23 03:00:00,145.4777941251039,148.87779412510392,12.94381183710465
2023-02-23 04:00:00,145.4892643857629,148.8892643857629,13.509398253927875
2023-02-23 05:00:00,145.49492054895813,148.89492054895814,13.66992495406038
2023-02-23 06:00:00,145.49985861922275,148.89985861922275,13.920663186430613
2023-02-23 07:00:00,145.50155074161916,148.90155074161916,14.007006776604195
2023-02-23 08:00:00,145.50405884588275,148.90405884588276,14.1353840007766
2023-02-23 09:00:00,145.49455907254276,148.89455907254276,13.651642852443052
2023-02-23 10:00:00,145.49529303401056,148.89529303401056,13.688774178980353
2023-02-23 11:00:00,145.49193920853878,148.8919392085388,13.642682171489003
2023-02-23 12:00:00,145.50231312467457,148.90231312467458,14.04597923910987
2023-02-23 13:00:00,145.49803532640198,148.89803532640198,13.827868113102157
2023-02-23 14:00:00,145.498015349068,148.898015349068,13.826852772134082
2023-02-23 15:00:00,145.494495485064,148.894495485064,13.648427863023953
2023-02-23 16:00:00,145.5021174601314,148.9021174601314,14.035972836191204
2023-02-23 17:00:00,145.50767961652681,148.90767961652682,14.321547026552162
2023-02-23 18:00:00,145.50730592705102,148.90730592705103,14.302288129866167
2023-02-23 19:00:00,145.51317818544345,148.91317818544346,14.60613677400888
2023-02-23 20:00:00,145.51571670902808,148.9157167090281,14.738285701745292
2023-02-23 21:00:00,145.52064313288233,148.92064313288233,14.996112461458878
2023-02-23 22:00:00,145.52211561793476,148.92211561793476,15.073525921730003
2023-02-23 23:00:00,145.51846213245298,148.918462132453,14.88174598275617
2023-02-24 00:00:00,145.5174063092478,148.9174063092478,14.826508219381049
2023-02-24 01:00:00,145.51524860163923,148.91524860163923,14.713881099238089
2023-02-24 02:00:00,145.50916891896324,148.90916891896325,14.398405451325917
2023-02-24 03:00:00,145.51319722722087,148.91319722722088,14.607126248965107
2023-02-24 04:00:00,145.51326937228328,148.91326937228328,14.610875395307819
2023-02-24 05:00:00,145.5113797009403,148.9113797009403,14.512803571777848
2023-02-24 06:00:00,145.51232598879852,148.91232598879853,14.56188149392609
2023-02-24 07:00:00,145.51630412706112,148.91630412706112,14.768933629896463
2023-02-24 08:00:00,145.51078837185395,148.91078837185395,14.482169094047801
2023-02-24 09:00:00,145.51391046025134,148.91391046025134,14.644207741547447
2023-02-24 10:00:00,145.52013443305214,148.92013443305214,14.969405834927834
2023-02-24 11:00:00,145.51992255998175,148.91992255998176,14.958288218495282
2023-02-24 12:00:00,145.52439059624737,148.92439059624738,15.193445387194942
2023-02-24 13:00:00,145.52933243531874,148.92933243531874,15.455261627465498
2023-02-24 14:00:00,145.54479413839414,148.94479413839414,16.165819934017033
2023-02-24 15:00:00,145.56164385506912,148.96164385506913,17.09857996153439
2023-02-24 16:00:00,145.57368780520392,148.97368780520392,17.778333211809233
2023-02-24 17:00:00,145.5917377485389,148.9917377485389,18.817184104581465
2023-02-24 18:00:00,145.61684785053592,149.01684785053592,20.30204708950805
2023-02-24 19:00:00,145.6447919140007,149.0447919140007,22.00796281299038
2023-02-24 20:00:00,145.67453586413552,149.07453586413553,23.884630411143686
2023-02-24 21:00:00,145.7009558414695,149.1009558414695,25.435693263234008
2023-02-24 22:00:00,145.7118036737411,149.1118036737411,26.161203915268253
2023-02-24 23:00:00,145.7336334130821,149.1336334130821,27.646396153183012
2023-02-25 00:00:00,145.74482919095527,149.14482919095528,28.42106645364564
2023-02-25 01:00:00,145.72888067870363,149.12888067870364,27.32018923064694
2023-02-25 02:00:00,145.75469666057083,149.15469666057083,29.111059365314883
2023-02-25 03:00:00,145.7641743455134,149.1641743455134,29.78014316060021
2023-02-25 04:00:00,145.7627701233866,149.1627701233866,29.680619846613872
2023-02-25 05:00:00,145.738092211784,149.138092211784,27.953865886231878
2023-02-25 06:00:00,145.768702200451,149.168702200451,30.10197672695932
2023-02-25 07:00:00,145.77165391485937,149.17165391485938,30.31253950956571
2023-02-25 08:00:00,145.76590174713095,149.16590174713096,29.902757958952385
2023-02-25 09:00:00,145.77294780832915,149.17294780832916,30.405028980028767
2023-02-25 10:00:00,145.76335779699616,149.16335779699617,29.72225428719741
2023-02-25 11:00:00,145.76427366553335,149.16427366553336,29.787187546942803
2023-02-25 12:00:00,145.76533559526874,149.16533559526874,29.862548605665932
2023-02-25 13:00:00,145.77100951140454,149.17100951140455,30.26651943821973
2023-02-25 14:00:00,145.76476133914292,149.16476133914293,29.821786217784013
2023-02-25 15:00:00,145.76131116914792,149.16131116914792,29.577361440196096
2023-02-25 16:00:00,145.7665190467515,149.16651904675152,29.946625084471524
2023-02-25 17:00:00,145.7456411351489,149.1456411351489,28.477587157162887
2023-02-25 18:00:00,145.75864513061572,149.15864513061572,29.38905036448815
2023-02-25 19:00:00,145.7556810898169,149.1556810898169,29.180266930559952
2023-02-25 20:00:00,145.74522715101511,149.14522715101512,28.448763344688448
2023-02-25 21:00:00,145.74456299688632,149.14456299688632,28.402546252095572
2023-02-25 22:00:00,145.74016899008652,149.14016899008652,28.097550348746193
2023-02-25 23:00:00,145.74310084049088,149.1431008404909,28.300906045026515
2023-02-26 00:00:00,145.7288328042253,149.1288328042253,27.316911391114296
2023-02-26 01:00:00,145.7313507838259,149.1313507838259,27.489528916032917
2023-02-26 02:00:00,145.72087275889328,149.12087275889328,26.774147286952495
2023-02-26 03:00:00,145.7152067203611,149.1152067203611,26.390521225934577
2023-02-26 04:00:00,145.71287064782987,149.11287064782988,26.233014742022434
2023-02-26 05:00:00,145.70666265689627,149.10666265689628,25.81632743724107
2023-02-26 06:00:00,145.70542258889827,149.10542258889828,25.7334202746499
2023-02-26 07:00:00,145.70166265689627,149.10166265689628,25.48271085424397
2023-02-26 08:00:00,145.6962927362273,149.0962927362273,25.126394393141428
2023-02-26 09:00:00,145.69272869542849,149.0927286954285,24.891042025737143
2023-02-26 10:00:00,145.68986254356628,149.08986254356628,24.702434196772227
2023-02-26 11:00:00,145.69006642570307,149.09006642570307,24.715831272121598
2023-02-26 12:00:00,145.68504622170906,149.08504622170906,24.386821326729482
2023-02-26 13:00:00,145.68282002451483,149.08282002451483,24.241502007763444
2023-02-26 14:00:00,145.6731118069212,149.07311180692122,23.793365434463833
2023-02-26 15:00:00,145.66425575705603,149.06425575705603,23.22898239979841
2023-02-26 16:00:00,145.6589076981244,149.05890769812441,22.890822504145866
2023-02-26 17:00:00,145.665045541729,149.065045541729,23.279091058037658
2023-02-26 18:00:00,145.656515575728,149.056515575728,22.740219008775696
2023-02-26 19:00:00,145.6544115802612,149.05441158026122,22.60808884751527
2023-02-26 20:00:00,145.6448975961274,149.0448975961274,22.01452021481647
2023-02-26 21:00:00,145.6472674034664,149.0472674034664,22.16177092519278
2023-02-26 22:00:00,145.6396314442652,149.0396314442652,21.688729468827447
2023-02-26 23:00:00,145.6344274487984,149.0344274487984,21.368723351951992
2023-02-27 00:00:00,145.63691323800458,149.0369132380046,21.52133959811467
2023-02-27 01:00:00,145.63184697281235,149.03184697281236,21.21076052613244
2023-02-27 02:00:00,145.63076284134956,149.03076284134957,21.144537862559922
2023-02-27 03:00:00,145.62606250135954,149.02606250135955,20.858397666286148
2023-02-27 04:00:00,145.61909423843392,149.01909423843392,20.437113157221845
2023-02-27 05:00:00,145.61650776924768,149.01650776924768,20.28163112677916
2023-02-27 06:00:00,145.61054972164908,149.01054972164908,19.92530991166548
2023-02-27 07:00:00,145.61282729326163,149.01282729326164,20.061217018350224
2023-02-27 08:00:00,145.61234904166903,149.01234904166904,20.032647674818048
2023-02-27 09:00:00,145.6098925384838,149.0098925384838,19.88616436041372
2023-02-27 10:00:00,145.60562781770494,149.00562781770495,19.63289467442077
2023-02-27 11:00:00,145.6030335842451,149.00303358424512,19.47947681101498
2023-02-27 12:00:00,145.60259894279727,149.00259894279728,19.45382086143648
2023-02-27 13:00:00,145.59336652574285,148.99336652574286,18.91210629107309
2023-02-27 14:00:00,145.59203765083518,148.9920376508352,18.83464726436335
2023-02-27 15:00:00,145.58810357603738,148.9881035760374,18.60609253743814
2023-02-27 16:00:00,145.5771678434962,148.9771678434962,17.97675229541365
2023-02-27 17:00:00,145.57944831948222,148.97944831948223,18.107263008919674
2023-02-27 18:00:00,145.58844477733547,148.98844477733547,18.625870028245156
2023-02-27 19:00:00,145.60129506066048,149.00129506066048,19.37693804168224
2023-02-27 20:00:00,145.6150413485187,149.0150413485187,20.193693712747134
2023-02-27 21:00:00,145.61165567264254,149.01165567264255,19.99125724389638
2023-02-27 22:00:00,145.61572393556816,149.01572393556816,20.23460735331739
2023-02-27 23:00:00,145.61230629595758,149.0123062959576,20.030094977482943
2023-02-28 00:00:00,145.6095766699466,149.0095766699466,19.867360578787203
2023-02-28 01:00:00,145.60571108473442,149.00571108473443,19.637827027822308
2023-02-28 02:00:00,145.61428123206343,149.01428123206344,20.1481726450877
2023-02-28 03:00:00,145.62721741792467,149.02721741792467,20.928558181054168
2023-02-28 04:00:00,145.64185160605246,149.04185160605246,21.8258395392797
2023-02-28 05:00:00,145.66241387577787,149.06241387577788,23.112292581169974
2023-02-28 06:00:00,145.6820162135013,149.0820162135013,24.189119292742213
2023-02-28 07:00:00,145.69805239936252,149.09805239936253,25.242928799266707
2023-02-28 08:00:00,145.70560679148434,149.10560679148435,25.74572858999663
2023-02-28 09:00:00,145.72131689348134,149.12131689348135,26.804313652528993
2023-02-28 10:00:00,145.71705519040597,149.11705519040598,26.515425129982503
2023-02-28 11:00:00,145.7125193445348,149.1125193445348,26.20936198995878
2023-02-28 12:00:00,145.7071674034664,149.1071674034664,25.85010452196398
2023-02-28 13:00:00,145.7014074714644,149.1014074714644,25.46573173329202
2023-02-28 14:00:00,145.699115349068,149.099115349068,25.31343010859747
2023-02-28 15:00:00,145.68896940119978,149.0889694011998,24.643781013100284
2023-02-28 16:00:00,145.68770125160418,149.0877012516042,24.560599155058362
2023-02-28 17:00:00,145.6915811609402,149.0915811609402,24.815457627037084
2023-02-28 18:00:00,145.68889514507399,149.088895145074,24.63890714472889
2023-02-28 19:00:00,145.68572134226818,149.0857213422682,24.430961525462585
2023-02-28 20:00:00,145.69521323800458,149.0952132380046,25.055013600740864
2023-02-28 21:00:00,145.70408715414038,149.1040871541404,25.644259367825
2023-02-28 22:00:00,145.70127716547339,149.1012771654734,25.457063429630228
2023-02-28 23:00:00,145.7079891518738,149.1079891518738,25.90513370488055
2023-03-01 00:00:00,145.71984297734556,149.11984297734557,26.704256274445015
2023-03-01 01:00:00,145.75074086628214,149.15074086628215,28.833635026799463
2023-03-01 02:00:00,145.80718070762015,149.20718070762015,32.89354378690354
2023-03-01 03:00:00,145.91278247869354,149.31278247869355,39.34958569530847
2023-03-01 04:00:00,146.0183422973655,149.4183422973655,47.85211326002432
2023-03-01 05:00:00,146.0752381885687,149.4752381885687,52.975250083440656
2023-03-01 06:00:00,146.11567226336652,149.51567226336653,56.433549941765335
2023-03-01 07:00:00,146.1434082225677,149.5434082225677,59.11118507302726
2023-03-01 08:00:00,146.17158036763013,149.57158036763013,61.06781362593493
2023-03-01 09:00:00,146.13778647416032,149.53778647416033,58.53672065004823
2023-03-01 10:00:00,146.16954252402553,149.56954252402554,60.93386378092741
2023-03-01 11:00:00,146.19841444242792,149.59841444242792,63.709687386900264
2023-03-01 12:00:00,146.2169843630969,149.61698436309692,65.76976205887793
2023-03-01 13:00:00,146.2250500616391,149.62505006163912,66.62818054638481
2023-03-01 14:00:00,146.1923779165767,149.5923779165767,63.026736708617186
2023-03-01 15:00:00,146.21661165138448,149.6166116513845,65.7262578367208
2023-03-01 16:00:00,146.20110354712085,149.60110354712086,64.01708349725136
2023-03-01 17:00:00,146.21224749725565,149.61224749725565,65.21808254236808
2023-03-01 18:00:00,146.20285725926266,149.60285725926266,64.21800893176393
2023-03-01 19:00:00,146.20240931366104,149.60240931366104,64.1666529617811
2023-03-01 20:00:00,146.18821553352126,149.58821553352126,62.56249002670467
2023-03-01 21:00:00,146.1859359641753,149.5859359641753,62.30905227589
2023-03-01 22:00:00,146.1797162135013,149.5797162135013,61.86650485880427
2023-03-01 23:00:00,146.1471941251039,149.5471941251039,59.49954552631264
