SW2,ElevRaw,waterStage,flowm3s
2023-01-01 00:00:00,145.26278594971703,148.66278594971703,81.45258476532386
2023-01-01 01:00:00,145.27300381598764,148.67300381598764,82.44649745909028
2023-01-01 02:00:00,145.2924937139906,148.69249371399061,84.29507506619652
2023-01-01 03:00:00,145.3023537593226,148.70235375932262,85.27438844005546
2023-01-01 04:00:00,145.31845775478942,148.71845775478943,86.817943357203
2023-01-01 05:00:00,145.32757185225321,148.72757185225322,87.74016211821686
2023-01-01 06:00:00,145.33269782278742,148.73269782278743,88.19597614293389
2023-01-01 07:00:00,145.33625775478941,148.73625775478942,88.55990642043923
2023-01-01 08:00:00,145.33412790211844,148.73412790211844,88.34207574967186
2023-01-01 09:00:00,145.33187807211345,148.73187807211346,88.11228751714442
2023-01-01 10:00:00,145.32964011517885,148.72964011517885,87.8840315636593
2023-01-01 11:00:00,145.32829205624725,148.72829205624726,87.81325214468362
2023-01-01 12:00:00,145.32299005851382,148.72299005851383,87.2759164337647
2023-01-01 13:00:00,145.31633400864862,148.71633400864863,86.60377788568474
2023-01-01 14:00:00,145.31272401998163,148.71272401998164,86.31052330428506
2023-01-01 15:00:00,145.31107396331663,148.71107396331664,86.14523931183332
2023-01-01 16:00:00,145.30159816277745,148.70159816277746,85.19913959698819
2023-01-01 17:00:00,145.29604821944244,148.69604821944245,84.6474548498589
2023-01-01 18:00:00,145.29997019450985,148.69997019450986,85.03712618246038
2023-01-01 19:00:00,145.29890426930766,148.69890426930766,84.93113083949561
2023-01-01 20:00:00,145.29278040983687,148.69278040983687,84.32346939266021
2023-01-01 21:00:00,145.29551237357126,148.69551237357126,84.59428559067757
2023-01-01 22:00:00,145.29307042116986,148.69307042116986,84.3521970109135
2023-01-01 23:00:00,145.29075643703607,148.69075643703607,84.12311895284213
2023-01-02 00:00:00,145.29027641437006,148.69027641437006,84.07563756633057
2023-01-02 01:00:00,145.29298617637704,148.69298617637705,84.34385147391099
2023-01-02 02:00:00,145.29232812877845,148.69232812877846,84.27867773039284
2023-01-02 03:00:00,145.28989416731065,148.68989416731065,84.03783736450113
2023-01-02 04:00:00,145.29258018317685,148.69258018317686,84.30363845530114
2023-01-02 05:00:00,145.29536808344645,148.69536808344645,84.57997130174832
2023-01-02 06:00:00,145.29767207891325,148.69767207891326,84.80868525131477
2023-01-02 07:00:00,145.29971802678145,148.69971802678145,85.01204466337157
2023-01-02 08:00:00,145.29930227157425,148.69930227157425,84.97070028687976
2023-01-02 09:00:00,145.30062835543845,148.70062835543845,85.10260683700068
2023-01-02 10:00:00,145.30026842343648,148.70026842343648,85.06679393122842
2023-01-02 11:00:00,145.29719062516386,148.69719062516387,84.76086631847602
2023-01-02 12:00:00,145.30088440530366,148.70088440530367,85.12808819044102
2023-01-02 13:00:00,145.29833623304205,148.69833623304206,84.87467269385057
2023-01-02 14:00:00,145.30019616504404,148.70019616504405,85.0596052030879
2023-01-02 15:00:00,145.29604411064565,148.69604411064566,84.64704709061999
2023-01-02 16:00:00,145.30081802678143,148.70081802678143,85.12148201974189
2023-01-02 17:00:00,145.30078195425023,148.70078195425023,85.11789209189588
2023-01-02 18:00:00,145.30210193158422,148.70210193158422,85.24930553690649
2023-01-02 19:00:00,145.30333600638204,148.70333600638205,85.37225911320044
2023-01-02 20:00:00,145.30603789078543,148.70603789078544,85.64176510359094
2023-01-02 21:00:00,145.30279982052082,148.70279982052082,85.31882677978821
2023-01-02 22:00:00,145.303735553062,148.70373555306202,85.41208594052482
2023-01-02 23:00:00,145.30075952586282,148.70075952586282,85.11566006375902
2023-01-03 00:00:00,145.3028013649342,148.7028013649342,85.31898066046573
2023-01-03 01:00:00,145.30334297734555,148.70334297734556,85.37295389896151
2023-01-03 02:00:00,145.30532699547837,148.70532699547837,85.57081372147599
2023-01-03 03:00:00,145.30844708614237,148.70844708614237,85.88243618763256
2023-01-03 04:00:00,145.31271255802454,148.71271255802455,86.30937462783267
2023-01-03 05:00:00,145.30917836989673,148.70917836989673,85.95555623401961
2023-01-03 06:00:00,145.3172361908353,148.7172361908353,86.69472319496239
2023-01-03 07:00:00,145.3305742610999,148.73057426109992,87.9792691247042
2023-01-03 08:00:00,145.3377161001713,148.7377161001713,88.70922476359698
2023-01-03 09:00:00,145.35195028829912,148.75195028829913,90.17370990420997
2023-01-03 10:00:00,145.37264429509892,148.77264429509893,92.32549931026034
2023-01-03 11:00:00,145.40324218403552,148.80324218403553,95.555748790709
2023-01-03 12:00:00,145.4245101069711,148.8245101069711,97.66077153376243
2023-01-03 13:00:00,145.4453998916441,148.8453998916441,99.8506817451942
2023-01-03 14:00:00,145.47431376244788,148.87431376244788,103.06863739745653
2023-01-03 15:00:00,145.50870742925767,148.90870742925767,106.8743524154177
2023-01-03 16:00:00,145.53025759925268,148.93025759925268,109.25298347959365
2023-01-03 17:00:00,145.53537580551327,148.93537580551327,109.8519740612362
2023-01-03 18:00:00,145.53958579418028,148.9395857941803,110.34605647879877
2023-01-03 19:00:00,145.5388359641753,148.9388359641753,110.25796561907912
2023-01-03 20:00:00,145.5415741477699,148.9415741477699,110.57984149197956
2023-01-03 21:00:00,145.54939812057071,148.94939812057072,111.38849188850114
2023-01-03 22:00:00,145.5555881319037,148.9555881319037,112.12394416350992
2023-01-03 23:00:00,145.5558361908353,148.9558361908353,112.15347457396489
2023-01-04 00:00:00,145.55660822256772,148.95660822256772,112.24541030867472
2023-01-04 01:00:00,145.5601121047045,148.9601121047045,112.66320400643481
2023-01-04 02:00:00,145.57323784857869,148.9732378485787,114.23614540655377
2023-01-04 03:00:00,145.5861880185737,148.9861880185737,115.80014311058119
2023-01-04 04:00:00,145.58883984631208,148.9888398463121,116.12187982911476
2023-01-04 05:00:00,145.58787768991667,148.98787768991667,116.00508707555392
2023-01-04 06:00:00,145.57954161738547,148.97954161738548,114.9959588510722
2023-01-04 07:00:00,145.5708876785837,148.9708876785837,113.95359986345603
2023-01-04 08:00:00,145.55688356978686,148.95688356978687,112.27820986748411
2023-01-04 09:00:00,145.54907158338648,148.94907158338648,111.34977228488341
2023-01-04 10:00:00,145.53402363778486,148.93402363778486,109.69354868675964
2023-01-04 11:00:00,145.51892974431507,148.91892974431508,108.05337873446665
2023-01-04 12:00:00,145.50799566951727,148.90799566951728,106.79252544631417
2023-01-04 13:00:00,145.4995917873805,148.8995917873805,105.82900996391535
2023-01-04 14:00:00,145.48824583951227,148.88824583951228,104.53590928362671
2023-01-04 15:00:00,145.4814279732417,148.8814279732417,103.86903744079669
2023-01-04 16:00:00,145.4790720367065,148.8790720367065,103.60360268656817
2023-01-04 17:00:00,145.47243841522874,148.87243841522874,102.85821179790364
2023-01-04 18:00:00,145.46555273935255,148.86555273935255,102.08762226128586
2023-01-04 19:00:00,145.46435096827918,148.86435096827918,101.95345674392992
2023-01-04 20:00:00,145.46150502041095,148.86150502041096,101.63612406258271
2023-01-04 21:00:00,145.4609413196022,148.8609413196022,101.57333441304571
2023-01-04 22:00:00,145.459455530396,148.85945553039602,101.40793782200241
2023-01-04 23:00:00,145.4589677434564,148.85896774345642,101.35367040005539
2023-01-05 00:00:00,145.46543589305202,148.86543589305202,102.0745732887396
2023-01-05 01:00:00,145.46857396331663,148.86857396331663,102.42534082995306
2023-01-05 02:00:00,145.47849782278743,148.87849782278744,103.5389643280724
2023-01-05 03:00:00,145.48727984318683,148.88727984318683,104.52994863967913
2023-01-05 04:00:00,145.48991580238803,148.88991580238803,104.72567628765171
2023-01-05 05:00:00,145.4996816142602,148.8996816142602,105.83928303314136
2023-01-05 06:00:00,145.50404765279242,148.90404765279243,106.33927572303047
2023-01-05 07:00:00,145.51246974118982,148.91246974118982,107.30746074143224
2023-01-05 08:00:00,145.51759571172403,148.91759571172403,107.8991083942481
2023-01-05 09:00:00,145.5258637479896,148.9258637479896,108.85719382338677
2023-01-05 10:00:00,145.52755387265262,148.92755387265262,109.05361472686607
2023-01-05 11:00:00,145.53951580238802,148.93951580238803,110.33783209530829
2023-01-05 12:00:00,145.54140969585782,148.94140969585783,110.56049518038047
2023-01-05 13:00:00,145.5477733966666,148.9477733966666,111.19591459478362
2023-01-05 14:00:00,145.5540631813396,148.9540631813396,111.94250282398691
2023-01-05 15:00:00,145.55567128560318,148.9556712856032,112.13384277834243
2023-01-05 16:00:00,145.5595213422682,148.9595213422682,112.59270089621648
2023-01-05 17:00:00,145.5624114669312,148.9624114669312,112.93785553801436
2023-01-05 18:00:00,145.5618116935912,148.96181169359122,112.86617775724973
2023-01-05 19:00:00,145.56179205624724,148.96179205624725,112.8638313737542
2023-01-05 20:00:00,145.55991214691124,148.95991214691125,112.63933770826982
2023-01-05 21:00:00,145.56107019450985,148.96107019450986,112.77759845497481
2023-01-05 22:00:00,145.55533235090525,148.95533235090525,112.09349913485015
2023-01-05 23:00:00,145.55216043250286,148.95216043250286,111.71634656385646
2023-01-06 00:00:00,145.54825843476948,148.94825843476949,111.25338571021805
2023-01-06 01:00:00,145.54394245290226,148.94394245290226,110.85866181732064
2023-01-06 02:00:00,145.54508052316686,148.94508052316687,110.99278645450691
2023-01-06 03:00:00,145.54049062516387,148.94049062516387,110.45240956775231
2023-01-06 04:00:00,145.5350747566267,148.9350747566267,109.81669083529253
2023-01-06 05:00:00,145.53276676569308,148.9327667656931,109.54640397563487
2023-01-06 06:00:00,145.53060683369108,148.9306068336911,109.2937961567835
2023-01-06 07:00:00,145.51983103315192,148.91983103315192,108.15767435589568
2023-01-06 08:00:00,145.51351116914793,148.91351116914794,107.42751865679871
2023-01-06 09:00:00,145.51167132780992,148.91167132780993,107.2154682862317
2023-01-06 10:00:00,145.50425346153935,148.90425346153935,106.36287702281959
2023-01-06 11:00:00,145.50595346153935,148.90595346153935,106.55793733953192
2023-01-06 12:00:00,145.49406156580295,148.89406156580296,105.19761719796392
2023-01-06 13:00:00,145.49546544793975,148.89546544793976,105.35770029660218
2023-01-06 14:00:00,145.48679940940752,148.88679940940753,104.47560239359554
2023-01-06 15:00:00,145.48524946607253,148.88524946607254,104.3003789350308
2023-01-06 16:00:00,145.47867554993675,148.87867554993676,103.55896843804072
2023-01-06 17:00:00,145.47616156580295,148.87616156580296,103.27620299170097
2023-01-06 18:00:00,145.46873359753533,148.86873359753534,102.44320215265668
2023-01-06 19:00:00,145.46729375619736,148.86729375619737,102.2821616572496
2023-01-06 20:00:00,145.46138388086035,148.86138388086036,101.62262872887572
2023-01-06 21:00:00,145.45683993072558,148.85683993072558,101.11713459982079
2023-01-06 22:00:00,145.448611962458,148.848611962458,100.20537089506563
2023-01-06 23:00:00,145.44308998739058,148.84308998739058,99.59604813132859
2023-01-07 00:00:00,145.43998199645696,148.83998199645697,99.34889460307019
2023-01-07 01:00:00,145.432311962458,148.832311962458,98.5100548892681
2023-01-07 02:00:00,145.42393205312197,148.82393205312198,97.59800651071241
2023-01-07 03:00:00,145.42084015738558,148.8208401573856,97.26266434611618
2023-01-07 04:00:00,145.41444615058577,148.81444615058578,96.66048170929048
2023-01-07 05:00:00,145.40661418685139,148.8066141868514,95.9152496064303
2023-01-07 06:00:00,145.4035862185838,148.8035862185838,95.59239570114607
2023-01-07 07:00:00,145.3965483749792,148.7965483749792,94.84415781320165
2023-01-07 08:00:00,145.3943044248444,148.7943044248444,94.60622700333195
2023-01-07 09:00:00,145.3888985449742,148.78889854497422,94.03429964577194
2023-01-07 10:00:00,145.38797468550342,148.78797468550343,93.93673763391992
2023-01-07 11:00:00,145.3865146401714,148.78651464017142,93.7826601390414
2023-01-07 12:00:00,145.38026658123982,148.78026658123983,93.12479229641967
2023-01-07 13:00:00,145.374262472443,148.774262472443,92.49488452061873
2023-01-07 14:00:00,145.3689744588434,148.76897445884342,91.94195627377887
2023-01-07 15:00:00,145.3686383863122,148.7686383863122,91.90687441817951
2023-01-07 16:00:00,145.3644964339108,148.7644964339108,91.47508290494771
2023-01-07 17:00:00,145.3598345041754,148.75983450417542,90.99036497498771
2023-01-07 18:00:00,145.3547146401714,148.75471464017141,90.4596004702197
2023-01-07 19:00:00,145.35131863563822,148.75131863563823,90.10845146886155
2023-01-07 20:00:00,145.34580276710102,148.74580276710103,89.53965316598348
2023-01-07 21:00:00,145.34388667190382,148.74388667190382,89.34251360125755
2023-01-07 22:00:00,145.33421886229823,148.73421886229823,88.35137281119589
2023-01-07 23:00:00,145.33009877163423,148.73009877163423,87.93078532076689
2023-01-08 00:00:00,145.33311053137461,148.73311053137462,88.23812588275614
2023-01-08 01:00:00,145.327502427111,148.727502427111,87.73311816064678
2023-01-08 02:00:00,145.31636247244302,148.71636247244302,86.60664644449083
2023-01-08 03:00:00,145.3139144135114,148.71391441351142,86.42986197334129
2023-01-08 04:00:00,145.3099763432468,148.7099763432468,86.03538010186008
2023-01-08 05:00:00,145.30584803498917,148.70584803498917,85.62281352575411
2023-01-08 06:00:00,145.30353604858877,148.70353604858877,85.39219815897522
2023-01-08 07:00:00,145.30276578792976,148.70276578792976,85.31543591082401
2023-01-08 08:00:00,145.29532783099518,148.69532783099518,84.5759782793949
2023-01-08 09:00:00,145.29485768366615,148.69485768366616,84.52934696592943
2023-01-08 10:00:00,145.29292960206854,148.69292960206855,84.33824729111303
2023-01-08 11:00:00,145.28694758166915,148.68694758166916,83.74674065455582
2023-01-08 12:00:00,145.28607732101014,148.68607732101015,83.66086469108909
2023-01-08 13:00:00,145.2901748699567,148.6901748699567,84.06559505420925
2023-01-08 14:00:00,145.28685078382588,148.6868507838259,83.73718658145644
2023-01-08 15:00:00,145.2848107158279,148.6848107158279,83.53595810158403
2023-01-08 16:00:00,145.28425666369608,148.6842566636961,83.48134995469
2023-01-08 17:00:00,145.2786088314245,148.6786088314245,82.99421791972316
2023-01-08 18:00:00,145.2784049492877,148.6784049492877,82.97426354504816
2023-01-08 19:00:00,145.27823702635212,148.67823702635212,82.95783033337439
2023-01-08 20:00:00,145.27331116914792,148.67331116914792,82.47648593572382
2023-01-08 21:00:00,145.26740728701114,148.66740728701114,81.90137851736507
2023-01-08 22:00:00,145.26935523261272,148.66935523261273,82.09091310349324
2023-01-08 23:00:00,145.26398730967713,148.66398730967714,81.56913625815626
2023-01-09 00:00:00,145.26181539127472,148.66181539127473,81.35848468882813
2023-01-09 01:00:00,145.26008342754034,148.66008342754034,82.840018674963
2023-01-09 02:00:00,145.25895934140954,148.65895934140954,82.73213697375343
2023-01-09 03:00:00,145.25822138447492,148.65822138447493,82.66135123419186
2023-01-09 04:00:00,145.25397754767013,148.65397754767014,82.2548633928089
2023-01-09 05:00:00,145.24880551593773,148.64880551593774,81.82792716944407
2023-01-09 06:00:00,145.24491972673155,148.64491972673156,81.4590494136629
2023-01-09 07:00:00,145.24623570859876,148.64623570859877,81.58388626939163
2023-01-09 08:00:00,145.24548776299716,148.64548776299716,81.51292333330458
2023-01-09 09:00:00,145.23621595792477,148.63621595792478,80.63569692749986
2023-01-09 10:00:00,145.23996201912297,148.63996201912298,80.98957247507536
2023-01-09 11:00:00,145.2318662412498,148.6318662412498,80.22573032882144
2023-01-09 12:00:00,145.23198998739056,148.63198998739057,80.23737968102584
2023-01-09 13:00:00,145.23200163380096,148.63200163380097,80.23847610569756
2023-01-09 14:00:00,145.22670140714092,148.62670140714093,79.89897862641818
2023-01-09 15:00:00,145.22761927341153,148.62761927341154,79.98526588272182
2023-01-09 16:00:00,145.22355723034613,148.62355723034614,79.60372820450314
2023-01-09 17:00:00,145.22535312154932,148.62535312154932,79.7723069727607
2023-01-09 18:00:00,145.2211071736811,148.6211071736811,79.37401176828045
2023-01-09 19:00:00,145.2195871963471,148.6195871963471,79.23165498960311
2023-01-09 20:00:00,145.21631116914793,148.61631116914793,78.92523750865334
2023-01-09 21:00:00,145.2185849719537,148.6185849719537,79.13785477913247
2023-01-09 22:00:00,145.2122309198219,148.6122309198219,78.54437505847422
2023-01-09 23:00:00,145.2117829742203,148.61178297422032,78.50261503836208
2023-01-10 00:00:00,145.2098229288883,148.6098229288883,78.32001090154681
2023-01-10 01:00:00,145.2125727588933,148.6125727588933,78.57625022488777
2023-01-10 02:00:00,145.20694279289228,148.60694279289228,78.05204985594965
2023-01-10 03:00:00,145.2046967316941,148.6046967316941,77.84338068670276
2023-01-10 04:00:00,145.19850660703108,148.59850660703108,77.37376216909583
2023-01-10 05:00:00,145.19889827610746,148.59889827610746,77.40986661841903
2023-01-10 06:00:00,145.19940215824425,148.59940215824426,77.45632608813335
2023-01-10 07:00:00,145.19284422397564,148.59284422397565,76.85264251073849
2023-01-10 08:00:00,145.19270004718084,148.59270004718084,76.83939429171322
2023-01-10 09:00:00,145.19391391798462,148.59391391798462,76.95096733979437
2023-01-10 10:00:00,145.18919993385083,148.58919993385084,76.5180882538834
2023-01-10 11:00:00,145.18781991118482,148.58781991118482,76.3915702340508
2023-01-10 12:00:00,145.19195963919282,148.59195963919282,76.77137532094638
2023-01-10 13:00:00,145.1931674034664,148.5931674034664,76.88234278204642
2023-01-10 14:00:00,145.19540924253778,148.59540924253778,77.08851013873189
2023-01-10 15:00:00,145.1891832720036,148.5891832720036,76.5165601640951
2023-01-10 16:00:00,145.1874374374654,148.5874374374654,76.35652238558087
2023-01-10 17:00:00,145.1893815009302,148.58938150093022,76.5347410062005
2023-01-10 18:00:00,145.1882035893276,148.5882035893276,76.42673571558689
2023-01-10 19:00:00,145.1891176867914,148.5891176867914,76.51054535246797
2023-01-10 20:00:00,145.18646985451983,148.58646985451983,76.26789054997272
2023-01-10 21:00:00,145.18398594971703,148.58398594971703,76.0405737586917
2023-01-10 22:00:00,145.18540592705102,148.58540592705103,76.17048688707071
2023-01-10 23:00:00,145.18190592705102,148.58190592705103,75.8504535932519
2023-01-11 00:00:00,145.18308983185383,148.58308983185384,75.95863968778056
2023-01-11 01:00:00,145.18501979785484,148.58501979785484,76.13515021050215
2023-01-11 02:00:00,145.17512190891824,148.57512190891825,75.23186516558093
2023-01-11 03:00:00,145.17876386131962,148.57876386131963,75.56366614290538
2023-01-11 04:00:00,145.17368383865363,148.57368383865364,75.10103083379953
2023-01-11 05:00:00,145.17242567772502,148.57242567772502,74.98664880176159
2023-01-11 06:00:00,145.1716576414594,148.5716576414594,74.91686371906337
2023-01-11 07:00:00,145.1675576414594,148.56755764145942,74.54482742039019
2023-01-11 08:00:00,145.1704174601314,148.5704174601314,74.80424068655105
2023-01-11 09:00:00,145.1660674034664,148.5660674034664,74.40980987724215
2023-01-11 10:00:00,145.1667732833366,148.5667732833366,74.47374973323954
2023-01-11 11:00:00,145.16824120627217,148.56824120627218,74.6067963268369
2023-01-11 12:00:00,145.17373886854875,148.57373886854876,75.10603551262207
2023-01-11 13:00:00,145.16474086628216,148.56474086628216,74.28971699404673
2023-01-11 14:00:00,145.16890468042095,148.56890468042096,74.6669661651627
2023-01-11 15:00:00,145.16705062828913,148.56705062828914,74.49887892965923
2023-01-11 16:00:00,145.16657659882333,148.56657659882333,74.45593120336049
2023-01-11 17:00:00,145.16600079828416,148.56600079828416,74.40377794375266
2023-01-11 18:00:00,145.16506084361615,148.56506084361615,74.318676865374
2023-01-11 19:00:00,145.16759480508395,148.56759480508396,74.54819590870702
2023-01-11 20:00:00,145.16278903854376,148.56278903854377,74.11317548162019
2023-01-11 21:00:00,145.16367094561315,148.56367094561315,74.19291984073072
2023-01-11 22:00:00,145.16121500907798,148.56121500907798,73.97094410051157
2023-01-11 23:00:00,145.16253099094516,148.56253099094516,74.08984948080564
2023-01-12 00:00:00,145.16092699547838,148.56092699547838,73.94493220480693
2023-01-12 01:00:00,145.16041090028116,148.56041090028117,73.89833152875534
2023-01-12 02:00:00,145.16284874388575,148.56284874388575,74.11857297058123
2023-01-12 03:00:00,145.16219668948733,148.56219668948734,74.0596355187302
2023-01-12 04:00:00,145.16056638349633,148.56056638349634,73.91236944270433
2023-01-12 05:00:00,145.1616722633665,148.56167226336652,74.01224945006776
2023-01-12 06:00:00,145.1596341931019,148.5596341931019,73.82822405509651
2023-01-12 07:00:00,145.1614722633665,148.5614722633665,73.99418147846099
2023-01-12 08:00:00,145.16808191204348,148.56808191204348,74.59235334930713
2023-01-12 09:00:00,145.17294361511887,148.57294361511887,75.03372603824104
2023-01-12 10:00:00,145.17994316179883,148.57994316179884,75.671247684353
2023-01-12 11:00:00,145.18273317313185,148.58273317313186,75.92604064282766
2023-01-12 12:00:00,145.21264704393562,148.61264704393562,78.58317781770398
2023-01-12 13:00:00,145.259538939672,148.65953893967202,82.78775390719821
2023-01-12 14:00:00,145.28427501220324,148.68427501220324,83.483158118109
2023-01-12 15:00:00,145.32090720259765,148.72090720259766,87.06529570840664
2023-01-12 16:00:00,145.34506559018627,148.74506559018627,89.46378047942954
2023-01-12 17:00:00,145.3511599369761,148.7511599369761,90.0920596499438
2023-01-12 18:00:00,145.3429300843051,148.7429300843051,89.24418079662058
2023-01-12 19:00:00,145.3366184378947,148.73661843789472,88.59682379943006
2023-01-12 20:00:00,145.34548681415035,148.74548681415035,89.50713004435391
2023-01-12 21:00:00,145.37716695014637,148.77716695014638,92.79932257033909
2023-01-12 22:00:00,145.40420324933757,148.80420324933758,95.65814055272547
2023-01-12 23:00:00,145.4256234533316,148.82562345333162,97.78172082023175
2023-01-13 00:00:00,145.4334115802612,148.8334115802612,98.63007812079607
2023-01-13 01:00:00,145.4411115802612,148.8411115802612,99.47275860049797
2023-01-13 02:00:00,145.45357173892322,148.85357173892322,100.75442717580484
2023-01-13 03:00:00,145.48072367999163,148.88072367999163,103.78964844068197
2023-01-13 04:00:00,145.5015018182542,148.90150181825422,106.0475707885567
2023-01-13 05:00:00,145.52979382732062,148.92979382732062,109.19879888010006
2023-01-13 06:00:00,145.55236597238303,148.95236597238303,111.74076391040079
2023-01-13 07:00:00,145.56476009251284,148.96476009251285,113.21878481868646
2023-01-13 08:00:00,145.56411014917785,148.96411014917786,113.14100252392073
2023-01-13 09:00:00,145.56874821944245,148.96874821944246,113.69673119945679
2023-01-13 10:00:00,145.56657042116987,148.96657042116988,113.43559706819713
2023-01-13 11:00:00,145.55792658436508,148.95792658436508,112.40250421894729
2023-01-13 12:00:00,145.55923257756527,148.95923257756527,112.55824814040879
2023-01-13 13:00:00,145.55261048916788,148.95261048916788,111.76981555208155
2023-01-13 14:00:00,145.55371237357127,148.95371237357128,111.9007869126339
2023-01-13 15:00:00,145.55062247556828,148.95062247556828,111.53374043297272
2023-01-13 16:00:00,145.55840249823427,148.95840249823428,112.45924422181002
2023-01-13 17:00:00,145.55249673169408,148.95249673169408,111.7562992071889
2023-01-13 18:00:00,145.5612148246247,148.9612148246247,112.79487282096167
2023-01-13 19:00:00,145.5657230422183,148.96572304221831,113.33408220130431
2023-01-13 20:00:00,145.56738919408053,148.96738919408054,113.53373401668526
2023-01-13 21:00:00,145.58282326887831,148.98282326887832,115.3926302825019
2023-01-13 22:00:00,145.59150140714092,148.99150140714093,116.4452997228395
2023-01-13 23:00:00,145.60894335954234,149.00894335954234,118.44256023417255
2023-01-14 00:00:00,145.63279729834412,149.03279729834412,118.37729696363843
2023-01-14 01:00:00,145.66388730967714,149.06388730967714,122.18344682939224
2023-01-14 02:00:00,145.69909741167413,149.09909741167414,126.75861169551729
2023-01-14 03:00:00,145.75209141847392,149.15209141847393,133.36019931471967
2023-01-14 04:00:00,145.80874746833913,149.20874746833914,140.60514839504782
2023-01-14 05:00:00,145.85314758166913,149.25314758166914,145.87845474347898
2023-01-14 06:00:00,145.89527965873356,149.29527965873356,151.98426726740445
2023-01-14 07:00:00,145.92913781966217,149.32913781966218,157.08712404564162
2023-01-14 08:00:00,145.93975591259277,149.33975591259278,158.23500354926043
2023-01-14 09:00:00,145.93589409618738,149.3358940961874,157.60250118348702
2023-01-14 10:00:00,145.955282223117,149.355282223117,160.01694379496647
2023-01-14 11:00:00,145.9533103047146,149.3533103047146,159.8102178950633
2023-01-14 12:00:00,145.951392211784,149.351392211784,159.74831370303187
2023-01-14 13:00:00,145.94201806898818,149.34201806898818,158.46886222498352
2023-01-14 14:00:00,145.93622394885838,149.3362239488584,157.65645248454575
2023-01-14 15:00:00,145.94619986272755,149.34619986272756,159.15873617138968
2023-01-14 16:00:00,145.93110574259777,149.33110574259777,157.40659256700553
2023-01-14 17:00:00,145.91380197379098,149.313801973791,154.77191625543702
2023-01-14 18:00:00,145.92280008938758,149.32280008938758,156.2165082394017
2023-01-14 19:00:00,145.9137201800516,149.3137201800516,154.75882841729293
2023-01-14 20:00:00,145.90348821631719,149.3034882163172,153.28076935407188
2023-01-14 21:00:00,145.889182336447,149.289182336447,151.02630231358407
2023-01-14 22:00:00,145.8788601347196,149.2788601347196,149.5530936249791
2023-01-14 23:00:00,145.8954702367166,149.2954702367166,152.0142793199919
2023-01-15 00:00:00,145.86202817098518,149.2620281709852,147.09481753178986
2023-01-15 01:00:00,145.85909021405058,149.2590902140506,146.7807333412458
2023-01-15 02:00:00,145.8477282843152,149.2477282843152,145.05906654031546
2023-01-15 03:00:00,145.8514542548494,149.2514542548494,145.62207444008112
2023-01-15 04:00:00,145.8482462639158,149.2482462639158,145.1372422820045
2023-01-15 05:00:00,145.8317403840456,149.2317403840456,142.79277076862024
2023-01-15 06:00:00,145.8161985449742,149.21619854497422,141.50946891929962
2023-01-15 07:00:00,145.81711064470463,149.21711064470463,141.64124046514758
2023-01-15 08:00:00,145.80240076936764,149.20240076936764,139.87308884209057
2023-01-15 09:00:00,145.80672673990182,149.20672673990182,140.48966637027146
2023-01-15 10:00:00,145.79420453817443,149.19420453817443,138.70936988980822
2023-01-15 11:00:00,145.79051053137462,149.19051053137463,138.1868113005544
2023-01-15 12:00:00,145.7806882163172,149.1806882163172,136.96948822007883
2023-01-15 13:00:00,145.77911984006155,149.17911984006156,136.75000405950425
2023-01-15 14:00:00,145.77150962473456,149.17150962473457,135.68800226886097
2023-01-15 15:00:00,145.76138553860375,149.16138553860375,134.2829266268692
2023-01-15 16:00:00,145.75500340487434,149.15500340487435,133.758947276404
2023-01-15 17:00:00,145.74892127114492,149.14892127114493,132.92688959154563
2023-01-15 18:00:00,145.73855523261273,149.13855523261273,131.6888132392234
2023-01-15 19:00:00,145.72659929607752,149.12659929607753,130.0771762360863
2023-01-15 20:00:00,145.71767931874354,149.11767931874354,129.05230640359537
2023-01-15 21:00:00,145.7158331442153,149.11583314421532,128.8065755898296
2023-01-15 22:00:00,145.7050511238159,149.1050511238159,127.37678153553583
2023-01-15 23:00:00,145.7003770943501,149.1003770943501,126.92667870187803
2023-01-16 00:00:00,145.6938069470211,149.0938069470211,126.06511203720913
2023-01-16 01:00:00,145.68502292888832,149.08502292888832,124.9183782583787
2023-01-16 02:00:00,145.6755168223581,149.0755168223581,123.68403869921214
2023-01-16 03:00:00,145.66857076115988,149.0685707611599,122.78651061324652
2023-01-16 04:00:00,145.66168474529368,149.0616847452937,121.90042122363315
2023-01-16 05:00:00,145.65677863876348,149.0567786387635,121.2713483739387
2023-01-16 06:00:00,145.64962270222827,149.04962270222828,120.50453131399237
2023-01-16 07:00:00,145.6376447906257,149.0376447906257,118.98796638164178
2023-01-16 08:00:00,145.63365643703605,149.03365643703606,118.4853980057216
2023-01-16 09:00:00,145.62803023984185,149.02803023984185,117.77850255314664
2023-01-16 10:00:00,145.61928018317684,149.01928018317685,116.8261775188673
2023-01-16 11:00:00,145.61638395198364,149.01638395198364,119.36179534936052
2023-01-16 12:00:00,145.610655530396,149.010655530396,118.65372997595053
2023-01-16 13:00:00,145.60403920853878,149.00403920853879,117.83889435168497
2023-01-16 14:00:00,145.59794897054576,148.99794897054576,117.23085792665955
2023-01-16 15:00:00,145.59608281868356,148.99608281868356,117.00318706617128
2023-01-16 16:00:00,145.58341855122472,148.98341855122473,115.46466763886289
2023-01-16 17:00:00,145.5824264288283,148.98242642882832,115.34462120353182
2023-01-16 18:00:00,145.5775783698967,148.97757836989672,114.75901770307922
2023-01-16 19:00:00,145.5706842497669,148.97068424976692,113.92916157354503
2023-01-16 20:00:00,145.5700500616391,148.9700500616391,113.85299440587694
2023-01-16 21:00:00,145.5675958961773,148.9675958961773,113.55851665218428
2023-01-16 22:00:00,145.56327791657668,148.9632779165767,113.04144908134765
2023-01-16 23:00:00,145.56784361511887,148.96784361511888,113.5882210644738
2023-01-17 00:00:00,145.56837957432006,148.96837957432007,113.65250396055399
2023-01-17 01:00:00,145.55736947232305,148.95736947232305,112.3361042990733
2023-01-17 02:00:00,145.55929333179384,148.95929333179384,112.56549627763347
2023-01-17 03:00:00,145.55632130006146,148.95632130006146,112.21123772665815
2023-01-17 04:00:00,145.55511519353124,148.95511519353124,112.06765510432206
2023-01-17 05:00:00,145.55016724792964,148.95016724792964,111.47972283851183
2023-01-17 06:00:00,145.55013117539843,148.95013117539844,111.47544309272322
2023-01-17 07:00:00,145.55347723659665,148.95347723659665,111.87283085372357
2023-01-17 08:00:00,145.55559133406044,148.95559133406044,112.1243253389252
2023-01-17 09:00:00,145.55263551085525,148.95263551085526,111.77278868485192
2023-01-17 10:00:00,145.55320366045086,148.95320366045087,111.84030970115732
2023-01-17 11:00:00,145.55968157205348,148.95968157205348,112.61182064155915
2023-01-17 12:00:00,145.56205149272245,148.96205149272245,112.89483258780105
2023-01-17 13:00:00,145.56575526152923,148.96575526152924,113.33794108717507
2023-01-17 14:00:00,145.56508922299705,148.96508922299705,113.25818527264413
2023-01-17 15:00:00,145.55924727059565,148.95924727059565,112.56000103265187
2023-01-17 16:00:00,145.56389732726063,148.96389732726064,113.1155395643112
2023-01-17 17:00:00,145.55495371711586,148.95495371711587,112.0484399110024
2023-01-17 18:00:00,145.5545799143101,148.9545799143101,112.00396577691639
2023-01-17 19:00:00,145.5517961228373,148.9517961228373,111.67307550421809
2023-01-17 20:00:00,145.5501284265617,148.95012842656172,111.4751169669352
2023-01-17 21:00:00,145.54573675748534,148.94573675748535,111.07016663280042
2023-01-17 22:00:00,145.53954897054575,148.93954897054576,110.34172947584129
2023-01-17 23:00:00,145.53867505440996,148.93867505440997,110.23906690626345
2023-01-18 00:00:00,145.53648515640697,148.93648515640697,109.98204611148249
2023-01-18 01:00:00,145.5299313309352,148.9299313309352,109.21486247423896
2023-01-18 02:00:00,145.5231334419986,148.9231334419986,108.54029630723579
2023-01-18 03:00:00,145.5189916029272,148.9189916029272,108.0605351388204
2023-01-18 04:00:00,145.52168161426022,148.92168161426022,108.37199395375903
2023-01-18 05:00:00,145.51256585905304,148.91256585905305,107.3185382949218
2023-01-18 06:00:00,145.51330992251783,148.91330992251784,107.40431275720435
2023-01-18 07:00:00,145.51227596105002,148.91227596105003,107.28512956308718
2023-01-18 08:00:00,145.50320815144445,148.90320815144446,106.24303533083877
2023-01-18 09:00:00,145.50700426930766,148.90700426930766,106.67860771347722
2023-01-18 10:00:00,145.50249039850385,148.90249039850386,106.16079060557287
2023-01-18 11:00:00,145.49618451863367,148.89618451863367,105.43974785589515
2023-01-18 12:00:00,145.49751226024125,148.89751226024126,105.59133993851135
2023-01-18 13:00:00,145.49184011517883,148.89184011517884,104.94458614783423
2023-01-18 14:00:00,145.49303001318185,148.89303001318186,105.08007726024285
2023-01-18 15:00:00,145.48352202224822,148.88352202224823,104.10527738371398
2023-01-18 16:00:00,145.4858917162572,148.88589171625722,104.372966885584
2023-01-18 17:00:00,145.48155975252283,148.88155975252283,103.88389547911333
2023-01-18 18:00:00,145.4796515349292,148.8796515349292,103.6688582394587
2023-01-18 19:00:00,145.4821973694674,148.8821973694674,103.9558027982093
2023-01-18 20:00:00,145.47193298867856,148.87193298867857,102.80154016534735
2023-01-18 21:00:00,145.47432288668156,148.87432288668157,103.06966176962513
2023-01-18 22:00:00,145.47897648549332,148.87897648549333,103.59284510760776
2023-01-18 23:00:00,145.4810542837659,148.8810542837659,103.82691047290267
2023-01-19 00:00:00,145.4821899029771,148.8821899029771,103.95496060694579
2023-01-19 01:00:00,145.48507957432005,148.88507957432006,104.2811821443885
2023-01-19 02:00:00,145.48825925699603,148.88825925699604,104.5374332148063
2023-01-19 03:00:00,145.50602096007142,148.90602096007143,106.56568631058497
2023-01-19 04:00:00,145.51749687394062,148.91749687394062,107.88768341467473
2023-01-19 05:00:00,145.5474925384838,148.9474925384838,111.16264413441058
2023-01-19 06:00:00,145.5646867719436,148.9646867719436,113.21000862098214
2023-01-19 07:00:00,145.59951296913783,148.99951296913784,117.42185568386651
2023-01-19 08:00:00,145.66180509153423,149.06180509153424,121.91587578804368
2023-01-19 09:00:00,145.72407324112984,149.12407324112985,129.73813471935824
2023-01-19 10:00:00,145.77647923433005,149.17647923433006,136.38094501347976
2023-01-19 11:00:00,145.81674715726564,149.21674715726564,141.58871806985874
2023-01-19 12:00:00,145.85447689660663,149.25447689660663,146.0799453466825
2023-01-19 13:00:00,145.8844404840854,149.2844404840854,150.28430386585353
2023-01-19 14:00:00,145.90672827102497,149.30672827102498,153.79467096661455
2023-01-19 15:00:00,145.95056600129956,149.35056600129957,159.61063956728222
2023-01-19 16:00:00,145.94222472887822,149.34222472887822,158.50290256997746
2023-01-19 17:00:00,145.94560120939744,149.34560120939744,159.05983884964178
2023-01-19 18:00:00,145.95633773524867,149.35633773524867,160.07341355709943
2023-01-19 19:00:00,145.97647414776992,149.37647414776993,162.86248013101115
2023-01-19 20:00:00,146.00965839256273,149.40965839256273,168.09578684795278
2023-01-19 21:00:00,145.98440256935754,149.38440256935755,164.03581307547873
2023-01-19 22:00:00,145.99803276201854,149.39803276201854,166.345498550483
2023-01-19 23:00:00,146.01373886854876,149.41373886854876,168.7258389475476
2023-01-20 00:00:00,146.0060413196022,149.4060413196022,167.6703183665225
2023-01-20 01:00:00,145.9976433173356,149.3976433173356,166.2759172976166
2023-01-20 02:00:00,145.9973394351988,149.3973394351988,166.22164059374427
2023-01-20 03:00:00,145.9725495371958,149.3725495371958,162.29137864940785
2023-01-20 04:00:00,145.98675375932262,149.38675375932263,164.34040277038682
2023-01-20 05:00:00,146.02637784545342,149.42637784545343,171.04960121967525
2023-01-20 06:00:00,146.01078994518383,149.41078994518384,168.301511539079
2023-01-20 07:00:00,146.03799416731064,149.43799416731065,173.09089304245825
2023-01-20 08:00:00,146.08182236223826,149.48182236223826,180.68114276291877
2023-01-20 09:00:00,146.12912647103508,149.52912647103508,190.04854794193196
2023-01-20 10:00:00,146.14399473396068,149.5439947339607,192.8669164482523
2023-01-20 11:00:00,146.1480149379547,149.54801493795472,193.72194577907783
2023-01-20 12:00:00,146.1831989560875,149.5831989560875,200.68611044444168
2023-01-20 13:00:00,146.1631968450241,149.5631968450241,196.6433950559163
2023-01-20 14:00:00,146.1825089447545,149.5825089447545,200.53248806062132
2023-01-20 15:00:00,146.1787310331519,149.5787310331519,199.69308045844608
2023-01-20 16:00:00,146.15431716234812,149.55431716234813,194.897640296382
2023-01-20 17:00:00,146.16170140714092,149.56170140714093,196.31941653610156
2023-01-20 18:00:00,146.14501750233813,149.54501750233814,193.08414868191582
2023-01-20 19:00:00,146.14387965873357,149.54387965873357,192.84248743355843
2023-01-20 20:00:00,146.15889364286735,149.55889364286736,195.71230495358904
2023-01-20 21:00:00,146.15253171313196,149.55253171313197,194.68626940930744
2023-01-20 22:00:00,146.15572571993175,149.55572571993176,195.20020559955364
2023-01-20 23:00:00,146.12628576526376,149.52628576526376,189.45656571022008
2023-01-21 00:00:00,146.11562383552837,149.51562383552837,187.2483053467075
2023-01-21 01:00:00,146.13418388086038,149.53418388086038,190.79333107351613
2023-01-21 02:00:00,146.09462195112496,149.49462195112497,183.1032195572553
2023-01-21 03:00:00,146.10000197379097,149.50000197379097,184.0518690773518
2023-01-21 04:00:00,146.08031595792477,149.48031595792477,180.3817029648432
2023-01-21 05:00:00,146.09304980606257,149.49304980606257,182.78633231820578
2023-01-21 06:00:00,146.0721080803212,149.4721080803212,178.89047194878805
2023-01-21 07:00:00,146.068232053122,149.468232053122,178.12940772054426
2023-01-21 08:00:00,146.07018011205358,149.47018011205358,178.51155754885056
2023-01-21 09:00:00,146.0522481483192,149.4522481483192,175.2978970522349
2023-01-21 10:00:00,146.0276942095174,149.4276942095174,171.29320220951817
2023-01-21 11:00:00,146.0584842208504,149.4584842208504,176.49444332406932
2023-01-21 12:00:00,146.01632206445498,149.416322064455,169.19853777665912
2023-01-21 13:00:00,146.02805979472956,149.42805979472956,171.3609085412511
2023-01-21 14:00:00,145.98021750233815,149.38021750233816,163.30021704379453
2023-01-21 15:00:00,145.99408742300713,149.39408742300714,165.64174433774988
2023-01-21 16:00:00,146.00023525527874,149.40023525527874,166.62578726922865
2023-01-21 17:00:00,145.9975270376851,149.3975270376851,166.25514668009103
2023-01-21 18:00:00,145.97275900141952,149.37275900141952,162.32764931480943
2023-01-21 19:00:00,145.95743114648192,149.35743114648193,160.13993053207344
2023-01-21 20:00:00,145.9519810898169,149.35198108981692,159.84649564378628
2023-01-21 21:00:00,145.9613229288883,149.3613229288883,160.35742667807375
2023-01-21 22:00:00,145.9247846319637,149.3247846319637,156.5363919079222
2023-01-21 23:00:00,145.92002858209847,149.32002858209847,155.77054719010602
2023-01-22 00:00:00,145.91492258889826,149.31492258889827,154.9513055005528
2023-01-22 01:00:00,145.91082835543847,149.31082835543847,154.4467196327966
2023-01-22 02:00:00,145.90070415597765,149.30070415597766,152.84016366913718
2023-01-22 03:00:00,145.89101380465462,149.29101380465463,151.31359256009267
2023-01-22 04:00:00,145.8824994805308,149.28249948053082,150.11858788065317
2023-01-22 05:00:00,145.8769874941304,149.2769874941304,149.26270962052843
2023-01-22 06:00:00,145.8469213422682,149.2469213422682,144.93733915548623
2023-01-22 07:00:00,145.84244109294218,149.2424410929422,144.39083973682366
2023-01-22 08:00:00,145.85771312467458,149.25771312467458,146.57129826911068
2023-01-22 09:00:00,145.85529902721078,149.25529902721078,146.20465811059518
2023-01-22 10:00:00,145.83050302267756,149.23050302267757,142.60879353462815
2023-01-22 11:00:00,145.84172277335153,149.24172277335154,144.28317051875604
2023-01-22 12:00:00,145.82642477108496,149.22642477108496,142.13212887025094
2023-01-22 13:00:00,145.82334452175894,149.22334452175895,141.8095819451163
2023-01-22 14:00:00,145.82802243336153,149.22802243336153,142.36678218384304
2023-01-22 15:00:00,145.80297437442994,149.20297437442994,139.95475047864485
2023-01-22 16:00:00,145.7979303109651,149.19793031096512,139.2376344632316
2023-01-22 17:00:00,145.80180645149431,149.20180645149432,139.78850871816107
2023-01-22 18:00:00,145.79718458975694,149.19718458975694,139.1318038671516
2023-01-22 19:00:00,145.80101466908795,149.20101466908795,139.6758744362325
2023-01-22 20:00:00,145.78257471441995,149.18257471441996,137.23377073930934
2023-01-22 21:00:00,145.78276872121975,149.18276872121976,137.26096674309994
2023-01-22 22:00:00,145.78837083228316,149.18837083228317,137.88467529742525
2023-01-22 23:00:00,145.77190279601754,149.17190279601755,135.74274711043074
2023-01-23 00:00:00,145.76391489574794,149.16391489574795,134.63313455887405
2023-01-23 01:00:00,145.75679303401057,149.15679303401058,134.00435100660835
2023-01-23 02:00:00,145.75133521307197,149.15133521307197,133.2567630718665
2023-01-23 03:00:00,145.7547812742702,149.1547812742702,133.7285057682347
2023-01-23 04:00:00,145.7447735099966,149.1447735099966,132.36119968935935
2023-01-23 05:00:00,145.73854165959222,149.13854165959222,131.686977143811
2023-01-23 06:00:00,145.74185786811944,149.14185786811944,132.13601509633162
2023-01-23 07:00:00,145.72749616504404,149.12749616504405,130.19767524913027
2023-01-23 08:00:00,145.72586642570306,149.12586642570307,129.9787592207399
2023-01-23 09:00:00,145.73049250956728,149.1304925095673,130.60071751122382
2023-01-23 10:00:00,145.7176988427575,149.1176988427575,129.05490652329698
2023-01-23 11:00:00,145.71666510794972,149.11666510794973,128.91727929265824
2023-01-23 12:00:00,145.7152870830171,149.1152870830171,128.7339443412125
2023-01-23 13:00:00,145.71110506261772,149.11110506261772,128.1784688783838
2023-01-23 14:00:00,145.7033950739507,149.1033950739507,127.15798132437563
2023-01-23 15:00:00,145.7015950739507,149.1015950739507,126.92040651445762
2023-01-23 16:00:00,145.69787121447993,149.09787121447994,126.59768607725958
2023-01-23 17:00:00,145.69326955673654,149.09326955673654,125.99478766966419
2023-01-23 18:00:00,145.69250551593774,149.09250551593775,125.89484112735023
2023-01-23 19:00:00,145.68559963606754,149.08559963606754,124.99348505299437
2023-01-23 20:00:00,145.68756167913295,149.08756167913296,125.24920018094892
2023-01-23 21:00:00,145.68105579926277,149.08105579926277,124.40241462470699
2023-01-23 22:00:00,145.6645360485888,149.0645360485888,122.26688029201974
2023-01-23 23:00:00,145.67375791032617,149.07375791032618,123.45641095235594
2023-01-24 00:00:00,145.66798388086036,149.06798388086037,122.71084810155308
2023-01-24 01:00:00,145.65667577659676,149.05667577659676,121.25817915415799
2023-01-24 02:00:00,145.65949375619735,149.05949375619736,121.61925631631897
2023-01-24 03:00:00,145.65405591259278,149.0540559125928,120.92304115574572
2023-01-24 04:00:00,145.6488540281894,149.0488540281894,120.40688149069591
2023-01-24 05:00:00,145.6450360485888,149.0450360485888,119.92251827193994
2023-01-24 06:00:00,145.6378982049842,149.0378982049842,119.01993964892135
2023-01-24 07:00:00,145.63874426618239,149.0387442661824,119.12672237559131
2023-01-24 08:00:00,145.6296963205808,149.0296963205808,117.98758374281574
2023-01-24 09:00:00,145.63693638857882,149.03693638857882,118.89861319264863
2023-01-24 10:00:00,145.6265764565768,149.0265764565768,117.59623603243192
2023-01-24 11:00:00,145.6249884429772,149.02498844297722,117.39732478015469
2023-01-24 12:00:00,145.6236440395224,149.0236440395224,117.36958874400959
2023-01-24 13:00:00,145.62823970406555,149.02823970406556,117.80477718715827
2023-01-24 14:00:00,145.62214170179897,149.02214170179897,117.18235091736554
2023-01-24 15:00:00,145.61586755900314,149.01586755900314,119.29786828471966
2023-01-24 16:00:00,145.61215734367613,149.01215734367614,118.8391314116967
2023-01-24 17:00:00,145.60690740034113,149.00690740034113,118.19173479669527
2023-01-24 18:00:00,145.59991761566815,148.99991761566815,117.47129984231216
2023-01-24 19:00:00,145.59793559526875,148.99793559526876,117.22922526418866
2023-01-24 20:00:00,145.59084547060573,148.99084547060573,116.36554682556894
2023-01-24 21:00:00,145.58867121447992,148.98867121447992,116.10140545512287
2023-01-24 22:00:00,145.58456311021632,148.98456311021633,115.6032459556909
2023-01-24 23:00:00,145.5827808631569,148.9827808631569,115.38749957007559
2023-01-25 00:00:00,145.5837768676901,148.9837768676901,115.50804103431409
2023-01-25 01:00:00,145.57733434863866,148.97733434863866,114.72958641515774
2023-01-25 02:00:00,145.57958828744046,148.97958828744046,115.00159473367606
2023-01-25 03:00:00,145.57925997918284,148.97925997918284,114.96195148162442
2023-01-25 04:00:00,145.5849595258628,148.98495952586282,115.65126401922318
2023-01-25 05:00:00,145.58150290934756,148.98150290934757,115.23293874639143
2023-01-25 06:00:00,145.58821244469453,148.98821244469454,116.04571430935741
2023-01-25 07:00:00,145.5834701523031,148.9834701523031,115.47091326863921
2023-01-25 08:00:00,145.59830343379085,148.99830343379085,117.27413033742866
2023-01-25 09:00:00,145.61212883767502,149.01212883767502,118.83561076591137
2023-01-25 10:00:00,145.6093606880794,149.0093606880794,118.49401152378867
2023-01-25 11:00:00,145.63431628462456,149.03431628462457,118.56846134855128
2023-01-25 12:00:00,145.64943004209834,149.04943004209835,120.48005222274372
2023-01-25 13:00:00,145.67125378823914,149.07125378823915,123.13275400589956
2023-01-25 14:00:00,145.69980184717073,149.09980184717074,126.85111325781506
2023-01-25 15:00:00,145.73903026875837,149.13903026875838,131.75308318831233
2023-01-25 16:00:00,145.778908860341,149.178908860341,136.72049490119042
2023-01-25 17:00:00,145.82319122073045,149.22319122073046,141.78718906334657
2023-01-25 18:00:00,145.85864161738547,149.25864161738548,146.7124852471312
2023-01-25 19:00:00,145.8993078825777,149.2993078825777,152.61952784888229
2023-01-25 20:00:00,145.9614220933715,149.36142209337152,160.37442267840382
2023-01-25 21:00:00,146.0135182112347,149.4135182112347,168.68551442157565
2023-01-25 22:00:00,146.0458203222981,149.44582032229812,174.19651901629925
2023-01-25 23:00:00,146.13315439709592,149.53315439709593,190.57681782087758
2023-01-26 00:00:00,146.14008847189373,149.54008847189374,192.03908643230417
2023-01-26 01:00:00,146.14282054895813,149.54282054895813,192.6177709885864
2023-01-26 02:00:00,146.14932676881836,149.54932676881836,194.0016184447585
2023-01-26 03:00:00,146.18303087761515,149.58303087761516,200.64868106608012
2023-01-26 04:00:00,146.19547094561315,149.59547094561316,203.4342438798522
2023-01-26 05:00:00,146.19534109294216,149.59534109294216,203.40500786592085
2023-01-26 06:00:00,146.21113521307197,149.61113521307198,206.98555156205987
2023-01-26 07:00:00,146.17853932186878,149.5785393218688,199.65056106534078
2023-01-26 08:00:00,146.18248738080038,149.5824873808004,200.52768865759523
2023-01-26 09:00:00,146.1868215689282,149.5868215689282,201.49420752512404
2023-01-26 10:00:00,146.15139171625722,149.55139171625723,194.44251514920416
2023-01-26 11:00:00,146.13483789078543,149.53483789078544,190.93098377011702
2023-01-26 12:00:00,146.12146397464963,149.52146397464963,188.45522691888337
2023-01-26 13:00:00,146.08371391798462,149.48371391798463,181.05775221920663
2023-01-26 14:00:00,146.08721814011145,149.48721814011145,181.7572354181594
2023-01-26 15:00:00,146.09501414464464,149.49501414464464,183.18234497078333
2023-01-26 16:00:00,146.09327230557327,149.49327230557327,182.83115147149005
2023-01-26 17:00:00,146.12792435997167,149.52792435997168,189.7978512232816
2023-01-26 18:00:00,146.10660050050086,149.50660050050087,185.39631292906256
2023-01-26 19:00:00,146.06666265689628,149.4666626568963,177.82206214474783
2023-01-26 20:00:00,146.05652270222828,149.45652270222828,176.11731735599037
2023-01-26 21:00:00,146.0679587747595,149.4679587747595,178.07585622800457
2023-01-26 22:00:00,146.0890968450241,149.4890968450241,182.1332027268287
2023-01-26 23:00:00,146.0977289220885,149.4977289220885,183.59067695683535
2023-01-27 00:00:00,146.1154390240855,149.5154390240855,187.21021801603632
2023-01-27 01:00:00,146.12332304221832,149.52332304221832,188.840777932026
2023-01-27 02:00:00,146.12435911474952,149.52435911474953,189.05593210696532
2023-01-27 03:00:00,146.11242315554833,149.51242315554833,186.5896041209785
2023-01-27 04:00:00,146.1132272643451,149.51322726434512,186.7549064663524
2023-01-27 05:00:00,146.13056933007653,149.53056933007653,190.03404887662256
2023-01-27 06:00:00,146.12949729834412,149.52949729834413,189.96630456667933
2023-01-27 07:00:00,146.09851550460473,149.49851550460474,183.75015832397634
2023-01-27 08:00:00,146.11641150913795,149.51641150913795,187.4107078889462
2023-01-27 09:00:00,146.16278542527374,149.56278542527374,196.55421985193775
2023-01-27 10:00:00,146.15403536860873,149.55403536860874,195.00815951992664
2023-01-27 11:00:00,146.11877720768013,149.51877720768013,187.89917642602367
2023-01-27 12:00:00,146.1171128268913,149.5171128268913,187.55540484631814
2023-01-27 13:00:00,146.12514233957225,149.52514233957226,189.21871372876637
2023-01-27 14:00:00,146.13292989985183,149.53292989985184,190.5296304397861
2023-01-27 15:00:00,146.1244815009302,149.5244815009302,189.0813606143136
2023-01-27 16:00:00,146.1126733966666,149.5126733966666,186.6410335038816
2023-01-27 17:00:00,146.1203595258628,149.5203595258628,188.2264857216589
2023-01-27 18:00:00,146.095565632393,149.495565632393,183.2936577428315
2023-01-27 19:00:00,146.06997761879342,149.46997761879342,178.4718011365044
2023-01-27 20:00:00,146.06479982052082,149.46479982052082,177.45870723367224
2023-01-27 21:00:00,146.06408195425024,149.46408195425025,177.31925917335712
2023-01-27 22:00:00,146.06228617637706,149.46228617637706,177.22739538678806
2023-01-27 23:00:00,146.05459627837405,149.45459627837405,175.74761689304697
2023-01-28 00:00:00,146.06681836677146,149.46681836677146,177.85253503062478
2023-01-28 01:00:00,146.00758052316687,149.40758052316687,167.71858475164473
2023-01-28 02:00:00,146.0202768676901,149.4202768676901,169.92446000090044
2023-01-28 03:00:00,145.9952450172857,149.3952450172857,165.84796652686921
2023-01-28 04:00:00,146.01705723034613,149.41705723034613,169.33327661850487
2023-01-28 05:00:00,146.00580129381092,149.40580129381092,167.62702605481172
2023-01-28 06:00:00,145.98795745700613,149.38795745700614,164.5533869329912
2023-01-28 07:00:00,145.99693159980194,149.39693159980195,166.14882049169455
2023-01-28 08:00:00,145.96953382419537,149.36953382419537,161.76993875686324
2023-01-28 09:00:00,145.99234980606258,149.39234980606258,165.33260649070775
2023-01-28 10:00:00,145.95152994205858,149.3515299420586,159.77127295444092
2023-01-28 11:00:00,145.97657577659675,149.37657577659675,162.88017620407214
2023-01-28 12:00:00,145.96914381286237,149.36914381286238,161.7026065268877
2023-01-28 13:00:00,145.94625357486936,149.34625357486937,159.16761163398874
2023-01-28 14:00:00,145.93871527794474,149.33871527794474,158.0643803350672
2023-01-28 15:00:00,145.9096571170161,149.30965711701612,154.26025618447065
2023-01-28 16:00:00,145.91837709435012,149.31837709435013,155.50523578583096
2023-01-28 17:00:00,145.9237530082193,149.3237530082193,156.37004944986953
2023-01-28 18:00:00,145.9116649946197,149.31166499461972,154.43023638269685
2023-01-28 19:00:00,145.8842951872807,149.28429518728072,150.26160965376974
2023-01-28 20:00:00,145.8957990694175,149.2957990694175,152.06607354926166
2023-01-28 21:00:00,145.8939348019587,149.2939348019587,151.77260070399217
2023-01-28 22:00:00,145.88437886542349,149.2843788654235,150.27467921542905
2023-01-28 23:00:00,145.88800871809448,149.2880087180945,150.8424108581262
2023-01-29 00:00:00,145.8741808631569,149.27418086315691,148.8282514329967
2023-01-29 01:00:00,145.86301659569807,149.26301659569808,147.24597415569005
2023-01-29 02:00:00,145.88815266822928,149.2881526682293,150.8649573866437
2023-01-29 03:00:00,145.86645266822927,149.26645266822928,147.77230407486084
2023-01-29 04:00:00,145.87322258889827,149.27322258889828,148.6801215157664
2023-01-29 05:00:00,145.86375655036608,149.26375655036608,147.3592056433051
2023-01-29 06:00:00,145.85867253223327,149.25867253223328,146.71718781856293
2023-01-29 07:00:00,145.87416842343646,149.27416842343646,148.8263278233881
2023-01-29 08:00:00,145.87355655036606,149.27355655036607,148.73173320190853
2023-01-29 09:00:00,145.85839872942748,149.25839872942748,146.67554235732862
2023-01-29 10:00:00,145.87495078382588,149.2749507838259,148.94734246400728
2023-01-29 11:00:00,145.8640929628873,149.2640929628873,147.41070567783098
2023-01-29 12:00:00,145.8687688767565,149.2687688767565,148.1278502650462
2023-01-29 13:00:00,145.8664628835563,149.2664628835563,147.77387083067634
2023-01-29 14:00:00,145.85387475662668,149.2538747566267,145.98865172481828
2023-01-29 15:00:00,145.8478707611599,149.2478707611599,145.08056677419083
2023-01-29 16:00:00,145.86389273622729,149.2638927362273,147.38005224027341
2023-01-29 17:00:00,145.8569089447545,149.2569089447545,146.44909175688625
2023-01-29 18:00:00,145.8516150512847,149.25161505128472,145.6464062829684
2023-01-29 19:00:00,145.85576733234313,149.25576733234314,146.27573110052109
2023-01-29 20:00:00,145.85469940940754,149.25469940940755,146.11369190652266
2023-01-29 21:00:00,145.86400551593775,149.26400551593775,147.39731754258145
2023-01-29 22:00:00,145.85142360886834,149.25142360886835,145.61743739356572
2023-01-29 23:00:00,145.83952149780495,149.23952149780496,143.95357261858672
2023-01-30 00:00:00,145.85057732101012,149.25057732101013,145.48942691697692
2023-01-30 01:00:00,145.87582937540853,149.27582937540853,149.0833262043187
2023-01-30 02:00:00,145.88471750233813,149.28471750233814,150.32757879256368
2023-01-30 03:00:00,145.86893348420534,149.26893348420535,148.15314118384813
2023-01-30 04:00:00,145.88292138447494,149.28292138447495,150.1842431600206
2023-01-30 05:00:00,145.86929952273755,149.26929952273755,148.20939172295215
2023-01-30 06:00:00,145.88444335954233,149.28444335954234,150.2847530144995
2023-01-30 07:00:00,145.87995534594273,149.27995534594274,149.72311128735564
2023-01-30 08:00:00,145.89877366553335,149.29877366553336,152.53517201823195
2023-01-30 09:00:00,145.89616201912298,149.296162019123,152.123256143818
2023-01-30 10:00:00,145.89180596925777,149.29180596925778,151.43797559396205
2023-01-30 11:00:00,145.93422594659177,149.33422594659177,157.91406540486184
2023-01-30 12:00:00,145.91812183779496,149.31812183779496,155.46425739657502
2023-01-30 13:00:00,145.91882583326176,149.31882583326177,155.57729399792825
2023-01-30 14:00:00,145.93863970406557,149.33863970406557,158.05199447831615
2023-01-30 15:00:00,145.93150973806456,149.33150973806457,157.47223344936293
2023-01-30 16:00:00,145.95077988539356,149.35077988539356,159.64627107739662
2023-01-30 17:00:00,145.96077400552338,149.36077400552338,160.26337360735582
2023-01-30 18:00:00,145.95365602592278,149.3536560259228,159.74499013186124
2023-01-30 19:00:00,145.95429221178398,149.35429221178399,159.85133827879332
2023-01-30 20:00:00,145.9808762299168,149.3808762299168,163.41580980783647
2023-01-30 21:00:00,145.97797223445,149.37797223445,162.9067535229848
2023-01-30 22:00:00,145.99253250644202,149.39253250644202,165.36508716522113
2023-01-30 23:00:00,145.97341652457482,149.37341652457482,162.33083790048164
2023-01-31 00:00:00,145.98222251777503,149.38222251777503,163.6522754571747
2023-01-31 01:00:00,145.9831285109752,149.3831285109752,163.81157316883602
2023-01-31 02:00:00,145.98344860163922,149.38344860163923,163.86788564388476
2023-01-31 03:00:00,145.95620465150444,149.35620465150444,160.0510738680107
2023-01-31 04:00:00,145.98683484416543,149.38683484416543,164.35474251839435
2023-01-31 05:00:00,145.98252086003163,149.38252086003163,163.70471716957704
2023-01-31 06:00:00,146.00682285776503,149.40682285776504,167.69542068439617
2023-01-31 07:00:00,145.96128301642705,149.36128301642705,160.35058643799385
2023-01-31 08:00:00,145.97261121135466,149.37261121135467,162.3020573894271
2023-01-31 09:00:00,145.98017913429027,149.38017913429027,163.2934864495965
2023-01-31 10:00:00,145.97463318642207,149.37463318642207,162.54220669659873
2023-01-31 11:00:00,145.97340310709106,149.37340310709106,162.3285082106379
2023-01-31 12:00:00,145.96829289176404,149.36829289176404,161.55578459576134
2023-01-31 13:00:00,145.96994260843903,149.36994260843903,161.8405374917558
2023-01-31 14:00:00,145.9568744588434,149.3568744588434,160.0462053632314
2023-01-31 15:00:00,145.9696342775154,149.36963427751542,161.78728504197076
2023-01-31 16:00:00,145.9725602480496,149.3725602480496,162.29323316678696
2023-01-31 17:00:00,145.932702313781,149.332702313781,157.66611562488757
2023-01-31 18:00:00,145.954832393112,149.35483239311202,159.94168125231664
2023-01-31 19:00:00,145.9415144135114,149.34151441351142,158.5236371912016
2023-01-31 20:00:00,145.94428866963722,149.34428866963722,158.84316785190657
2023-01-31 21:00:00,145.93437080336662,149.33437080336662,157.93765317527
2023-01-31 22:00:00,145.91671874896824,149.31671874896824,155.23914489525401
2023-01-31 23:00:00,145.91084683056584,149.31084683056585,154.44966217612608
2023-02-01 00:00:00,145.91373672856884,149.31373672856884,154.76147628638975
2023-02-01 01:00:00,145.91523073536862,149.31523073536863,155.00065982065578
2023-02-01 02:00:00,145.90342673990182,149.30342673990182,153.27103039098378
2023-02-01 03:00:00,145.89068889629723,149.29068889629724,151.2625977368303
2023-02-01 04:00:00,145.87384894162923,149.27384894162924,148.77693104274312
2023-02-01 05:00:00,145.88155704589286,149.28155704589287,149.9720031300171
2023-02-01 06:00:00,145.86475316375606,149.26475316375607,147.51181047514243
2023-02-01 07:00:00,145.85808335641707,149.25808335641707,146.6275843782237
2023-02-01 08:00:00,145.8368875785439,149.2368875785439,143.55989363682087
2023-02-01 09:00:00,145.8415395196123,149.2415395196123,144.2557115902412
2023-02-01 10:00:00,145.83709345841407,149.23709345841408,143.5906380294693
2023-02-01 11:00:00,145.8209556148095,149.2209556148095,141.88234826971453
2023-02-01 12:00:00,145.80997936095028,149.20997936095029,140.7817829029448
2023-02-01 13:00:00,145.81341920228826,149.21341920228826,141.27572310539264
2023-02-01 14:00:00,145.81439688723083,149.21439688723083,141.24940729142133
2023-02-01 15:00:00,145.80323273310202,149.20323273310203,139.99154125141885
2023-02-01 16:00:00,145.8005185223082,149.20051852230822,139.60532344761674
2023-02-01 17:00:00,145.78212862430522,149.18212862430522,137.17124974984523
2023-02-01 18:00:00,145.78224260843902,149.18224260843903,137.1872233786271
2023-02-01 19:00:00,145.77848855630722,149.17848855630723,136.66171950231367
2023-02-01 20:00:00,145.776592551774,149.176592551774,136.3967703091211
2023-02-01 21:00:00,145.77231464017143,149.17231464017144,135.80010622136447
2023-02-01 22:00:00,145.7610844475104,149.1610844475104,134.24127526408012
2023-02-01 23:00:00,145.7570444928424,149.1570444928424,134.03885337405504
2023-02-02 00:00:00,145.7682845608404,149.16828456084042,135.2394498426722
2023-02-02 01:00:00,145.7487942095174,149.1487942095174,132.90953941142288
2023-02-02 02:00:00,145.7383744588434,149.1383744588434,131.6643602057859
2023-02-02 03:00:00,145.7404282843152,149.1404282843152,131.9423319125658
2023-02-02 04:00:00,145.7363980916542,149.1363980916542,131.39718969518523
2023-02-02 05:00:00,145.7330641301864,149.1330641301864,130.9472031363169
2023-02-02 06:00:00,145.7168801120536,149.1168801120536,128.9458971952452
2023-02-02 07:00:00,145.7182882163172,149.1182882163172,129.1334106143919
2023-02-02 08:00:00,145.71114015738559,149.1111401573856,128.18312463971563
2023-02-02 09:00:00,145.70219010072057,149.10219010072058,126.9989135448703
2023-02-02 10:00:00,145.70372594659176,149.10372594659177,127.20167958196129
2023-02-02 11:00:00,145.70255368819934,149.10255368819935,127.04689848583439
2023-02-02 12:00:00,145.70295768366614,149.10295768366615,127.10022850986255
2023-02-02 13:00:00,145.69138142980694,149.09138142980694,125.74787694190039
2023-02-02 14:00:00,145.68558519861372,149.08558519861373,124.99160449693572
2023-02-02 15:00:00,145.67492503995172,149.07492503995172,123.60742720377085
2023-02-02 16:00:00,145.6699189334215,149.06991893342152,122.96042213378537
2023-02-02 17:00:00,145.6663768676901,149.0663768676901,122.50380303500776
2023-02-02 18:00:00,145.6591830875503,149.0591830875503,121.57941904263639
2023-02-02 19:00:00,145.65188896742052,149.05188896742052,120.79268925114465
2023-02-02 20:00:00,145.64408108981692,149.04408108981693,119.80154066397557
2023-02-02 21:00:00,145.6424350286187,149.0424350286187,119.59317350777508
2023-02-02 22:00:00,145.62900728701112,149.02900728701113,117.90108932329235
2023-02-02 23:00:00,145.62698730967713,149.02698730967714,117.64772996162355
2023-02-03 00:00:00,145.62457743434013,149.02457743434013,117.34587406041851
2023-02-03 01:00:00,145.62943148647193,149.02943148647194,117.9543348249688
2023-02-03 02:00:00,145.62262172446495,149.02262172446495,117.24215852811325
2023-02-03 03:00:00,145.61702994205856,149.01702994205857,119.44179323581028
2023-02-03 04:00:00,145.6124703500466,149.0124703500466,118.87779329167839
2023-02-03 05:00:00,145.6101105313746,149.0101105313746,118.58648958400481
2023-02-03 06:00:00,145.60142685323183,149.00142685323183,117.65581705146559
2023-02-03 07:00:00,145.60245904362625,149.00245904362626,117.64476216769208
2023-02-03 08:00:00,145.59557936095027,148.99557936095027,116.94180733521412
2023-02-03 09:00:00,145.5860256488085,148.9860256488085,115.78045961656875
2023-02-03 10:00:00,145.58245384373612,148.98245384373612,115.3479374546097
2023-02-03 11:00:00,145.58386594346652,148.98386594346653,115.51882487438175
2023-02-03 12:00:00,145.57427216332673,148.97427216332673,114.36061971348794
2023-02-03 13:00:00,145.57335207266271,148.97335207266272,114.24988790697186
2023-02-03 14:00:00,145.5704280998619,148.97042809986192,113.89839402193418
2023-02-03 15:00:00,145.56528004093033,148.96528004093034,113.28103179887547
2023-02-03 16:00:00,145.55573609079553,148.95573609079554,112.14155753412142
2023-02-03 17:00:00,145.55187627212354,148.95187627212354,111.68259444934137
2023-02-03 18:00:00,145.54958837185393,148.94958837185393,111.4110547708752
2023-02-03 19:00:00,145.54225652144956,148.94225652144956,110.66013696977525
2023-02-03 20:00:00,145.53896651011655,148.93896651011656,110.2732994628939
2023-02-03 21:00:00,145.53434042625236,148.93434042625236,109.730653345834
2023-02-03 22:00:00,145.53161456904814,148.93161456904815,109.41161163324205
2023-02-03 23:00:00,145.52893055091536,148.92893055091537,109.09797877599608
2023-02-04 00:00:00,145.52333465971216,148.92333465971217,108.56363367803087
2023-02-04 01:00:00,145.52214864384595,148.92214864384596,108.42611845938814
2023-02-04 02:00:00,145.52469248065074,148.92469248065075,108.72118667081402
2023-02-04 03:00:00,145.51792855318195,148.91792855318195,107.9375875177336
2023-02-04 04:00:00,145.51967039225335,148.91967039225335,108.13908120803303
2023-02-04 05:00:00,145.51189225399074,148.91189225399074,107.2409188319708
2023-02-04 06:00:00,145.51044607946253,148.91044607946253,107.0743811644415
2023-02-04 07:00:00,145.50536805452992,148.90536805452993,106.49074452884504
2023-02-04 08:00:00,145.5072878052039,148.9072878052039,106.71118077530856
2023-02-04 09:00:00,145.5022956828075,148.9022956828075,106.13848494670417
2023-02-04 10:00:00,145.50570144934767,148.90570144934767,106.52900858356011
2023-02-04 11:00:00,145.50045516148947,148.90045516148948,105.92777292822468
2023-02-04 12:00:00,145.49210887363125,148.89210887363126,104.97518052432036
2023-02-04 13:00:00,145.4942944361774,148.8942944361774,105.22416172016263
2023-02-04 14:00:00,145.48367999872357,148.88367999872358,104.12311135222461
2023-02-04 15:00:00,145.48437566326675,148.88437566326675,104.20166473908306
2023-02-04 16:00:00,145.48084158846893,148.88084158846894,103.80293695385744
2023-02-04 17:00:00,145.47026556126974,148.87026556126975,102.61469924852395
2023-02-04 18:00:00,145.46890562926774,148.86890562926774,102.46245254001897
2023-02-04 19:00:00,145.46630962473455,148.86630962473455,102.17217075987249
2023-02-04 20:00:00,145.46487566326675,148.86487566326676,102.01202163093201
2023-02-04 21:00:00,145.46605557260276,148.86605557260276,102.14378735713868
2023-02-04 22:00:00,145.46080762700115,148.86080762700115,101.55844577654413
2023-02-04 23:00:00,145.46733548193873,148.86733548193874,102.28682655192
2023-02-05 00:00:00,145.46735734367613,148.86735734367613,102.28927071829919
2023-02-05 01:00:00,145.46243114648192,148.86243114648192,101.7393302165204
2023-02-05 02:00:00,145.4614551192827,148.8614551192827,101.6305647971208
2023-02-05 03:00:00,145.4538869696871,148.8538869696871,100.78938026433649
2023-02-05 04:00:00,145.4505588880895,148.8505588880895,100.42069977135219
2023-02-05 05:00:00,145.4429308064919,148.8429308064919,99.57851414920741
2023-02-05 06:00:00,145.43430871809448,148.8343087180945,98.72805959767928
2023-02-05 07:00:00,145.42892258889827,148.82892258889828,98.14060592546984
2023-02-05 08:00:00,145.42433257756528,148.8243325775653,97.641493058939
2023-02-05 09:00:00,145.43224445063566,148.83224445063567,98.50268856993796
2023-02-05 10:00:00,145.42682236223825,148.82682236223826,97.91205686745606
2023-02-05 11:00:00,145.42544633503906,148.82544633503906,97.7624739496422
2023-02-05 12:00:00,145.42721014917785,148.82721014917786,97.95423436703165
2023-02-05 13:00:00,145.42421991118482,148.82421991118483,97.62925934464577
2023-02-05 14:00:00,145.4258476527924,148.82584765279242,97.80608682188934
2023-02-05 15:00:00,145.4265536459926,148.82655364599262,97.88283587196642
2023-02-05 16:00:00,145.4295175734614,148.8295175734614,98.20540572556408
2023-02-05 17:00:00,145.42447573439003,148.82447573439003,97.6570387446912
2023-02-05 18:00:00,145.42301192025124,148.82301192025125,97.49814418782404
2023-02-05 19:00:00,145.42262213557825,148.82262213557826,97.45585762602568
2023-02-05 20:00:00,145.42256220357626,148.82256220357627,97.44935667634549
2023-02-05 21:00:00,145.42271625570805,148.82271625570806,97.46606751346998
2023-02-05 22:00:00,145.42825632370605,148.82825632370606,98.06807066227158
2023-02-05 23:00:00,145.42565455263266,148.82565455263267,97.78510049442923
2023-02-06 00:00:00,145.4233487860925,148.8233487860925,97.53469784702409
2023-02-06 01:00:00,145.4210150512847,148.82101505128472,97.28161616834824
2023-02-06 02:00:00,145.4282691034165,148.82826910341652,98.06946169413011
2023-02-06 03:00:00,145.4231272643451,148.82312726434512,97.51065944860048
2023-02-06 04:00:00,145.42447943207353,148.82447943207353,97.65744030149008
2023-02-06 05:00:00,145.41998354087033,148.81998354087034,97.1698691037273
2023-02-06 06:00:00,145.41898576526376,148.81898576526376,97.06184378312366
2023-02-06 07:00:00,145.41216801232318,148.81216801232318,96.41555445416212
2023-02-06 08:00:00,145.42227999872358,148.8222799987236,97.4187485219691
2023-02-06 09:00:00,145.419502313781,148.81950231378102,97.11776025612842
2023-02-06 10:00:00,145.4205343908454,148.8205343908454,97.22953579632247
2023-02-06 11:00:00,145.4179584769762,148.8179584769762,97.03874549114427
2023-02-06 12:00:00,145.42117246111002,148.82117246111002,97.29867511774344
2023-02-06 13:00:00,145.42328410752037,148.82328410752038,97.52767892599853
2023-02-06 14:00:00,145.42495779699615,148.82495779699616,97.70939685233789
2023-02-06 15:00:00,145.42205357486935,148.82205357486936,97.39419423063919
2023-02-06 16:00:00,145.42114558393575,148.82114558393576,97.29576224585963
2023-02-06 17:00:00,145.41469940940755,148.81469940940755,96.68773046803975
2023-02-06 18:00:00,145.39468331421034,148.79468331421035,94.64637977682764
2023-02-06 19:00:00,145.38544935274254,148.78544935274255,93.67032403298394
2023-02-06 20:00:00,145.39106533460972,148.79106533460973,94.26332440620746
2023-02-06 21:00:00,145.4169611124829,148.81696111248291,96.93125358639176
2023-02-06 22:00:00,145.44095888808948,148.8409588880895,99.45601032421733
2023-02-06 23:00:00,145.4411988427575,148.8411988427575,99.48233080763282
2023-02-07 00:00:00,145.4324168223581,148.8324168223581,98.52149691002413
2023-02-07 01:00:00,145.41630871809448,148.8163087180945,96.86097533098888
2023-02-07 02:00:00,145.41795655036609,148.8179565503661,97.03853778804499
2023-02-07 03:00:00,145.4065168223581,148.8065168223581,95.90485951631301
2023-02-07 04:00:00,145.40221659569806,148.80221659569807,95.44654498235126
2023-02-07 05:00:00,145.39793035317186,148.79793035317186,94.99084549896193
2023-02-07 06:00:00,145.39744233957225,148.79744233957226,94.93903277406089
2023-02-07 07:00:00,145.39573634637208,148.79573634637208,94.75802103665791
2023-02-07 08:00:00,145.39763845743548,148.79763845743548,94.95985298319648
2023-02-07 09:00:00,145.38806653903308,148.78806653903308,93.94643525803451
2023-02-07 10:00:00,145.39243857076548,148.79243857076548,94.40862179765124
2023-02-07 11:00:00,145.3873506704959,148.7873506704959,93.87086972832732
2023-02-07 12:00:00,145.3921706478299,148.7921706478299,94.38026469579307
2023-02-07 13:00:00,145.38711459796468,148.7871145979647,93.84595734442783
2023-02-07 14:00:00,145.38987042116986,148.78987042116987,94.13698904477066
2023-02-07 15:00:00,145.38649450730068,148.7864945073007,93.78053645014433
2023-02-07 16:00:00,145.38825477929268,148.78825477929269,93.96631073126964
2023-02-07 17:00:00,145.3867928495573,148.78679284955732,93.81200924063089
2023-02-07 18:00:00,145.3890089447545,148.7890089447545,94.0459616696102
2023-02-07 19:00:00,145.3876250399517,148.7876250399517,93.89982784293471
2023-02-07 20:00:00,145.38047732101012,148.78047732101012,93.14694212665115
2023-02-07 21:00:00,145.38356721901312,148.78356721901312,93.47202134354424
2023-02-07 22:00:00,145.38070129381092,148.78070129381092,93.17048582594558
2023-02-07 23:00:00,145.37445135047594,148.77445135047594,92.51466621011811
2023-02-08 00:00:00,145.37653747967215,148.77653747967216,92.73329911371815
2023-02-08 01:00:00,145.37309175846397,148.77309175846398,92.37232197069679
2023-02-08 02:00:00,145.37241584459477,148.77241584459478,92.30159899541991
2023-02-08 03:00:00,145.36887800099018,148.76887800099018,91.93188653631087
2023-02-08 04:00:00,145.36679609392078,148.7667960939208,91.71468657585253
2023-02-08 05:00:00,145.3643063092478,148.76430630924781,91.455288402375
2023-02-08 06:00:00,145.3650162979148,148.7650162979148,91.52921916444066
2023-02-08 07:00:00,145.3646184089782,148.7646184089782,91.48778331692024
2023-02-08 08:00:00,145.3642005427076,148.7642005427076,91.44427767704296
2023-02-08 09:00:00,145.36290054270762,148.76290054270763,91.30899943602375
2023-02-08 10:00:00,145.35790254044102,148.75790254044102,90.78988984790581
2023-02-08 11:00:00,145.3634204067116,148.76342040671162,91.3630839231371
2023-02-08 12:00:00,145.3656402707156,148.7656402707156,91.59421909296681
2023-02-08 13:00:00,145.36361396019137,148.76361396019138,91.38322473158638
2023-02-08 14:00:00,145.36206379019637,148.76206379019638,91.22198262998478
2023-02-08 15:00:00,145.35949153180394,148.75949153180395,90.95475852238795
2023-02-08 16:00:00,145.36594535727573,148.76594535727574,91.6260091291294
2023-02-08 17:00:00,145.35891938674155,148.75891938674155,90.8953763683471
2023-02-08 18:00:00,145.35951727567812,148.75951727567812,90.9574309254619
2023-02-08 19:00:00,145.36024113514893,148.76024113514893,91.03258982275416
2023-02-08 20:00:00,145.35530106715092,148.75530106715092,90.52031069545833
2023-02-08 21:00:00,145.35818885409049,148.7581888540905,90.81958516435526
2023-02-08 22:00:00,145.35520860476447,148.75520860476448,90.51073703567526
2023-02-08 23:00:00,145.35766631237306,148.75766631237306,90.76539307450413
2023-02-09 00:00:00,145.35751991118482,148.75751991118483,90.75021307340856
2023-02-09 01:00:00,145.3548376641254,148.7548376641254,90.47233481488834
2023-02-09 02:00:00,145.3588674034664,148.7588674034664,90.88998211046042
2023-02-09 03:00:00,145.35950302267756,148.75950302267756,90.95595135427766
2023-02-09 04:00:00,145.35981090028116,148.75981090028117,90.9879142475194
2023-02-09 05:00:00,145.36364651949233,148.76364651949234,91.38661302052691
2023-02-09 06:00:00,145.3742243177649,148.77422431776492,92.49088875025885
2023-02-09 07:00:00,145.3728180979047,148.77281809790472,92.34368459582073
2023-02-09 08:00:00,145.37865982364607,148.77865982364608,92.9560041417742
2023-02-09 09:00:00,145.38450965365107,148.78450965365107,93.57128948178772
2023-02-09 10:00:00,145.38413351312187,148.78413351312187,93.53166343045638
2023-02-09 11:00:00,145.38772940432506,148.78772940432506,93.91084411814204
2023-02-09 12:00:00,145.40678111873342,148.80678111873343,95.93306480999236
2023-02-09 13:00:00,145.38948933632705,148.78948933632705,94.09671631776476
2023-02-09 14:00:00,145.40309122073043,148.80309122073044,95.53967030790308
2023-02-09 15:00:00,145.41024150405545,148.81024150405545,96.20868949720153
2023-02-09 16:00:00,145.4102881319037,148.81028813190372,96.21369351844258
2023-02-09 17:00:00,145.43086860788975,148.83086860788976,98.35263362047395
2023-02-09 18:00:00,145.43998903854376,148.83998903854376,99.34966654091721
2023-02-09 19:00:00,145.4481913762672,148.8481913762672,100.15888817472613
2023-02-09 20:00:00,145.4673018182542,148.86730181825422,102.28306297772255
2023-02-09 21:00:00,145.48611802678144,148.88611802678145,104.39855134150915
2023-02-09 22:00:00,145.49196831010647,148.89196831010648,104.95917871679059
2023-02-09 23:00:00,145.49464644836905,148.89464644836906,105.26429414442683
2023-02-10 00:00:00,145.4917587747595,148.8917587747595,104.9353276688364
2023-02-10 01:00:00,145.4910668790231,148.8910668790231,104.85659196102355
2023-02-10 02:00:00,145.4982688767565,148.8982688767565,105.67777944143045
2023-02-10 03:00:00,145.5026750966167,148.90267509661672,106.1819511108658
2023-02-10 04:00:00,145.51040917141452,148.91040917141453,107.07013280454193
2023-02-10 05:00:00,145.50033337087532,148.90033337087533,105.9138379628016
2023-02-10 06:00:00,145.50898942074053,148.90898942074054,106.90678097970701
2023-02-10 07:00:00,145.51610551593774,148.91610551593774,107.72692258519218
2023-02-10 08:00:00,145.52764957940255,148.92764957940255,109.06474326118159
2023-02-10 09:00:00,145.52860574259776,148.92860574259777,109.17595757229947
2023-02-10 10:00:00,145.53431784232816,148.93431784232817,109.72800791209056
2023-02-10 11:00:00,145.54256978339657,148.94256978339658,110.69700969374824
2023-02-10 12:00:00,145.54668587859376,148.94668587859377,111.18213598282975
2023-02-10 13:00:00,145.54800585592776,148.94800585592776,111.22345605597054
2023-02-10 14:00:00,145.55328787632718,148.95328787632718,111.85032022054271
2023-02-10 15:00:00,145.55047400552337,148.95047400552338,111.51612123242117
2023-02-10 16:00:00,145.5532481483192,148.9532481483192,111.84559779284992
2023-02-10 17:00:00,145.54855025938258,148.94855025938259,111.2879716151879
2023-02-10 18:00:00,145.5539242888484,148.9539242888484,111.92598551361957
2023-02-10 19:00:00,145.54990453817442,148.94990453817442,111.4485563809765
2023-02-10 20:00:00,145.55594272176901,148.95594272176902,112.16615801638257
2023-02-10 21:00:00,145.55702086003163,148.95702086003163,112.29456602832087
2023-02-10 22:00:00,145.57350887363123,148.97350887363123,114.26875442933986
2023-02-10 23:00:00,145.57492308442505,148.97492308442506,114.43899389589897
2023-02-11 00:00:00,145.58899100736065,148.98899100736065,116.14023471108422
2023-02-11 01:00:00,145.60185904362626,149.00185904362627,117.70868563885595
2023-02-11 02:00:00,145.61926503682645,149.01926503682645,116.82429385964983
2023-02-11 03:00:00,145.64479711389086,149.04479711389087,119.89224270370553
2023-02-11 04:00:00,145.67809911162425,149.07809911162425,124.01865442187905
2023-02-11 05:00:00,145.70713318642206,149.10713318642206,127.65217270576089
2023-02-11 06:00:00,145.74105527481947,149.14105527481948,132.0272579305814
2023-02-11 07:00:00,145.77085738588286,149.17085738588287,135.59721444009833
2023-02-11 08:00:00,145.79332542214848,149.1933254221485,138.58490047809357
2023-02-11 09:00:00,145.82187947428028,149.22187947428029,141.73045494331595
2023-02-11 10:00:00,145.80943329975207,149.20943329975208,140.703469316688
2023-02-11 11:00:00,145.83726726121986,149.23726726121987,143.6165959263922
2023-02-11 12:00:00,145.82515116602266,149.22515116602267,142.0736600228544
2023-02-11 13:00:00,145.84254505949247,149.24254505949247,144.4064280072357
2023-02-11 14:00:00,145.84239677390082,149.24239677390082,144.38419510170365
2023-02-11 15:00:00,145.8350884429772,149.2350884429772,143.29142402647994
2023-02-11 16:00:00,145.84766624124978,149.2476662412498,145.04970474362258
2023-02-11 17:00:00,145.83624814831919,149.2362481483192,143.46443614565794
2023-02-11 18:00:00,145.8134542548494,149.2134542548494,141.2807618893806
2023-02-11 19:00:00,145.81448222311698,149.214482223117,141.26171842437859
2023-02-11 20:00:00,145.811282109787,149.211282109787,140.96872504813706
2023-02-11 21:00:00,145.813801973791,149.213801973791,141.1635996779651
2023-02-11 22:00:00,145.80070785366115,149.20070785366116,139.63224341413448
2023-02-11 23:00:00,145.78838976073055,149.18838976073056,137.88734632156186
2023-02-12 00:00:00,145.79550374486436,149.19550374486437,138.89344183081457
2023-02-12 01:00:00,145.7873372530121,149.18733725301212,137.7388731086457
2023-02-12 02:00:00,145.77781328021132,149.17781328021132,136.56732049949062
2023-02-12 03:00:00,145.7727070603511,149.17270706035112,135.85477366657318
2023-02-12 04:00:00,145.7617808631569,149.1617808631569,134.33762567555317
2023-02-12 05:00:00,145.7513249266217,149.1513249266217,133.25535638036357
2023-02-12 06:00:00,145.7396367996921,149.1396367996921,131.83516986545138
2023-02-12 07:00:00,145.7305348019587,149.1305348019587,130.6064114664682
2023-02-12 08:00:00,145.72773679969208,149.1277367996921,130.23001674789708
2023-02-12 09:00:00,145.72355266822927,149.12355266822928,129.66832828737085
2023-02-12 10:00:00,145.71577452996667,149.11577452996667,128.79877823114455
2023-02-12 11:00:00,145.71306831010645,149.11306831010646,128.4390663347099
2023-02-12 12:00:00,145.70263611971205,149.10263611971206,127.0577789391012
2023-02-12 13:00:00,145.70136186358621,149.10136186358622,126.88964464631506
2023-02-12 14:00:00,145.6984376641254,149.0984376641254,126.67201247746564
2023-02-12 15:00:00,145.6905936006606,149.0905936006606,125.64493285478547
2023-02-12 16:00:00,145.6804876074604,149.0804876074604,124.32861463495443
2023-02-12 17:00:00,145.6763315575952,149.0763315575952,123.78955753285007
2023-02-12 18:00:00,145.6644014782642,149.06440147826422,122.24957069919861
2023-02-12 19:00:00,145.6661594125328,149.0661594125328,122.47580179487802
2023-02-12 20:00:00,145.6571994805308,149.0571994805308,121.32523640039204
2023-02-12 21:00:00,145.6471595258628,149.0471595258628,120.1917748208468
2023-02-12 22:00:00,145.6422095825278,149.04220958252782,119.56465129786766
2023-02-12 23:00:00,145.6362475394624,149.0362475394624,118.8117627878029
2023-02-13 00:00:00,145.6219215689282,149.0219215689282,117.15492951729374
2023-02-13 01:00:00,145.6271334419986,149.02713344199861,117.66604843780405
2023-02-13 02:00:00,145.61550735813438,149.01550735813439,119.25328856469832
2023-02-13 03:00:00,145.61425530373597,149.01425530373598,119.0984033708402
2023-02-13 04:00:00,145.6056213422682,149.0056213422682,118.03345154131293
2023-02-13 05:00:00,145.5958592992028,148.9958592992028,116.97593417187437
2023-02-13 06:00:00,145.59988116094019,148.9998811609402,117.46684492914194
2023-02-13 07:00:00,145.59873110427517,148.99873110427518,117.32635161434362
2023-02-13 08:00:00,145.59174708614236,148.99174708614237,116.47517878103564
2023-02-13 09:00:00,145.58884897054577,148.98884897054577,116.12298770231413
2023-02-13 10:00:00,145.59040490708097,148.99040490708097,116.31199747528461
2023-02-13 11:00:00,145.58780490708097,148.98780490708097,115.99625490155611
2023-02-13 12:00:00,145.58268082095015,148.98268082095015,115.37539586703221
2023-02-13 13:00:00,145.57775884588276,148.97775884588276,114.78078756362098
2023-02-13 14:00:00,145.57220878921774,148.97220878921775,114.11237961393742
2023-02-13 15:00:00,145.56708281868356,148.96708281868356,113.4970066576928
2023-02-13 16:00:00,145.57146683681634,148.97146683681635,114.02319149615582
2023-02-13 17:00:00,145.56662300001156,148.96662300001157,113.44189764471886
2023-02-13 18:00:00,145.56248915187376,148.96248915187377,112.94714141578538
2023-02-13 19:00:00,145.56453321533857,148.96453321533858,113.1916297240065
2023-02-13 20:00:00,145.55820136493418,148.95820136493418,112.4352624575655
2023-02-13 21:00:00,145.55552756212842,148.95552756212842,112.11673425354351
2023-02-13 22:00:00,145.5492136913246,148.94921369132462,111.36662198075865
2023-02-13 23:00:00,145.544395711724,148.944395711724,110.91206872297849
2023-02-14 00:00:00,145.54057596105002,148.94057596105003,110.46244284193946
2023-02-14 01:00:00,145.54177196558322,148.94177196558323,110.60311551870677
2023-02-14 02:00:00,145.53715986585283,148.93715986585283,110.06119851639104
2023-02-14 03:00:00,145.53132601771503,148.93132601771504,109.37786945379175
2023-02-14 04:00:00,145.53266996784984,148.93266996784985,109.53507625993387
2023-02-14 05:00:00,145.52700204491424,148.92700204491425,108.98946174408285
2023-02-14 06:00:00,145.52605210157924,148.92605210157924,108.87907407454392
2023-02-14 07:00:00,145.51400415597766,148.91400415597766,107.48437703787575
2023-02-14 08:00:00,145.51806608571303,148.91806608571304,107.95348958019734
2023-02-14 09:00:00,145.51928206758024,148.91928206758024,108.09414239592684
2023-02-14 10:00:00,145.51818994518382,148.91818994518383,107.9678118127724
2023-02-14 11:00:00,145.51915587038602,148.91915587038602,108.07954045817488
2023-02-14 12:00:00,145.5155196845248,148.9155196845248,107.65927376249093
2023-02-14 13:00:00,145.5127815009302,148.9127815009302,107.34339325306313
2023-02-14 14:00:00,145.51313321533857,148.91313321533858,107.38393880371777
2023-02-14 15:00:00,145.50574120627218,148.90574120627218,106.53357203478129
2023-02-14 16:00:00,145.50194297734555,148.90194297734556,106.09808741168494
2023-02-14 17:00:00,145.49998492974697,148.89998492974698,105.87397587881281
2023-02-14 18:00:00,145.49080468042095,148.89080468042096,104.8267631911685
2023-02-14 19:00:00,145.4937583925627,148.89375839256272,105.1630645826836
2023-02-14 20:00:00,145.4874998916441,148.8874998916441,104.55484545682718
2023-02-14 21:00:00,145.4785523993625,148.87855239936252,103.54510697916861
2023-02-14 22:00:00,145.48671444242794,148.88671444242794,104.46599260258024
2023-02-14 23:00:00,145.48338213870352,148.88338213870352,104.08948731595581
2023-02-15 00:00:00,145.48083396644188,148.88083396644188,103.80207790861138
2023-02-15 01:00:00,145.4731158735113,148.8731158735113,102.93419960701928
2023-02-15 02:00:00,145.4711118780445,148.8711118780445,102.70950858948301
2023-02-15 03:00:00,145.4703138757779,148.8703138757779,102.62011042648041
2023-02-15 04:00:00,145.47009578284727,148.87009578284727,102.59568547416725
2023-02-15 05:00:00,145.46575793924268,148.86575793924268,102.11054046949276
2023-02-15 06:00:00,145.4634320820385,148.8634320820385,101.85093812642553
2023-02-15 07:00:00,145.4558344197619,148.85583441976192,101.00546481289064
2023-02-15 08:00:00,145.45562254669153,148.85562254669154,100.98194340363224
2023-02-15 09:00:00,145.45842676881836,148.85842676881836,101.29350454480083
2023-02-15 10:00:00,145.44577305667656,148.84577305667656,99.89185195960306
2023-02-15 11:00:00,145.45805895921276,148.85805895921277,101.25260898134177
2023-02-15 12:00:00,145.44936917453978,148.8493691745398,100.28908748413119
2023-02-15 13:00:00,145.45344908387577,148.85344908387577,100.74082888899159
2023-02-15 14:00:00,145.44434708614236,148.84434708614236,99.73457996955405
2023-02-15 15:00:00,145.44678304534358,148.84678304534359,100.00332869343026
2023-02-15 16:00:00,145.43965519040597,148.83965519040598,99.31307442796046
2023-02-15 17:00:00,145.4368033626676,148.8368033626676,99.00079186512579
2023-02-15 18:00:00,145.439145428399,148.839145428399,99.25721500739542
2023-02-15 19:00:00,145.43303566639202,148.83303566639202,98.58903818869028
2023-02-15 20:00:00,145.4377975961274,148.83779759612742,99.10960243404065
2023-02-15 21:00:00,145.4403576414594,148.8403576414594,99.39007650715003
2023-02-15 22:00:00,145.43980570039102,148.83980570039103,99.32957048068297
2023-02-15 23:00:00,145.43806585905304,148.83806585905305,99.13897268948826
2023-02-16 00:00:00,145.43454576838903,148.83454576838903,98.75395803571992
2023-02-16 01:00:00,145.43271979785482,148.83271979785482,98.55456082038168
2023-02-16 02:00:00,145.4281195711948,148.8281195711948,98.05318625011795
2023-02-16 03:00:00,145.4252215689282,148.8252215689282,97.73805233038618
2023-02-16 04:00:00,145.4198594125328,148.8198594125328,97.15642661027654
2023-02-16 05:00:00,145.42490102494418,148.82490102494418,97.70322988983273
2023-02-16 06:00:00,145.43163509974198,148.831635099742,98.43621492873959
2023-02-16 07:00:00,145.44243532640198,148.84243532640198,99.61801972306776
2023-02-16 08:00:00,145.46944542839898,148.869445428399,102.52286909516812
2023-02-16 09:00:00,145.71385884588275,149.11385884588276,128.54408553472996
2023-02-16 10:00:00,145.76917283001654,149.16917283001655,135.3629037421553
2023-02-16 11:00:00,145.71773886854876,149.11773886854877,129.0602370697262
2023-02-16 12:00:00,145.72968470308695,149.12968470308695,130.49198753851417
2023-02-16 13:00:00,145.76296638349632,149.16296638349633,134.50174123462273
2023-02-16 14:00:00,145.7924021160375,149.1924021160375,138.45424744299686
2023-02-16 15:00:00,145.81201176471447,149.21201176471448,141.07349563615267
2023-02-16 16:00:00,145.8146558281793,149.2146558281793,141.28676593557344
2023-02-16 17:00:00,145.8288779165767,149.2288779165767,142.49303364973707
2023-02-16 18:00:00,145.88103773524867,149.28103773524867,149.89127396968047
2023-02-16 19:00:00,145.93696981231307,149.33696981231307,157.77849768982145
2023-02-16 20:00:00,145.9583857941803,149.3583857941803,160.3007596232225
2023-02-16 21:00:00,145.98478779191367,149.38478779191368,164.10366604251337
2023-02-16 22:00:00,145.9753761455033,149.3753761455033,162.67139524348352
2023-02-16 23:00:00,145.97873053762513,149.37873053762513,163.03954718414937
2023-02-17 00:00:00,145.98143664415534,149.38143664415534,163.514206506132
2023-02-17 01:00:00,145.99404697281236,149.39404697281236,165.63454223221618
2023-02-17 02:00:00,145.97899914054076,149.37899914054077,163.08660738145807
2023-02-17 03:00:00,145.944355303736,149.344355303736,158.8541623519257
2023-02-17 04:00:00,145.9695813876002,149.3695813876002,161.77815181177795
2023-02-17 05:00:00,145.948165632393,149.348165632393,159.48380209621772
2023-02-17 06:00:00,145.95810992251782,149.35810992251783,160.25427034548207
2023-02-17 07:00:00,145.96954233957226,149.36954233957226,161.77140913145928
2023-02-17 08:00:00,145.9579245866317,149.3579245866317,160.22304402366953
2023-02-17 09:00:00,146.00776676569308,149.40776676569308,167.7523637958786
2023-02-17 10:00:00,145.98116721901312,149.38116721901312,163.46689483388568
2023-02-17 11:00:00,146.00747543660674,149.40747543660675,167.69952768930668
2023-02-17 12:00:00,146.00130363153434,149.40130363153435,166.81757137440613
2023-02-17 13:00:00,145.97941573126477,149.37941573126477,163.1596189457814
2023-02-17 14:00:00,145.95308776299717,149.35308776299718,160.03113248315051
2023-02-17 15:00:00,145.92013981739555,149.32013981739556,155.78842863441636
2023-02-17 16:00:00,145.90330796699118,149.30330796699118,153.25221587872832
2023-02-17 17:00:00,145.89756823898318,149.2975682389832,152.34495034091205
2023-02-17 18:00:00,145.85539454950742,149.25539454950743,146.21915320535857
2023-02-17 19:00:00,145.84011075803463,149.24011075803463,144.04175071322362
2023-02-17 20:00:00,145.81460687589785,149.21460687589786,141.2797028836333
2023-02-17 21:00:00,145.80176104135964,149.20176104135965,139.78204746056127
2023-02-17 22:00:00,145.78997525215345,149.18997525215346,138.11118949132077
2023-02-17 23:00:00,145.77175116602265,149.17175116602266,135.7216326993517
2023-02-18 00:00:00,145.75329323175407,149.15329323175408,133.52468354742493
2023-02-18 01:00:00,145.73961332241808,149.13961332241809,131.83199195263575
2023-02-18 02:00:00,145.72518335641706,149.12518335641707,129.88706881446015
2023-02-18 03:00:00,145.72088124535367,149.12088124535367,129.47912158100056
2023-02-18 04:00:00,145.70825938361628,149.10825938361629,127.80127471306854
2023-02-18 05:00:00,145.6997715966767,149.0997715966767,126.84714019808432
2023-02-18 06:00:00,145.6923196556083,149.0923196556083,125.87053489912441
2023-02-18 07:00:00,145.68863940628228,149.08863940628228,125.3897868413733
2023-02-18 08:00:00,145.6772335264121,149.0772335264121,123.9064338324816
2023-02-18 09:00:00,145.6709816986737,149.0709816986737,123.0976156522293
2023-02-18 10:00:00,145.6667695989433,149.0667695989433,122.55438347612824
2023-02-18 11:00:00,145.6630235377451,149.0630235377451,122.07240885655295
2023-02-18 12:00:00,145.64881543348147,149.04881543348148,120.40197971997743
2023-02-18 13:00:00,145.64732519548846,149.04732519548847,120.21279601157735
2023-02-18 14:00:00,145.63266292576304,149.03266292576305,118.36039462088301
2023-02-18 15:00:00,145.63203861297222,149.03203861297223,118.28188210827952
2023-02-18 16:00:00,145.63087057670663,149.03087057670663,118.13507148101988
2023-02-18 17:00:00,145.6199184089782,149.0199184089782,116.90556516402866
2023-02-18 18:00:00,145.6110643568464,149.01106435684642,118.7041840145269
2023-02-18 19:00:00,145.6056703500466,149.0056703500466,118.03948102030179
2023-02-18 20:00:00,145.60500020271758,149.00500020271758,117.95704730725997
2023-02-18 21:00:00,145.59526024804958,148.9952602480496,116.9029115440603
2023-02-18 22:00:00,145.59430808032118,148.9943080803212,116.78689730003153
2023-02-18 23:00:00,145.58844803498917,148.98844803498918,116.07431130271178
2023-02-19 00:00:00,145.58766578792975,148.98766578792976,115.97937388438793
2023-02-19 01:00:00,145.57881550460473,148.97881550460474,114.90829339878438
2023-02-19 02:00:00,145.57748930741053,148.97748930741054,114.7482754257679
2023-02-19 03:00:00,145.56930129381092,148.96930129381093,113.76310316202593
2023-02-19 04:00:00,145.57069918274752,148.97069918274752,113.93095539988795
2023-02-19 05:00:00,145.56287509661672,148.96287509661673,112.99328081531466
2023-02-19 06:00:00,145.5644449039557,148.9644449039557,113.18106067195771
2023-02-19 07:00:00,145.5580747566267,148.9580747566267,112.42016804461993
2023-02-19 08:00:00,145.5592706478299,148.9592706478299,112.56278999065496
2023-02-19 09:00:00,145.5490846319637,148.9490846319637,111.35131938963579
2023-02-19 10:00:00,145.55010638037106,148.95010638037107,111.47250139624462
2023-02-19 11:00:00,145.54474833277246,148.94474833277246,110.95362755536014
2023-02-19 12:00:00,145.54130626704105,148.94130626704106,110.54832866708315
2023-02-19 13:00:00,145.53745198824925,148.93745198824925,110.09547829077117
2023-02-19 14:00:00,145.53154765279243,148.93154765279243,109.40378615842747
2023-02-19 15:00:00,145.5294394351988,148.92943943519882,109.15740385748569
2023-02-19 16:00:00,145.5244813876002,148.9244813876002,108.6966845341756
2023-02-19 17:00:00,145.520935326402,148.920935326402,108.2855367610027
2023-02-19 18:00:00,145.52975507707598,148.92975507707598,109.1942721986602
2023-02-19 19:00:00,145.52670313600757,148.92670313600757,108.95472058444341
2023-02-19 20:00:00,145.52492910654178,148.92492910654178,108.74865607279665
2023-02-19 21:00:00,145.52561101361115,148.92561101361116,108.82783851030152
2023-02-19 22:00:00,145.52220302267756,148.92220302267756,108.43242143911502
2023-02-19 23:00:00,145.52476695014636,148.92476695014636,108.7298312675957
2023-02-20 00:00:00,145.52185684814935,148.92185684814936,108.39230023668284
2023-02-20 01:00:00,145.52234286401554,148.92234286401555,108.44863119109428
2023-02-20 02:00:00,145.51265696147937,148.91265696147937,107.3290384043362
2023-02-20 03:00:00,145.51493487308196,148.91493487308196,107.59176610103029
2023-02-20 04:00:00,145.51265262602254,148.91265262602255,107.3285387036686
2023-02-20 05:00:00,145.51264052629213,148.91264052629214,107.32714410694619
2023-02-20 06:00:00,145.51501666682134,148.91501666682134,107.60120654930012
2023-02-20 07:00:00,145.50839046962713,148.90839046962714,106.83790907882369
2023-02-20 08:00:00,145.50665451042593,148.90665451042594,106.63843444877696
2023-02-20 09:00:00,145.50282654215835,148.90282654215835,106.1993036845978
2023-02-20 10:00:00,145.50183253535855,148.90183253535855,106.08543956895795
2023-02-20 11:00:00,145.50302443109493,148.90302443109493,106.22198010295413
2023-02-20 12:00:00,145.49884629283233,148.89884629283233,105.74377279120658
2023-02-20 13:00:00,145.4973759188433,148.8973759188433,105.57576784261815
2023-02-20 14:00:00,145.49378556752026,148.89378556752027,105.1661614497879
2023-02-20 15:00:00,145.48874938165906,148.88874938165907,104.59310916210491
2023-02-20 16:00:00,145.48903328646185,148.88903328646185,104.62536708626835
2023-02-20 17:00:00,145.49159122073044,148.89159122073045,104.91625746930097
2023-02-20 18:00:00,145.48929532952724,148.88929532952724,104.65514598953816
2023-02-20 19:00:00,145.49028733859365,148.89028733859365,104.76792226923752
2023-02-20 20:00:00,145.48353351312187,148.88353351312188,104.10657453262021
2023-02-20 21:00:00,145.48298756525367,148.88298756525367,104.04495486032009
2023-02-20 22:00:00,145.47419367178387,148.87419367178387,103.05515541173156
2023-02-20 23:00:00,145.4760397329821,148.8760397329821,103.26251034617663
2023-02-21 00:00:00,145.47360754258767,148.87360754258768,102.98936745785204
2023-02-21 01:00:00,145.47078556752027,148.87078556752027,102.6729476824921
2023-02-21 02:00:00,145.46791142472446,148.86791142472447,102.35122832890227
2023-02-21 03:00:00,145.46508534086024,148.86508534086025,102.035430406977
2023-02-21 04:00:00,145.46376924566303,148.86376924566304,101.88854830044563
2023-02-21 05:00:00,145.46730897367104,148.86730897367104,102.28386294147104
2023-02-21 06:00:00,145.46505326379585,148.86505326379586,102.03184907501011
2023-02-21 07:00:00,145.46057147005646,148.86057147005647,101.53214917962445
2023-02-21 08:00:00,145.45451176471448,148.8545117647145,100.85867805574524
2023-02-21 09:00:00,145.4473259755083,148.8473259755083,100.0632829262887
2023-02-21 10:00:00,145.44787825656672,148.84787825656673,100.1242903519177
2023-02-21 11:00:00,145.44849646282734,148.84849646282734,100.19260480443099
2023-02-21 12:00:00,145.44790068495413,148.84790068495414,100.12676833038316
2023-02-21 13:00:00,145.44608270535355,148.84608270535355,99.92602180688097
2023-02-21 14:00:00,145.44752865322175,148.84752865322176,100.0856691964262
2023-02-21 15:00:00,145.44541078695116,148.84541078695116,99.8518836582077
2023-02-21 16:00:00,145.44349480508396,148.84349480508396,99.6406471205739
2023-02-21 17:00:00,145.44028093428017,148.84028093428017,99.38166635955625
2023-02-21 18:00:00,145.43615696147936,148.83615696147936,98.93008345193779
2023-02-21 19:00:00,145.43280102494415,148.83280102494416,98.56342621171399
2023-02-21 20:00:00,145.43238104761016,148.83238104761017,98.51759318765096
2023-02-21 21:00:00,145.43132699547837,148.83132699547838,98.40261336793088
2023-02-21 22:00:00,145.42326706347637,148.82326706347638,97.52582935180875
2023-02-21 23:00:00,145.42017693881337,148.82017693881338,97.19081519370526
2023-02-22 00:00:00,145.41770479375094,148.81770479375095,97.0113985529961
2023-02-22 01:00:00,145.41378447642694,148.81378447642695,96.5893097576053
2023-02-22 02:00:00,145.41776250135953,148.81776250135954,97.01761904848657
2023-02-22 03:00:00,145.41447637216334,148.81447637216334,96.6637331111522
2023-02-22 04:00:00,145.4127121047045,148.8127121047045,96.47402090849282
2023-02-22 05:00:00,145.4088240911049,148.8088240911049,96.15123127076521
2023-02-22 06:00:00,145.4084238644449,148.8084238644449,96.10847153544691
2023-02-22 07:00:00,145.40602763325168,148.8060276332517,95.85266526310525
2023-02-22 08:00:00,145.41202164005148,148.81202164005148,96.3998289677045
2023-02-22 09:00:00,145.41014161738548,148.81014161738548,96.19797029633833
2023-02-22 10:00:00,145.4143457261823,148.8143457261823,96.64967792231563
2023-02-22 11:00:00,145.40736370578287,148.80736370578288,95.9952526247903
2023-02-22 12:00:00,145.40836347912287,148.80836347912287,96.10202088742604
2023-02-22 13:00:00,145.40119721393063,148.80119721393064,95.3380657450078
2023-02-22 14:00:00,145.39196713459964,148.79196713459964,94.35872769757015
2023-02-22 15:00:00,145.39860286714082,148.79860286714083,95.0622706508915
2023-02-22 16:00:00,145.3987448195422,148.7987448195422,95.07735041563127
2023-02-22 17:00:00,145.404088656347,148.804088656347,95.64592887002644
2023-02-22 18:00:00,145.4067967606106,148.8067967606106,95.93473422003412
2023-02-22 19:00:00,145.4017447062122,148.80174470621222,95.39632016670325
2023-02-22 20:00:00,145.39405292380582,148.79405292380582,94.57957906329788
2023-02-22 21:00:00,145.40188322979685,148.80188322979686,95.41106229536854
2023-02-22 22:00:00,145.41756924566303,148.81756924566304,96.9967882041147
2023-02-22 23:00:00,145.41959744059065,148.81959744059066,97.12805968103045
2023-02-23 00:00:00,145.43363762191868,148.83363762191868,98.65476041509876
2023-02-23 01:00:00,145.43762175338148,148.83762175338148,99.09035318800527
2023-02-23 02:00:00,145.4526220933715,148.8526220933715,100.64917032728015
2023-02-23 03:00:00,145.4777941251039,148.87779412510392,103.45978025608254
2023-02-23 04:00:00,145.4892643857629,148.8892643857629,104.65162925333836
2023-02-23 05:00:00,145.49492054895813,148.89492054895814,105.29554990543652
2023-02-23 06:00:00,145.49985861922275,148.89985861922275,105.8595278688484
2023-02-23 07:00:00,145.50155074161916,148.90155074161916,106.05317228666149
2023-02-23 08:00:00,145.50405884588275,148.90405884588276,106.34055922567727
2023-02-23 09:00:00,145.49455907254276,148.89455907254276,105.25433174785896
2023-02-23 10:00:00,145.49529303401056,148.89529303401056,105.33803279406692
2023-02-23 11:00:00,145.49193920853878,148.8919392085388,104.95586595365994
2023-02-23 12:00:00,145.50231312467457,148.90231312467458,106.14048289361112
2023-02-23 13:00:00,145.49803532640198,148.89803532640198,105.65109331403193
2023-02-23 14:00:00,145.498015349068,148.898015349068,105.64881082174624
2023-02-23 15:00:00,145.494495485064,148.894495485064,105.24708197730902
2023-02-23 16:00:00,145.5021174601314,148.9021174601314,106.1180709327981
2023-02-23 17:00:00,145.50767961652681,148.90767961652682,106.7562017712599
2023-02-23 18:00:00,145.50730592705102,148.90730592705103,106.71326282994353
2023-02-23 19:00:00,145.51317818544345,148.91317818544346,107.3891235564345
2023-02-23 20:00:00,145.51571670902808,148.9157167090281,107.682022531144
2023-02-23 21:00:00,145.52064313288233,148.92064313288233,108.25169657319681
2023-02-23 22:00:00,145.52211561793476,148.92211561793476,108.42229056715243
2023-02-23 23:00:00,145.51846213245298,148.918462132453,107.9992892981504
2023-02-24 00:00:00,145.5174063092478,148.9174063092478,107.87721533361474
2023-02-24 01:00:00,145.51524860163923,148.91524860163923,107.62797842666619
2023-02-24 02:00:00,145.50916891896324,148.90916891896325,106.92742582424728
2023-02-24 03:00:00,145.51319722722087,148.91319722722088,107.39131898786368
2023-02-24 04:00:00,145.51326937228328,148.91326937228328,107.39963721454858
2023-02-24 05:00:00,145.5113797009403,148.9113797009403,107.1818781849711
2023-02-24 06:00:00,145.51232598879852,148.91232598879853,107.29089450318132
2023-02-24 07:00:00,145.51630412706112,148.91630412706112,107.7498625038552
2023-02-24 08:00:00,145.51078837185395,148.91078837185395,107.11378572267624
2023-02-24 09:00:00,145.51391046025134,148.91391046025134,107.47356941085206
2023-02-24 10:00:00,145.52013443305214,148.92013443305214,108.19279573411875
2023-02-24 11:00:00,145.51992255998175,148.91992255998176,108.1682687824654
2023-02-24 12:00:00,145.52439059624737,148.92439059624738,108.6861470697742
2023-02-24 13:00:00,145.52933243531874,148.92933243531874,109.14490740333197
2023-02-24 14:00:00,145.54479413839414,148.94479413839414,110.95902670375877
2023-02-24 15:00:00,145.56164385506912,148.96164385506913,112.84612433610961
2023-02-24 16:00:00,145.57368780520392,148.97368780520392,114.2902858898886
2023-02-24 17:00:00,145.5917377485389,148.9917377485389,116.4740430794718
2023-02-24 18:00:00,145.61684785053592,149.01684785053592,119.41924038069423
2023-02-24 19:00:00,145.6447919140007,149.0447919140007,119.89158387024759
2023-02-24 20:00:00,145.67453586413552,149.07453586413553,123.55705963343513
2023-02-24 21:00:00,145.7009558414695,149.1009558414695,126.83609806024992
2023-02-24 22:00:00,145.7118036737411,149.1118036737411,128.27116654228473
2023-02-24 23:00:00,145.7336334130821,149.1336334130821,131.02397664089074
2023-02-25 00:00:00,145.74482919095527,149.14482919095528,132.3687843501101
2023-02-25 01:00:00,145.72888067870363,149.12888067870364,130.3838185597239
2023-02-25 02:00:00,145.75469666057083,149.15469666057083,133.71691108935977
2023-02-25 03:00:00,145.7641743455134,149.1641743455134,134.66908857512414
2023-02-25 04:00:00,145.7627701233866,149.1627701233866,134.47456388574793
2023-02-25 05:00:00,145.738092211784,149.138092211784,131.62618622517203
2023-02-25 06:00:00,145.768702200451,149.168702200451,135.29748597580615
2023-02-25 07:00:00,145.77165391485937,149.17165391485938,135.70809155918403
2023-02-25 08:00:00,145.76590174713095,149.16590174713096,134.90861671371164
2023-02-25 09:00:00,145.77294780832915,149.17294780832916,135.8883184534357
2023-02-25 10:00:00,145.76335779699616,149.16335779699617,134.55595263093292
2023-02-25 11:00:00,145.76427366553335,149.16427366553336,134.68285368059375
2023-02-25 12:00:00,145.76533559526874,149.16533559526874,134.8300835103223
2023-02-25 13:00:00,145.77100951140454,149.17100951140455,135.6183861448752
2023-02-25 14:00:00,145.76476133914292,149.16476133914293,134.75045443138066
2023-02-25 15:00:00,145.76131116914792,149.16131116914792,134.27263801608171
2023-02-25 16:00:00,145.7665190467515,149.16651904675152,134.99427638698475
2023-02-25 17:00:00,145.7456411351489,149.1456411351489,132.47941341464383
2023-02-25 18:00:00,145.75864513061572,149.15864513061572,134.2585959574505
2023-02-25 19:00:00,145.7556810898169,149.1556810898169,133.85184436302748
2023-02-25 20:00:00,145.74522715101511,149.14522715101512,132.42300045961036
2023-02-25 21:00:00,145.74456299688632,149.14456299688632,132.33252664957845
2023-02-25 22:00:00,145.74016899008652,149.14016899008652,131.90721960258725
2023-02-25 23:00:00,145.74310084049088,149.1431008404909,132.1334734354237
2023-02-26 00:00:00,145.7288328042253,149.1288328042253,130.3773794277246
2023-02-26 01:00:00,145.7313507838259,149.1313507838259,130.7162976703937
2023-02-26 02:00:00,145.72087275889328,149.12087275889328,129.47798928459792
2023-02-26 03:00:00,145.7152067203611,149.1152067203611,128.72325732113083
2023-02-26 04:00:00,145.71287064782987,149.11287064782988,128.41281540403565
2023-02-26 05:00:00,145.70666265689627,149.10666265689628,127.58990676165718
2023-02-26 06:00:00,145.70542258889827,149.10542258889828,127.425889716197
2023-02-26 07:00:00,145.70166265689627,149.10166265689628,126.92932191601483
2023-02-26 08:00:00,145.6962927362273,149.0962927362273,126.39069574583746
2023-02-26 09:00:00,145.69272869542849,149.0927286954285,125.92403132169191
2023-02-26 10:00:00,145.68986254356628,149.08986254356628,125.5494494757225
2023-02-26 11:00:00,145.69006642570307,149.09006642570307,125.5760744183886
2023-02-26 12:00:00,145.68504622170906,149.08504622170906,124.921411278286
2023-02-26 13:00:00,145.68282002451483,149.08282002451483,124.6317201736625
2023-02-26 14:00:00,145.6731118069212,149.07311180692122,123.37285602182197
2023-02-26 15:00:00,145.66425575705603,149.06425575705603,122.23082836539152
2023-02-26 16:00:00,145.6589076981244,149.05890769812441,121.54411191710422
2023-02-26 17:00:00,145.665045541729,149.065045541729,122.33242838754062
2023-02-26 18:00:00,145.656515575728,149.056515575728,121.23767062363723
2023-02-26 19:00:00,145.6544115802612,149.05441158026122,120.96850750005026
2023-02-26 20:00:00,145.6448975961274,149.0448975961274,119.90497434667554
2023-02-26 21:00:00,145.6472674034664,149.0472674034664,120.20546276582199
2023-02-26 22:00:00,145.6396314442652,149.0396314442652,119.23875279460215
2023-02-26 23:00:00,145.6344274487984,149.0344274487984,118.58245824165543
2023-02-27 00:00:00,145.63691323800458,149.0369132380046,118.89569377328971
2023-02-27 01:00:00,145.63184697281235,149.03184697281236,118.25778771449181
2023-02-27 02:00:00,145.63076284134956,149.03076284134957,118.12153543950674
2023-02-27 03:00:00,145.62606250135954,149.02606250135955,117.53183801605121
2023-02-27 04:00:00,145.61909423843392,149.01909423843392,119.6976341256607
2023-02-27 05:00:00,145.61650776924768,149.01650776924768,119.37712623675931
2023-02-27 06:00:00,145.61054972164908,149.01054972164908,118.64067390595311
2023-02-27 07:00:00,145.61282729326163,149.01282729326164,118.9218908697385
2023-02-27 08:00:00,145.61234904166903,149.01234904166904,118.86280869200922
2023-02-27 09:00:00,145.6098925384838,149.0098925384838,118.55960032342938
2023-02-27 10:00:00,145.60562781770494,149.00562781770495,118.03424821109643
2023-02-27 11:00:00,145.6030335842451,149.00303358424512,117.71532657009226
2023-02-27 12:00:00,145.60259894279727,149.00259894279728,117.66194219191941
2023-02-27 13:00:00,145.59336652574285,148.99336652574286,116.67223933435884
2023-02-27 14:00:00,145.59203765083518,148.9920376508352,116.51052228560786
2023-02-27 15:00:00,145.58810357603738,148.9881035760374,116.03250068196343
2023-02-27 16:00:00,145.5771678434962,148.9771678434962,114.70950675196374
2023-02-27 17:00:00,145.57944831948222,148.97944831948223,114.98469264889931
2023-02-27 18:00:00,145.58844477733547,148.98844477733547,116.07391584738876
2023-02-27 19:00:00,145.60129506066048,149.00129506066048,117.63969787415013
2023-02-27 20:00:00,145.6150413485187,149.0150413485187,119.19562758944497
2023-02-27 21:00:00,145.61165567264254,149.01165567264255,118.77718096828454
2023-02-27 22:00:00,145.61572393556816,149.01572393556816,119.28009181444409
2023-02-27 23:00:00,145.61230629595758,149.0123062959576,118.85752878974228
2023-02-28 00:00:00,145.6095766699466,149.0095766699466,118.52064432743592
2023-02-28 01:00:00,145.60571108473442,149.00571108473443,118.04449278585737
2023-02-28 02:00:00,145.61428123206343,149.01428123206344,119.10160967360827
2023-02-28 03:00:00,145.62721741792467,149.02721741792467,117.67657601077964
2023-02-28 04:00:00,145.64185160605246,149.04185160605246,119.51936996577425
2023-02-28 05:00:00,145.66241387577787,149.06241387577788,121.99407155473435
2023-02-28 06:00:00,145.6820162135013,149.0820162135013,124.52721504881463
2023-02-28 07:00:00,145.69805239936252,149.09805239936253,126.62145750239718
2023-02-28 08:00:00,145.70560679148434,149.10560679148435,127.4502455605544
2023-02-28 09:00:00,145.72131689348134,149.12131689348135,129.36876897034543
2023-02-28 10:00:00,145.71705519040597,149.11705519040598,128.96920348529477
2023-02-28 11:00:00,145.7125193445348,149.1125193445348,128.3661674113035
2023-02-28 12:00:00,145.7071674034664,149.1071674034664,127.6567013804694
2023-02-28 13:00:00,145.7014074714644,149.1014074714644,126.89566026695648
2023-02-28 14:00:00,145.699115349068,149.099115349068,126.76096664078798
2023-02-28 15:00:00,145.68896940119978,149.0889694011998,125.43285157162305
2023-02-28 16:00:00,145.68770125160418,149.0877012516042,125.26740203278281
2023-02-28 17:00:00,145.6915811609402,149.0915811609402,125.77398294916189
2023-02-28 18:00:00,145.68889514507399,149.088895145074,125.42316033260694
2023-02-28 19:00:00,145.68572134226818,149.0857213422682,125.00933857515598
2023-02-28 20:00:00,145.69521323800458,149.0952132380046,126.2492473644779
2023-02-28 21:00:00,145.70408715414038,149.1040871541404,127.24939397930055
2023-02-28 22:00:00,145.70127716547339,149.1012771654734,126.87847350780729
2023-02-28 23:00:00,145.7079891518738,149.1079891518738,127.76548852580702
2023-03-01 00:00:00,145.71984297734556,149.11984297734557,129.34063347311067
2023-03-01 01:00:00,145.75074086628214,149.15074086628215,133.17549923850166
2023-03-01 02:00:00,145.80718070762015,149.20718070762015,140.55446465206006
2023-03-01 03:00:00,145.91278247869354,149.31278247869355,154.60884287665442
2023-03-01 04:00:00,146.0183422973655,149.4183422973655,169.56902369213216
2023-03-01 05:00:00,146.0752381885687,149.4752381885687,179.50714188255276
2023-03-01 06:00:00,146.11567226336652,149.51567226336653,187.25828679383363
2023-03-01 07:00:00,146.1434082225677,149.5434082225677,192.74243399083488
2023-03-01 08:00:00,146.17158036763013,149.57158036763013,198.2936721757326
2023-03-01 09:00:00,146.13778647416032,149.53778647416033,191.55261069830303
2023-03-01 10:00:00,146.16954252402553,149.56954252402554,197.84814919164398
2023-03-01 11:00:00,146.19841444242792,149.59841444242792,204.0978648757303
2023-03-01 12:00:00,146.2169843630969,149.61698436309692,208.3240527467735
2023-03-01 13:00:00,146.2250500616391,149.62505006163912,210.18078306283041
2023-03-01 14:00:00,146.1923779165767,149.5923779165767,202.73876883803885
2023-03-01 15:00:00,146.21661165138448,149.6166116513845,208.23856211494754
2023-03-01 16:00:00,146.20110354712085,149.60110354712086,204.70563690575685
2023-03-01 17:00:00,146.21224749725565,149.61224749725565,207.23956526576973
2023-03-01 18:00:00,146.20285725926266,149.60285725926266,205.10277087849818
2023-03-01 19:00:00,146.20240931366104,149.60240931366104,205.0012741533712
2023-03-01 20:00:00,146.18821553352126,149.58821553352126,201.80586026504545
2023-03-01 21:00:00,146.1859359641753,149.5859359641753,201.29641244376967
2023-03-01 22:00:00,146.1797162135013,149.5797162135013,199.91169909965552
2023-03-01 23:00:00,146.1471941251039,149.5471941251039,193.54712168566314
