SW2,ElevRaw,waterStage,flowm3s
2023-01-01 00:00:00,145.26278594971703,148.66278594971703,23.208499437050587
2023-01-01 01:00:00,145.27300381598764,148.67300381598764,23.630534938233932
2023-01-01 02:00:00,145.2924937139906,148.69249371399061,24.00077933893422
2023-01-01 03:00:00,145.3023537593226,148.70235375932262,24.41913761084912
2023-01-01 04:00:00,145.31845775478942,148.71845775478943,25.108627871722106
2023-01-01 05:00:00,145.32757185225321,148.72757185225322,25.502242834349737
2023-01-01 06:00:00,145.33269782278742,148.73269782278743,25.724695472118434
2023-01-01 07:00:00,145.33625775478941,148.73625775478942,25.879640867608142
2023-01-01 08:00:00,145.33412790211844,148.73412790211844,25.78689468834971
2023-01-01 09:00:00,145.33187807211345,148.73187807211346,25.689068707683266
2023-01-01 10:00:00,145.32964011517885,148.72964011517885,25.59190659513557
2023-01-01 11:00:00,145.32829205624725,148.72829205624726,25.533450981024494
2023-01-01 12:00:00,145.32299005851382,148.72299005851383,25.304060556658733
2023-01-01 13:00:00,145.31633400864862,148.71633400864863,25.01726070440453
2023-01-01 14:00:00,145.31272401998163,148.71272401998164,24.86225873716803
2023-01-01 15:00:00,145.31107396331663,148.71107396331664,24.791538676845754
2023-01-01 16:00:00,145.30159816277745,148.70159816277746,24.386975651840537
2023-01-01 17:00:00,145.29604821944244,148.69604821944245,24.15126236996083
2023-01-01 18:00:00,145.29997019450985,148.69997019450986,24.31773883181984
2023-01-01 19:00:00,145.29890426930766,148.69890426930766,24.272448137122826
2023-01-01 20:00:00,145.29278040983687,148.69278040983687,24.01290290162598
2023-01-01 21:00:00,145.29551237357126,148.69551237357126,24.128552796456503
2023-01-01 22:00:00,145.29307042116986,148.69307042116986,24.025169158446765
2023-01-01 23:00:00,145.29075643703607,148.69075643703607,23.927367166505697
2023-01-02 00:00:00,145.29027641437006,148.69027641437006,23.907098696448557
2023-01-02 01:00:00,145.29298617637704,148.69298617637705,24.02160570063486
2023-01-02 02:00:00,145.29232812877845,148.69232812877846,23.993778320775068
2023-01-02 03:00:00,145.28989416731065,148.68989416731065,23.890963616423452
2023-01-02 04:00:00,145.29258018317685,148.69258018317686,24.004435620206046
2023-01-02 05:00:00,145.29536808344645,148.69536808344645,24.122439126842245
2023-01-02 06:00:00,145.29767207891325,148.69767207891326,24.22013500078401
2023-01-02 07:00:00,145.29971802678145,148.69971802678145,24.307021285929054
2023-01-02 08:00:00,145.29930227157425,148.69930227157425,24.28935512811657
2023-01-02 09:00:00,145.30062835543845,148.70062835543845,24.34572066314559
2023-01-02 10:00:00,145.30026842343648,148.70026842343648,24.33041649392021
2023-01-02 11:00:00,145.29719062516386,148.69719062516387,24.199706957387225
2023-01-02 12:00:00,145.30088440530366,148.70088440530367,24.356610147288848
2023-01-02 13:00:00,145.29833623304205,148.69833623304206,24.24832632102849
2023-01-02 14:00:00,145.30019616504404,148.70019616504405,24.32734455905828
2023-01-02 15:00:00,145.29604411064565,148.69604411064566,24.15108820337942
2023-01-02 16:00:00,145.30081802678143,148.70081802678143,24.353786963794136
2023-01-02 17:00:00,145.30078195425023,148.70078195425023,24.35225279690977
2023-01-02 18:00:00,145.30210193158422,148.70210193158422,24.40841668207632
2023-01-02 19:00:00,145.30333600638204,148.70333600638205,24.460972289361276
2023-01-02 20:00:00,145.30603789078543,148.70603789078544,24.576195388057926
2023-01-02 21:00:00,145.30279982052082,148.70279982052082,24.438132159442702
2023-01-02 22:00:00,145.303735553062,148.70373555306202,24.477997492765464
2023-01-02 23:00:00,145.30075952586282,148.70075952586282,24.351298935758336
2023-01-03 00:00:00,145.3028013649342,148.7028013649342,24.4381979351989
2023-01-03 01:00:00,145.30334297734555,148.70334297734556,24.461269290563568
2023-01-03 02:00:00,145.30532699547837,148.70532699547837,24.54585793652683
2023-01-03 03:00:00,145.30844708614237,148.70844708614237,24.67911921793035
2023-01-03 04:00:00,145.31271255802454,148.71271255802455,24.861767209294644
2023-01-03 05:00:00,145.30917836989673,148.70917836989673,24.71039460321747
2023-01-03 06:00:00,145.3172361908353,148.7172361908353,25.05605783727154
2023-01-03 07:00:00,145.3305742610999,148.73057426109992,25.63244513887862
2023-01-03 08:00:00,145.3377161001713,148.7377161001713,25.94322251125655
2023-01-03 09:00:00,145.35195028829912,148.75195028829913,26.143527362264294
2023-01-03 10:00:00,145.37264429509892,148.77264429509893,27.068589303350247
2023-01-03 11:00:00,145.40324218403552,148.80324218403553,28.459843357824926
2023-01-03 12:00:00,145.4245101069711,148.8245101069711,29.443239097502527
2023-01-03 13:00:00,145.4453998916441,148.8453998916441,30.422114940114675
2023-01-03 14:00:00,145.47431376244788,148.87431376244788,31.7980346594417
2023-01-03 15:00:00,145.50870742925767,148.90870742925767,33.46626698130214
2023-01-03 16:00:00,145.53025759925268,148.93025759925268,34.52885808337988
2023-01-03 17:00:00,145.53537580551327,148.93537580551327,34.78317482844212
2023-01-03 18:00:00,145.53958579418028,148.9395857941803,34.99292266727865
2023-01-03 19:00:00,145.5388359641753,148.9388359641753,34.95552811762695
2023-01-03 20:00:00,145.5415741477699,148.9415741477699,35.09216067521282
2023-01-03 21:00:00,145.54939812057071,148.94939812057072,35.48374286137718
2023-01-03 22:00:00,145.5555881319037,148.9555881319037,35.79477724828011
2023-01-03 23:00:00,145.5558361908353,148.9558361908353,35.80726428225743
2023-01-04 00:00:00,145.55660822256772,148.95660822256772,35.84613872096929
2023-01-04 01:00:00,145.5601121047045,148.9601121047045,36.022783155923335
2023-01-04 02:00:00,145.57323784857869,148.9732378485787,36.68758672477483
2023-01-04 03:00:00,145.5861880185737,148.9861880185737,37.34825478592669
2023-01-04 04:00:00,145.58883984631208,148.9888398463121,37.484122183005795
2023-01-04 05:00:00,145.58787768991667,148.98787768991667,37.43480292521359
2023-01-04 06:00:00,145.57954161738547,148.97954161738548,37.008591696393495
2023-01-04 07:00:00,145.5708876785837,148.9708876785837,36.56819610715487
2023-01-04 08:00:00,145.55688356978686,148.95688356978687,35.86000747704595
2023-01-04 09:00:00,145.54907158338648,148.94907158338648,35.46736524937513
2023-01-04 10:00:00,145.53402363778486,148.93402363778486,34.71591489410854
2023-01-04 11:00:00,145.51892974431507,148.91892974431508,33.96865029675676
2023-01-04 12:00:00,145.50799566951727,148.90799566951728,33.43139857827573
2023-01-04 13:00:00,145.4995917873805,148.8995917873805,33.020800971856765
2023-01-04 14:00:00,145.48824583951227,148.88824583951228,32.46968441217221
2023-01-04 15:00:00,145.4814279732417,148.8814279732417,32.14030113490923
2023-01-04 16:00:00,145.4790720367065,148.8790720367065,32.02679412689207
2023-01-04 17:00:00,145.47243841522874,148.87243841522874,31.708055481433778
2023-01-04 18:00:00,145.46555273935255,148.86555273935255,31.378556091841837
2023-01-04 19:00:00,145.46435096827918,148.86435096827918,31.32118907237712
2023-01-04 20:00:00,145.46150502041095,148.86150502041096,31.185504139899436
2023-01-04 21:00:00,145.4609413196022,148.8609413196022,31.158656802057237
2023-01-04 22:00:00,145.459455530396,148.85945553039602,31.087937551674006
2023-01-04 23:00:00,145.4589677434564,148.85896774345642,31.064734326885592
2023-01-05 00:00:00,145.46543589305202,148.86543589305202,31.37297654452175
2023-01-05 01:00:00,145.46857396331663,148.86857396331663,31.522960821733527
2023-01-05 02:00:00,145.47849782278743,148.87849782278744,31.99915334159812
2023-01-05 03:00:00,145.48727984318683,148.88727984318683,32.42293374255061
2023-01-05 04:00:00,145.48991580238803,148.88991580238803,32.55056801317844
2023-01-05 05:00:00,145.4996816142602,148.8996816142602,33.02517900588663
2023-01-05 06:00:00,145.50404765279242,148.90404765279243,33.23825326148571
2023-01-05 07:00:00,145.51246974118982,148.91246974118982,33.650820358863406
2023-01-05 08:00:00,145.51759571172403,148.91759571172403,33.90291845206666
2023-01-05 09:00:00,145.5258637479896,148.9258637479896,34.31112946185472
2023-01-05 10:00:00,145.52755387265262,148.92755387265262,34.39481504920162
2023-01-05 11:00:00,145.53951580238802,148.93951580238803,34.98943145065217
2023-01-05 12:00:00,145.54140969585782,148.94140969585783,35.083948675882645
2023-01-05 13:00:00,145.5477733966666,148.9477733966666,35.40228405640544
2023-01-05 14:00:00,145.5540631813396,148.9540631813396,35.71805107047252
2023-01-05 15:00:00,145.55567128560318,148.9556712856032,35.79896292670695
2023-01-05 16:00:00,145.5595213422682,148.9595213422682,35.992976164174706
2023-01-05 17:00:00,145.5624114669312,148.9624114669312,36.138891703725974
2023-01-05 18:00:00,145.5618116935912,148.96181169359122,36.108591154379276
2023-01-05 19:00:00,145.56179205624724,148.96179205624725,36.107599247640294
2023-01-05 20:00:00,145.55991214691124,148.95991214691125,36.012693155811334
2023-01-05 21:00:00,145.56107019450985,148.96107019450986,36.07114467562315
2023-01-05 22:00:00,145.55533235090525,148.95533235090525,35.781903317719994
2023-01-05 23:00:00,145.55216043250286,148.95216043250286,35.62240876908316
2023-01-06 00:00:00,145.54825843476948,148.94825843476949,35.426594577164096
2023-01-06 01:00:00,145.54394245290226,148.94394245290226,35.21050856834573
2023-01-06 02:00:00,145.54508052316686,148.94508052316687,35.26743639532931
2023-01-06 03:00:00,145.54049062516387,148.94049062516387,35.038068515759576
2023-01-06 04:00:00,145.5350747566267,148.9350747566267,34.768195457915695
2023-01-06 05:00:00,145.53276676569308,148.9327667656931,34.65344189131822
2023-01-06 06:00:00,145.53060683369108,148.9306068336911,34.54618733454483
2023-01-06 07:00:00,145.51983103315192,148.91983103315192,34.01308836233704
2023-01-06 08:00:00,145.51351116914793,148.91351116914794,33.701977436727375
2023-01-06 09:00:00,145.51167132780992,148.91167132780993,33.611621708997504
2023-01-06 10:00:00,145.50425346153935,148.90425346153935,33.24831079867698
2023-01-06 11:00:00,145.50595346153935,148.90595346153935,33.33143356178517
2023-01-06 12:00:00,145.49406156580295,148.89406156580296,32.75171324181772
2023-01-06 13:00:00,145.49546544793975,148.89546544793976,32.81993946332822
2023-01-06 14:00:00,145.48679940940752,148.88679940940753,32.39969254818901
2023-01-06 15:00:00,145.48524946607253,148.88524946607254,32.32475881295489
2023-01-06 16:00:00,145.47867554993675,148.87867554993676,32.007707526813995
2023-01-06 17:00:00,145.47616156580295,148.87616156580296,31.886792008963628
2023-01-06 18:00:00,145.46873359753533,148.86873359753534,31.530598196399136
2023-01-06 19:00:00,145.46729375619736,148.86729375619737,31.46173868426959
2023-01-06 20:00:00,145.46138388086035,148.86138388086036,31.17973385501472
2023-01-06 21:00:00,145.45683993072558,148.85683993072558,30.963598832140015
2023-01-06 22:00:00,145.448611962458,148.848611962458,30.573763860064464
2023-01-06 23:00:00,145.44308998739058,148.84308998739058,30.31324580863648
2023-01-07 00:00:00,145.43998199645696,148.83998199645697,30.167008154243234
2023-01-07 01:00:00,145.432311962458,148.832311962458,29.807328166111674
2023-01-07 02:00:00,145.42393205312197,148.82393205312198,29.416334320499217
2023-01-07 03:00:00,145.42084015738558,148.8208401573856,29.27259309935743
2023-01-07 04:00:00,145.41444615058577,148.81444615058578,28.97623201422532
2023-01-07 05:00:00,145.40661418685139,148.8066141868514,28.614867515902784
2023-01-07 06:00:00,145.4035862185838,148.8035862185838,28.475644538404396
2023-01-07 07:00:00,145.3965483749792,148.7965483749792,28.15310174773432
2023-01-07 08:00:00,145.3943044248444,148.7943044248444,28.050571215952388
2023-01-07 09:00:00,145.3888985449742,148.78889854497422,27.80418073995309
2023-01-07 10:00:00,145.38797468550342,148.78797468550343,27.76215988593653
2023-01-07 11:00:00,145.3865146401714,148.78651464017142,27.695802982564846
2023-01-07 12:00:00,145.38026658123982,148.78026658123983,27.412555993753216
2023-01-07 13:00:00,145.374262472443,148.774262472443,27.141466599100596
2023-01-07 14:00:00,145.3689744588434,148.76897445884342,26.903602733033136
2023-01-07 15:00:00,145.3686383863122,148.7686383863122,26.88851393202619
2023-01-07 16:00:00,145.3644964339108,148.7644964339108,26.70282896843793
2023-01-07 17:00:00,145.3598345041754,148.75983450417542,26.494449401594135
2023-01-07 18:00:00,145.3547146401714,148.75471464017141,26.266354020220803
2023-01-07 19:00:00,145.35131863563822,148.75131863563823,26.539273330500706
2023-01-07 20:00:00,145.34580276710102,148.74580276710103,26.29692026250141
2023-01-07 21:00:00,145.34388667190382,148.74388667190382,26.212940202015584
2023-01-07 22:00:00,145.33421886229823,148.73421886229823,25.790852900956157
2023-01-07 23:00:00,145.33009877163423,148.73009877163423,25.611807414070007
2023-01-08 00:00:00,145.33311053137461,148.73311053137462,25.74263946264513
2023-01-08 01:00:00,145.327502427111,148.727502427111,25.49923528514096
2023-01-08 02:00:00,145.31636247244302,148.71636247244302,25.018484384232696
2023-01-08 03:00:00,145.3139144135114,148.71391441351142,24.913328039997037
2023-01-08 04:00:00,145.3099763432468,148.7099763432468,24.74454022932273
2023-01-08 05:00:00,145.30584803498917,148.70584803498917,24.568091826519677
2023-01-08 06:00:00,145.30353604858877,148.70353604858877,24.469495755542127
2023-01-08 07:00:00,145.30276578792976,148.70276578792976,24.43668274720362
2023-01-08 08:00:00,145.29532783099518,148.69532783099518,24.120733713969823
2023-01-08 09:00:00,145.29485768366615,148.69485768366616,24.10081811841714
2023-01-08 10:00:00,145.29292960206854,148.69292960206855,24.019212791143747
2023-01-08 11:00:00,145.28694758166915,148.68694758166916,24.21136133227692
2023-01-08 12:00:00,145.28607732101014,148.68607732101015,24.174945754297063
2023-01-08 13:00:00,145.2901748699567,148.6901748699567,23.90281196708073
2023-01-08 14:00:00,145.28685078382588,148.6868507838259,24.207309796155755
2023-01-08 15:00:00,145.2848107158279,148.6848107158279,24.121984542777582
2023-01-08 16:00:00,145.28425666369608,148.6842566636961,24.098832285806722
2023-01-08 17:00:00,145.2786088314245,148.6786088314245,23.863333205836636
2023-01-08 18:00:00,145.2784049492877,148.6784049492877,23.854849187069394
2023-01-08 19:00:00,145.27823702635212,148.67823702635212,23.847862422136586
2023-01-08 20:00:00,145.27331116914792,148.67331116914792,23.643276856558046
2023-01-08 21:00:00,145.26740728701114,148.66740728701114,23.399000850577732
2023-01-08 22:00:00,145.26935523261272,148.66935523261273,23.47948586509593
2023-01-08 23:00:00,145.26398730967713,148.66398730967714,23.257962138994714
2023-01-09 00:00:00,145.26181539127472,148.66181539127473,23.168570121021766
2023-01-09 01:00:00,145.26008342754034,148.66008342754034,23.097384513254532
2023-01-09 02:00:00,145.25895934140954,148.65895934140954,23.051230241298725
2023-01-09 03:00:00,145.25822138447492,148.65822138447493,23.020950274429417
2023-01-09 04:00:00,145.25397754767013,148.65397754767014,22.847125693852764
2023-01-09 05:00:00,145.24880551593773,148.64880551593774,22.635996008102392
2023-01-09 06:00:00,145.24491972673155,148.64491972673156,22.477888782369728
2023-01-09 07:00:00,145.24623570859876,148.64623570859877,22.531384563910134
2023-01-09 08:00:00,145.24548776299716,148.64548776299716,22.500973699943717
2023-01-09 09:00:00,145.23621595792477,148.63621595792478,22.492770781768566
2023-01-09 10:00:00,145.23996201912297,148.63996201912298,22.276810837301305
2023-01-09 11:00:00,145.2318662412498,148.6318662412498,22.70045108633164
2023-01-09 12:00:00,145.23198998739056,148.63198998739057,22.705343500993205
2023-01-09 13:00:00,145.23200163380096,148.63200163380097,22.705803973986676
2023-01-09 14:00:00,145.22670140714092,148.62670140714093,22.496631087020507
2023-01-09 15:00:00,145.22761927341153,148.62761927341154,22.53279913325751
2023-01-09 16:00:00,145.22355723034613,148.62355723034614,22.37291265842982
2023-01-09 17:00:00,145.22535312154932,148.62535312154932,22.44354474171312
2023-01-09 18:00:00,145.2211071736811,148.6211071736811,22.27669604045216
2023-01-09 19:00:00,145.2195871963471,148.6195871963471,22.217088135153872
2023-01-09 20:00:00,145.21631116914793,148.61631116914793,22.088831764517828
2023-01-09 21:00:00,145.2185849719537,148.6185849719537,22.177819547284408
2023-01-09 22:00:00,145.2122309198219,148.6122309198219,22.314329015983887
2023-01-09 23:00:00,145.2117829742203,148.61178297422032,22.297028632700563
2023-01-10 00:00:00,145.2098229288883,148.6098229288883,22.22139165356853
2023-01-10 01:00:00,145.2125727588933,148.6125727588933,22.327535004122865
2023-01-10 02:00:00,145.20694279289228,148.60694279289228,22.110435530901764
2023-01-10 03:00:00,145.2046967316941,148.6046967316941,22.024061143637272
2023-01-10 04:00:00,145.19850660703108,148.59850660703108,21.786714627507237
2023-01-10 05:00:00,145.19889827610746,148.59889827610746,21.801701809943157
2023-01-10 06:00:00,145.19940215824425,148.59940215824426,21.820988877986682
2023-01-10 07:00:00,145.19284422397564,148.59284422397565,21.57050497159699
2023-01-10 08:00:00,145.19270004718084,148.59270004718084,21.565011060298545
2023-01-10 09:00:00,145.19391391798462,148.59391391798462,21.61128354760036
2023-01-10 10:00:00,145.18919993385083,148.58919993385084,21.431809738716087
2023-01-10 11:00:00,145.18781991118482,148.58781991118482,21.379381971331895
2023-01-10 12:00:00,145.19195963919282,148.59195963919282,21.536806353484568
2023-01-10 13:00:00,145.1931674034664,148.5931674034664,21.582821881946284
2023-01-10 14:00:00,145.19540924253778,148.59540924253778,21.66833951326847
2023-01-10 15:00:00,145.1891832720036,148.5891832720036,21.431176440307922
2023-01-10 16:00:00,145.1874374374654,148.5874374374654,21.364860690532634
2023-01-10 17:00:00,145.1893815009302,148.58938150093022,21.438711388059982
2023-01-10 18:00:00,145.1882035893276,148.5882035893276,21.393952945145276
2023-01-10 19:00:00,145.1891176867914,148.5891176867914,21.42868369156542
2023-01-10 20:00:00,145.18646985451983,148.58646985451983,21.328142342415255
2023-01-10 21:00:00,145.18398594971703,148.58398594971703,21.233997526841385
2023-01-10 22:00:00,145.18540592705102,148.58540592705103,21.28779702932064
2023-01-10 23:00:00,145.18190592705102,148.58190592705103,21.15528884338351
2023-01-11 00:00:00,145.18308983185383,148.58308983185384,21.200073822624404
2023-01-11 01:00:00,145.18501979785484,148.58501979785484,21.273162138826706
2023-01-11 02:00:00,145.17512190891824,148.57512190891825,21.275034697871952
2023-01-11 03:00:00,145.17876386131962,148.57876386131963,21.036613945012714
2023-01-11 04:00:00,145.17368383865363,148.57368383865364,21.221469015815632
2023-01-11 05:00:00,145.17242567772502,148.57242567772502,21.17464896308255
2023-01-11 06:00:00,145.1716576414594,148.5716576414594,21.14608829805939
2023-01-11 07:00:00,145.1675576414594,148.56755764145942,20.993884200700727
2023-01-11 08:00:00,145.1704174601314,148.5704174601314,21.100002716837754
2023-01-11 09:00:00,145.1660674034664,148.5660674034664,20.93867119250663
2023-01-11 10:00:00,145.1667732833366,148.5667732833366,20.964816645295592
2023-01-11 11:00:00,145.16824120627217,148.56824120627218,21.01922958899408
2023-01-11 12:00:00,145.17373886854875,148.57373886854876,21.223517792216544
2023-01-11 13:00:00,145.16474086628216,148.56474086628216,20.889572204620713
2023-01-11 14:00:00,145.16890468042095,148.56890468042096,21.043841747372078
2023-01-11 15:00:00,145.16705062828913,148.56705062828914,20.9750929406219
2023-01-11 16:00:00,145.16657659882333,148.56657659882333,20.957530233435815
2023-01-11 17:00:00,145.16600079828416,148.56600079828416,20.93620484225713
2023-01-11 18:00:00,145.16506084361615,148.56506084361615,20.901411274004918
2023-01-11 19:00:00,145.16759480508395,148.56759480508396,20.995261848483214
2023-01-11 20:00:00,145.16278903854376,148.56278903854377,20.817413255231042
2023-01-11 21:00:00,145.16367094561315,148.56367094561315,20.850004935600577
2023-01-11 22:00:00,145.16121500907798,148.56121500907798,20.75929425520435
2023-01-11 23:00:00,145.16253099094516,148.56253099094516,20.807880727835492
2023-01-12 00:00:00,145.16092699547838,148.56092699547838,20.74866676118483
2023-01-12 01:00:00,145.16041090028116,148.56041090028117,20.729628666342645
2023-01-12 02:00:00,145.16284874388575,148.56284874388575,20.819619076977816
2023-01-12 03:00:00,145.16219668948733,148.56219668948734,20.795533906191885
2023-01-12 04:00:00,145.16056638349633,148.56056638349634,20.735363508429334
2023-01-12 05:00:00,145.1616722633665,148.56167226336652,20.776171079524975
2023-01-12 06:00:00,145.1596341931019,148.5596341931019,20.700990105837022
2023-01-12 07:00:00,145.1614722633665,148.5614722633665,20.768788593255508
2023-01-12 08:00:00,145.16808191204348,148.56808191204348,21.013322144362014
2023-01-12 09:00:00,145.17294361511887,148.57294361511887,21.193918003409472
2023-01-12 10:00:00,145.17994316179883,148.57994316179884,21.081124470874258
2023-01-12 11:00:00,145.18273317313185,148.58273317313186,21.18657808058364
2023-01-12 12:00:00,145.21264704393562,148.61264704393562,22.330405210522713
2023-01-12 13:00:00,145.259538939672,148.65953893967202,23.075023571183856
2023-01-12 14:00:00,145.28427501220324,148.68427501220324,24.099598875162332
2023-01-12 15:00:00,145.32090720259765,148.72090720259766,25.214172659623348
2023-01-12 16:00:00,145.34506559018627,148.74506559018627,26.264598001669803
2023-01-12 17:00:00,145.3511599369761,148.7511599369761,26.53228809794026
2023-01-12 18:00:00,145.3429300843051,148.7429300843051,26.171054381794548
2023-01-12 19:00:00,145.3366184378947,148.73661843789472,25.895360294276504
2023-01-12 20:00:00,145.34548681415035,148.74548681415035,26.28306504155731
2023-01-12 21:00:00,145.37716695014637,148.77716695014638,27.27247107610233
2023-01-12 22:00:00,145.40420324933757,148.80420324933758,28.503992963530706
2023-01-12 23:00:00,145.4256234533316,148.82562345333162,29.49508609874295
2023-01-13 00:00:00,145.4334115802612,148.8334115802612,29.858787848753387
2023-01-13 01:00:00,145.4411115802612,148.8411115802612,30.2201247769397
2023-01-13 02:00:00,145.45357173892322,148.85357173892322,30.808517851749503
2023-01-13 03:00:00,145.48072367999163,148.88072367999163,32.106352057059965
2023-01-13 04:00:00,145.5015018182542,148.90150181825422,33.11394316113545
2023-01-13 05:00:00,145.52979382732062,148.92979382732062,34.505850779985956
2023-01-13 06:00:00,145.55236597238303,148.95236597238303,35.632735357101076
2023-01-13 07:00:00,145.56476009251284,148.96476009251285,36.25764209550711
2023-01-13 08:00:00,145.56411014917785,148.96411014917786,36.224764292325055
2023-01-13 09:00:00,145.56874821944245,148.96874821944246,36.45964517522919
2023-01-13 10:00:00,145.56657042116987,148.96657042116988,36.34928162275149
2023-01-13 11:00:00,145.55792658436508,148.95792658436508,35.91256174823746
2023-01-13 12:00:00,145.55923257756527,148.95923257756527,35.978410096763106
2023-01-13 13:00:00,145.55261048916788,148.95261048916788,35.64502175424607
2023-01-13 14:00:00,145.55371237357127,148.95371237357128,35.70040988938721
2023-01-13 15:00:00,145.55062247556828,148.95062247556828,35.54517783525239
2023-01-13 16:00:00,145.55840249823427,148.95840249823428,35.936551800069026
2023-01-13 17:00:00,145.55249673169408,148.95249673169408,35.639305496211925
2023-01-13 18:00:00,145.5612148246247,148.9612148246247,36.078447427524814
2023-01-13 19:00:00,145.5657230422183,148.96572304221831,36.306375458031845
2023-01-13 20:00:00,145.56738919408053,148.96738919408054,36.390758603093076
2023-01-13 21:00:00,145.58282326887831,148.98282326887832,37.17614474643504
2023-01-13 22:00:00,145.59150140714092,148.99150140714093,37.62068662167666
2023-01-13 23:00:00,145.60894335954234,149.00894335954234,38.52053978175655
2023-01-14 00:00:00,145.63279729834412,149.03279729834412,39.15294184973528
2023-01-14 01:00:00,145.66388730967714,149.06388730967714,40.81157911165224
2023-01-14 02:00:00,145.69909741167413,149.09909741167414,42.7231123166571
2023-01-14 03:00:00,145.75209141847392,149.15209141847393,45.665702501581826
2023-01-14 04:00:00,145.80874746833913,149.20874746833914,48.897746661226854
2023-01-14 05:00:00,145.85314758166913,149.25314758166914,51.49205676623992
2023-01-14 06:00:00,145.89527965873356,149.29527965873356,53.145187163863504
2023-01-14 07:00:00,145.92913781966217,149.32913781966218,55.211394518990275
2023-01-14 08:00:00,145.93975591259277,149.33975591259278,55.86584728908442
2023-01-14 09:00:00,145.93589409618738,149.3358940961874,55.62746492337118
2023-01-14 10:00:00,145.955282223117,149.355282223117,56.02710295412989
2023-01-14 11:00:00,145.9533103047146,149.3533103047146,55.903495974237195
2023-01-14 12:00:00,145.951392211784,149.351392211784,55.78336776310886
2023-01-14 13:00:00,145.94201806898818,149.34201806898818,56.00567509507884
2023-01-14 14:00:00,145.93622394885838,149.3362239488584,55.64781015482879
2023-01-14 15:00:00,145.94619986272755,149.34619986272756,55.45869510073693
2023-01-14 16:00:00,145.93110574259777,149.33110574259777,55.332455735606956
2023-01-14 17:00:00,145.91380197379098,149.313801973791,54.271613654889435
2023-01-14 18:00:00,145.92280008938758,149.32280008938758,54.822235963430046
2023-01-14 19:00:00,145.9137201800516,149.3137201800516,54.26661864535513
2023-01-14 20:00:00,145.90348821631719,149.3034882163172,53.643220912302716
2023-01-14 21:00:00,145.889182336447,149.289182336447,52.7764510315218
2023-01-14 22:00:00,145.8788601347196,149.2788601347196,52.15455810257458
2023-01-14 23:00:00,145.8954702367166,149.2954702367166,53.15672893141562
2023-01-15 00:00:00,145.86202817098518,149.2620281709852,52.01737412774459
2023-01-15 01:00:00,145.85909021405058,149.2590902140506,51.84334782641666
2023-01-15 02:00:00,145.8477282843152,149.2477282843152,51.172535398546316
2023-01-15 03:00:00,145.8514542548494,149.2514542548494,51.39213289553523
2023-01-15 04:00:00,145.8482462639158,149.2482462639158,51.20304104553809
2023-01-15 05:00:00,145.8317403840456,149.2317403840456,50.23453225122103
2023-01-15 06:00:00,145.8161985449742,149.21619854497422,49.32936495190932
2023-01-15 07:00:00,145.81711064470463,149.21711064470463,49.382304320557026
2023-01-15 08:00:00,145.80240076936764,149.20240076936764,48.531299172611796
2023-01-15 09:00:00,145.80672673990182,149.20672673990182,48.780953641431005
2023-01-15 10:00:00,145.79420453817443,149.19420453817443,48.05969576642643
2023-01-15 11:00:00,145.79051053137462,149.19051053137463,47.84774867376904
2023-01-15 12:00:00,145.7806882163172,149.1806882163172,47.286008673181065
2023-01-15 13:00:00,145.77911984006155,149.17911984006156,47.19655875652257
2023-01-15 14:00:00,145.77150962473456,149.17150962473457,46.76348445804868
2023-01-15 15:00:00,145.76138553860375,149.16138553860375,46.18983143623855
2023-01-15 16:00:00,145.75500340487434,149.15500340487435,45.82966249540638
2023-01-15 17:00:00,145.74892127114492,149.14892127114493,45.48747404032517
2023-01-15 18:00:00,145.73855523261273,149.13855523261273,44.90663441184963
2023-01-15 19:00:00,145.72659929607752,149.12659929607753,44.240421290084306
2023-01-15 20:00:00,145.71767931874354,149.11767931874354,43.74597658609452
2023-01-15 21:00:00,145.7158331442153,149.11583314421532,43.643918779435374
2023-01-15 22:00:00,145.7050511238159,149.1050511238159,43.04978763719944
2023-01-15 23:00:00,145.7003770943501,149.1003770943501,42.79324346997551
2023-01-16 00:00:00,145.6938069470211,149.0938069470211,42.433664632918344
2023-01-16 01:00:00,145.68502292888832,149.08502292888832,41.95482042545683
2023-01-16 02:00:00,145.6755168223581,149.0755168223581,41.439064942892365
2023-01-16 03:00:00,145.66857076115988,149.0685707611599,41.06382033094487
2023-01-16 04:00:00,145.66168474529368,149.0616847452937,40.69316847046628
2023-01-16 05:00:00,145.65677863876348,149.0567786387635,40.42990939084853
2023-01-16 06:00:00,145.64962270222827,149.04962270222828,40.04715211854354
2023-01-16 07:00:00,145.6376447906257,149.0376447906257,39.40974021645168
2023-01-16 08:00:00,145.63365643703605,149.03365643703606,39.198406190400654
2023-01-16 09:00:00,145.62803023984185,149.02803023984185,38.90105982689951
2023-01-16 10:00:00,145.61928018317684,149.01928018317685,38.440417907292
2023-01-16 11:00:00,145.61638395198364,149.01638395198364,38.90699479277124
2023-01-16 12:00:00,145.610655530396,149.010655530396,38.60933106886046
2023-01-16 13:00:00,145.60403920853878,149.00403920853879,38.26666871574637
2023-01-16 14:00:00,145.59794897054576,148.99794897054576,37.952333425272236
2023-01-16 15:00:00,145.59608281868356,148.99608281868356,37.85622344837453
2023-01-16 16:00:00,145.58341855122472,148.98341855122473,37.20657083129637
2023-01-16 17:00:00,145.5824264288283,148.98242642882832,37.15586698024673
2023-01-16 18:00:00,145.5775783698967,148.97757836989672,36.90849789495695
2023-01-16 19:00:00,145.5706842497669,148.97068424976692,36.55786907288701
2023-01-16 20:00:00,145.5700500616391,148.9700500616391,36.5256820936195
2023-01-16 21:00:00,145.5675958961773,148.9675958961773,36.40123260346156
2023-01-16 22:00:00,145.56327791657668,148.9632779165767,36.18268268994097
2023-01-16 23:00:00,145.56784361511887,148.96784361511888,36.41378659598484
2023-01-17 00:00:00,145.56837957432006,148.96837957432007,36.440954060965886
2023-01-17 01:00:00,145.55736947232305,148.95736947232305,35.88448676924331
2023-01-17 02:00:00,145.55929333179384,148.95929333179384,35.98147450737609
2023-01-17 03:00:00,145.55632130006146,148.95632130006146,35.83168922119945
2023-01-17 04:00:00,145.55511519353124,148.95511519353124,35.770974839598736
2023-01-17 05:00:00,145.55016724792964,148.95016724792964,35.52233072288432
2023-01-17 06:00:00,145.55013117539843,148.95013117539844,35.520520554252315
2023-01-17 07:00:00,145.55347723659665,148.95347723659665,35.688587433516126
2023-01-17 08:00:00,145.55559133406044,148.95559133406044,35.79493843048932
2023-01-17 09:00:00,145.55263551085525,148.95263551085526,35.646279131134115
2023-01-17 10:00:00,145.55320366045086,148.95320366045087,35.674834265292255
2023-01-17 11:00:00,145.55968157205348,148.95968157205348,36.00105960236332
2023-01-17 12:00:00,145.56205149272245,148.96205149272245,36.1207045867826
2023-01-17 13:00:00,145.56575526152923,148.96575526152924,36.308006479095525
2023-01-17 14:00:00,145.56508922299705,148.96508922299705,36.27429592381655
2023-01-17 15:00:00,145.55924727059565,148.95924727059565,35.97915119574194
2023-01-17 16:00:00,145.56389732726063,148.96389732726064,36.21400115131305
2023-01-17 17:00:00,145.55495371711586,148.95495371711587,35.76284937990316
2023-01-17 18:00:00,145.5545799143101,148.9545799143101,35.744042533464075
2023-01-17 19:00:00,145.5517961228373,148.9517961228373,35.60410832459511
2023-01-17 20:00:00,145.5501284265617,148.95012842656172,35.52038261540349
2023-01-17 21:00:00,145.54573675748534,148.94573675748535,35.300278850530766
2023-01-17 22:00:00,145.53954897054575,148.93954897054576,34.99108587332509
2023-01-17 23:00:00,145.53867505440996,148.93867505440997,34.947505518828756
2023-01-18 00:00:00,145.53648515640697,148.93648515640697,34.83839537507051
2023-01-18 01:00:00,145.5299313309352,148.9299313309352,34.512671569393966
2023-01-18 02:00:00,145.5231334419986,148.9231334419986,34.176112199340004
2023-01-18 03:00:00,145.5189916029272,148.9189916029272,33.97169949420011
2023-01-18 04:00:00,145.52168161426022,148.92168161426022,34.10440413039124
2023-01-18 05:00:00,145.51256585905304,148.91256585905305,33.655540563369144
2023-01-18 06:00:00,145.51330992251783,148.91330992251784,33.69208936642943
2023-01-18 07:00:00,145.51227596105002,148.91227596105003,33.64130491118181
2023-01-18 08:00:00,145.50320815144445,148.90320815144446,33.197240811497586
2023-01-18 09:00:00,145.50700426930766,148.90700426930766,33.38285509933898
2023-01-18 10:00:00,145.50249039850385,148.90249039850386,33.1621922417814
2023-01-18 11:00:00,145.49618451863367,148.89618451863367,32.85490703454553
2023-01-18 12:00:00,145.49751226024125,148.89751226024126,32.919512699353135
2023-01-18 13:00:00,145.49184011517883,148.89184011517884,32.643870682241534
2023-01-18 14:00:00,145.49303001318185,148.89303001318186,32.70161778649465
2023-01-18 15:00:00,145.48352202224822,148.88352202224823,32.24132541934383
2023-01-18 16:00:00,145.4858917162572,148.88589171625722,32.355800691794386
2023-01-18 17:00:00,145.48155975252283,148.88155975252283,32.14665489105061
2023-01-18 18:00:00,145.4796515349292,148.8796515349292,32.05469895896161
2023-01-18 19:00:00,145.4821973694674,148.8821973694674,32.17740477512252
2023-01-18 20:00:00,145.47193298867856,148.87193298867857,31.68382256096582
2023-01-18 21:00:00,145.47432288668156,148.87432288668157,31.79847268955656
2023-01-18 22:00:00,145.47897648549332,148.87897648549333,32.02219394103858
2023-01-18 23:00:00,145.4810542837659,148.8810542837659,32.12228637780201
2023-01-19 00:00:00,145.4821899029771,148.8821899029771,32.17704462613292
2023-01-19 01:00:00,145.48507957432005,148.88507957432006,32.31654942812901
2023-01-19 02:00:00,145.48825925699603,148.88825925699604,32.47033395875872
2023-01-19 03:00:00,145.50602096007142,148.90602096007143,33.33473566612489
2023-01-19 04:00:00,145.51749687394062,148.91749687394062,33.898050440284095
2023-01-19 05:00:00,145.5474925384838,148.9474925384838,35.38821025813424
2023-01-19 06:00:00,145.5646867719436,148.9646867719436,36.253932530157876
2023-01-19 07:00:00,145.59951296913783,148.99951296913784,38.032957062551134
2023-01-19 08:00:00,145.66180509153423,149.06180509153424,40.699634772315434
2023-01-19 09:00:00,145.72407324112984,149.12407324112985,44.10017355310648
2023-01-19 10:00:00,145.77647923433005,149.17647923433006,47.04610898579321
2023-01-19 11:00:00,145.81674715726564,149.21674715726564,49.361204348935985
2023-01-19 12:00:00,145.85447689660663,149.25447689660663,51.57055454390562
2023-01-19 13:00:00,145.8844404840854,149.2844404840854,52.49039735264347
2023-01-19 14:00:00,145.90672827102497,149.30672827102498,53.840314340907916
2023-01-19 15:00:00,145.95056600129956,149.35056600129957,55.73165489591864
2023-01-19 16:00:00,145.94222472887822,149.34222472887822,56.018456070148275
2023-01-19 17:00:00,145.94560120939744,149.34560120939744,55.421310627316934
2023-01-19 18:00:00,145.95633773524867,149.35633773524867,56.093311136642214
2023-01-19 19:00:00,145.97647414776992,149.37647414776993,55.78023304910523
2023-01-19 20:00:00,146.00965839256273,149.40965839256273,57.9299906340563
2023-01-19 21:00:00,145.98440256935754,149.38440256935755,56.29089750517746
2023-01-19 22:00:00,145.99803276201854,149.39803276201854,57.17315446883089
2023-01-19 23:00:00,146.01373886854876,149.41373886854876,58.196575494566595
2023-01-20 00:00:00,146.0060413196022,149.4060413196022,57.69409024706538
2023-01-20 01:00:00,145.9976433173356,149.3976433173356,57.14787031313378
2023-01-20 02:00:00,145.9973394351988,149.3973394351988,57.128144294442365
2023-01-20 03:00:00,145.9725495371958,149.3725495371958,57.114139130122176
2023-01-20 04:00:00,145.98675375932262,149.38675375932263,56.44269381661229
2023-01-20 05:00:00,146.02637784545342,149.42637784545343,59.02540604907081
2023-01-20 06:00:00,146.01078994518383,149.41078994518384,58.00386794689326
2023-01-20 07:00:00,146.03799416731064,149.43799416731065,59.79130274382126
2023-01-20 08:00:00,146.08182236223826,149.48182236223826,61.912883036634824
2023-01-20 09:00:00,146.12912647103508,149.52912647103508,64.35308319360789
2023-01-20 10:00:00,146.14399473396068,149.5439947339607,65.39469843701703
2023-01-20 11:00:00,146.1480149379547,149.54801493795472,65.67748700505315
2023-01-20 12:00:00,146.1831989560875,149.5831989560875,68.17316916648328
2023-01-20 13:00:00,146.1631968450241,149.5631968450241,66.74980699796112
2023-01-20 14:00:00,146.1825089447545,149.5825089447545,68.1238676231574
2023-01-20 15:00:00,146.1787310331519,149.5787310331519,67.85418752784408
2023-01-20 16:00:00,146.15431716234812,149.55431716234813,66.12177883657293
2023-01-20 17:00:00,146.16170140714092,149.56170140714093,66.64387377500769
2023-01-20 18:00:00,146.14501750233813,149.54501750233814,65.46659555702901
2023-01-20 19:00:00,146.14387965873357,149.54387965873357,65.38661101988717
2023-01-20 20:00:00,146.15889364286735,149.55889364286736,66.4451603572236
2023-01-20 21:00:00,146.15253171313196,149.55253171313197,65.99578728583757
2023-01-20 22:00:00,146.15572571993175,149.55572571993176,66.22124256432366
2023-01-20 23:00:00,146.12628576526376,149.52628576526376,64.15483563684376
2023-01-21 00:00:00,146.11562383552837,149.51562383552837,63.41294383165251
2023-01-21 01:00:00,146.13418388086038,149.53418388086038,64.70663565090271
2023-01-21 02:00:00,146.09462195112496,149.49462195112497,61.96167984028525
2023-01-21 03:00:00,146.10000197379097,149.50000197379097,62.3321671422665
2023-01-21 04:00:00,146.08031595792477,149.48031595792477,61.81062913965475
2023-01-21 05:00:00,146.09304980606257,149.49304980606257,61.85358325139038
2023-01-21 06:00:00,146.0721080803212,149.4721080803212,61.25467145127357
2023-01-21 07:00:00,146.068232053122,149.468232053122,60.992828989987764
2023-01-21 08:00:00,146.07018011205358,149.47018011205358,61.124372743742704
2023-01-21 09:00:00,146.0522481483192,149.4522481483192,59.91779322778178
2023-01-21 10:00:00,146.0276942095174,149.4276942095174,59.11199913215283
2023-01-21 11:00:00,146.0584842208504,149.4584842208504,60.33630537826102
2023-01-21 12:00:00,146.01632206445498,149.416322064455,58.36559333251324
2023-01-21 13:00:00,146.02805979472956,149.42805979472956,59.136057073314824
2023-01-21 14:00:00,145.98021750233815,149.38021750233816,56.02110809917641
2023-01-21 15:00:00,145.99408742300713,149.39408742300714,56.91721577205458
2023-01-21 16:00:00,146.00023525527874,149.40023525527874,57.316232466051225
2023-01-21 17:00:00,145.9975270376851,149.3975270376851,57.14032188545625
2023-01-21 18:00:00,145.97275900141952,149.37275900141952,57.12737687518089
2023-01-21 19:00:00,145.95743114648192,149.35743114648193,56.16192956080461
2023-01-21 20:00:00,145.9519810898169,149.35198108981692,55.82023759974134
2023-01-21 21:00:00,145.9613229288883,149.3613229288883,56.40643553578305
2023-01-21 22:00:00,145.9247846319637,149.3247846319637,54.943975319715776
2023-01-21 23:00:00,145.92002858209847,149.32002858209847,54.65240201942683
2023-01-22 00:00:00,145.91492258889826,149.31492258889827,54.340066299268855
2023-01-22 01:00:00,145.91082835543847,149.31082835543847,54.09013787067024
2023-01-22 02:00:00,145.90070415597765,149.30070415597766,53.474096781062585
2023-01-22 03:00:00,145.89101380465462,149.29101380465463,52.887101328330154
2023-01-22 04:00:00,145.8824994805308,149.28249948053082,52.37348515770826
2023-01-22 05:00:00,145.8769874941304,149.2769874941304,52.04205124866134
2023-01-22 06:00:00,145.8469213422682,149.2469213422682,51.1250262230845
2023-01-22 07:00:00,145.84244109294218,149.2424410929422,50.8615701613871
2023-01-22 08:00:00,145.85771312467458,149.25771312467458,51.761857927854145
2023-01-22 09:00:00,145.85529902721078,149.25529902721078,51.61912636174156
2023-01-22 10:00:00,145.83050302267756,149.23050302267757,50.162226398575115
2023-01-22 11:00:00,145.84172277335153,149.24172277335154,50.819380835388785
2023-01-22 12:00:00,145.82642477108496,149.22642477108496,49.92420669309273
2023-01-22 13:00:00,145.82334452175894,149.22334452175895,49.744733859373355
2023-01-22 14:00:00,145.82802243336153,149.22802243336153,50.01739738052631
2023-01-22 15:00:00,145.80297437442994,149.20297437442994,48.56437281018115
2023-01-22 16:00:00,145.7979303109651,149.19793031096512,48.27384484933966
2023-01-22 17:00:00,145.80180645149431,149.20180645149432,48.497040757289604
2023-01-22 18:00:00,145.79718458975694,149.19718458975694,48.230951980916466
2023-01-22 19:00:00,145.80101466908795,149.20101466908795,48.45141487875513
2023-01-22 20:00:00,145.78257471441995,149.18257471441996,47.39369191315557
2023-01-22 21:00:00,145.78276872121975,149.18276872121976,47.40477157521344
2023-01-22 22:00:00,145.78837083228316,149.18837083228317,47.72515287503065
2023-01-22 23:00:00,145.77190279601754,149.17190279601755,46.78581951453043
2023-01-23 00:00:00,145.76391489574794,149.16391489574795,46.33288492452025
2023-01-23 01:00:00,145.75679303401057,149.15679303401058,45.930544520135015
2023-01-23 02:00:00,145.75133521307197,149.15133521307197,45.62316265362191
2023-01-23 03:00:00,145.7547812742702,149.1547812742702,45.817147105596135
2023-01-23 04:00:00,145.7447735099966,149.1447735099966,45.25470447444446
2023-01-23 05:00:00,145.73854165959222,149.13854165959222,44.90587583378058
2023-01-23 06:00:00,145.74185786811944,149.14185786811944,45.09136663796871
2023-01-23 07:00:00,145.72749616504404,149.12749616504405,44.2902587096136
2023-01-23 08:00:00,145.72586642570306,149.12586642570307,44.19971364685418
2023-01-23 09:00:00,145.73049250956728,149.1304925095673,44.45692296877073
2023-01-23 10:00:00,145.7176988427575,149.1176988427575,43.74705639658355
2023-01-23 11:00:00,145.71666510794972,149.11666510794973,43.689898508214654
2023-01-23 12:00:00,145.7152870830171,149.1152870830171,43.61375041265157
2023-01-23 13:00:00,145.71110506261772,149.11110506261772,43.38298214928359
2023-01-23 14:00:00,145.7033950739507,149.1033950739507,42.958821620494795
2023-01-23 15:00:00,145.7015950739507,149.1015950739507,42.860035805744566
2023-01-23 16:00:00,145.69787121447993,149.09787121447994,42.65595553118841
2023-01-23 17:00:00,145.69326955673654,149.09326955673654,42.40430741067092
2023-01-23 18:00:00,145.69250551593774,149.09250551593775,42.362582435861135
2023-01-23 19:00:00,145.68559963606754,149.08559963606754,41.98619183818834
2023-01-23 20:00:00,145.68756167913295,149.08756167913296,42.092992245523156
2023-01-23 21:00:00,145.68105579926277,149.08105579926277,41.73927287619851
2023-01-23 22:00:00,145.6645360485888,149.0645360485888,40.84648177827019
2023-01-23 23:00:00,145.67375791032617,149.07375791032618,41.34391478102321
2023-01-24 00:00:00,145.66798388086036,149.06798388086037,41.03217808044942
2023-01-24 01:00:00,145.65667577659676,149.05667577659676,40.42439717806146
2023-01-24 02:00:00,145.65949375619735,149.05949375619736,40.575516699685274
2023-01-24 03:00:00,145.65405591259278,149.0540559125928,40.28410437823518
2023-01-24 04:00:00,145.6488540281894,149.0488540281894,40.00612387829352
2023-01-24 05:00:00,145.6450360485888,149.0450360485888,39.8025872844335
2023-01-24 06:00:00,145.6378982049842,149.0378982049842,39.42318343670255
2023-01-24 07:00:00,145.63874426618239,149.0387442661824,39.468078890988004
2023-01-24 08:00:00,145.6296963205808,149.0296963205808,38.98901834245348
2023-01-24 09:00:00,145.63693638857882,149.03693638857882,39.372170367829305
2023-01-24 10:00:00,145.6265764565768,149.0265764565768,38.82437420717543
2023-01-24 11:00:00,145.6249884429772,149.02498844297722,38.74067725419803
2023-01-24 12:00:00,145.6236440395224,149.0236440395224,38.66987636717189
2023-01-24 13:00:00,145.62823970406555,149.02823970406556,38.912113844472515
2023-01-24 14:00:00,145.62214170179897,149.02214170179897,38.59081942370682
2023-01-24 15:00:00,145.61586755900314,149.01586755900314,38.88012417422693
2023-01-24 16:00:00,145.61215734367613,149.01215734367614,38.68728075053556
2023-01-24 17:00:00,145.60690740034113,149.00690740034113,38.41506364752288
2023-01-24 18:00:00,145.59991761566815,148.99991761566815,38.05382760679035
2023-01-24 19:00:00,145.59793559526875,148.99793559526876,37.95164422909003
2023-01-24 20:00:00,145.59084547060573,148.99084547060573,37.587012133994435
2023-01-24 21:00:00,145.58867121447992,148.98867121447992,37.47547639220801
2023-01-24 22:00:00,145.58456311021632,148.98456311021633,37.26509952863741
2023-01-24 23:00:00,145.5827808631569,148.9827808631569,37.173977684144944
2023-01-25 00:00:00,145.5837768676901,148.9837768676901,37.224889910634985
2023-01-25 01:00:00,145.57733434863866,148.97733434863866,36.896064343161186
2023-01-25 02:00:00,145.57958828744046,148.97958828744046,37.01097243210032
2023-01-25 03:00:00,145.57925997918284,148.97925997918284,36.99422605143337
2023-01-25 04:00:00,145.5849595258628,148.98495952586282,37.2853794012947
2023-01-25 05:00:00,145.58150290934756,148.98150290934757,37.10869403898424
2023-01-25 06:00:00,145.58821244469453,148.98821244469454,37.45195920291352
2023-01-25 07:00:00,145.5834701523031,148.9834701523031,37.20920873571785
2023-01-25 08:00:00,145.59830343379085,148.99830343379085,37.97059989670929
2023-01-25 09:00:00,145.61212883767502,149.01212883767502,38.685800597845905
2023-01-25 10:00:00,145.6093606880794,149.0093606880794,38.54217444123672
2023-01-25 11:00:00,145.63431628462456,149.03431628462457,39.233338670474495
2023-01-25 12:00:00,145.64943004209834,149.04943004209835,40.03686723836565
2023-01-25 13:00:00,145.67125378823914,149.07125378823915,41.20860270347979
2023-01-25 14:00:00,145.69980184717073,149.09980184717074,42.761712189764566
2023-01-25 15:00:00,145.73903026875837,149.13903026875838,44.93318677920416
2023-01-25 16:00:00,145.778908860341,149.178908860341,47.18453102430209
2023-01-25 17:00:00,145.82319122073045,149.22319122073046,49.735808424831596
2023-01-25 18:00:00,145.85864161738547,149.25864161738548,51.81679628095163
2023-01-25 19:00:00,145.8993078825777,149.2993078825777,53.389357400954
2023-01-25 20:00:00,145.9614220933715,149.36142209337152,56.41267121534027
2023-01-25 21:00:00,146.0135182112347,149.4135182112347,58.182147034004714
2023-01-25 22:00:00,146.0458203222981,149.44582032229812,60.30952770705033
2023-01-25 23:00:00,146.13315439709592,149.53315439709593,64.63460389074116
2023-01-26 00:00:00,146.14008847189373,149.54008847189374,65.12039249222401
2023-01-26 01:00:00,146.14282054895813,149.54282054895813,65.31219621566281
2023-01-26 02:00:00,146.14932676881836,149.54932676881836,65.76986920434908
2023-01-26 03:00:00,146.18303087761515,149.58303087761516,68.16115858840924
2023-01-26 04:00:00,146.19547094561315,149.59547094561316,69.05238812395517
2023-01-26 05:00:00,146.19534109294216,149.59534109294216,69.04306133038462
2023-01-26 06:00:00,146.21113521307197,149.61113521307198,70.18118224802572
2023-01-26 07:00:00,146.17853932186878,149.5785393218688,67.84051393764261
2023-01-26 08:00:00,146.18248738080038,149.5824873808004,68.12232710123853
2023-01-26 09:00:00,146.1868215689282,149.5868215689282,68.43224008539316
2023-01-26 10:00:00,146.15139171625722,149.55139171625723,65.91539284509571
2023-01-26 11:00:00,146.13483789078543,149.53483789078544,64.75241261935555
2023-01-26 12:00:00,146.12146397464963,149.52146397464963,63.81889222638957
2023-01-26 13:00:00,146.08371391798462,149.48371391798463,61.21322848068835
2023-01-26 14:00:00,146.08721814011145,149.48721814011145,61.45327288927182
2023-01-26 15:00:00,146.09501414464464,149.49501414464464,61.98865780781365
2023-01-26 16:00:00,146.09327230557327,149.49327230557327,61.86887715009005
2023-01-26 17:00:00,146.12792435997167,149.52792435997168,64.26916024400118
2023-01-26 18:00:00,146.10660050050086,149.50660050050087,62.78777035668322
2023-01-26 19:00:00,146.06666265689628,149.4666626568963,60.886937107871546
2023-01-26 20:00:00,146.05652270222828,149.45652270222828,60.204539327762475
2023-01-26 21:00:00,146.0679587747595,149.4679587747595,60.97438478516711
2023-01-26 22:00:00,146.0890968450241,149.4890968450241,61.5821216611775
2023-01-26 23:00:00,146.0977289220885,149.4977289220885,62.1755290232053
2023-01-27 00:00:00,146.1154390240855,149.5154390240855,63.400114495686374
2023-01-27 01:00:00,146.12332304221832,149.52332304221832,63.9483334618449
2023-01-27 02:00:00,146.12435911474952,149.52435911474953,64.02051756840268
2023-01-27 03:00:00,146.11242315554833,149.51242315554833,63.19090413698863
2023-01-27 04:00:00,146.1132272643451,149.51322726434512,63.24665800225246
2023-01-27 05:00:00,146.13056933007653,149.53056933007653,64.45387131157888
2023-01-27 06:00:00,146.12949729834412,149.52949729834413,64.37898059160331
2023-01-27 07:00:00,146.09851550460473,149.49851550460474,62.22971532195339
2023-01-27 08:00:00,146.11641150913795,149.51641150913795,63.46763460668344
2023-01-27 09:00:00,146.16278542527374,149.56278542527374,66.72065630171815
2023-01-27 10:00:00,146.15403536860873,149.55403536860874,66.1018874641937
2023-01-27 11:00:00,146.11877720768013,149.51877720768013,63.632006211067136
2023-01-27 12:00:00,146.1171128268913,149.5171128268913,63.5163452798178
2023-01-27 13:00:00,146.12514233957225,149.52514233957226,64.07510716495408
2023-01-27 14:00:00,146.13292989985183,149.53292989985184,64.61890034679065
2023-01-27 15:00:00,146.1244815009302,149.5244815009302,64.02904647491094
2023-01-27 16:00:00,146.1126733966666,149.5126733966666,63.20825280245955
2023-01-27 17:00:00,146.1203595258628,149.5203595258628,63.74204249119052
2023-01-27 18:00:00,146.095565632393,149.495565632393,62.02660115548254
2023-01-27 19:00:00,146.06997761879342,149.46997761879342,61.11069399579274
2023-01-27 20:00:00,146.06479982052082,149.46479982052082,60.7613414852828
2023-01-27 21:00:00,146.06408195425024,149.46408195425025,60.71296940457386
2023-01-27 22:00:00,146.06228617637706,149.46228617637706,60.592031759478836
2023-01-27 23:00:00,146.05459627837405,149.45459627837405,60.075242966381865
2023-01-28 00:00:00,146.06681836677146,149.46681836677146,60.89744003222195
2023-01-28 01:00:00,146.00758052316687,149.40758052316687,57.794427865589455
2023-01-28 02:00:00,146.0202768676901,149.4202768676901,58.6247347924191
2023-01-28 03:00:00,145.9952450172857,149.3952450172857,56.9922626336197
2023-01-28 04:00:00,146.01705723034613,149.41705723034613,58.413730880112155
2023-01-28 05:00:00,146.00580129381092,149.40580129381092,57.678449729278334
2023-01-28 06:00:00,145.98795745700613,149.38795745700614,56.52046959736381
2023-01-28 07:00:00,145.99693159980194,149.39693159980195,57.1016745989563
2023-01-28 08:00:00,145.96953382419537,149.36953382419537,56.92368778598887
2023-01-28 09:00:00,145.99234980606258,149.39234980606258,56.80464029019127
2023-01-28 10:00:00,145.95152994205858,149.3515299420586,55.79199022537473
2023-01-28 11:00:00,145.97657577659675,149.37657577659675,55.786767114098836
2023-01-28 12:00:00,145.96914381286237,149.36914381286238,56.899075981892736
2023-01-28 13:00:00,145.94625357486936,149.34625357486937,55.46204978889176
2023-01-28 14:00:00,145.93871527794474,149.33871527794474,55.80157081893637
2023-01-28 15:00:00,145.9096571170161,149.30965711701612,54.01872557828717
2023-01-28 16:00:00,145.91837709435012,149.31837709435013,54.55130149022303
2023-01-28 17:00:00,145.9237530082193,149.3237530082193,54.880678132231026
2023-01-28 18:00:00,145.9116649946197,149.31166499461972,54.1411722123766
2023-01-28 19:00:00,145.8842951872807,149.28429518728072,52.48164210009894
2023-01-28 20:00:00,145.8957990694175,149.2957990694175,53.17664602656383
2023-01-28 21:00:00,145.8939348019587,149.2939348019587,53.063768564429274
2023-01-28 22:00:00,145.88437886542349,149.2843788654235,52.48668428191798
2023-01-28 23:00:00,145.88800871809448,149.2880087180945,52.7055942451882
2023-01-29 00:00:00,145.8741808631569,149.27418086315691,51.873612977606
2023-01-29 01:00:00,145.86301659569807,149.26301659569808,52.07597469473711
2023-01-29 02:00:00,145.88815266822928,149.2881526682293,52.714283133981894
2023-01-29 03:00:00,145.86645266822927,149.26645266822928,51.41093954350837
2023-01-29 04:00:00,145.87322258889827,149.27322258889828,51.816152751897974
2023-01-29 05:00:00,145.86375655036608,149.26375655036608,51.249918035425374
2023-01-29 06:00:00,145.85867253223327,149.25867253223328,51.81862589482408
2023-01-29 07:00:00,145.87416842343646,149.27416842343646,51.87286690150343
2023-01-29 08:00:00,145.87355655036606,149.27355655036607,51.83617492187174
2023-01-29 09:00:00,145.85839872942748,149.25839872942748,51.80242249570824
2023-01-29 10:00:00,145.87495078382588,149.2749507838259,51.91979756246869
2023-01-29 11:00:00,145.8640929628873,149.2640929628873,51.269998724364996
2023-01-29 12:00:00,145.8687688767565,149.2687688767565,51.54943285037588
2023-01-29 13:00:00,145.8664628835563,149.2664628835563,51.41155002244039
2023-01-29 14:00:00,145.85387475662668,149.2538747566267,51.53499146830601
2023-01-29 15:00:00,145.8478707611599,149.2478707611599,51.18092563779431
2023-01-29 16:00:00,145.86389273622729,149.2638927362273,51.25804668171657
2023-01-29 17:00:00,145.8569089447545,149.2569089447545,51.71429392817623
2023-01-29 18:00:00,145.8516150512847,149.25161505128472,51.401618218999666
2023-01-29 19:00:00,145.85576733234313,149.25576733234314,51.646802199740826
2023-01-29 20:00:00,145.85469940940754,149.25469940940755,51.583698887389374
2023-01-29 21:00:00,145.86400551593775,149.26400551593775,51.26477865466388
2023-01-29 22:00:00,145.85142360886834,149.25142360886835,51.39032517966018
2023-01-29 23:00:00,145.83952149780495,149.23952149780496,50.69017974881747
2023-01-30 00:00:00,145.85057732101012,149.25057732101013,51.34041520938745
2023-01-30 01:00:00,145.87582937540853,149.27582937540853,51.972520981239676
2023-01-30 02:00:00,145.88471750233813,149.28471750233814,52.507091456467535
2023-01-30 03:00:00,145.86893348420534,149.26893348420535,51.55928091278153
2023-01-30 04:00:00,145.88292138447494,149.28292138447495,52.398888768905024
2023-01-30 05:00:00,145.86929952273755,149.26929952273755,51.58118280289923
2023-01-30 06:00:00,145.88444335954233,149.28444335954234,52.49057062698554
2023-01-30 07:00:00,145.87995534594273,149.27995534594274,52.2204026110437
2023-01-30 08:00:00,145.89877366553335,149.29877366553336,53.35695016124284
2023-01-30 09:00:00,145.89616201912298,149.296162019123,53.19863302229439
2023-01-30 10:00:00,145.89180596925777,149.29180596925778,52.93498959525742
2023-01-30 11:00:00,145.93422594659177,149.33422594659177,55.52461945393295
2023-01-30 12:00:00,145.91812183779496,149.31812183779496,54.53568191436921
2023-01-30 13:00:00,145.91882583326176,149.31882583326177,54.57876491258817
2023-01-30 14:00:00,145.93863970406557,149.33863970406557,55.79690402978985
2023-01-30 15:00:00,145.93150973806456,149.33150973806457,55.3573215481849
2023-01-30 16:00:00,145.95077988539356,149.35077988539356,55.745040152344004
2023-01-30 17:00:00,145.96077400552338,149.36077400552338,56.37192302187534
2023-01-30 18:00:00,145.95365602592278,149.3536560259228,55.925159135622664
2023-01-30 19:00:00,145.95429221178398,149.35429221178399,55.96503181198142
2023-01-30 20:00:00,145.9808762299168,149.3808762299168,56.06353844062489
2023-01-30 21:00:00,145.97797223445,149.37797223445,55.876581168245814
2023-01-30 22:00:00,145.99253250644202,149.39253250644202,56.816472757145185
2023-01-30 23:00:00,145.97341652457482,149.37341652457482,57.16893907374327
2023-01-31 00:00:00,145.98222251777503,149.38222251777503,56.150296274847285
2023-01-31 01:00:00,145.9831285109752,149.3831285109752,56.208710728584954
2023-01-31 02:00:00,145.98344860163922,149.38344860163923,56.22935457347639
2023-01-31 03:00:00,145.95620465150444,149.35620465150444,56.0849615863683
2023-01-31 04:00:00,145.98683484416543,149.38683484416543,56.44793169084585
2023-01-31 05:00:00,145.98252086003163,149.38252086003163,56.16952938739558
2023-01-31 06:00:00,146.00682285776503,149.40682285776504,57.745028449895216
2023-01-31 07:00:00,145.96128301642705,149.36128301642705,56.40392583075958
2023-01-31 08:00:00,145.97261121135466,149.37261121135467,57.11803669352347
2023-01-31 09:00:00,145.98017913429027,149.38017913429027,56.01863711033619
2023-01-31 10:00:00,145.97463318642207,149.37463318642207,57.24587644627858
2023-01-31 11:00:00,145.97340310709106,149.37340310709106,57.168090830488865
2023-01-31 12:00:00,145.96829289176404,149.36829289176404,56.84539308150764
2023-01-31 13:00:00,145.96994260843903,149.36994260843903,56.94948883085283
2023-01-31 14:00:00,145.9568744588434,149.3568744588434,56.12698972108467
2023-01-31 15:00:00,145.9696342775154,149.36963427751542,56.930027618019786
2023-01-31 16:00:00,145.9725602480496,149.3725602480496,57.11481600617182
2023-01-31 17:00:00,145.932702313781,149.332702313781,55.43075032711518
2023-01-31 18:00:00,145.954832393112,149.35483239311202,55.99889636823156
2023-01-31 19:00:00,145.9415144135114,149.34151441351142,55.97453117878006
2023-01-31 20:00:00,145.94428866963722,149.34428866963722,56.14616541991485
2023-01-31 21:00:00,145.93437080336662,149.33437080336662,55.533547207047704
2023-01-31 22:00:00,145.91671874896824,149.31671874896824,54.44985651139093
2023-01-31 23:00:00,145.91084683056584,149.31084683056585,54.091264631250695
2023-02-01 00:00:00,145.91373672856884,149.31373672856884,54.26762922132622
2023-02-01 01:00:00,145.91523073536862,149.31523073536863,54.35889544059657
2023-02-01 02:00:00,145.90342673990182,149.30342673990182,53.6394840802211
2023-02-01 03:00:00,145.89068889629723,149.29068889629724,52.867464845919656
2023-02-01 04:00:00,145.87384894162923,149.27384894162924,51.853707351461374
2023-02-01 05:00:00,145.88155704589286,149.28155704589287,52.31675723633166
2023-02-01 06:00:00,145.86475316375606,149.26475316375607,51.30941570302938
2023-02-01 07:00:00,145.85808335641707,149.25808335641707,51.783761522057546
2023-02-01 08:00:00,145.8368875785439,149.2368875785439,50.535758119299054
2023-02-01 09:00:00,145.8415395196123,149.2415395196123,50.80861996895192
2023-02-01 10:00:00,145.83709345841407,149.23709345841408,50.54782167056315
2023-02-01 11:00:00,145.8209556148095,149.2209556148095,49.605720627189065
2023-02-01 12:00:00,145.80997936095028,149.20997936095029,48.96900175829494
2023-02-01 13:00:00,145.81341920228826,149.21341920228826,49.16818864143875
2023-02-01 14:00:00,145.81439688723083,149.21439688723083,49.2248613182123
2023-02-01 15:00:00,145.80323273310202,149.20323273310203,48.57927252118075
2023-02-01 16:00:00,145.8005185223082,149.20051852230822,48.42283354079537
2023-02-01 17:00:00,145.78212862430522,149.18212862430522,47.368219788853104
2023-02-01 18:00:00,145.78224260843902,149.18224260843903,47.374727858672905
2023-02-01 19:00:00,145.77848855630722,149.17848855630723,47.16057358772705
2023-02-01 20:00:00,145.776592551774,149.176592551774,47.052561354967295
2023-02-01 21:00:00,145.77231464017143,149.17231464017144,46.80921990364226
2023-02-01 22:00:00,145.7610844475104,149.1610844475104,46.17281433836065
2023-02-01 23:00:00,145.7570444928424,149.1570444928424,45.94472645183065
2023-02-02 00:00:00,145.7682845608404,149.16828456084042,46.58043787376234
2023-02-02 01:00:00,145.7487942095174,149.1487942095174,45.48033633600065
2023-02-02 02:00:00,145.7383744588434,149.1383744588434,44.89653162673166
2023-02-02 03:00:00,145.7404282843152,149.1404282843152,45.01136593267891
2023-02-02 04:00:00,145.7363980916542,149.1363980916542,44.786139009381635
2023-02-02 05:00:00,145.7330641301864,149.1330641301864,44.600162611558524
2023-02-02 06:00:00,145.7168801120536,149.1168801120536,43.70178418272411
2023-02-02 07:00:00,145.7182882163172,149.1182882163172,43.77965777303033
2023-02-02 08:00:00,145.71114015738559,149.1111401573856,43.38491667741654
2023-02-02 09:00:00,145.70219010072057,149.10219010072058,42.89268140901345
2023-02-02 10:00:00,145.70372594659176,149.10372594659177,42.97699014140985
2023-02-02 11:00:00,145.70255368819934,149.10255368819935,42.91263419926017
2023-02-02 12:00:00,145.70295768366614,149.10295768366615,42.93480883417996
2023-02-02 13:00:00,145.69138142980694,149.09138142980694,42.30122492547252
2023-02-02 14:00:00,145.68558519861372,149.08558519861373,41.98540636273248
2023-02-02 15:00:00,145.67492503995172,149.07492503995172,41.40704209671957
2023-02-02 16:00:00,145.6699189334215,149.06991893342152,41.13654535925028
2023-02-02 17:00:00,145.6663768676901,149.0663768676901,40.94558426850165
2023-02-02 18:00:00,145.6591830875503,149.0591830875503,40.55884544069791
2023-02-02 19:00:00,145.65188896742052,149.05188896742052,40.16821268585925
2023-02-02 20:00:00,145.64408108981692,149.04408108981693,39.75174334653325
2023-02-02 21:00:00,145.6424350286187,149.0424350286187,39.66416475139865
2023-02-02 22:00:00,145.62900728701112,149.02900728701113,38.95263209614933
2023-02-02 23:00:00,145.62698730967713,149.02698730967714,38.8460401632186
2023-02-03 00:00:00,145.62457743434013,149.02457743434013,38.719026634991536
2023-02-03 01:00:00,145.62943148647193,149.02943148647194,38.97503146670543
2023-02-03 02:00:00,145.62262172446495,149.02262172446495,38.61607243723929
2023-02-03 03:00:00,145.61702994205856,149.01702994205857,38.9406194777916
2023-02-03 04:00:00,145.6124703500466,149.0124703500466,38.70353486104319
2023-02-03 05:00:00,145.6101105313746,149.0101105313746,38.5810591506761
2023-02-03 06:00:00,145.60142685323183,149.00142685323183,38.13171027873103
2023-02-03 07:00:00,145.60245904362625,149.00245904362626,38.185012086815235
2023-02-03 08:00:00,145.59557936095027,148.99557936095027,37.83031122231972
2023-02-03 09:00:00,145.5860256488085,148.9860256488085,37.33994212212981
2023-02-03 10:00:00,145.58245384373612,148.98245384373612,37.157267687204346
2023-02-03 11:00:00,145.58386594346652,148.98386594346653,37.229444506782286
2023-02-03 12:00:00,145.57427216332673,148.97427216332673,36.740180105490374
2023-02-03 13:00:00,145.57335207266271,148.97335207266272,36.69339337078277
2023-02-03 14:00:00,145.5704280998619,148.97042809986192,36.54486731977105
2023-02-03 15:00:00,145.56528004093033,148.96528004093034,36.28395261108855
2023-02-03 16:00:00,145.55573609079553,148.95573609079554,35.80222513854308
2023-02-03 17:00:00,145.55187627212354,148.95187627212354,35.60813415789313
2023-02-03 18:00:00,145.54958837185393,148.94958837185393,35.493286390100174
2023-02-03 19:00:00,145.54225652144956,148.94225652144956,35.12624360371859
2023-02-03 20:00:00,145.53896651011655,148.93896651011656,34.96203738568442
2023-02-03 21:00:00,145.53434042625236,148.93434042625236,34.73166801038488
2023-02-03 22:00:00,145.53161456904814,148.93161456904815,34.59621134606478
2023-02-03 23:00:00,145.52893055091536,148.92893055091537,34.46304076126915
2023-02-04 00:00:00,145.52333465971216,148.92333465971217,34.1860554137098
2023-02-04 01:00:00,145.52214864384595,148.92214864384596,34.12746488740123
2023-02-04 02:00:00,145.52469248065074,148.92469248065075,34.2531826539489
2023-02-04 03:00:00,145.51792855318195,148.91792855318195,33.919313795147694
2023-02-04 04:00:00,145.51967039225335,148.91967039225335,34.00516625757154
2023-02-04 05:00:00,145.51189225399074,148.91189225399074,33.622466401823644
2023-02-04 06:00:00,145.51044607946253,148.91044607946253,33.55150285219926
2023-02-04 07:00:00,145.50536805452992,148.90536805452993,33.302800279297124
2023-02-04 08:00:00,145.5072878052039,148.9072878052039,33.39673542999753
2023-02-04 09:00:00,145.5022956828075,148.9022956828075,33.15268663997916
2023-02-04 10:00:00,145.50570144934767,148.90570144934767,33.31910599734222
2023-02-04 11:00:00,145.50045516148947,148.90045516148948,33.06289020231198
2023-02-04 12:00:00,145.49210887363125,148.89210887363126,32.656910266466284
2023-02-04 13:00:00,145.4942944361774,148.8942944361774,32.76302640657332
2023-02-04 14:00:00,145.48367999872357,148.88367999872358,32.248951903651104
2023-02-04 15:00:00,145.48437566326675,148.88437566326675,32.28254444154186
2023-02-04 16:00:00,145.48084158846893,148.88084158846894,32.11203460424517
2023-02-04 17:00:00,145.47026556126974,148.87026556126975,31.60392951056223
2023-02-04 18:00:00,145.46890562926774,148.86890562926774,31.538829533389876
2023-02-04 19:00:00,145.46630962473455,148.86630962473455,31.414707863994472
2023-02-04 20:00:00,145.46487566326675,148.86487566326676,31.346230431550307
2023-02-04 21:00:00,145.46605557260276,148.86605557260276,31.402571495483762
2023-02-04 22:00:00,145.46080762700115,148.86080762700115,31.152290791148793
2023-02-04 23:00:00,145.46733548193873,148.86733548193874,31.463733344452194
2023-02-05 00:00:00,145.46735734367613,148.86735734367613,31.46477844462952
2023-02-05 01:00:00,145.46243114648192,148.86243114648192,31.229632757682072
2023-02-05 02:00:00,145.4614551192827,148.8614551192827,31.18312712932357
2023-02-05 03:00:00,145.4538869696871,148.8538869696871,30.82346248648372
2023-02-05 04:00:00,145.4505588880895,148.8505588880895,30.665829261991984
2023-02-05 05:00:00,145.4429308064919,148.8429308064919,30.3057491332124
2023-02-05 06:00:00,145.43430871809448,148.8343087180945,29.900798213062842
2023-02-05 07:00:00,145.42892258889827,148.82892258889828,29.648936450932926
2023-02-05 08:00:00,145.42433257756528,148.8243325775653,29.434975171601973
2023-02-05 09:00:00,145.43224445063566,148.83224445063567,29.804169918989903
2023-02-05 10:00:00,145.42682236223825,148.82682236223826,29.550958422970577
2023-02-05 11:00:00,145.42544633503906,148.82544633503906,29.4868355041678
2023-02-05 12:00:00,145.42721014917785,148.82721014917786,29.56903937116732
2023-02-05 13:00:00,145.42421991118482,148.82421991118483,29.429731076027
2023-02-05 14:00:00,145.4258476527924,148.82584765279242,29.5055311709932
2023-02-05 15:00:00,145.4265536459926,148.82655364599262,29.538431858192723
2023-02-05 16:00:00,145.4295175734614,148.8295175734614,29.676716753049778
2023-02-05 17:00:00,145.42447573439003,148.82447573439003,29.441638994571267
2023-02-05 18:00:00,145.42301192025124,148.82301192025125,29.373528210237165
2023-02-05 19:00:00,145.42262213557825,148.82262213557826,29.355402298759586
2023-02-05 20:00:00,145.42256220357626,148.82256220357627,29.352615715546712
2023-02-05 21:00:00,145.42271625570805,148.82271625570806,29.359778698086735
2023-02-05 22:00:00,145.42825632370605,148.82825632370606,29.61784035258529
2023-02-05 23:00:00,145.42565455263266,148.82565455263267,29.496534874013257
2023-02-06 00:00:00,145.4233487860925,148.8233487860925,29.38919687565975
2023-02-06 01:00:00,145.4210150512847,148.82101505128472,29.28071634341878
2023-02-06 02:00:00,145.4282691034165,148.82826910341652,29.61843668769626
2023-02-06 03:00:00,145.4231272643451,148.82312726434512,29.378892842191018
2023-02-06 04:00:00,145.42447943207353,148.82447943207353,29.441811126445714
2023-02-06 05:00:00,145.41998354087033,148.81998354087034,29.232819114352434
2023-02-06 06:00:00,145.41898576526376,148.81898576526376,29.18651817832036
2023-02-06 07:00:00,145.41216801232318,148.81216801232318,28.870932337536434
2023-02-06 08:00:00,145.42227999872358,148.8222799987236,29.33949581228462
2023-02-06 09:00:00,145.419502313781,148.81950231378102,29.210484511851924
2023-02-06 10:00:00,145.4205343908454,148.8205343908454,29.258393419331544
2023-02-06 11:00:00,145.4179584769762,148.8179584769762,29.138878408599243
2023-02-06 12:00:00,145.42117246111002,148.82117246111002,29.288028280846223
2023-02-06 13:00:00,145.42328410752037,148.82328410752038,29.38618821726338
2023-02-06 14:00:00,145.42495779699615,148.82495779699616,29.46408301708235
2023-02-06 15:00:00,145.42205357486935,148.82205357486936,29.328970903600368
2023-02-06 16:00:00,145.42114558393575,148.82114558393576,29.2867797415365
2023-02-06 17:00:00,145.41469940940755,148.81469940940755,28.987947565295027
2023-02-06 18:00:00,145.39468331421034,148.79468331421035,28.067872921835733
2023-02-06 19:00:00,145.38544935274254,148.78544935274255,27.647427329967744
2023-02-06 20:00:00,145.39106533460972,148.79106533460973,27.902834772711483
2023-02-06 21:00:00,145.4169611124829,148.81696111248291,29.09265612102402
2023-02-06 22:00:00,145.44095888808948,148.8409588880895,30.212942520782672
2023-02-06 23:00:00,145.4411988427575,148.8411988427575,30.224229692176092
2023-02-07 00:00:00,145.4324168223581,148.8324168223581,29.812233846113415
2023-02-07 01:00:00,145.41630871809448,148.8163087180945,29.062437156954633
2023-02-07 02:00:00,145.41795655036609,148.8179565503661,29.13878909266129
2023-02-07 03:00:00,145.4065168223581,148.8065168223581,28.610386567291066
2023-02-07 04:00:00,145.40221659569806,148.80221659569807,28.41275987803505
2023-02-07 05:00:00,145.39793035317186,148.79793035317186,28.216321507230756
2023-02-07 06:00:00,145.39744233957225,148.79744233957226,28.193990434669665
2023-02-07 07:00:00,145.39573634637208,148.79573634637208,28.115981273953327
2023-02-07 08:00:00,145.39763845743548,148.79763845743548,28.20296376541384
2023-02-07 09:00:00,145.38806653903308,148.78806653903308,27.76633661667981
2023-02-07 10:00:00,145.39243857076548,148.79243857076548,27.96543061926957
2023-02-07 11:00:00,145.3873506704959,148.7873506704959,27.73379155345141
2023-02-07 12:00:00,145.3921706478299,148.7921706478299,27.953213556421378
2023-02-07 13:00:00,145.38711459796468,148.7871145979647,27.723062490076536
2023-02-07 14:00:00,145.38987042116986,148.78987042116987,27.84841302209747
2023-02-07 15:00:00,145.38649450730068,148.7864945073007,27.694888417341318
2023-02-07 16:00:00,145.38825477929268,148.78825477929269,27.774896995514027
2023-02-07 17:00:00,145.3867928495573,148.78679284955732,27.708442289386635
2023-02-07 18:00:00,145.3890089447545,148.7890089447545,27.809203867469723
2023-02-07 19:00:00,145.3876250399517,148.7876250399517,27.746263228194934
2023-02-07 20:00:00,145.38047732101012,148.78047732101012,27.422090600479514
2023-02-07 21:00:00,145.38356721901312,148.78356721901312,27.562040661424103
2023-02-07 22:00:00,145.38070129381092,148.78070129381092,27.432225369724303
2023-02-07 23:00:00,145.37445135047594,148.77445135047594,27.14997814162803
2023-02-08 00:00:00,145.37653747967215,148.77653747967216,27.244057827232986
2023-02-08 01:00:00,145.37309175846397,148.77309175846398,27.088733716415973
2023-02-08 02:00:00,145.37241584459477,148.77241584459478,27.05830697110042
2023-02-08 03:00:00,145.36887800099018,148.76887800099018,26.899271674562375
2023-02-08 04:00:00,145.36679609392078,148.7667960939208,26.805859862928447
2023-02-08 05:00:00,145.3643063092478,148.76430630924781,26.6943179811631
2023-02-08 06:00:00,145.3650162979148,148.7650162979148,26.72610637604911
2023-02-08 07:00:00,145.3646184089782,148.7646184089782,26.708289790180054
2023-02-08 08:00:00,145.3642005427076,148.7642005427076,26.689583780230862
2023-02-08 09:00:00,145.36290054270762,148.76290054270763,26.631422105763054
2023-02-08 10:00:00,145.35790254044102,148.75790254044102,26.40828569435494
2023-02-08 11:00:00,145.3634204067116,148.76342040671162,26.654674601151427
2023-02-08 12:00:00,145.3656402707156,148.7656402707156,26.754056066275268
2023-02-08 13:00:00,145.36361396019137,148.76361396019138,26.66333394159346
2023-02-08 14:00:00,145.36206379019637,148.76206379019638,26.59401285967769
2023-02-08 15:00:00,145.35949153180394,148.75949153180395,26.479144971095756
2023-02-08 16:00:00,145.36594535727573,148.76594535727574,26.76772609930215
2023-02-08 17:00:00,145.35891938674155,148.75891938674155,26.453622057659782
2023-02-08 18:00:00,145.35951727567812,148.75951727567812,26.480293615277073
2023-02-08 19:00:00,145.36024113514893,148.76024113514893,26.512599047822953
2023-02-08 20:00:00,145.35530106715092,148.75530106715092,26.292439951917526
2023-02-08 21:00:00,145.35818885409049,148.7581888540905,26.421047918476088
2023-02-08 22:00:00,145.35520860476447,148.75520860476448,26.288326275508773
2023-02-08 23:00:00,145.35766631237306,148.75766631237306,26.39775785590658
2023-02-09 00:00:00,145.35751991118482,148.75751991118483,26.3912341223923
2023-02-09 01:00:00,145.3548376641254,148.7548376641254,26.271825615332872
2023-02-09 02:00:00,145.3588674034664,148.7588674034664,26.451303615074497
2023-02-09 03:00:00,145.35950302267756,148.75950302267756,26.47965767021914
2023-02-09 04:00:00,145.35981090028116,148.75981090028117,26.493396013444723
2023-02-09 05:00:00,145.36364651949233,148.76364651949234,26.664790714515966
2023-02-09 06:00:00,145.3742243177649,148.77422431776492,27.139747337837264
2023-02-09 07:00:00,145.3728180979047,148.77281809790472,27.076413043123804
2023-02-09 08:00:00,145.37865982364607,148.77865982364608,27.339904255610676
2023-02-09 09:00:00,145.38450965365107,148.78450965365107,27.604782841562965
2023-02-09 10:00:00,145.38413351312187,148.78413351312187,27.58772058655732
2023-02-09 11:00:00,145.38772940432506,148.78772940432506,27.751007779906374
2023-02-09 12:00:00,145.40678111873342,148.80678111873343,28.62255077656731
2023-02-09 13:00:00,145.38948933632705,148.78948933632705,27.83106563780109
2023-02-09 14:00:00,145.40309122073043,148.80309122073044,28.452910863864577
2023-02-09 15:00:00,145.41024150405545,148.81024150405545,28.782005341697445
2023-02-09 16:00:00,145.4102881319037,148.81028813190372,28.784156372094355
2023-02-09 17:00:00,145.43086860788975,148.83086860788976,29.739836262581594
2023-02-09 18:00:00,145.43998903854376,148.83998903854376,30.16733917976959
2023-02-09 19:00:00,145.4481913762672,148.8481913762672,30.553889902439803
2023-02-09 20:00:00,145.4673018182542,148.86730181825422,31.462124079441892
2023-02-09 21:00:00,145.48611802678144,148.88611802678145,32.36674179818146
2023-02-09 22:00:00,145.49196831010647,148.89196831010648,32.650090165609214
2023-02-09 23:00:00,145.49464644836905,148.89464644836906,32.78013061218807
2023-02-10 00:00:00,145.4917587747595,148.8917587747595,32.63992463001914
2023-02-10 01:00:00,145.4910668790231,148.8910668790231,32.60636653963668
2023-02-10 02:00:00,145.4982688767565,148.8982688767565,32.95635108558941
2023-02-10 03:00:00,145.5026750966167,148.90267509661672,33.17120981401355
2023-02-10 04:00:00,145.51040917141452,148.91040917141453,33.549692565154444
2023-02-10 05:00:00,145.50033337087532,148.90033337087533,33.05695164699322
2023-02-10 06:00:00,145.50898942074053,148.90898942074054,33.48008548506805
2023-02-10 07:00:00,145.51610551593774,148.91610551593774,33.82955220326552
2023-02-10 08:00:00,145.52764957940255,148.92764957940255,34.39955635530517
2023-02-10 09:00:00,145.52860574259776,148.92860574259777,34.446938967777754
2023-02-10 10:00:00,145.53431784232816,148.93431784232817,34.7305448723961
2023-02-10 11:00:00,145.54256978339657,148.94256978339658,35.14189471875901
2023-02-10 12:00:00,145.54668587859376,148.94668587859377,35.34780099417056
2023-02-10 13:00:00,145.54800585592776,148.94800585592776,35.413934278598056
2023-02-10 14:00:00,145.55328787632718,148.95328787632718,35.67906772398644
2023-02-10 15:00:00,145.55047400552337,148.95047400552338,35.53772572679495
2023-02-10 16:00:00,145.5532481483192,148.9532481483192,35.677070606617924
2023-02-10 17:00:00,145.54855025938258,148.94855025938259,35.441224290186426
2023-02-10 18:00:00,145.5539242888484,148.9539242888484,35.71106612300944
2023-02-10 19:00:00,145.54990453817442,148.94990453817442,35.50914843458384
2023-02-10 20:00:00,145.55594272176901,148.95594272176902,35.81262747569502
2023-02-10 21:00:00,145.55702086003163,148.95702086003163,35.866923347376535
2023-02-10 22:00:00,145.57350887363123,148.97350887363123,36.701365035462885
2023-02-10 23:00:00,145.57492308442505,148.97492308442506,36.773293933047334
2023-02-11 00:00:00,145.58899100736065,148.98899100736065,37.491872920970586
2023-02-11 01:00:00,145.60185904362626,149.00185904362627,38.15402475533317
2023-02-11 02:00:00,145.61926503682645,149.01926503682645,38.439622439712565
2023-02-11 03:00:00,145.64479711389086,149.04479711389087,39.78986347911076
2023-02-11 04:00:00,145.67809911162425,149.07809911162425,41.57891501128352
2023-02-11 05:00:00,145.70713318642206,149.10713318642206,43.164263513693484
2023-02-11 06:00:00,145.74105527481947,149.14105527481948,45.04644584966407
2023-02-11 07:00:00,145.77085738588286,149.17085738588287,46.726441843820844
2023-02-11 08:00:00,145.79332542214848,149.1933254221485,48.00922168916266
2023-02-11 09:00:00,145.82187947428028,149.22187947428029,49.659462615024005
2023-02-11 10:00:00,145.80943329975207,149.20943329975208,48.93741138098761
2023-02-11 11:00:00,145.83726726121986,149.23726726121987,50.55800655962216
2023-02-11 12:00:00,145.82515116602266,149.22515116602267,49.84996787399038
2023-02-11 13:00:00,145.84254505949247,149.24254505949247,50.86767762671951
2023-02-11 14:00:00,145.84239677390082,149.24239677390082,50.858966749647635
2023-02-11 15:00:00,145.8350884429772,149.2350884429772,50.43038661070551
2023-02-11 16:00:00,145.84766624124978,149.2476662412498,51.16888195112517
2023-02-11 17:00:00,145.83624814831919,149.2362481483192,50.498297986382006
2023-02-11 18:00:00,145.8134542548494,149.2134542548494,49.170220053700305
2023-02-11 19:00:00,145.81448222311698,149.214482223117,49.22980915397386
2023-02-11 20:00:00,145.811282109787,149.211282109787,49.04440046547902
2023-02-11 21:00:00,145.813801973791,149.213801973791,49.19037333871175
2023-02-11 22:00:00,145.80070785366115,149.20070785366116,48.43373948372699
2023-02-11 23:00:00,145.78838976073055,149.18838976073056,47.72623684422014
2023-02-12 00:00:00,145.79550374486436,149.19550374486437,48.1343280111038
2023-02-12 01:00:00,145.7873372530121,149.18733725301212,47.66597818142609
2023-02-12 02:00:00,145.77781328021132,149.17781328021132,47.12209287070913
2023-02-12 03:00:00,145.7727070603511,149.17270706035112,46.831521004918066
2023-02-12 04:00:00,145.7617808631569,149.1617808631569,46.21217823903826
2023-02-12 05:00:00,145.7513249266217,149.1513249266217,45.622584105315674
2023-02-12 06:00:00,145.7396367996921,149.1396367996921,44.96709823392545
2023-02-12 07:00:00,145.7305348019587,149.1305348019587,44.45927717033662
2023-02-12 08:00:00,145.72773679969208,149.1277367996921,44.30363416929332
2023-02-12 09:00:00,145.72355266822927,149.12355266822928,44.07129324502993
2023-02-12 10:00:00,145.71577452996667,149.11577452996667,43.64068010499478
2023-02-12 11:00:00,145.71306831010645,149.11306831010646,43.49125521482077
2023-02-12 12:00:00,145.70263611971205,149.10263611971206,42.917158354911415
2023-02-12 13:00:00,145.70136186358621,149.10136186358622,42.847243643052316
2023-02-12 14:00:00,145.6984376641254,149.0984376641254,42.686973786450025
2023-02-12 15:00:00,145.6905936006606,149.0905936006606,42.2582429894471
2023-02-12 16:00:00,145.6804876074604,149.0804876074604,41.70843746306513
2023-02-12 17:00:00,145.6763315575952,149.0763315575952,41.483168531483145
2023-02-12 18:00:00,145.6644014782642,149.06440147826422,40.839240807320905
2023-02-12 19:00:00,145.6661594125328,149.0661594125328,40.93387233128986
2023-02-12 20:00:00,145.6571994805308,149.0571994805308,40.45246473366422
2023-02-12 21:00:00,145.6471595258628,149.0471595258628,39.91573866241746
2023-02-12 22:00:00,145.6422095825278,149.04220958252782,39.652175920912846
2023-02-12 23:00:00,145.6362475394624,149.0362475394624,39.33565124836217
2023-02-13 00:00:00,145.6219215689282,149.0219215689282,38.57924089236145
2023-02-13 01:00:00,145.6271334419986,149.02713344199861,38.853747480886426
2023-02-13 02:00:00,145.61550735813438,149.01550735813439,38.86138544200072
2023-02-13 03:00:00,145.61425530373597,149.01425530373598,38.79627792079267
2023-02-13 04:00:00,145.6056213422682,149.0056213422682,38.34849697358167
2023-02-13 05:00:00,145.5958592992028,148.9958592992028,37.844718354786444
2023-02-13 06:00:00,145.59988116094019,148.9998811609402,38.05194718545473
2023-02-13 07:00:00,145.59873110427517,148.99873110427518,37.99264361939612
2023-02-13 08:00:00,145.59174708614236,148.99174708614237,37.63330240179944
2023-02-13 09:00:00,145.58884897054577,148.98884897054577,37.4845900072059
2023-02-13 10:00:00,145.59040490708097,148.99040490708097,37.5644012438834
2023-02-13 11:00:00,145.58780490708097,148.98780490708097,37.43107320030983
2023-02-13 12:00:00,145.58268082095015,148.98268082095015,37.168865421087375
2023-02-13 13:00:00,145.57775884588276,148.97775884588276,36.917694718947594
2023-02-13 14:00:00,145.57220878921774,148.97220878921775,36.63529048415914
2023-02-13 15:00:00,145.56708281868356,148.96708281868356,36.375236179266764
2023-02-13 16:00:00,145.57146683681634,148.97146683681635,36.59760337928059
2023-02-13 17:00:00,145.56662300001156,148.96662300001157,36.35194456637633
2023-02-13 18:00:00,145.56248915187376,148.96248915187377,36.14281709070092
2023-02-13 19:00:00,145.56453321533857,148.96453321533858,36.24616401175225
2023-02-13 20:00:00,145.55820136493418,148.95820136493418,35.92641221244451
2023-02-13 21:00:00,145.55552756212842,148.95552756212842,35.791728492112824
2023-02-13 22:00:00,145.5492136913246,148.94921369132462,35.47449236203958
2023-02-13 23:00:00,145.544395711724,148.944395711724,35.23317678487973
2023-02-14 00:00:00,145.54057596105002,148.94057596105003,35.04232748580158
2023-02-14 01:00:00,145.54177196558322,148.94177196558323,35.10203983824817
2023-02-14 02:00:00,145.53715986585283,148.93715986585283,34.87199775650861
2023-02-14 03:00:00,145.53132601771503,148.93132601771504,34.58188469151565
2023-02-14 04:00:00,145.53266996784984,148.93266996784985,34.648632407831
2023-02-14 05:00:00,145.52700204491424,148.92700204491425,34.36748263858436
2023-02-14 06:00:00,145.52605210157924,148.92605210157924,34.320451647901216
2023-02-14 07:00:00,145.51400415597766,148.91400415597766,33.726204800286965
2023-02-14 08:00:00,145.51806608571303,148.91806608571304,33.92608939687536
2023-02-14 09:00:00,145.51928206758024,148.91928206758024,33.986018836396944
2023-02-14 10:00:00,145.51818994518382,148.91818994518383,33.93219185243907
2023-02-14 11:00:00,145.51915587038602,148.91915587038602,33.97979726374288
2023-02-14 12:00:00,145.5155196845248,148.9155196845248,33.80072759688537
2023-02-14 13:00:00,145.5127815009302,148.9127815009302,33.66613137695211
2023-02-14 14:00:00,145.51313321533857,148.91313321533858,33.68340797674246
2023-02-14 15:00:00,145.50574120627218,148.90574120627218,33.32105064734504
2023-02-14 16:00:00,145.50194297734555,148.90194297734556,33.135471092996085
2023-02-14 17:00:00,145.49998492974697,148.89998492974698,33.03996388569804
2023-02-14 18:00:00,145.49080468042095,148.89080468042096,32.593653080695056
2023-02-14 19:00:00,145.4937583925627,148.89375839256272,32.73698700854908
2023-02-14 20:00:00,145.4874998916441,148.8874998916441,32.433580908749185
2023-02-14 21:00:00,145.4785523993625,148.87855239936252,32.00178006936618
2023-02-14 22:00:00,145.48671444242794,148.88671444242794,32.39558292711246
2023-02-14 23:00:00,145.48338213870352,148.88338213870352,32.234572993035925
2023-02-15 00:00:00,145.48083396644188,148.88083396644188,32.11166725184335
2023-02-15 01:00:00,145.4731158735113,148.8731158735113,31.74054816921244
2023-02-15 02:00:00,145.4711118780445,148.8711118780445,31.64446981556696
2023-02-15 03:00:00,145.4703138757779,148.8703138757779,31.60624331482859
2023-02-15 04:00:00,145.47009578284727,148.87009578284727,31.595799280353393
2023-02-15 05:00:00,145.46575793924268,148.86575793924268,31.388355586735262
2023-02-15 06:00:00,145.4634320820385,148.8634320820385,31.277354004579266
2023-02-15 07:00:00,145.4558344197619,148.85583441976192,30.915852542109608
2023-02-15 08:00:00,145.45562254669153,148.85562254669154,30.905795592952586
2023-02-15 09:00:00,145.45842676881836,148.85842676881836,31.039009155691044
2023-02-15 10:00:00,145.44577305667656,148.84577305667656,30.439717393828545
2023-02-15 11:00:00,145.45805895921276,148.85805895921277,31.02152343540537
2023-02-15 12:00:00,145.44936917453978,148.8493691745398,30.609557429048856
2023-02-15 13:00:00,145.45344908387577,148.85344908387577,30.802703736769313
2023-02-15 14:00:00,145.44434708614236,148.84434708614236,30.372475330555016
2023-02-15 15:00:00,145.44678304534358,148.84678304534359,30.48737968704977
2023-02-15 16:00:00,145.43965519040597,148.83965519040598,30.15164766628357
2023-02-15 17:00:00,145.4368033626676,148.8368033626676,30.017739338505585
2023-02-15 18:00:00,145.439145428399,148.839145428399,30.127694158446662
2023-02-15 19:00:00,145.43303566639202,148.83303566639202,29.841191916429448
2023-02-15 20:00:00,145.4377975961274,148.83779759612742,30.064396762791286
2023-02-15 21:00:00,145.4403576414594,148.8403576414594,30.184668028635816
2023-02-15 22:00:00,145.43980570039102,148.83980570039103,30.158721524821964
2023-02-15 23:00:00,145.43806585905304,148.83806585905305,30.07699078039676
2023-02-16 00:00:00,145.43454576838903,148.83454576838903,29.911902537106368
2023-02-16 01:00:00,145.43271979785482,148.83271979785482,29.826409818898956
2023-02-16 02:00:00,145.4281195711948,148.8281195711948,29.61145941916911
2023-02-16 03:00:00,145.4252215689282,148.8252215689282,29.476366689341404
2023-02-16 04:00:00,145.4198594125328,148.8198594125328,29.22705744462467
2023-02-16 05:00:00,145.42490102494418,148.82490102494418,29.461439450628372
2023-02-16 06:00:00,145.43163509974198,148.831635099742,29.775670143413738
2023-02-16 07:00:00,145.44243532640198,148.84243532640198,30.282419087243568
2023-02-16 08:00:00,145.46944542839898,148.869445428399,31.564663303922575
2023-02-16 09:00:00,145.71385884588275,149.11385884588276,43.53488373159196
2023-02-16 10:00:00,145.76917283001654,149.16917283001655,46.630825161382354
2023-02-16 11:00:00,145.71773886854876,149.11773886854877,43.74927012784247
2023-02-16 12:00:00,145.72968470308695,149.12968470308695,44.411966078140416
2023-02-16 13:00:00,145.76296638349632,149.16296638349633,46.27921894324082
2023-02-16 14:00:00,145.7924021160375,149.1924021160375,47.95623330066697
2023-02-16 15:00:00,145.81201176471447,149.21201176471448,49.08665070117283
2023-02-16 16:00:00,145.8146558281793,149.2146558281793,49.23987551372026
2023-02-16 17:00:00,145.8288779165767,149.2288779165767,50.06732577987213
2023-02-16 18:00:00,145.88103773524867,149.28103773524867,52.285508905883354
2023-02-16 19:00:00,145.93696981231307,149.33696981231307,55.69382580061203
2023-02-16 20:00:00,145.9583857941803,149.3583857941803,56.22186713637122
2023-02-16 21:00:00,145.98478779191367,149.38478779191368,56.315756843473395
2023-02-16 22:00:00,145.9753761455033,149.3753761455033,55.70965824963754
2023-02-16 23:00:00,145.97873053762513,149.37873053762513,55.92537611686299
2023-02-17 00:00:00,145.98143664415534,149.38143664415534,56.09964628193892
2023-02-17 01:00:00,145.99404697281236,149.39404697281236,56.91459410033591
2023-02-17 02:00:00,145.97899914054076,149.37899914054077,55.942664141357454
2023-02-17 03:00:00,145.944355303736,149.344355303736,56.15029044039123
2023-02-17 04:00:00,145.9695813876002,149.3695813876002,56.92668958285268
2023-02-17 05:00:00,145.948165632393,149.348165632393,55.58152363706784
2023-02-17 06:00:00,145.95810992251782,149.35810992251783,56.20454390110016
2023-02-17 07:00:00,145.96954233957226,149.36954233957226,56.924225199372636
2023-02-17 08:00:00,145.9579245866317,149.3579245866317,56.19290701785596
2023-02-17 09:00:00,146.00776676569308,149.40776676569308,57.806573374787284
2023-02-17 10:00:00,145.98116721901312,149.38116721901312,56.08228589016392
2023-02-17 11:00:00,146.00747543660674,149.40747543660675,57.7875752637514
2023-02-17 12:00:00,146.00130363153434,149.40130363153435,57.38568765919559
2023-02-17 13:00:00,145.97941573126477,149.37941573126477,55.96948129729919
2023-02-17 14:00:00,145.95308776299717,149.35308776299718,55.88955311223398
2023-02-17 15:00:00,145.92013981739555,149.32013981739556,54.65921429653575
2023-02-17 16:00:00,145.90330796699118,149.30330796699118,53.63226478662505
2023-02-17 17:00:00,145.89756823898318,149.2975682389832,53.28385422060341
2023-02-17 18:00:00,145.85539454950742,149.25539454950743,51.624771044713725
2023-02-17 19:00:00,145.84011075803463,149.24011075803463,50.72475273811999
2023-02-17 20:00:00,145.81460687589785,149.21460687589786,49.23703696893914
2023-02-17 21:00:00,145.80176104135964,149.20176104135965,48.49442356736465
2023-02-17 22:00:00,145.78997525215345,149.18997525215346,47.817067616522536
2023-02-17 23:00:00,145.77175116602265,149.17175116602266,46.77720529639788
2023-02-18 00:00:00,145.75329323175407,149.15329323175408,45.73334235890936
2023-02-18 01:00:00,145.73961332241808,149.13961332241809,44.96578541714224
2023-02-18 02:00:00,145.72518335641706,149.12518335641707,44.16178572700853
2023-02-18 03:00:00,145.72088124535367,149.12088124535367,43.92320732036095
2023-02-18 04:00:00,145.70825938361628,149.10825938361629,43.22623470644868
2023-02-18 05:00:00,145.6997715966767,149.0997715966767,42.76005431324642
2023-02-18 06:00:00,145.6923196556083,149.0923196556083,42.352434916066436
2023-02-18 07:00:00,145.68863940628228,149.08863940628228,42.1517026228889
2023-02-18 08:00:00,145.6772335264121,149.0772335264121,41.53201616943625
2023-02-18 09:00:00,145.6709816986737,149.0709816986737,41.19391083226091
2023-02-18 10:00:00,145.6667695989433,149.0667695989433,40.96673981279688
2023-02-18 11:00:00,145.6630235377451,149.0630235377451,40.76512602441993
2023-02-18 12:00:00,145.64881543348147,149.04881543348148,40.004064316063584
2023-02-18 13:00:00,145.64732519548846,149.04732519548847,39.92457191849674
2023-02-18 14:00:00,145.63266292576304,149.03266292576305,39.14583296145684
2023-02-18 15:00:00,145.63203861297222,149.03203861297223,39.11281089887472
2023-02-18 16:00:00,145.63087057670663,149.03087057670663,39.0510593624906
2023-02-18 17:00:00,145.6199184089782,149.0199184089782,38.47394272049971
2023-02-18 18:00:00,145.6110643568464,149.01106435684642,38.63054444892565
2023-02-18 19:00:00,145.6056703500466,149.0056703500466,38.35103278153767
2023-02-18 20:00:00,145.60500020271758,149.00500020271758,38.316363181500144
2023-02-18 21:00:00,145.59526024804958,148.9952602480496,37.81389062763261
2023-02-18 22:00:00,145.59430808032118,148.9943080803212,37.764911876490196
2023-02-18 23:00:00,145.58844803498917,148.98844803498918,37.46403515767329
2023-02-19 00:00:00,145.58766578792975,148.98766578792976,37.42394451325746
2023-02-19 01:00:00,145.57881550460473,148.97881550460474,36.97155907803385
2023-02-19 02:00:00,145.57748930741053,148.97748930741054,36.903959723038064
2023-02-19 03:00:00,145.56930129381092,148.96930129381093,36.487694445880706
2023-02-19 04:00:00,145.57069918274752,148.97069918274752,36.558627103793974
2023-02-19 05:00:00,145.56287509661672,148.96287509661673,36.16232124190196
2023-02-19 06:00:00,145.5644449039557,148.9644449039557,36.24169658889394
2023-02-19 07:00:00,145.5580747566267,148.9580747566267,35.92003018637563
2023-02-19 08:00:00,145.5592706478299,148.9592706478299,35.980330328222124
2023-02-19 09:00:00,145.5490846319637,148.9490846319637,35.468019648327605
2023-02-19 10:00:00,145.55010638037106,148.95010638037107,35.51927632748481
2023-02-19 11:00:00,145.54474833277246,148.94474833277246,35.25081597709541
2023-02-19 12:00:00,145.54130626704105,148.94130626704106,35.078784293168226
2023-02-19 13:00:00,145.53745198824925,148.93745198824925,34.88655027265181
2023-02-19 14:00:00,145.53154765279243,148.93154765279243,34.59288872381816
2023-02-19 15:00:00,145.5294394351988,148.92943943519882,34.48827384430328
2023-02-19 16:00:00,145.5244813876002,148.9244813876002,34.24274328864142
2023-02-19 17:00:00,145.520935326402,148.920935326402,34.06756723939139
2023-02-19 18:00:00,145.52975507707598,148.92975507707598,34.50392869330959
2023-02-19 19:00:00,145.52670313600757,148.92670313600757,34.352681102366496
2023-02-19 20:00:00,145.52492910654178,148.92492910654178,34.264886229705894
2023-02-19 21:00:00,145.52561101361115,148.92561101361116,34.29862246837769
2023-02-19 22:00:00,145.52220302267756,148.92220302267756,34.13015038383639
2023-02-19 23:00:00,145.52476695014636,148.92476695014636,34.25686576137146
2023-02-20 00:00:00,145.52185684814935,148.92185684814936,34.113056012264295
2023-02-20 01:00:00,145.52234286401554,148.92234286401555,34.137056830917736
2023-02-20 02:00:00,145.51265696147937,148.91265696147937,33.66001471172247
2023-02-20 03:00:00,145.51493487308196,148.91493487308196,33.77196297941343
2023-02-20 04:00:00,145.51265262602254,148.91265262602255,33.65980178689768
2023-02-20 05:00:00,145.51264052629213,148.91264052629214,33.659207542570684
2023-02-20 06:00:00,145.51501666682134,148.91501666682134,33.775985508493484
2023-02-20 07:00:00,145.50839046962713,148.90839046962714,33.45073764802135
2023-02-20 08:00:00,145.50665451042593,148.90665451042594,33.3657360416982
2023-02-20 09:00:00,145.50282654215835,148.90282654215835,33.178604617564055
2023-02-20 10:00:00,145.50183253535855,148.90183253535855,33.13008115705354
2023-02-20 11:00:00,145.50302443109493,148.90302443109493,33.18826815913462
2023-02-20 12:00:00,145.49884629283233,148.89884629283233,32.984475590252885
2023-02-20 13:00:00,145.4973759188433,148.8973759188433,32.912876218403824
2023-02-20 14:00:00,145.49378556752026,148.89378556752027,32.738306887554174
2023-02-20 15:00:00,145.48874938165906,148.88874938165907,32.494064682532304
2023-02-20 16:00:00,145.48903328646185,148.88903328646185,32.50781388048312
2023-02-20 17:00:00,145.49159122073044,148.89159122073045,32.631796714797886
2023-02-20 18:00:00,145.48929532952724,148.88929532952724,32.5205064031557
2023-02-20 19:00:00,145.49028733859365,148.89028733859365,32.56857408053018
2023-02-20 20:00:00,145.48353351312187,148.88353351312188,32.241880129299446
2023-02-20 21:00:00,145.48298756525367,148.88298756525367,32.21552928285087
2023-02-20 22:00:00,145.47419367178387,148.87419367178387,31.792269652017403
2023-02-20 23:00:00,145.4760397329821,148.8760397329821,31.880936846593677
2023-02-21 00:00:00,145.47360754258767,148.87360754258768,31.76413825187177
2023-02-21 01:00:00,145.47078556752027,148.87078556752027,31.628836411478034
2023-02-21 02:00:00,145.46791142472446,148.86791142472447,31.491270920008866
2023-02-21 03:00:00,145.46508534086024,148.86508534086025,31.356239649500203
2023-02-21 04:00:00,145.46376924566303,148.86376924566304,31.293435396216246
2023-02-21 05:00:00,145.46730897367104,148.86730897367104,31.462466135557815
2023-02-21 06:00:00,145.46505326379585,148.86505326379586,31.35470832854357
2023-02-21 07:00:00,145.46057147005646,148.86057147005647,31.141047029654047
2023-02-21 08:00:00,145.45451176471448,148.8545117647145,30.853091681988776
2023-02-21 09:00:00,145.4473259755083,148.8473259755083,30.513013386109197
2023-02-21 10:00:00,145.44787825656672,148.84787825656673,30.53909741534798
2023-02-21 11:00:00,145.44849646282734,148.84849646282734,30.568305641620295
2023-02-21 12:00:00,145.44790068495413,148.84790068495414,30.54015688812831
2023-02-21 13:00:00,145.44608270535355,148.84608270535355,30.454326828728387
2023-02-21 14:00:00,145.44752865322175,148.84752865322176,30.522584743673406
2023-02-21 15:00:00,145.44541078695116,148.84541078695116,30.42262882159343
2023-02-21 16:00:00,145.44349480508396,148.84349480508396,30.332314168960334
2023-02-21 17:00:00,145.44028093428017,148.84028093428017,30.181061524307385
2023-02-21 18:00:00,145.43615696147936,148.83615696147936,29.987420550354297
2023-02-21 19:00:00,145.43280102494415,148.83280102494416,29.830210825415044
2023-02-21 20:00:00,145.43238104761016,148.83238104761017,29.810560153205728
2023-02-21 21:00:00,145.43132699547837,148.83132699547838,29.761264039055856
2023-02-21 22:00:00,145.42326706347637,148.82326706347638,29.38539539859534
2023-02-21 23:00:00,145.42017693881337,148.82017693881338,29.241796979239076
2023-02-22 00:00:00,145.41770479375094,148.81770479375095,29.12711882114566
2023-02-22 01:00:00,145.41378447642694,148.81378447642695,28.945632436053604
2023-02-22 02:00:00,145.41776250135953,148.81776250135954,29.12979371360797
2023-02-22 03:00:00,145.41447637216334,148.81447637216334,28.977629940755882
2023-02-22 04:00:00,145.4127121047045,148.8127121047045,28.896067333825155
2023-02-22 05:00:00,145.4088240911049,148.8088240911049,28.716648105662966
2023-02-22 06:00:00,145.4084238644449,148.8084238644449,28.698204323875142
2023-02-22 07:00:00,145.40602763325168,148.8060276332517,28.58787715410912
2023-02-22 08:00:00,145.41202164005148,148.81202164005148,28.86417198944619
2023-02-22 09:00:00,145.41014161738548,148.81014161738548,28.777397598034547
2023-02-22 10:00:00,145.4143457261823,148.8143457261823,28.97158698594754
2023-02-22 11:00:00,145.40736370578287,148.80736370578288,28.649371580135412
2023-02-22 12:00:00,145.40836347912287,148.80836347912287,28.695421977998635
2023-02-22 13:00:00,145.40119721393063,148.80119721393064,28.365992240165564
2023-02-22 14:00:00,145.39196713459964,148.79196713459964,27.94393494960453
2023-02-22 15:00:00,145.39860286714082,148.79860286714083,28.247106741205894
2023-02-22 16:00:00,145.3987448195422,148.7987448195422,28.253606520038222
2023-02-22 17:00:00,145.404088656347,148.804088656347,28.49872733098071
2023-02-22 18:00:00,145.4067967606106,148.8067967606106,28.623270756931618
2023-02-22 19:00:00,145.4017447062122,148.80174470621222,28.391106497027874
2023-02-22 20:00:00,145.39405292380582,148.79405292380582,28.039088961457438
2023-02-22 21:00:00,145.40188322979685,148.80188322979686,28.397462181870033
2023-02-22 22:00:00,145.41756924566303,148.81756924566304,29.12083621359292
2023-02-22 23:00:00,145.41959744059065,148.81959744059066,29.214898974269758
2023-02-23 00:00:00,145.43363762191868,148.83363762191868,29.869370497834325
2023-02-23 01:00:00,145.43762175338148,148.83762175338148,30.056142698114822
2023-02-23 02:00:00,145.4526220933715,148.8526220933715,30.763514052918797
2023-02-23 03:00:00,145.4777941251039,148.87779412510392,31.965292649481135
2023-02-23 04:00:00,145.4892643857629,148.8892643857629,32.519007483608554
2023-02-23 05:00:00,145.49492054895813,148.89492054895814,32.79345158048447
2023-02-23 06:00:00,145.49985861922275,148.89985861922275,33.03380665483891
2023-02-23 07:00:00,145.50155074161916,148.90155074161916,33.116330275372995
2023-02-23 08:00:00,145.50405884588275,148.90405884588276,33.238800218223986
2023-02-23 09:00:00,145.49455907254276,148.89455907254276,32.775884704198255
2023-02-23 10:00:00,145.49529303401056,148.89529303401056,32.8115573884512
2023-02-23 11:00:00,145.49193920853878,148.8919392085388,32.64867823730396
2023-02-23 12:00:00,145.50231312467457,148.90231312467458,33.1535380699951
2023-02-23 13:00:00,145.49803532640198,148.89803532640198,32.944978153045604
2023-02-23 14:00:00,145.498015349068,148.898015349068,32.94400541272704
2023-02-23 15:00:00,145.494495485064,148.894495485064,32.77279489651773
2023-02-23 16:00:00,145.5021174601314,148.9021174601314,33.14398714744962
2023-02-23 17:00:00,145.50767961652681,148.90767961652682,33.41592011780712
2023-02-23 18:00:00,145.50730592705102,148.90730592705103,33.39762265268392
2023-02-23 19:00:00,145.51317818544345,148.91317818544346,33.68561721354598
2023-02-23 20:00:00,145.51571670902808,148.9157167090281,33.81042067759596
2023-02-23 21:00:00,145.52064313288233,148.92064313288233,34.0531488575192
2023-02-23 22:00:00,145.52211561793476,148.92211561793476,34.12583394534741
2023-02-23 23:00:00,145.51846213245298,148.918462132453,33.94560384064001
2023-02-24 00:00:00,145.5174063092478,148.9174063092478,33.8935901447079
2023-02-24 01:00:00,145.51524860163923,148.91524860163923,33.787392858187374
2023-02-24 02:00:00,145.50916891896324,148.90916891896325,33.48888267277868
2023-02-24 03:00:00,145.51319722722087,148.91319722722088,33.686552692372594
2023-02-24 04:00:00,145.51326937228328,148.91326937228328,33.69009710799506
2023-02-24 05:00:00,145.5113797009403,148.9113797009403,33.59730864571464
2023-02-24 06:00:00,145.51232598879852,148.91232598879853,33.6437613881439
2023-02-24 07:00:00,145.51630412706112,148.91630412706112,33.83932667788612
2023-02-24 08:00:00,145.51078837185395,148.91078837185395,33.568293666531076
2023-02-24 09:00:00,145.51391046025134,148.91391046025134,33.72159967794164
2023-02-24 10:00:00,145.52013443305214,148.92013443305214,34.028052728651176
2023-02-24 11:00:00,145.51992255998175,148.91992255998176,34.01760239436391
2023-02-24 12:00:00,145.52439059624737,148.92439059624738,34.23825369762184
2023-02-24 13:00:00,145.52933243531874,148.92933243531874,34.48296763017299
2023-02-24 14:00:00,145.54479413839414,148.94479413839414,35.25310757470235
2023-02-24 15:00:00,145.56164385506912,148.96164385506913,36.10011377279157
2023-02-24 16:00:00,145.57368780520392,148.97368780520392,36.71046265261684
2023-02-24 17:00:00,145.5917377485389,148.9917377485389,37.632822878719814
2023-02-24 18:00:00,145.61684785053592,149.01684785053592,38.931140183945075
2023-02-24 19:00:00,145.6447919140007,149.0447919140007,39.78958659146017
2023-02-24 20:00:00,145.67453586413552,149.07453586413553,41.38598820441308
2023-02-24 21:00:00,145.7009558414695,149.1009558414695,42.82497597496597
2023-02-24 22:00:00,145.7118036737411,149.1118036737411,43.42149816792919
2023-02-24 23:00:00,145.7336334130821,149.1336334130821,44.63189666436388
2023-02-25 00:00:00,145.74482919095527,149.14482919095528,45.25782608866322
2023-02-25 01:00:00,145.72888067870363,149.12888067870364,44.36723774116612
2023-02-25 02:00:00,145.75469666057083,149.15469666057083,45.812380119286026
2023-02-25 03:00:00,145.7641743455134,149.1641743455134,46.34756869492158
2023-02-25 04:00:00,145.7627701233866,149.1627701233866,46.26811782699418
2023-02-25 05:00:00,145.738092211784,149.138092211784,44.880759688507226
2023-02-25 06:00:00,145.768702200451,149.168702200451,46.6041258693522
2023-02-25 07:00:00,145.77165391485937,149.17165391485938,46.771680716023155
2023-02-25 08:00:00,145.76590174713095,149.16590174713096,46.445379832577586
2023-02-25 09:00:00,145.77294780832915,149.17294780832916,46.84520473099818
2023-02-25 10:00:00,145.76335779699616,149.16335779699617,46.30136175671814
2023-02-25 11:00:00,145.76427366553335,149.16427366553336,46.353190284784795
2023-02-25 12:00:00,145.76533559526874,149.16533559526874,46.41331337350127
2023-02-25 13:00:00,145.77100951140454,149.17100951140455,46.73508046170103
2023-02-25 14:00:00,145.76476133914292,149.16476133914293,46.38079694484954
2023-02-25 15:00:00,145.76131116914792,149.16131116914792,46.185627982311196
2023-02-25 16:00:00,145.7665190467515,149.16651904675152,46.48035336071901
2023-02-25 17:00:00,145.7456411351489,149.1456411351489,45.303355501105436
2023-02-25 18:00:00,145.75864513061572,149.15864513061572,46.03504126530684
2023-02-25 19:00:00,145.7556810898169,149.1556810898169,45.867853396099676
2023-02-25 20:00:00,145.74522715101511,149.14522715101512,45.28013923535574
2023-02-25 21:00:00,145.74456299688632,149.14456299688632,45.24290335977208
2023-02-25 22:00:00,145.74016899008652,149.14016899008652,44.99686169937633
2023-02-25 23:00:00,145.74310084049088,149.1431008404909,45.16097058657315
2023-02-26 00:00:00,145.7288328042253,149.1288328042253,44.36457502521653
2023-02-26 01:00:00,145.7313507838259,149.1313507838259,44.5047084775757
2023-02-26 02:00:00,145.72087275889328,149.12087275889328,43.922737205133515
2023-02-26 03:00:00,145.7152067203611,149.1152067203611,43.60931130317025
2023-02-26 04:00:00,145.71287064782987,149.11287064782988,43.48034925662311
2023-02-26 05:00:00,145.70666265689627,149.10666265689628,43.13838224482571
2023-02-26 06:00:00,145.70542258889827,149.10542258889828,43.070202601573804
2023-02-26 07:00:00,145.70166265689627,149.10166265689628,42.86374318216107
2023-02-26 08:00:00,145.6962927362273,149.0962927362273,42.569567122552
2023-02-26 09:00:00,145.69272869542849,149.0927286954285,42.37476877551917
2023-02-26 10:00:00,145.68986254356628,149.08986254356628,42.21837402680476
2023-02-26 11:00:00,145.69006642570307,149.09006642570307,42.229491438536364
2023-02-26 12:00:00,145.68504622170906,149.08504622170906,41.956087314253466
2023-02-26 13:00:00,145.68282002451483,149.08282002451483,41.83507435688304
2023-02-26 14:00:00,145.6731118069212,149.07311180692122,41.30898512537339
2023-02-26 15:00:00,145.66425575705603,149.06425575705603,40.831400407816076
2023-02-26 16:00:00,145.6589076981244,149.05890769812441,40.544069644627136
2023-02-26 17:00:00,145.665045541729,149.065045541729,40.87390127867132
2023-02-26 18:00:00,145.656515575728,149.056515575728,40.41581287813126
2023-02-26 19:00:00,145.6544115802612,149.05441158026122,40.303138811423366
2023-02-26 20:00:00,145.6448975961274,149.0448975961274,39.79521418394343
2023-02-26 21:00:00,145.6472674034664,149.0472674034664,39.921490445722625
2023-02-26 22:00:00,145.6396314442652,149.0396314442652,39.51517812550792
2023-02-26 23:00:00,145.6344274487984,149.0344274487984,39.239224951929394
2023-02-27 00:00:00,145.63691323800458,149.0369132380046,39.370942827289234
2023-02-27 01:00:00,145.63184697281235,149.03184697281236,39.10267662422608
2023-02-27 02:00:00,145.63076284134956,149.03076284134957,39.04536559458593
2023-02-27 03:00:00,145.62606250135954,149.02606250135955,38.79727806448076
2023-02-27 04:00:00,145.61909423843392,149.01909423843392,38.43065277526961
2023-02-27 05:00:00,145.61650776924768,149.01650776924768,38.91343875409543
2023-02-27 06:00:00,145.61054972164908,149.01054972164908,38.60384157386115
2023-02-27 07:00:00,145.61282729326163,149.01282729326164,38.72207390115035
2023-02-27 08:00:00,145.61234904166903,149.01234904166904,38.69723511314583
2023-02-27 09:00:00,145.6098925384838,149.0098925384838,38.569753051402
2023-02-27 10:00:00,145.60562781770494,149.00562781770495,38.34883202805862
2023-02-27 11:00:00,145.6030335842451,149.00303358424512,38.21469398497117
2023-02-27 12:00:00,145.60259894279727,149.00259894279728,38.192238703396576
2023-02-27 13:00:00,145.59336652574285,148.99336652574286,37.716504030092494
2023-02-27 14:00:00,145.59203765083518,148.9920376508352,37.64822527581994
2023-02-27 15:00:00,145.58810357603738,148.9881035760374,37.44637930821535
2023-02-27 16:00:00,145.5771678434962,148.9771678434962,36.88758141169085
2023-02-27 17:00:00,145.57944831948222,148.97944831948223,37.00383256167049
2023-02-27 18:00:00,145.58844477733547,148.98844477733547,37.463868165309776
2023-02-27 19:00:00,145.60129506066048,149.00129506066048,38.12490671889461
2023-02-27 20:00:00,145.6150413485187,149.0150413485187,38.83714758239369
2023-02-27 21:00:00,145.61165567264254,149.01165567264255,38.66123516778057
2023-02-27 22:00:00,145.61572393556816,149.01572393556816,38.87265201815298
2023-02-27 23:00:00,145.61230629595758,149.0123062959576,38.695015354256824
2023-02-28 00:00:00,145.6095766699466,149.0095766699466,38.553373029390166
2023-02-28 01:00:00,145.60571108473442,149.00571108473443,38.353140566266
2023-02-28 02:00:00,145.61428123206343,149.01428123206344,38.797625765343795
2023-02-28 03:00:00,145.62721741792467,149.02721741792467,38.858176819784674
2023-02-28 04:00:00,145.64185160605246,149.04185160605246,39.63314233405511
2023-02-28 05:00:00,145.66241387577787,149.06241387577788,40.73235154465075
2023-02-28 06:00:00,145.6820162135013,149.0820162135013,41.79141467868129
2023-02-28 07:00:00,145.69805239936252,149.09805239936253,42.66587606564229
2023-02-28 08:00:00,145.70560679148434,149.10560679148435,43.08032743641181
2023-02-28 09:00:00,145.72131689348134,149.12131689348135,43.94734314996418
2023-02-28 10:00:00,145.71705519040597,149.11705519040598,43.71146367096632
2023-02-28 11:00:00,145.7125193445348,149.1125193445348,43.4609689005099
2023-02-28 12:00:00,145.7071674034664,149.1071674034664,43.1661458492943
2023-02-28 13:00:00,145.7014074714644,149.1014074714644,42.84974522731635
2023-02-28 14:00:00,145.699115349068,149.099115349068,42.72409503154858
2023-02-28 15:00:00,145.68896940119978,149.0889694011998,42.16968600584431
2023-02-28 16:00:00,145.68770125160418,149.0877012516042,42.10059376502808
2023-02-28 17:00:00,145.6915811609402,149.0915811609402,42.31212452054156
2023-02-28 18:00:00,145.68889514507399,149.088895145074,42.16563908099659
2023-02-28 19:00:00,145.68572134226818,149.0857213422682,41.99281354639237
2023-02-28 20:00:00,145.69521323800458,149.0952132380046,42.51052769448708
2023-02-28 21:00:00,145.70408715414038,149.1040871541404,42.996827888290426
2023-02-28 22:00:00,145.70127716547339,149.1012771654734,42.84259812113344
2023-02-28 23:00:00,145.7079891518738,149.1079891518738,43.211361435963276
2023-03-01 00:00:00,145.71984297734556,149.11984297734557,43.86570645658825
2023-03-01 01:00:00,145.75074086628214,149.15074086628215,45.58973918882777
2023-03-01 02:00:00,145.80718070762015,149.20718070762015,48.80718210315962
2023-03-01 03:00:00,145.91278247869354,149.31278247869355,54.209367900991026
2023-03-01 04:00:00,146.0183422973655,149.4183422973655,58.497913240657425
2023-03-01 05:00:00,146.0752381885687,149.4752381885687,61.466451192547446
2023-03-01 06:00:00,146.11567226336652,149.51567226336653,63.416305791961754
2023-03-01 07:00:00,146.1434082225677,149.5434082225677,65.35348294944274
2023-03-01 08:00:00,146.17158036763013,149.57158036763013,67.34492097897635
2023-03-01 09:00:00,146.13778647416032,149.53778647416033,64.95895741610504
2023-03-01 10:00:00,146.16954252402553,149.56954252402554,67.20006796195823
2023-03-01 11:00:00,146.19841444242792,149.59841444242792,69.26394278085611
2023-03-01 12:00:00,146.2169843630969,149.61698436309692,70.6045576203844
2023-03-01 13:00:00,146.2250500616391,149.62505006163912,71.19004144483057
2023-03-01 14:00:00,146.1923779165767,149.5923779165767,68.83036531066954
2023-03-01 15:00:00,146.21661165138448,149.6166116513845,70.57754948304887
2023-03-01 16:00:00,146.20110354712085,149.60110354712086,69.45743999909737
2023-03-01 17:00:00,146.21224749725565,149.61224749725565,70.26161358085818
2023-03-01 18:00:00,146.20285725926266,149.60285725926266,69.58374640920667
2023-03-01 19:00:00,146.20240931366104,149.60240931366104,69.55147560123959
2023-03-01 20:00:00,146.18821553352126,149.58821553352126,68.53203407187722
2023-03-01 21:00:00,146.1859359641753,149.5859359641753,68.36886982250147
2023-03-01 22:00:00,146.1797162135013,149.5797162135013,67.92447178624383
2023-03-01 23:00:00,146.1471941251039,149.5471941251039,65.6197098635534
